repetition,workload,concurrency,mode,exported_benchmark_duration_seconds,ttft_slo_ms,tpot_slo_ms,requests,good_requests,ttft_pass,tpot_pass,good_output_tokens,attainment,duration_seconds,request_goodput,token_goodput,request_throughput,token_throughput
1,i64-o128,16,aggregated,10.596440832,100,25.0,24,0,0,0,0,0.0,10.599590693000003,0.0,0.0,2.2642383743977645,289.82251192291386
1,i64-o128,16,aggregated,10.596440832,100,30.0,24,0,0,0,0,0.0,10.599590693000003,0.0,0.0,2.2642383743977645,289.82251192291386
1,i64-o128,16,aggregated,10.596440832,100,35.0,24,0,0,5,0,0.0,10.599590693000003,0.0,0.0,2.2642383743977645,289.82251192291386
1,i64-o128,16,aggregated,10.596440832,100,40.0,24,0,0,10,0,0.0,10.599590693000003,0.0,0.0,2.2642383743977645,289.82251192291386
1,i64-o128,16,aggregated,10.596440832,100,50.0,24,0,0,24,0,0.0,10.599590693000003,0.0,0.0,2.2642383743977645,289.82251192291386
1,i64-o128,16,aggregated,10.596440832,100,75.0,24,0,0,24,0,0.0,10.599590693000003,0.0,0.0,2.2642383743977645,289.82251192291386
1,i64-o128,16,aggregated,10.596440832,250,25.0,24,0,6,0,0,0.0,10.599590693000003,0.0,0.0,2.2642383743977645,289.82251192291386
1,i64-o128,16,aggregated,10.596440832,250,30.0,24,0,6,0,0,0.0,10.599590693000003,0.0,0.0,2.2642383743977645,289.82251192291386
1,i64-o128,16,aggregated,10.596440832,250,35.0,24,2,6,5,256,0.08333333333333333,10.599590693000003,0.18868653119981368,24.15187599357615,2.2642383743977645,289.82251192291386
1,i64-o128,16,aggregated,10.596440832,250,40.0,24,2,6,10,256,0.08333333333333333,10.599590693000003,0.18868653119981368,24.15187599357615,2.2642383743977645,289.82251192291386
1,i64-o128,16,aggregated,10.596440832,250,50.0,24,6,6,24,768,0.25,10.599590693000003,0.5660595935994411,72.45562798072847,2.2642383743977645,289.82251192291386
1,i64-o128,16,aggregated,10.596440832,250,75.0,24,6,6,24,768,0.25,10.599590693000003,0.5660595935994411,72.45562798072847,2.2642383743977645,289.82251192291386
1,i64-o128,16,aggregated,10.596440832,500,25.0,24,0,20,0,0,0.0,10.599590693000003,0.0,0.0,2.2642383743977645,289.82251192291386
1,i64-o128,16,aggregated,10.596440832,500,30.0,24,0,20,0,0,0.0,10.599590693000003,0.0,0.0,2.2642383743977645,289.82251192291386
1,i64-o128,16,aggregated,10.596440832,500,35.0,24,5,20,5,640,0.20833333333333334,10.599590693000003,0.4717163279995342,60.37968998394038,2.2642383743977645,289.82251192291386
1,i64-o128,16,aggregated,10.596440832,500,40.0,24,9,20,10,1152,0.375,10.599590693000003,0.8490893903991616,108.68344197109269,2.2642383743977645,289.82251192291386
1,i64-o128,16,aggregated,10.596440832,500,50.0,24,20,20,24,2560,0.8333333333333334,10.599590693000003,1.886865311998137,241.51875993576152,2.2642383743977645,289.82251192291386
1,i64-o128,16,aggregated,10.596440832,500,75.0,24,20,20,24,2560,0.8333333333333334,10.599590693000003,1.886865311998137,241.51875993576152,2.2642383743977645,289.82251192291386
1,i64-o128,16,aggregated,10.596440832,1000,25.0,24,0,24,0,0,0.0,10.599590693000003,0.0,0.0,2.2642383743977645,289.82251192291386
1,i64-o128,16,aggregated,10.596440832,1000,30.0,24,0,24,0,0,0.0,10.599590693000003,0.0,0.0,2.2642383743977645,289.82251192291386
1,i64-o128,16,aggregated,10.596440832,1000,35.0,24,5,24,5,640,0.20833333333333334,10.599590693000003,0.4717163279995342,60.37968998394038,2.2642383743977645,289.82251192291386
1,i64-o128,16,aggregated,10.596440832,1000,40.0,24,10,24,10,1280,0.4166666666666667,10.599590693000003,0.9434326559990684,120.75937996788076,2.2642383743977645,289.82251192291386
1,i64-o128,16,aggregated,10.596440832,1000,50.0,24,24,24,24,3072,1.0,10.599590693000003,2.2642383743977645,289.82251192291386,2.2642383743977645,289.82251192291386
1,i64-o128,16,aggregated,10.596440832,1000,75.0,24,24,24,24,3072,1.0,10.599590693000003,2.2642383743977645,289.82251192291386,2.2642383743977645,289.82251192291386
1,i64-o128,16,aggregated,10.596440832,2000,25.0,24,0,24,0,0,0.0,10.599590693000003,0.0,0.0,2.2642383743977645,289.82251192291386
1,i64-o128,16,aggregated,10.596440832,2000,30.0,24,0,24,0,0,0.0,10.599590693000003,0.0,0.0,2.2642383743977645,289.82251192291386
1,i64-o128,16,aggregated,10.596440832,2000,35.0,24,5,24,5,640,0.20833333333333334,10.599590693000003,0.4717163279995342,60.37968998394038,2.2642383743977645,289.82251192291386
1,i64-o128,16,aggregated,10.596440832,2000,40.0,24,10,24,10,1280,0.4166666666666667,10.599590693000003,0.9434326559990684,120.75937996788076,2.2642383743977645,289.82251192291386
1,i64-o128,16,aggregated,10.596440832,2000,50.0,24,24,24,24,3072,1.0,10.599590693000003,2.2642383743977645,289.82251192291386,2.2642383743977645,289.82251192291386
1,i64-o128,16,aggregated,10.596440832,2000,75.0,24,24,24,24,3072,1.0,10.599590693000003,2.2642383743977645,289.82251192291386,2.2642383743977645,289.82251192291386
1,i64-o128,16,aggregated,10.596440832,5000,25.0,24,0,24,0,0,0.0,10.599590693000003,0.0,0.0,2.2642383743977645,289.82251192291386
1,i64-o128,16,aggregated,10.596440832,5000,30.0,24,0,24,0,0,0.0,10.599590693000003,0.0,0.0,2.2642383743977645,289.82251192291386
1,i64-o128,16,aggregated,10.596440832,5000,35.0,24,5,24,5,640,0.20833333333333334,10.599590693000003,0.4717163279995342,60.37968998394038,2.2642383743977645,289.82251192291386
1,i64-o128,16,aggregated,10.596440832,5000,40.0,24,10,24,10,1280,0.4166666666666667,10.599590693000003,0.9434326559990684,120.75937996788076,2.2642383743977645,289.82251192291386
1,i64-o128,16,aggregated,10.596440832,5000,50.0,24,24,24,24,3072,1.0,10.599590693000003,2.2642383743977645,289.82251192291386,2.2642383743977645,289.82251192291386
1,i64-o128,16,aggregated,10.596440832,5000,75.0,24,24,24,24,3072,1.0,10.599590693000003,2.2642383743977645,289.82251192291386,2.2642383743977645,289.82251192291386
1,i64-o128,16,aggregated,10.596440832,10000,25.0,24,0,24,0,0,0.0,10.599590693000003,0.0,0.0,2.2642383743977645,289.82251192291386
1,i64-o128,16,aggregated,10.596440832,10000,30.0,24,0,24,0,0,0.0,10.599590693000003,0.0,0.0,2.2642383743977645,289.82251192291386
1,i64-o128,16,aggregated,10.596440832,10000,35.0,24,5,24,5,640,0.20833333333333334,10.599590693000003,0.4717163279995342,60.37968998394038,2.2642383743977645,289.82251192291386
1,i64-o128,16,aggregated,10.596440832,10000,40.0,24,10,24,10,1280,0.4166666666666667,10.599590693000003,0.9434326559990684,120.75937996788076,2.2642383743977645,289.82251192291386
1,i64-o128,16,aggregated,10.596440832,10000,50.0,24,24,24,24,3072,1.0,10.599590693000003,2.2642383743977645,289.82251192291386,2.2642383743977645,289.82251192291386
1,i64-o128,16,aggregated,10.596440832,10000,75.0,24,24,24,24,3072,1.0,10.599590693000003,2.2642383743977645,289.82251192291386,2.2642383743977645,289.82251192291386
1,i64-o128,16,aggregated,10.596440832,20000,25.0,24,0,24,0,0,0.0,10.599590693000003,0.0,0.0,2.2642383743977645,289.82251192291386
1,i64-o128,16,aggregated,10.596440832,20000,30.0,24,0,24,0,0,0.0,10.599590693000003,0.0,0.0,2.2642383743977645,289.82251192291386
1,i64-o128,16,aggregated,10.596440832,20000,35.0,24,5,24,5,640,0.20833333333333334,10.599590693000003,0.4717163279995342,60.37968998394038,2.2642383743977645,289.82251192291386
1,i64-o128,16,aggregated,10.596440832,20000,40.0,24,10,24,10,1280,0.4166666666666667,10.599590693000003,0.9434326559990684,120.75937996788076,2.2642383743977645,289.82251192291386
1,i64-o128,16,aggregated,10.596440832,20000,50.0,24,24,24,24,3072,1.0,10.599590693000003,2.2642383743977645,289.82251192291386,2.2642383743977645,289.82251192291386
1,i64-o128,16,aggregated,10.596440832,20000,75.0,24,24,24,24,3072,1.0,10.599590693000003,2.2642383743977645,289.82251192291386,2.2642383743977645,289.82251192291386
1,i64-o128,4,aggregated,26.318537728000003,100,25.0,24,0,0,0,0,0.0,26.320613991000002,0.0,0.0,0.9118328321750584,116.71460251840747
1,i64-o128,4,aggregated,26.318537728000003,100,30.0,24,0,0,1,0,0.0,26.320613991000002,0.0,0.0,0.9118328321750584,116.71460251840747
1,i64-o128,4,aggregated,26.318537728000003,100,35.0,24,0,0,24,0,0.0,26.320613991000002,0.0,0.0,0.9118328321750584,116.71460251840747
1,i64-o128,4,aggregated,26.318537728000003,100,40.0,24,0,0,24,0,0.0,26.320613991000002,0.0,0.0,0.9118328321750584,116.71460251840747
1,i64-o128,4,aggregated,26.318537728000003,100,50.0,24,0,0,24,0,0.0,26.320613991000002,0.0,0.0,0.9118328321750584,116.71460251840747
1,i64-o128,4,aggregated,26.318537728000003,100,75.0,24,0,0,24,0,0.0,26.320613991000002,0.0,0.0,0.9118328321750584,116.71460251840747
1,i64-o128,4,aggregated,26.318537728000003,250,25.0,24,0,24,0,0,0.0,26.320613991000002,0.0,0.0,0.9118328321750584,116.71460251840747
1,i64-o128,4,aggregated,26.318537728000003,250,30.0,24,1,24,1,128,0.041666666666666664,26.320613991000002,0.03799303467396077,4.863108438266979,0.9118328321750584,116.71460251840747
1,i64-o128,4,aggregated,26.318537728000003,250,35.0,24,24,24,24,3072,1.0,26.320613991000002,0.9118328321750584,116.71460251840747,0.9118328321750584,116.71460251840747
1,i64-o128,4,aggregated,26.318537728000003,250,40.0,24,24,24,24,3072,1.0,26.320613991000002,0.9118328321750584,116.71460251840747,0.9118328321750584,116.71460251840747
1,i64-o128,4,aggregated,26.318537728000003,250,50.0,24,24,24,24,3072,1.0,26.320613991000002,0.9118328321750584,116.71460251840747,0.9118328321750584,116.71460251840747
1,i64-o128,4,aggregated,26.318537728000003,250,75.0,24,24,24,24,3072,1.0,26.320613991000002,0.9118328321750584,116.71460251840747,0.9118328321750584,116.71460251840747
1,i64-o128,4,aggregated,26.318537728000003,500,25.0,24,0,24,0,0,0.0,26.320613991000002,0.0,0.0,0.9118328321750584,116.71460251840747
1,i64-o128,4,aggregated,26.318537728000003,500,30.0,24,1,24,1,128,0.041666666666666664,26.320613991000002,0.03799303467396077,4.863108438266979,0.9118328321750584,116.71460251840747
1,i64-o128,4,aggregated,26.318537728000003,500,35.0,24,24,24,24,3072,1.0,26.320613991000002,0.9118328321750584,116.71460251840747,0.9118328321750584,116.71460251840747
1,i64-o128,4,aggregated,26.318537728000003,500,40.0,24,24,24,24,3072,1.0,26.320613991000002,0.9118328321750584,116.71460251840747,0.9118328321750584,116.71460251840747
1,i64-o128,4,aggregated,26.318537728000003,500,50.0,24,24,24,24,3072,1.0,26.320613991000002,0.9118328321750584,116.71460251840747,0.9118328321750584,116.71460251840747
1,i64-o128,4,aggregated,26.318537728000003,500,75.0,24,24,24,24,3072,1.0,26.320613991000002,0.9118328321750584,116.71460251840747,0.9118328321750584,116.71460251840747
1,i64-o128,4,aggregated,26.318537728000003,1000,25.0,24,0,24,0,0,0.0,26.320613991000002,0.0,0.0,0.9118328321750584,116.71460251840747
1,i64-o128,4,aggregated,26.318537728000003,1000,30.0,24,1,24,1,128,0.041666666666666664,26.320613991000002,0.03799303467396077,4.863108438266979,0.9118328321750584,116.71460251840747
1,i64-o128,4,aggregated,26.318537728000003,1000,35.0,24,24,24,24,3072,1.0,26.320613991000002,0.9118328321750584,116.71460251840747,0.9118328321750584,116.71460251840747
1,i64-o128,4,aggregated,26.318537728000003,1000,40.0,24,24,24,24,3072,1.0,26.320613991000002,0.9118328321750584,116.71460251840747,0.9118328321750584,116.71460251840747
1,i64-o128,4,aggregated,26.318537728000003,1000,50.0,24,24,24,24,3072,1.0,26.320613991000002,0.9118328321750584,116.71460251840747,0.9118328321750584,116.71460251840747
1,i64-o128,4,aggregated,26.318537728000003,1000,75.0,24,24,24,24,3072,1.0,26.320613991000002,0.9118328321750584,116.71460251840747,0.9118328321750584,116.71460251840747
1,i64-o128,4,aggregated,26.318537728000003,2000,25.0,24,0,24,0,0,0.0,26.320613991000002,0.0,0.0,0.9118328321750584,116.71460251840747
1,i64-o128,4,aggregated,26.318537728000003,2000,30.0,24,1,24,1,128,0.041666666666666664,26.320613991000002,0.03799303467396077,4.863108438266979,0.9118328321750584,116.71460251840747
1,i64-o128,4,aggregated,26.318537728000003,2000,35.0,24,24,24,24,3072,1.0,26.320613991000002,0.9118328321750584,116.71460251840747,0.9118328321750584,116.71460251840747
1,i64-o128,4,aggregated,26.318537728000003,2000,40.0,24,24,24,24,3072,1.0,26.320613991000002,0.9118328321750584,116.71460251840747,0.9118328321750584,116.71460251840747
1,i64-o128,4,aggregated,26.318537728000003,2000,50.0,24,24,24,24,3072,1.0,26.320613991000002,0.9118328321750584,116.71460251840747,0.9118328321750584,116.71460251840747
1,i64-o128,4,aggregated,26.318537728000003,2000,75.0,24,24,24,24,3072,1.0,26.320613991000002,0.9118328321750584,116.71460251840747,0.9118328321750584,116.71460251840747
1,i64-o128,4,aggregated,26.318537728000003,5000,25.0,24,0,24,0,0,0.0,26.320613991000002,0.0,0.0,0.9118328321750584,116.71460251840747
1,i64-o128,4,aggregated,26.318537728000003,5000,30.0,24,1,24,1,128,0.041666666666666664,26.320613991000002,0.03799303467396077,4.863108438266979,0.9118328321750584,116.71460251840747
1,i64-o128,4,aggregated,26.318537728000003,5000,35.0,24,24,24,24,3072,1.0,26.320613991000002,0.9118328321750584,116.71460251840747,0.9118328321750584,116.71460251840747
1,i64-o128,4,aggregated,26.318537728000003,5000,40.0,24,24,24,24,3072,1.0,26.320613991000002,0.9118328321750584,116.71460251840747,0.9118328321750584,116.71460251840747
1,i64-o128,4,aggregated,26.318537728000003,5000,50.0,24,24,24,24,3072,1.0,26.320613991000002,0.9118328321750584,116.71460251840747,0.9118328321750584,116.71460251840747
1,i64-o128,4,aggregated,26.318537728000003,5000,75.0,24,24,24,24,3072,1.0,26.320613991000002,0.9118328321750584,116.71460251840747,0.9118328321750584,116.71460251840747
1,i64-o128,4,aggregated,26.318537728000003,10000,25.0,24,0,24,0,0,0.0,26.320613991000002,0.0,0.0,0.9118328321750584,116.71460251840747
1,i64-o128,4,aggregated,26.318537728000003,10000,30.0,24,1,24,1,128,0.041666666666666664,26.320613991000002,0.03799303467396077,4.863108438266979,0.9118328321750584,116.71460251840747
1,i64-o128,4,aggregated,26.318537728000003,10000,35.0,24,24,24,24,3072,1.0,26.320613991000002,0.9118328321750584,116.71460251840747,0.9118328321750584,116.71460251840747
1,i64-o128,4,aggregated,26.318537728000003,10000,40.0,24,24,24,24,3072,1.0,26.320613991000002,0.9118328321750584,116.71460251840747,0.9118328321750584,116.71460251840747
1,i64-o128,4,aggregated,26.318537728000003,10000,50.0,24,24,24,24,3072,1.0,26.320613991000002,0.9118328321750584,116.71460251840747,0.9118328321750584,116.71460251840747
1,i64-o128,4,aggregated,26.318537728000003,10000,75.0,24,24,24,24,3072,1.0,26.320613991000002,0.9118328321750584,116.71460251840747,0.9118328321750584,116.71460251840747
1,i64-o128,4,aggregated,26.318537728000003,20000,25.0,24,0,24,0,0,0.0,26.320613991000002,0.0,0.0,0.9118328321750584,116.71460251840747
1,i64-o128,4,aggregated,26.318537728000003,20000,30.0,24,1,24,1,128,0.041666666666666664,26.320613991000002,0.03799303467396077,4.863108438266979,0.9118328321750584,116.71460251840747
1,i64-o128,4,aggregated,26.318537728000003,20000,35.0,24,24,24,24,3072,1.0,26.320613991000002,0.9118328321750584,116.71460251840747,0.9118328321750584,116.71460251840747
1,i64-o128,4,aggregated,26.318537728000003,20000,40.0,24,24,24,24,3072,1.0,26.320613991000002,0.9118328321750584,116.71460251840747,0.9118328321750584,116.71460251840747
1,i64-o128,4,aggregated,26.318537728000003,20000,50.0,24,24,24,24,3072,1.0,26.320613991000002,0.9118328321750584,116.71460251840747,0.9118328321750584,116.71460251840747
1,i64-o128,4,aggregated,26.318537728000003,20000,75.0,24,24,24,24,3072,1.0,26.320613991000002,0.9118328321750584,116.71460251840747,0.9118328321750584,116.71460251840747
1,i64-o16,16,aggregated,1.7068149760000002,100,25.0,24,0,0,1,0,0.0,1.7093890930000002,0.0,0.0,14.040103624318608,224.64165798909772
1,i64-o16,16,aggregated,1.7068149760000002,100,30.0,24,0,0,3,0,0.0,1.7093890930000002,0.0,0.0,14.040103624318608,224.64165798909772
1,i64-o16,16,aggregated,1.7068149760000002,100,35.0,24,0,0,8,0,0.0,1.7093890930000002,0.0,0.0,14.040103624318608,224.64165798909772
1,i64-o16,16,aggregated,1.7068149760000002,100,40.0,24,0,0,20,0,0.0,1.7093890930000002,0.0,0.0,14.040103624318608,224.64165798909772
1,i64-o16,16,aggregated,1.7068149760000002,100,50.0,24,0,0,24,0,0.0,1.7093890930000002,0.0,0.0,14.040103624318608,224.64165798909772
1,i64-o16,16,aggregated,1.7068149760000002,100,75.0,24,0,0,24,0,0.0,1.7093890930000002,0.0,0.0,14.040103624318608,224.64165798909772
1,i64-o16,16,aggregated,1.7068149760000002,250,25.0,24,0,5,1,0,0.0,1.7093890930000002,0.0,0.0,14.040103624318608,224.64165798909772
1,i64-o16,16,aggregated,1.7068149760000002,250,30.0,24,0,5,3,0,0.0,1.7093890930000002,0.0,0.0,14.040103624318608,224.64165798909772
1,i64-o16,16,aggregated,1.7068149760000002,250,35.0,24,1,5,8,16,0.041666666666666664,1.7093890930000002,0.585004317679942,9.360069082879072,14.040103624318608,224.64165798909772
1,i64-o16,16,aggregated,1.7068149760000002,250,40.0,24,4,5,20,64,0.16666666666666666,1.7093890930000002,2.340017270719768,37.44027633151629,14.040103624318608,224.64165798909772
1,i64-o16,16,aggregated,1.7068149760000002,250,50.0,24,5,5,24,80,0.20833333333333334,1.7093890930000002,2.92502158839971,46.80034541439536,14.040103624318608,224.64165798909772
1,i64-o16,16,aggregated,1.7068149760000002,250,75.0,24,5,5,24,80,0.20833333333333334,1.7093890930000002,2.92502158839971,46.80034541439536,14.040103624318608,224.64165798909772
1,i64-o16,16,aggregated,1.7068149760000002,500,25.0,24,1,18,1,16,0.041666666666666664,1.7093890930000002,0.585004317679942,9.360069082879072,14.040103624318608,224.64165798909772
1,i64-o16,16,aggregated,1.7068149760000002,500,30.0,24,3,18,3,48,0.125,1.7093890930000002,1.755012953039826,28.080207248637215,14.040103624318608,224.64165798909772
1,i64-o16,16,aggregated,1.7068149760000002,500,35.0,24,7,18,8,112,0.2916666666666667,1.7093890930000002,4.0950302237595935,65.5204835801535,14.040103624318608,224.64165798909772
1,i64-o16,16,aggregated,1.7068149760000002,500,40.0,24,15,18,20,240,0.625,1.7093890930000002,8.77506476519913,140.40103624318607,14.040103624318608,224.64165798909772
1,i64-o16,16,aggregated,1.7068149760000002,500,50.0,24,18,18,24,288,0.75,1.7093890930000002,10.530077718238955,168.48124349182328,14.040103624318608,224.64165798909772
1,i64-o16,16,aggregated,1.7068149760000002,500,75.0,24,18,18,24,288,0.75,1.7093890930000002,10.530077718238955,168.48124349182328,14.040103624318608,224.64165798909772
1,i64-o16,16,aggregated,1.7068149760000002,1000,25.0,24,1,24,1,16,0.041666666666666664,1.7093890930000002,0.585004317679942,9.360069082879072,14.040103624318608,224.64165798909772
1,i64-o16,16,aggregated,1.7068149760000002,1000,30.0,24,3,24,3,48,0.125,1.7093890930000002,1.755012953039826,28.080207248637215,14.040103624318608,224.64165798909772
1,i64-o16,16,aggregated,1.7068149760000002,1000,35.0,24,8,24,8,128,0.3333333333333333,1.7093890930000002,4.680034541439536,74.88055266303257,14.040103624318608,224.64165798909772
1,i64-o16,16,aggregated,1.7068149760000002,1000,40.0,24,20,24,20,320,0.8333333333333334,1.7093890930000002,11.70008635359884,187.20138165758144,14.040103624318608,224.64165798909772
1,i64-o16,16,aggregated,1.7068149760000002,1000,50.0,24,24,24,24,384,1.0,1.7093890930000002,14.040103624318608,224.64165798909772,14.040103624318608,224.64165798909772
1,i64-o16,16,aggregated,1.7068149760000002,1000,75.0,24,24,24,24,384,1.0,1.7093890930000002,14.040103624318608,224.64165798909772,14.040103624318608,224.64165798909772
1,i64-o16,16,aggregated,1.7068149760000002,2000,25.0,24,1,24,1,16,0.041666666666666664,1.7093890930000002,0.585004317679942,9.360069082879072,14.040103624318608,224.64165798909772
1,i64-o16,16,aggregated,1.7068149760000002,2000,30.0,24,3,24,3,48,0.125,1.7093890930000002,1.755012953039826,28.080207248637215,14.040103624318608,224.64165798909772
1,i64-o16,16,aggregated,1.7068149760000002,2000,35.0,24,8,24,8,128,0.3333333333333333,1.7093890930000002,4.680034541439536,74.88055266303257,14.040103624318608,224.64165798909772
1,i64-o16,16,aggregated,1.7068149760000002,2000,40.0,24,20,24,20,320,0.8333333333333334,1.7093890930000002,11.70008635359884,187.20138165758144,14.040103624318608,224.64165798909772
1,i64-o16,16,aggregated,1.7068149760000002,2000,50.0,24,24,24,24,384,1.0,1.7093890930000002,14.040103624318608,224.64165798909772,14.040103624318608,224.64165798909772
1,i64-o16,16,aggregated,1.7068149760000002,2000,75.0,24,24,24,24,384,1.0,1.7093890930000002,14.040103624318608,224.64165798909772,14.040103624318608,224.64165798909772
1,i64-o16,16,aggregated,1.7068149760000002,5000,25.0,24,1,24,1,16,0.041666666666666664,1.7093890930000002,0.585004317679942,9.360069082879072,14.040103624318608,224.64165798909772
1,i64-o16,16,aggregated,1.7068149760000002,5000,30.0,24,3,24,3,48,0.125,1.7093890930000002,1.755012953039826,28.080207248637215,14.040103624318608,224.64165798909772
1,i64-o16,16,aggregated,1.7068149760000002,5000,35.0,24,8,24,8,128,0.3333333333333333,1.7093890930000002,4.680034541439536,74.88055266303257,14.040103624318608,224.64165798909772
1,i64-o16,16,aggregated,1.7068149760000002,5000,40.0,24,20,24,20,320,0.8333333333333334,1.7093890930000002,11.70008635359884,187.20138165758144,14.040103624318608,224.64165798909772
1,i64-o16,16,aggregated,1.7068149760000002,5000,50.0,24,24,24,24,384,1.0,1.7093890930000002,14.040103624318608,224.64165798909772,14.040103624318608,224.64165798909772
1,i64-o16,16,aggregated,1.7068149760000002,5000,75.0,24,24,24,24,384,1.0,1.7093890930000002,14.040103624318608,224.64165798909772,14.040103624318608,224.64165798909772
1,i64-o16,16,aggregated,1.7068149760000002,10000,25.0,24,1,24,1,16,0.041666666666666664,1.7093890930000002,0.585004317679942,9.360069082879072,14.040103624318608,224.64165798909772
1,i64-o16,16,aggregated,1.7068149760000002,10000,30.0,24,3,24,3,48,0.125,1.7093890930000002,1.755012953039826,28.080207248637215,14.040103624318608,224.64165798909772
1,i64-o16,16,aggregated,1.7068149760000002,10000,35.0,24,8,24,8,128,0.3333333333333333,1.7093890930000002,4.680034541439536,74.88055266303257,14.040103624318608,224.64165798909772
1,i64-o16,16,aggregated,1.7068149760000002,10000,40.0,24,20,24,20,320,0.8333333333333334,1.7093890930000002,11.70008635359884,187.20138165758144,14.040103624318608,224.64165798909772
1,i64-o16,16,aggregated,1.7068149760000002,10000,50.0,24,24,24,24,384,1.0,1.7093890930000002,14.040103624318608,224.64165798909772,14.040103624318608,224.64165798909772
1,i64-o16,16,aggregated,1.7068149760000002,10000,75.0,24,24,24,24,384,1.0,1.7093890930000002,14.040103624318608,224.64165798909772,14.040103624318608,224.64165798909772
1,i64-o16,16,aggregated,1.7068149760000002,20000,25.0,24,1,24,1,16,0.041666666666666664,1.7093890930000002,0.585004317679942,9.360069082879072,14.040103624318608,224.64165798909772
1,i64-o16,16,aggregated,1.7068149760000002,20000,30.0,24,3,24,3,48,0.125,1.7093890930000002,1.755012953039826,28.080207248637215,14.040103624318608,224.64165798909772
1,i64-o16,16,aggregated,1.7068149760000002,20000,35.0,24,8,24,8,128,0.3333333333333333,1.7093890930000002,4.680034541439536,74.88055266303257,14.040103624318608,224.64165798909772
1,i64-o16,16,aggregated,1.7068149760000002,20000,40.0,24,20,24,20,320,0.8333333333333334,1.7093890930000002,11.70008635359884,187.20138165758144,14.040103624318608,224.64165798909772
1,i64-o16,16,aggregated,1.7068149760000002,20000,50.0,24,24,24,24,384,1.0,1.7093890930000002,14.040103624318608,224.64165798909772,14.040103624318608,224.64165798909772
1,i64-o16,16,aggregated,1.7068149760000002,20000,75.0,24,24,24,24,384,1.0,1.7093890930000002,14.040103624318608,224.64165798909772,14.040103624318608,224.64165798909772
1,i64-o16,4,aggregated,3.779533568,100,25.0,24,0,0,2,0,0.0,3.7828329349999996,0.0,0.0,6.344451476549281,101.5112236247885
1,i64-o16,4,aggregated,3.779533568,100,30.0,24,0,0,13,0,0.0,3.7828329349999996,0.0,0.0,6.344451476549281,101.5112236247885
1,i64-o16,4,aggregated,3.779533568,100,35.0,24,0,0,24,0,0.0,3.7828329349999996,0.0,0.0,6.344451476549281,101.5112236247885
1,i64-o16,4,aggregated,3.779533568,100,40.0,24,0,0,24,0,0.0,3.7828329349999996,0.0,0.0,6.344451476549281,101.5112236247885
1,i64-o16,4,aggregated,3.779533568,100,50.0,24,0,0,24,0,0.0,3.7828329349999996,0.0,0.0,6.344451476549281,101.5112236247885
1,i64-o16,4,aggregated,3.779533568,100,75.0,24,0,0,24,0,0.0,3.7828329349999996,0.0,0.0,6.344451476549281,101.5112236247885
1,i64-o16,4,aggregated,3.779533568,250,25.0,24,1,23,2,16,0.041666666666666664,3.7828329349999996,0.26435214485622005,4.229634317699521,6.344451476549281,101.5112236247885
1,i64-o16,4,aggregated,3.779533568,250,30.0,24,12,23,13,192,0.5,3.7828329349999996,3.1722257382746406,50.75561181239425,6.344451476549281,101.5112236247885
1,i64-o16,4,aggregated,3.779533568,250,35.0,24,23,23,24,368,0.9583333333333334,3.7828329349999996,6.080099331693061,97.28158930708898,6.344451476549281,101.5112236247885
1,i64-o16,4,aggregated,3.779533568,250,40.0,24,23,23,24,368,0.9583333333333334,3.7828329349999996,6.080099331693061,97.28158930708898,6.344451476549281,101.5112236247885
1,i64-o16,4,aggregated,3.779533568,250,50.0,24,23,23,24,368,0.9583333333333334,3.7828329349999996,6.080099331693061,97.28158930708898,6.344451476549281,101.5112236247885
1,i64-o16,4,aggregated,3.779533568,250,75.0,24,23,23,24,368,0.9583333333333334,3.7828329349999996,6.080099331693061,97.28158930708898,6.344451476549281,101.5112236247885
1,i64-o16,4,aggregated,3.779533568,500,25.0,24,2,24,2,32,0.08333333333333333,3.7828329349999996,0.5287042897124401,8.459268635399042,6.344451476549281,101.5112236247885
1,i64-o16,4,aggregated,3.779533568,500,30.0,24,13,24,13,208,0.5416666666666666,3.7828329349999996,3.4365778831308607,54.98524613009377,6.344451476549281,101.5112236247885
1,i64-o16,4,aggregated,3.779533568,500,35.0,24,24,24,24,384,1.0,3.7828329349999996,6.344451476549281,101.5112236247885,6.344451476549281,101.5112236247885
1,i64-o16,4,aggregated,3.779533568,500,40.0,24,24,24,24,384,1.0,3.7828329349999996,6.344451476549281,101.5112236247885,6.344451476549281,101.5112236247885
1,i64-o16,4,aggregated,3.779533568,500,50.0,24,24,24,24,384,1.0,3.7828329349999996,6.344451476549281,101.5112236247885,6.344451476549281,101.5112236247885
1,i64-o16,4,aggregated,3.779533568,500,75.0,24,24,24,24,384,1.0,3.7828329349999996,6.344451476549281,101.5112236247885,6.344451476549281,101.5112236247885
1,i64-o16,4,aggregated,3.779533568,1000,25.0,24,2,24,2,32,0.08333333333333333,3.7828329349999996,0.5287042897124401,8.459268635399042,6.344451476549281,101.5112236247885
1,i64-o16,4,aggregated,3.779533568,1000,30.0,24,13,24,13,208,0.5416666666666666,3.7828329349999996,3.4365778831308607,54.98524613009377,6.344451476549281,101.5112236247885
1,i64-o16,4,aggregated,3.779533568,1000,35.0,24,24,24,24,384,1.0,3.7828329349999996,6.344451476549281,101.5112236247885,6.344451476549281,101.5112236247885
1,i64-o16,4,aggregated,3.779533568,1000,40.0,24,24,24,24,384,1.0,3.7828329349999996,6.344451476549281,101.5112236247885,6.344451476549281,101.5112236247885
1,i64-o16,4,aggregated,3.779533568,1000,50.0,24,24,24,24,384,1.0,3.7828329349999996,6.344451476549281,101.5112236247885,6.344451476549281,101.5112236247885
1,i64-o16,4,aggregated,3.779533568,1000,75.0,24,24,24,24,384,1.0,3.7828329349999996,6.344451476549281,101.5112236247885,6.344451476549281,101.5112236247885
1,i64-o16,4,aggregated,3.779533568,2000,25.0,24,2,24,2,32,0.08333333333333333,3.7828329349999996,0.5287042897124401,8.459268635399042,6.344451476549281,101.5112236247885
1,i64-o16,4,aggregated,3.779533568,2000,30.0,24,13,24,13,208,0.5416666666666666,3.7828329349999996,3.4365778831308607,54.98524613009377,6.344451476549281,101.5112236247885
1,i64-o16,4,aggregated,3.779533568,2000,35.0,24,24,24,24,384,1.0,3.7828329349999996,6.344451476549281,101.5112236247885,6.344451476549281,101.5112236247885
1,i64-o16,4,aggregated,3.779533568,2000,40.0,24,24,24,24,384,1.0,3.7828329349999996,6.344451476549281,101.5112236247885,6.344451476549281,101.5112236247885
1,i64-o16,4,aggregated,3.779533568,2000,50.0,24,24,24,24,384,1.0,3.7828329349999996,6.344451476549281,101.5112236247885,6.344451476549281,101.5112236247885
1,i64-o16,4,aggregated,3.779533568,2000,75.0,24,24,24,24,384,1.0,3.7828329349999996,6.344451476549281,101.5112236247885,6.344451476549281,101.5112236247885
1,i64-o16,4,aggregated,3.779533568,5000,25.0,24,2,24,2,32,0.08333333333333333,3.7828329349999996,0.5287042897124401,8.459268635399042,6.344451476549281,101.5112236247885
1,i64-o16,4,aggregated,3.779533568,5000,30.0,24,13,24,13,208,0.5416666666666666,3.7828329349999996,3.4365778831308607,54.98524613009377,6.344451476549281,101.5112236247885
1,i64-o16,4,aggregated,3.779533568,5000,35.0,24,24,24,24,384,1.0,3.7828329349999996,6.344451476549281,101.5112236247885,6.344451476549281,101.5112236247885
1,i64-o16,4,aggregated,3.779533568,5000,40.0,24,24,24,24,384,1.0,3.7828329349999996,6.344451476549281,101.5112236247885,6.344451476549281,101.5112236247885
1,i64-o16,4,aggregated,3.779533568,5000,50.0,24,24,24,24,384,1.0,3.7828329349999996,6.344451476549281,101.5112236247885,6.344451476549281,101.5112236247885
1,i64-o16,4,aggregated,3.779533568,5000,75.0,24,24,24,24,384,1.0,3.7828329349999996,6.344451476549281,101.5112236247885,6.344451476549281,101.5112236247885
1,i64-o16,4,aggregated,3.779533568,10000,25.0,24,2,24,2,32,0.08333333333333333,3.7828329349999996,0.5287042897124401,8.459268635399042,6.344451476549281,101.5112236247885
1,i64-o16,4,aggregated,3.779533568,10000,30.0,24,13,24,13,208,0.5416666666666666,3.7828329349999996,3.4365778831308607,54.98524613009377,6.344451476549281,101.5112236247885
1,i64-o16,4,aggregated,3.779533568,10000,35.0,24,24,24,24,384,1.0,3.7828329349999996,6.344451476549281,101.5112236247885,6.344451476549281,101.5112236247885
1,i64-o16,4,aggregated,3.779533568,10000,40.0,24,24,24,24,384,1.0,3.7828329349999996,6.344451476549281,101.5112236247885,6.344451476549281,101.5112236247885
1,i64-o16,4,aggregated,3.779533568,10000,50.0,24,24,24,24,384,1.0,3.7828329349999996,6.344451476549281,101.5112236247885,6.344451476549281,101.5112236247885
1,i64-o16,4,aggregated,3.779533568,10000,75.0,24,24,24,24,384,1.0,3.7828329349999996,6.344451476549281,101.5112236247885,6.344451476549281,101.5112236247885
1,i64-o16,4,aggregated,3.779533568,20000,25.0,24,2,24,2,32,0.08333333333333333,3.7828329349999996,0.5287042897124401,8.459268635399042,6.344451476549281,101.5112236247885
1,i64-o16,4,aggregated,3.779533568,20000,30.0,24,13,24,13,208,0.5416666666666666,3.7828329349999996,3.4365778831308607,54.98524613009377,6.344451476549281,101.5112236247885
1,i64-o16,4,aggregated,3.779533568,20000,35.0,24,24,24,24,384,1.0,3.7828329349999996,6.344451476549281,101.5112236247885,6.344451476549281,101.5112236247885
1,i64-o16,4,aggregated,3.779533568,20000,40.0,24,24,24,24,384,1.0,3.7828329349999996,6.344451476549281,101.5112236247885,6.344451476549281,101.5112236247885
1,i64-o16,4,aggregated,3.779533568,20000,50.0,24,24,24,24,384,1.0,3.7828329349999996,6.344451476549281,101.5112236247885,6.344451476549281,101.5112236247885
1,i64-o16,4,aggregated,3.779533568,20000,75.0,24,24,24,24,384,1.0,3.7828329349999996,6.344451476549281,101.5112236247885,6.344451476549281,101.5112236247885
1,i704-o128,16,aggregated,13.217077504,100,25.0,24,0,0,0,0,0.0,13.220622508,0.0,0.0,1.8153456832669743,232.3642474581727
1,i704-o128,16,aggregated,13.217077504,100,30.0,24,0,0,0,0,0.0,13.220622508,0.0,0.0,1.8153456832669743,232.3642474581727
1,i704-o128,16,aggregated,13.217077504,100,35.0,24,0,0,1,0,0.0,13.220622508,0.0,0.0,1.8153456832669743,232.3642474581727
1,i704-o128,16,aggregated,13.217077504,100,40.0,24,0,0,8,0,0.0,13.220622508,0.0,0.0,1.8153456832669743,232.3642474581727
1,i704-o128,16,aggregated,13.217077504,100,50.0,24,0,0,24,0,0.0,13.220622508,0.0,0.0,1.8153456832669743,232.3642474581727
1,i704-o128,16,aggregated,13.217077504,100,75.0,24,0,0,24,0,0.0,13.220622508,0.0,0.0,1.8153456832669743,232.3642474581727
1,i704-o128,16,aggregated,13.217077504,250,25.0,24,0,0,0,0,0.0,13.220622508,0.0,0.0,1.8153456832669743,232.3642474581727
1,i704-o128,16,aggregated,13.217077504,250,30.0,24,0,0,0,0,0.0,13.220622508,0.0,0.0,1.8153456832669743,232.3642474581727
1,i704-o128,16,aggregated,13.217077504,250,35.0,24,0,0,1,0,0.0,13.220622508,0.0,0.0,1.8153456832669743,232.3642474581727
1,i704-o128,16,aggregated,13.217077504,250,40.0,24,0,0,8,0,0.0,13.220622508,0.0,0.0,1.8153456832669743,232.3642474581727
1,i704-o128,16,aggregated,13.217077504,250,50.0,24,0,0,24,0,0.0,13.220622508,0.0,0.0,1.8153456832669743,232.3642474581727
1,i704-o128,16,aggregated,13.217077504,250,75.0,24,0,0,24,0,0.0,13.220622508,0.0,0.0,1.8153456832669743,232.3642474581727
1,i704-o128,16,aggregated,13.217077504,500,25.0,24,0,0,0,0,0.0,13.220622508,0.0,0.0,1.8153456832669743,232.3642474581727
1,i704-o128,16,aggregated,13.217077504,500,30.0,24,0,0,0,0,0.0,13.220622508,0.0,0.0,1.8153456832669743,232.3642474581727
1,i704-o128,16,aggregated,13.217077504,500,35.0,24,0,0,1,0,0.0,13.220622508,0.0,0.0,1.8153456832669743,232.3642474581727
1,i704-o128,16,aggregated,13.217077504,500,40.0,24,0,0,8,0,0.0,13.220622508,0.0,0.0,1.8153456832669743,232.3642474581727
1,i704-o128,16,aggregated,13.217077504,500,50.0,24,0,0,24,0,0.0,13.220622508,0.0,0.0,1.8153456832669743,232.3642474581727
1,i704-o128,16,aggregated,13.217077504,500,75.0,24,0,0,24,0,0.0,13.220622508,0.0,0.0,1.8153456832669743,232.3642474581727
1,i704-o128,16,aggregated,13.217077504,1000,25.0,24,0,3,0,0,0.0,13.220622508,0.0,0.0,1.8153456832669743,232.3642474581727
1,i704-o128,16,aggregated,13.217077504,1000,30.0,24,0,3,0,0,0.0,13.220622508,0.0,0.0,1.8153456832669743,232.3642474581727
1,i704-o128,16,aggregated,13.217077504,1000,35.0,24,0,3,1,0,0.0,13.220622508,0.0,0.0,1.8153456832669743,232.3642474581727
1,i704-o128,16,aggregated,13.217077504,1000,40.0,24,0,3,8,0,0.0,13.220622508,0.0,0.0,1.8153456832669743,232.3642474581727
1,i704-o128,16,aggregated,13.217077504,1000,50.0,24,3,3,24,384,0.125,13.220622508,0.2269182104083718,29.04553093227159,1.8153456832669743,232.3642474581727
1,i704-o128,16,aggregated,13.217077504,1000,75.0,24,3,3,24,384,0.125,13.220622508,0.2269182104083718,29.04553093227159,1.8153456832669743,232.3642474581727
1,i704-o128,16,aggregated,13.217077504,2000,25.0,24,0,16,0,0,0.0,13.220622508,0.0,0.0,1.8153456832669743,232.3642474581727
1,i704-o128,16,aggregated,13.217077504,2000,30.0,24,0,16,0,0,0.0,13.220622508,0.0,0.0,1.8153456832669743,232.3642474581727
1,i704-o128,16,aggregated,13.217077504,2000,35.0,24,1,16,1,128,0.041666666666666664,13.220622508,0.07563940346945726,9.681843644090529,1.8153456832669743,232.3642474581727
1,i704-o128,16,aggregated,13.217077504,2000,40.0,24,8,16,8,1024,0.3333333333333333,13.220622508,0.6051152277556581,77.45474915272423,1.8153456832669743,232.3642474581727
1,i704-o128,16,aggregated,13.217077504,2000,50.0,24,16,16,24,2048,0.6666666666666666,13.220622508,1.2102304555113161,154.90949830544847,1.8153456832669743,232.3642474581727
1,i704-o128,16,aggregated,13.217077504,2000,75.0,24,16,16,24,2048,0.6666666666666666,13.220622508,1.2102304555113161,154.90949830544847,1.8153456832669743,232.3642474581727
1,i704-o128,16,aggregated,13.217077504,5000,25.0,24,0,24,0,0,0.0,13.220622508,0.0,0.0,1.8153456832669743,232.3642474581727
1,i704-o128,16,aggregated,13.217077504,5000,30.0,24,0,24,0,0,0.0,13.220622508,0.0,0.0,1.8153456832669743,232.3642474581727
1,i704-o128,16,aggregated,13.217077504,5000,35.0,24,1,24,1,128,0.041666666666666664,13.220622508,0.07563940346945726,9.681843644090529,1.8153456832669743,232.3642474581727
1,i704-o128,16,aggregated,13.217077504,5000,40.0,24,8,24,8,1024,0.3333333333333333,13.220622508,0.6051152277556581,77.45474915272423,1.8153456832669743,232.3642474581727
1,i704-o128,16,aggregated,13.217077504,5000,50.0,24,24,24,24,3072,1.0,13.220622508,1.8153456832669743,232.3642474581727,1.8153456832669743,232.3642474581727
1,i704-o128,16,aggregated,13.217077504,5000,75.0,24,24,24,24,3072,1.0,13.220622508,1.8153456832669743,232.3642474581727,1.8153456832669743,232.3642474581727
1,i704-o128,16,aggregated,13.217077504,10000,25.0,24,0,24,0,0,0.0,13.220622508,0.0,0.0,1.8153456832669743,232.3642474581727
1,i704-o128,16,aggregated,13.217077504,10000,30.0,24,0,24,0,0,0.0,13.220622508,0.0,0.0,1.8153456832669743,232.3642474581727
1,i704-o128,16,aggregated,13.217077504,10000,35.0,24,1,24,1,128,0.041666666666666664,13.220622508,0.07563940346945726,9.681843644090529,1.8153456832669743,232.3642474581727
1,i704-o128,16,aggregated,13.217077504,10000,40.0,24,8,24,8,1024,0.3333333333333333,13.220622508,0.6051152277556581,77.45474915272423,1.8153456832669743,232.3642474581727
1,i704-o128,16,aggregated,13.217077504,10000,50.0,24,24,24,24,3072,1.0,13.220622508,1.8153456832669743,232.3642474581727,1.8153456832669743,232.3642474581727
1,i704-o128,16,aggregated,13.217077504,10000,75.0,24,24,24,24,3072,1.0,13.220622508,1.8153456832669743,232.3642474581727,1.8153456832669743,232.3642474581727
1,i704-o128,16,aggregated,13.217077504,20000,25.0,24,0,24,0,0,0.0,13.220622508,0.0,0.0,1.8153456832669743,232.3642474581727
1,i704-o128,16,aggregated,13.217077504,20000,30.0,24,0,24,0,0,0.0,13.220622508,0.0,0.0,1.8153456832669743,232.3642474581727
1,i704-o128,16,aggregated,13.217077504,20000,35.0,24,1,24,1,128,0.041666666666666664,13.220622508,0.07563940346945726,9.681843644090529,1.8153456832669743,232.3642474581727
1,i704-o128,16,aggregated,13.217077504,20000,40.0,24,8,24,8,1024,0.3333333333333333,13.220622508,0.6051152277556581,77.45474915272423,1.8153456832669743,232.3642474581727
1,i704-o128,16,aggregated,13.217077504,20000,50.0,24,24,24,24,3072,1.0,13.220622508,1.8153456832669743,232.3642474581727,1.8153456832669743,232.3642474581727
1,i704-o128,16,aggregated,13.217077504,20000,75.0,24,24,24,24,3072,1.0,13.220622508,1.8153456832669743,232.3642474581727,1.8153456832669743,232.3642474581727
1,i704-o128,4,aggregated,30.802984192,100,25.0,24,0,0,0,0,0.0,30.80650666,0.0,0.0,0.7790561995515788,99.71919354260208
1,i704-o128,4,aggregated,30.802984192,100,30.0,24,0,0,0,0,0.0,30.80650666,0.0,0.0,0.7790561995515788,99.71919354260208
1,i704-o128,4,aggregated,30.802984192,100,35.0,24,0,0,24,0,0.0,30.80650666,0.0,0.0,0.7790561995515788,99.71919354260208
1,i704-o128,4,aggregated,30.802984192,100,40.0,24,0,0,24,0,0.0,30.80650666,0.0,0.0,0.7790561995515788,99.71919354260208
1,i704-o128,4,aggregated,30.802984192,100,50.0,24,0,0,24,0,0.0,30.80650666,0.0,0.0,0.7790561995515788,99.71919354260208
1,i704-o128,4,aggregated,30.802984192,100,75.0,24,0,0,24,0,0.0,30.80650666,0.0,0.0,0.7790561995515788,99.71919354260208
1,i704-o128,4,aggregated,30.802984192,250,25.0,24,0,0,0,0,0.0,30.80650666,0.0,0.0,0.7790561995515788,99.71919354260208
1,i704-o128,4,aggregated,30.802984192,250,30.0,24,0,0,0,0,0.0,30.80650666,0.0,0.0,0.7790561995515788,99.71919354260208
1,i704-o128,4,aggregated,30.802984192,250,35.0,24,0,0,24,0,0.0,30.80650666,0.0,0.0,0.7790561995515788,99.71919354260208
1,i704-o128,4,aggregated,30.802984192,250,40.0,24,0,0,24,0,0.0,30.80650666,0.0,0.0,0.7790561995515788,99.71919354260208
1,i704-o128,4,aggregated,30.802984192,250,50.0,24,0,0,24,0,0.0,30.80650666,0.0,0.0,0.7790561995515788,99.71919354260208
1,i704-o128,4,aggregated,30.802984192,250,75.0,24,0,0,24,0,0.0,30.80650666,0.0,0.0,0.7790561995515788,99.71919354260208
1,i704-o128,4,aggregated,30.802984192,500,25.0,24,0,0,0,0,0.0,30.80650666,0.0,0.0,0.7790561995515788,99.71919354260208
1,i704-o128,4,aggregated,30.802984192,500,30.0,24,0,0,0,0,0.0,30.80650666,0.0,0.0,0.7790561995515788,99.71919354260208
1,i704-o128,4,aggregated,30.802984192,500,35.0,24,0,0,24,0,0.0,30.80650666,0.0,0.0,0.7790561995515788,99.71919354260208
1,i704-o128,4,aggregated,30.802984192,500,40.0,24,0,0,24,0,0.0,30.80650666,0.0,0.0,0.7790561995515788,99.71919354260208
1,i704-o128,4,aggregated,30.802984192,500,50.0,24,0,0,24,0,0.0,30.80650666,0.0,0.0,0.7790561995515788,99.71919354260208
1,i704-o128,4,aggregated,30.802984192,500,75.0,24,0,0,24,0,0.0,30.80650666,0.0,0.0,0.7790561995515788,99.71919354260208
1,i704-o128,4,aggregated,30.802984192,1000,25.0,24,0,24,0,0,0.0,30.80650666,0.0,0.0,0.7790561995515788,99.71919354260208
1,i704-o128,4,aggregated,30.802984192,1000,30.0,24,0,24,0,0,0.0,30.80650666,0.0,0.0,0.7790561995515788,99.71919354260208
1,i704-o128,4,aggregated,30.802984192,1000,35.0,24,24,24,24,3072,1.0,30.80650666,0.7790561995515788,99.71919354260208,0.7790561995515788,99.71919354260208
1,i704-o128,4,aggregated,30.802984192,1000,40.0,24,24,24,24,3072,1.0,30.80650666,0.7790561995515788,99.71919354260208,0.7790561995515788,99.71919354260208
1,i704-o128,4,aggregated,30.802984192,1000,50.0,24,24,24,24,3072,1.0,30.80650666,0.7790561995515788,99.71919354260208,0.7790561995515788,99.71919354260208
1,i704-o128,4,aggregated,30.802984192,1000,75.0,24,24,24,24,3072,1.0,30.80650666,0.7790561995515788,99.71919354260208,0.7790561995515788,99.71919354260208
1,i704-o128,4,aggregated,30.802984192,2000,25.0,24,0,24,0,0,0.0,30.80650666,0.0,0.0,0.7790561995515788,99.71919354260208
1,i704-o128,4,aggregated,30.802984192,2000,30.0,24,0,24,0,0,0.0,30.80650666,0.0,0.0,0.7790561995515788,99.71919354260208
1,i704-o128,4,aggregated,30.802984192,2000,35.0,24,24,24,24,3072,1.0,30.80650666,0.7790561995515788,99.71919354260208,0.7790561995515788,99.71919354260208
1,i704-o128,4,aggregated,30.802984192,2000,40.0,24,24,24,24,3072,1.0,30.80650666,0.7790561995515788,99.71919354260208,0.7790561995515788,99.71919354260208
1,i704-o128,4,aggregated,30.802984192,2000,50.0,24,24,24,24,3072,1.0,30.80650666,0.7790561995515788,99.71919354260208,0.7790561995515788,99.71919354260208
1,i704-o128,4,aggregated,30.802984192,2000,75.0,24,24,24,24,3072,1.0,30.80650666,0.7790561995515788,99.71919354260208,0.7790561995515788,99.71919354260208
1,i704-o128,4,aggregated,30.802984192,5000,25.0,24,0,24,0,0,0.0,30.80650666,0.0,0.0,0.7790561995515788,99.71919354260208
1,i704-o128,4,aggregated,30.802984192,5000,30.0,24,0,24,0,0,0.0,30.80650666,0.0,0.0,0.7790561995515788,99.71919354260208
1,i704-o128,4,aggregated,30.802984192,5000,35.0,24,24,24,24,3072,1.0,30.80650666,0.7790561995515788,99.71919354260208,0.7790561995515788,99.71919354260208
1,i704-o128,4,aggregated,30.802984192,5000,40.0,24,24,24,24,3072,1.0,30.80650666,0.7790561995515788,99.71919354260208,0.7790561995515788,99.71919354260208
1,i704-o128,4,aggregated,30.802984192,5000,50.0,24,24,24,24,3072,1.0,30.80650666,0.7790561995515788,99.71919354260208,0.7790561995515788,99.71919354260208
1,i704-o128,4,aggregated,30.802984192,5000,75.0,24,24,24,24,3072,1.0,30.80650666,0.7790561995515788,99.71919354260208,0.7790561995515788,99.71919354260208
1,i704-o128,4,aggregated,30.802984192,10000,25.0,24,0,24,0,0,0.0,30.80650666,0.0,0.0,0.7790561995515788,99.71919354260208
1,i704-o128,4,aggregated,30.802984192,10000,30.0,24,0,24,0,0,0.0,30.80650666,0.0,0.0,0.7790561995515788,99.71919354260208
1,i704-o128,4,aggregated,30.802984192,10000,35.0,24,24,24,24,3072,1.0,30.80650666,0.7790561995515788,99.71919354260208,0.7790561995515788,99.71919354260208
1,i704-o128,4,aggregated,30.802984192,10000,40.0,24,24,24,24,3072,1.0,30.80650666,0.7790561995515788,99.71919354260208,0.7790561995515788,99.71919354260208
1,i704-o128,4,aggregated,30.802984192,10000,50.0,24,24,24,24,3072,1.0,30.80650666,0.7790561995515788,99.71919354260208,0.7790561995515788,99.71919354260208
1,i704-o128,4,aggregated,30.802984192,10000,75.0,24,24,24,24,3072,1.0,30.80650666,0.7790561995515788,99.71919354260208,0.7790561995515788,99.71919354260208
1,i704-o128,4,aggregated,30.802984192,20000,25.0,24,0,24,0,0,0.0,30.80650666,0.0,0.0,0.7790561995515788,99.71919354260208
1,i704-o128,4,aggregated,30.802984192,20000,30.0,24,0,24,0,0,0.0,30.80650666,0.0,0.0,0.7790561995515788,99.71919354260208
1,i704-o128,4,aggregated,30.802984192,20000,35.0,24,24,24,24,3072,1.0,30.80650666,0.7790561995515788,99.71919354260208,0.7790561995515788,99.71919354260208
1,i704-o128,4,aggregated,30.802984192,20000,40.0,24,24,24,24,3072,1.0,30.80650666,0.7790561995515788,99.71919354260208,0.7790561995515788,99.71919354260208
1,i704-o128,4,aggregated,30.802984192,20000,50.0,24,24,24,24,3072,1.0,30.80650666,0.7790561995515788,99.71919354260208,0.7790561995515788,99.71919354260208
1,i704-o128,4,aggregated,30.802984192,20000,75.0,24,24,24,24,3072,1.0,30.80650666,0.7790561995515788,99.71919354260208,0.7790561995515788,99.71919354260208
1,i704-o16,16,aggregated,6.153184768,100,25.0,24,0,0,0,0,0.0,6.156024962,0.0,0.0,3.898619669047404,62.37791470475847
1,i704-o16,16,aggregated,6.153184768,100,30.0,24,0,0,5,0,0.0,6.156024962,0.0,0.0,3.898619669047404,62.37791470475847
1,i704-o16,16,aggregated,6.153184768,100,35.0,24,0,0,15,0,0.0,6.156024962,0.0,0.0,3.898619669047404,62.37791470475847
1,i704-o16,16,aggregated,6.153184768,100,40.0,24,0,0,24,0,0.0,6.156024962,0.0,0.0,3.898619669047404,62.37791470475847
1,i704-o16,16,aggregated,6.153184768,100,50.0,24,0,0,24,0,0.0,6.156024962,0.0,0.0,3.898619669047404,62.37791470475847
1,i704-o16,16,aggregated,6.153184768,100,75.0,24,0,0,24,0,0.0,6.156024962,0.0,0.0,3.898619669047404,62.37791470475847
1,i704-o16,16,aggregated,6.153184768,250,25.0,24,0,0,0,0,0.0,6.156024962,0.0,0.0,3.898619669047404,62.37791470475847
1,i704-o16,16,aggregated,6.153184768,250,30.0,24,0,0,5,0,0.0,6.156024962,0.0,0.0,3.898619669047404,62.37791470475847
1,i704-o16,16,aggregated,6.153184768,250,35.0,24,0,0,15,0,0.0,6.156024962,0.0,0.0,3.898619669047404,62.37791470475847
1,i704-o16,16,aggregated,6.153184768,250,40.0,24,0,0,24,0,0.0,6.156024962,0.0,0.0,3.898619669047404,62.37791470475847
1,i704-o16,16,aggregated,6.153184768,250,50.0,24,0,0,24,0,0.0,6.156024962,0.0,0.0,3.898619669047404,62.37791470475847
1,i704-o16,16,aggregated,6.153184768,250,75.0,24,0,0,24,0,0.0,6.156024962,0.0,0.0,3.898619669047404,62.37791470475847
1,i704-o16,16,aggregated,6.153184768,500,25.0,24,0,0,0,0,0.0,6.156024962,0.0,0.0,3.898619669047404,62.37791470475847
1,i704-o16,16,aggregated,6.153184768,500,30.0,24,0,0,5,0,0.0,6.156024962,0.0,0.0,3.898619669047404,62.37791470475847
1,i704-o16,16,aggregated,6.153184768,500,35.0,24,0,0,15,0,0.0,6.156024962,0.0,0.0,3.898619669047404,62.37791470475847
1,i704-o16,16,aggregated,6.153184768,500,40.0,24,0,0,24,0,0.0,6.156024962,0.0,0.0,3.898619669047404,62.37791470475847
1,i704-o16,16,aggregated,6.153184768,500,50.0,24,0,0,24,0,0.0,6.156024962,0.0,0.0,3.898619669047404,62.37791470475847
1,i704-o16,16,aggregated,6.153184768,500,75.0,24,0,0,24,0,0.0,6.156024962,0.0,0.0,3.898619669047404,62.37791470475847
1,i704-o16,16,aggregated,6.153184768,1000,25.0,24,0,2,0,0,0.0,6.156024962,0.0,0.0,3.898619669047404,62.37791470475847
1,i704-o16,16,aggregated,6.153184768,1000,30.0,24,0,2,5,0,0.0,6.156024962,0.0,0.0,3.898619669047404,62.37791470475847
1,i704-o16,16,aggregated,6.153184768,1000,35.0,24,1,2,15,16,0.041666666666666664,6.156024962,0.16244248621030852,2.5990797793649363,3.898619669047404,62.37791470475847
1,i704-o16,16,aggregated,6.153184768,1000,40.0,24,2,2,24,32,0.08333333333333333,6.156024962,0.32488497242061704,5.198159558729873,3.898619669047404,62.37791470475847
1,i704-o16,16,aggregated,6.153184768,1000,50.0,24,2,2,24,32,0.08333333333333333,6.156024962,0.32488497242061704,5.198159558729873,3.898619669047404,62.37791470475847
1,i704-o16,16,aggregated,6.153184768,1000,75.0,24,2,2,24,32,0.08333333333333333,6.156024962,0.32488497242061704,5.198159558729873,3.898619669047404,62.37791470475847
1,i704-o16,16,aggregated,6.153184768,2000,25.0,24,0,7,0,0,0.0,6.156024962,0.0,0.0,3.898619669047404,62.37791470475847
1,i704-o16,16,aggregated,6.153184768,2000,30.0,24,1,7,5,16,0.041666666666666664,6.156024962,0.16244248621030852,2.5990797793649363,3.898619669047404,62.37791470475847
1,i704-o16,16,aggregated,6.153184768,2000,35.0,24,4,7,15,64,0.16666666666666666,6.156024962,0.6497699448412341,10.396319117459745,3.898619669047404,62.37791470475847
1,i704-o16,16,aggregated,6.153184768,2000,40.0,24,7,7,24,112,0.2916666666666667,6.156024962,1.1370974034721597,18.193558455554555,3.898619669047404,62.37791470475847
1,i704-o16,16,aggregated,6.153184768,2000,50.0,24,7,7,24,112,0.2916666666666667,6.156024962,1.1370974034721597,18.193558455554555,3.898619669047404,62.37791470475847
1,i704-o16,16,aggregated,6.153184768,2000,75.0,24,7,7,24,112,0.2916666666666667,6.156024962,1.1370974034721597,18.193558455554555,3.898619669047404,62.37791470475847
1,i704-o16,16,aggregated,6.153184768,5000,25.0,24,0,24,0,0,0.0,6.156024962,0.0,0.0,3.898619669047404,62.37791470475847
1,i704-o16,16,aggregated,6.153184768,5000,30.0,24,5,24,5,80,0.20833333333333334,6.156024962,0.8122124310515426,12.995398896824682,3.898619669047404,62.37791470475847
1,i704-o16,16,aggregated,6.153184768,5000,35.0,24,15,24,15,240,0.625,6.156024962,2.436637293154628,38.986196690474046,3.898619669047404,62.37791470475847
1,i704-o16,16,aggregated,6.153184768,5000,40.0,24,24,24,24,384,1.0,6.156024962,3.898619669047404,62.37791470475847,3.898619669047404,62.37791470475847
1,i704-o16,16,aggregated,6.153184768,5000,50.0,24,24,24,24,384,1.0,6.156024962,3.898619669047404,62.37791470475847,3.898619669047404,62.37791470475847
1,i704-o16,16,aggregated,6.153184768,5000,75.0,24,24,24,24,384,1.0,6.156024962,3.898619669047404,62.37791470475847,3.898619669047404,62.37791470475847
1,i704-o16,16,aggregated,6.153184768,10000,25.0,24,0,24,0,0,0.0,6.156024962,0.0,0.0,3.898619669047404,62.37791470475847
1,i704-o16,16,aggregated,6.153184768,10000,30.0,24,5,24,5,80,0.20833333333333334,6.156024962,0.8122124310515426,12.995398896824682,3.898619669047404,62.37791470475847
1,i704-o16,16,aggregated,6.153184768,10000,35.0,24,15,24,15,240,0.625,6.156024962,2.436637293154628,38.986196690474046,3.898619669047404,62.37791470475847
1,i704-o16,16,aggregated,6.153184768,10000,40.0,24,24,24,24,384,1.0,6.156024962,3.898619669047404,62.37791470475847,3.898619669047404,62.37791470475847
1,i704-o16,16,aggregated,6.153184768,10000,50.0,24,24,24,24,384,1.0,6.156024962,3.898619669047404,62.37791470475847,3.898619669047404,62.37791470475847
1,i704-o16,16,aggregated,6.153184768,10000,75.0,24,24,24,24,384,1.0,6.156024962,3.898619669047404,62.37791470475847,3.898619669047404,62.37791470475847
1,i704-o16,16,aggregated,6.153184768,20000,25.0,24,0,24,0,0,0.0,6.156024962,0.0,0.0,3.898619669047404,62.37791470475847
1,i704-o16,16,aggregated,6.153184768,20000,30.0,24,5,24,5,80,0.20833333333333334,6.156024962,0.8122124310515426,12.995398896824682,3.898619669047404,62.37791470475847
1,i704-o16,16,aggregated,6.153184768,20000,35.0,24,15,24,15,240,0.625,6.156024962,2.436637293154628,38.986196690474046,3.898619669047404,62.37791470475847
1,i704-o16,16,aggregated,6.153184768,20000,40.0,24,24,24,24,384,1.0,6.156024962,3.898619669047404,62.37791470475847,3.898619669047404,62.37791470475847
1,i704-o16,16,aggregated,6.153184768,20000,50.0,24,24,24,24,384,1.0,6.156024962,3.898619669047404,62.37791470475847,3.898619669047404,62.37791470475847
1,i704-o16,16,aggregated,6.153184768,20000,75.0,24,24,24,24,384,1.0,6.156024962,3.898619669047404,62.37791470475847,3.898619669047404,62.37791470475847
1,i704-o16,4,aggregated,7.659939840000001,100,25.0,24,0,0,5,0,0.0,7.662463224000001,0.0,0.0,3.1321520636899565,50.1144330190393
1,i704-o16,4,aggregated,7.659939840000001,100,30.0,24,0,0,12,0,0.0,7.662463224000001,0.0,0.0,3.1321520636899565,50.1144330190393
1,i704-o16,4,aggregated,7.659939840000001,100,35.0,24,0,0,24,0,0.0,7.662463224000001,0.0,0.0,3.1321520636899565,50.1144330190393
1,i704-o16,4,aggregated,7.659939840000001,100,40.0,24,0,0,24,0,0.0,7.662463224000001,0.0,0.0,3.1321520636899565,50.1144330190393
1,i704-o16,4,aggregated,7.659939840000001,100,50.0,24,0,0,24,0,0.0,7.662463224000001,0.0,0.0,3.1321520636899565,50.1144330190393
1,i704-o16,4,aggregated,7.659939840000001,100,75.0,24,0,0,24,0,0.0,7.662463224000001,0.0,0.0,3.1321520636899565,50.1144330190393
1,i704-o16,4,aggregated,7.659939840000001,250,25.0,24,0,0,5,0,0.0,7.662463224000001,0.0,0.0,3.1321520636899565,50.1144330190393
1,i704-o16,4,aggregated,7.659939840000001,250,30.0,24,0,0,12,0,0.0,7.662463224000001,0.0,0.0,3.1321520636899565,50.1144330190393
1,i704-o16,4,aggregated,7.659939840000001,250,35.0,24,0,0,24,0,0.0,7.662463224000001,0.0,0.0,3.1321520636899565,50.1144330190393
1,i704-o16,4,aggregated,7.659939840000001,250,40.0,24,0,0,24,0,0.0,7.662463224000001,0.0,0.0,3.1321520636899565,50.1144330190393
1,i704-o16,4,aggregated,7.659939840000001,250,50.0,24,0,0,24,0,0.0,7.662463224000001,0.0,0.0,3.1321520636899565,50.1144330190393
1,i704-o16,4,aggregated,7.659939840000001,250,75.0,24,0,0,24,0,0.0,7.662463224000001,0.0,0.0,3.1321520636899565,50.1144330190393
1,i704-o16,4,aggregated,7.659939840000001,500,25.0,24,0,0,5,0,0.0,7.662463224000001,0.0,0.0,3.1321520636899565,50.1144330190393
1,i704-o16,4,aggregated,7.659939840000001,500,30.0,24,0,0,12,0,0.0,7.662463224000001,0.0,0.0,3.1321520636899565,50.1144330190393
1,i704-o16,4,aggregated,7.659939840000001,500,35.0,24,0,0,24,0,0.0,7.662463224000001,0.0,0.0,3.1321520636899565,50.1144330190393
1,i704-o16,4,aggregated,7.659939840000001,500,40.0,24,0,0,24,0,0.0,7.662463224000001,0.0,0.0,3.1321520636899565,50.1144330190393
1,i704-o16,4,aggregated,7.659939840000001,500,50.0,24,0,0,24,0,0.0,7.662463224000001,0.0,0.0,3.1321520636899565,50.1144330190393
1,i704-o16,4,aggregated,7.659939840000001,500,75.0,24,0,0,24,0,0.0,7.662463224000001,0.0,0.0,3.1321520636899565,50.1144330190393
1,i704-o16,4,aggregated,7.659939840000001,1000,25.0,24,5,24,5,80,0.20833333333333334,7.662463224000001,0.6525316799354076,10.440506878966522,3.1321520636899565,50.1144330190393
1,i704-o16,4,aggregated,7.659939840000001,1000,30.0,24,12,24,12,192,0.5,7.662463224000001,1.5660760318449782,25.05721650951965,3.1321520636899565,50.1144330190393
1,i704-o16,4,aggregated,7.659939840000001,1000,35.0,24,24,24,24,384,1.0,7.662463224000001,3.1321520636899565,50.1144330190393,3.1321520636899565,50.1144330190393
1,i704-o16,4,aggregated,7.659939840000001,1000,40.0,24,24,24,24,384,1.0,7.662463224000001,3.1321520636899565,50.1144330190393,3.1321520636899565,50.1144330190393
1,i704-o16,4,aggregated,7.659939840000001,1000,50.0,24,24,24,24,384,1.0,7.662463224000001,3.1321520636899565,50.1144330190393,3.1321520636899565,50.1144330190393
1,i704-o16,4,aggregated,7.659939840000001,1000,75.0,24,24,24,24,384,1.0,7.662463224000001,3.1321520636899565,50.1144330190393,3.1321520636899565,50.1144330190393
1,i704-o16,4,aggregated,7.659939840000001,2000,25.0,24,5,24,5,80,0.20833333333333334,7.662463224000001,0.6525316799354076,10.440506878966522,3.1321520636899565,50.1144330190393
1,i704-o16,4,aggregated,7.659939840000001,2000,30.0,24,12,24,12,192,0.5,7.662463224000001,1.5660760318449782,25.05721650951965,3.1321520636899565,50.1144330190393
1,i704-o16,4,aggregated,7.659939840000001,2000,35.0,24,24,24,24,384,1.0,7.662463224000001,3.1321520636899565,50.1144330190393,3.1321520636899565,50.1144330190393
1,i704-o16,4,aggregated,7.659939840000001,2000,40.0,24,24,24,24,384,1.0,7.662463224000001,3.1321520636899565,50.1144330190393,3.1321520636899565,50.1144330190393
1,i704-o16,4,aggregated,7.659939840000001,2000,50.0,24,24,24,24,384,1.0,7.662463224000001,3.1321520636899565,50.1144330190393,3.1321520636899565,50.1144330190393
1,i704-o16,4,aggregated,7.659939840000001,2000,75.0,24,24,24,24,384,1.0,7.662463224000001,3.1321520636899565,50.1144330190393,3.1321520636899565,50.1144330190393
1,i704-o16,4,aggregated,7.659939840000001,5000,25.0,24,5,24,5,80,0.20833333333333334,7.662463224000001,0.6525316799354076,10.440506878966522,3.1321520636899565,50.1144330190393
1,i704-o16,4,aggregated,7.659939840000001,5000,30.0,24,12,24,12,192,0.5,7.662463224000001,1.5660760318449782,25.05721650951965,3.1321520636899565,50.1144330190393
1,i704-o16,4,aggregated,7.659939840000001,5000,35.0,24,24,24,24,384,1.0,7.662463224000001,3.1321520636899565,50.1144330190393,3.1321520636899565,50.1144330190393
1,i704-o16,4,aggregated,7.659939840000001,5000,40.0,24,24,24,24,384,1.0,7.662463224000001,3.1321520636899565,50.1144330190393,3.1321520636899565,50.1144330190393
1,i704-o16,4,aggregated,7.659939840000001,5000,50.0,24,24,24,24,384,1.0,7.662463224000001,3.1321520636899565,50.1144330190393,3.1321520636899565,50.1144330190393
1,i704-o16,4,aggregated,7.659939840000001,5000,75.0,24,24,24,24,384,1.0,7.662463224000001,3.1321520636899565,50.1144330190393,3.1321520636899565,50.1144330190393
1,i704-o16,4,aggregated,7.659939840000001,10000,25.0,24,5,24,5,80,0.20833333333333334,7.662463224000001,0.6525316799354076,10.440506878966522,3.1321520636899565,50.1144330190393
1,i704-o16,4,aggregated,7.659939840000001,10000,30.0,24,12,24,12,192,0.5,7.662463224000001,1.5660760318449782,25.05721650951965,3.1321520636899565,50.1144330190393
1,i704-o16,4,aggregated,7.659939840000001,10000,35.0,24,24,24,24,384,1.0,7.662463224000001,3.1321520636899565,50.1144330190393,3.1321520636899565,50.1144330190393
1,i704-o16,4,aggregated,7.659939840000001,10000,40.0,24,24,24,24,384,1.0,7.662463224000001,3.1321520636899565,50.1144330190393,3.1321520636899565,50.1144330190393
1,i704-o16,4,aggregated,7.659939840000001,10000,50.0,24,24,24,24,384,1.0,7.662463224000001,3.1321520636899565,50.1144330190393,3.1321520636899565,50.1144330190393
1,i704-o16,4,aggregated,7.659939840000001,10000,75.0,24,24,24,24,384,1.0,7.662463224000001,3.1321520636899565,50.1144330190393,3.1321520636899565,50.1144330190393
1,i704-o16,4,aggregated,7.659939840000001,20000,25.0,24,5,24,5,80,0.20833333333333334,7.662463224000001,0.6525316799354076,10.440506878966522,3.1321520636899565,50.1144330190393
1,i704-o16,4,aggregated,7.659939840000001,20000,30.0,24,12,24,12,192,0.5,7.662463224000001,1.5660760318449782,25.05721650951965,3.1321520636899565,50.1144330190393
1,i704-o16,4,aggregated,7.659939840000001,20000,35.0,24,24,24,24,384,1.0,7.662463224000001,3.1321520636899565,50.1144330190393,3.1321520636899565,50.1144330190393
1,i704-o16,4,aggregated,7.659939840000001,20000,40.0,24,24,24,24,384,1.0,7.662463224000001,3.1321520636899565,50.1144330190393,3.1321520636899565,50.1144330190393
1,i704-o16,4,aggregated,7.659939840000001,20000,50.0,24,24,24,24,384,1.0,7.662463224000001,3.1321520636899565,50.1144330190393,3.1321520636899565,50.1144330190393
1,i704-o16,4,aggregated,7.659939840000001,20000,75.0,24,24,24,24,384,1.0,7.662463224000001,3.1321520636899565,50.1144330190393,3.1321520636899565,50.1144330190393
1,mixed,16,aggregated,9.900306176,100,25.0,24,0,0,0,0,0.0,9.906991514000001,0.0,0.0,2.4225315996369385,219.6428650337491
1,mixed,16,aggregated,9.900306176,100,30.0,24,0,0,1,0,0.0,9.906991514000001,0.0,0.0,2.4225315996369385,219.6428650337491
1,mixed,16,aggregated,9.900306176,100,35.0,24,0,0,2,0,0.0,9.906991514000001,0.0,0.0,2.4225315996369385,219.6428650337491
1,mixed,16,aggregated,9.900306176,100,40.0,24,0,0,13,0,0.0,9.906991514000001,0.0,0.0,2.4225315996369385,219.6428650337491
1,mixed,16,aggregated,9.900306176,100,50.0,24,0,0,24,0,0.0,9.906991514000001,0.0,0.0,2.4225315996369385,219.6428650337491
1,mixed,16,aggregated,9.900306176,100,75.0,24,0,0,24,0,0.0,9.906991514000001,0.0,0.0,2.4225315996369385,219.6428650337491
1,mixed,16,aggregated,9.900306176,250,25.0,24,0,4,0,0,0.0,9.906991514000001,0.0,0.0,2.4225315996369385,219.6428650337491
1,mixed,16,aggregated,9.900306176,250,30.0,24,0,4,1,0,0.0,9.906991514000001,0.0,0.0,2.4225315996369385,219.6428650337491
1,mixed,16,aggregated,9.900306176,250,35.0,24,0,4,2,0,0.0,9.906991514000001,0.0,0.0,2.4225315996369385,219.6428650337491
1,mixed,16,aggregated,9.900306176,250,40.0,24,2,4,13,256,0.08333333333333333,9.906991514000001,0.20187763330307823,25.840337062794013,2.4225315996369385,219.6428650337491
1,mixed,16,aggregated,9.900306176,250,50.0,24,4,4,24,512,0.16666666666666666,9.906991514000001,0.40375526660615646,51.68067412558803,2.4225315996369385,219.6428650337491
1,mixed,16,aggregated,9.900306176,250,75.0,24,4,4,24,512,0.16666666666666666,9.906991514000001,0.40375526660615646,51.68067412558803,2.4225315996369385,219.6428650337491
1,mixed,16,aggregated,9.900306176,500,25.0,24,0,12,0,0,0.0,9.906991514000001,0.0,0.0,2.4225315996369385,219.6428650337491
1,mixed,16,aggregated,9.900306176,500,30.0,24,0,12,1,0,0.0,9.906991514000001,0.0,0.0,2.4225315996369385,219.6428650337491
1,mixed,16,aggregated,9.900306176,500,35.0,24,0,12,2,0,0.0,9.906991514000001,0.0,0.0,2.4225315996369385,219.6428650337491
1,mixed,16,aggregated,9.900306176,500,40.0,24,5,12,13,640,0.20833333333333334,9.906991514000001,0.5046940832576956,64.60084265698504,2.4225315996369385,219.6428650337491
1,mixed,16,aggregated,9.900306176,500,50.0,24,12,12,24,1536,0.5,9.906991514000001,1.2112657998184693,155.04202237676407,2.4225315996369385,219.6428650337491
1,mixed,16,aggregated,9.900306176,500,75.0,24,12,12,24,1536,0.5,9.906991514000001,1.2112657998184693,155.04202237676407,2.4225315996369385,219.6428650337491
1,mixed,16,aggregated,9.900306176,1000,25.0,24,0,14,0,0,0.0,9.906991514000001,0.0,0.0,2.4225315996369385,219.6428650337491
1,mixed,16,aggregated,9.900306176,1000,30.0,24,0,14,1,0,0.0,9.906991514000001,0.0,0.0,2.4225315996369385,219.6428650337491
1,mixed,16,aggregated,9.900306176,1000,35.0,24,0,14,2,0,0.0,9.906991514000001,0.0,0.0,2.4225315996369385,219.6428650337491
1,mixed,16,aggregated,9.900306176,1000,40.0,24,6,14,13,768,0.25,9.906991514000001,0.6056328999092346,77.52101118838203,2.4225315996369385,219.6428650337491
1,mixed,16,aggregated,9.900306176,1000,50.0,24,14,14,24,1792,0.5833333333333334,9.906991514000001,1.4131434331215476,180.8823594395581,2.4225315996369385,219.6428650337491
1,mixed,16,aggregated,9.900306176,1000,75.0,24,14,14,24,1792,0.5833333333333334,9.906991514000001,1.4131434331215476,180.8823594395581,2.4225315996369385,219.6428650337491
1,mixed,16,aggregated,9.900306176,2000,25.0,24,0,22,0,0,0.0,9.906991514000001,0.0,0.0,2.4225315996369385,219.6428650337491
1,mixed,16,aggregated,9.900306176,2000,30.0,24,1,22,1,16,0.041666666666666664,9.906991514000001,0.10093881665153911,1.6150210664246258,2.4225315996369385,219.6428650337491
1,mixed,16,aggregated,9.900306176,2000,35.0,24,2,22,2,144,0.08333333333333333,9.906991514000001,0.20187763330307823,14.535189597821631,2.4225315996369385,219.6428650337491
1,mixed,16,aggregated,9.900306176,2000,40.0,24,11,22,13,960,0.4583333333333333,9.906991514000001,1.1103269831669302,96.90126398547754,2.4225315996369385,219.6428650337491
1,mixed,16,aggregated,9.900306176,2000,50.0,24,22,22,24,2144,0.9166666666666666,9.906991514000001,2.2206539663338605,216.41282290089984,2.4225315996369385,219.6428650337491
1,mixed,16,aggregated,9.900306176,2000,75.0,24,22,22,24,2144,0.9166666666666666,9.906991514000001,2.2206539663338605,216.41282290089984,2.4225315996369385,219.6428650337491
1,mixed,16,aggregated,9.900306176,5000,25.0,24,0,24,0,0,0.0,9.906991514000001,0.0,0.0,2.4225315996369385,219.6428650337491
1,mixed,16,aggregated,9.900306176,5000,30.0,24,1,24,1,16,0.041666666666666664,9.906991514000001,0.10093881665153911,1.6150210664246258,2.4225315996369385,219.6428650337491
1,mixed,16,aggregated,9.900306176,5000,35.0,24,2,24,2,144,0.08333333333333333,9.906991514000001,0.20187763330307823,14.535189597821631,2.4225315996369385,219.6428650337491
1,mixed,16,aggregated,9.900306176,5000,40.0,24,13,24,13,992,0.5416666666666666,9.906991514000001,1.3122046164700085,100.1313061183268,2.4225315996369385,219.6428650337491
1,mixed,16,aggregated,9.900306176,5000,50.0,24,24,24,24,2176,1.0,9.906991514000001,2.4225315996369385,219.6428650337491,2.4225315996369385,219.6428650337491
1,mixed,16,aggregated,9.900306176,5000,75.0,24,24,24,24,2176,1.0,9.906991514000001,2.4225315996369385,219.6428650337491,2.4225315996369385,219.6428650337491
1,mixed,16,aggregated,9.900306176,10000,25.0,24,0,24,0,0,0.0,9.906991514000001,0.0,0.0,2.4225315996369385,219.6428650337491
1,mixed,16,aggregated,9.900306176,10000,30.0,24,1,24,1,16,0.041666666666666664,9.906991514000001,0.10093881665153911,1.6150210664246258,2.4225315996369385,219.6428650337491
1,mixed,16,aggregated,9.900306176,10000,35.0,24,2,24,2,144,0.08333333333333333,9.906991514000001,0.20187763330307823,14.535189597821631,2.4225315996369385,219.6428650337491
1,mixed,16,aggregated,9.900306176,10000,40.0,24,13,24,13,992,0.5416666666666666,9.906991514000001,1.3122046164700085,100.1313061183268,2.4225315996369385,219.6428650337491
1,mixed,16,aggregated,9.900306176,10000,50.0,24,24,24,24,2176,1.0,9.906991514000001,2.4225315996369385,219.6428650337491,2.4225315996369385,219.6428650337491
1,mixed,16,aggregated,9.900306176,10000,75.0,24,24,24,24,2176,1.0,9.906991514000001,2.4225315996369385,219.6428650337491,2.4225315996369385,219.6428650337491
1,mixed,16,aggregated,9.900306176,20000,25.0,24,0,24,0,0,0.0,9.906991514000001,0.0,0.0,2.4225315996369385,219.6428650337491
1,mixed,16,aggregated,9.900306176,20000,30.0,24,1,24,1,16,0.041666666666666664,9.906991514000001,0.10093881665153911,1.6150210664246258,2.4225315996369385,219.6428650337491
1,mixed,16,aggregated,9.900306176,20000,35.0,24,2,24,2,144,0.08333333333333333,9.906991514000001,0.20187763330307823,14.535189597821631,2.4225315996369385,219.6428650337491
1,mixed,16,aggregated,9.900306176,20000,40.0,24,13,24,13,992,0.5416666666666666,9.906991514000001,1.3122046164700085,100.1313061183268,2.4225315996369385,219.6428650337491
1,mixed,16,aggregated,9.900306176,20000,50.0,24,24,24,24,2176,1.0,9.906991514000001,2.4225315996369385,219.6428650337491,2.4225315996369385,219.6428650337491
1,mixed,16,aggregated,9.900306176,20000,75.0,24,24,24,24,2176,1.0,9.906991514000001,2.4225315996369385,219.6428650337491,2.4225315996369385,219.6428650337491
1,mixed,4,aggregated,22.176414976,100,25.0,24,0,0,1,0,0.0,22.179138359000003,0.0,0.0,1.0820979431899849,98.11021351589196
1,mixed,4,aggregated,22.176414976,100,30.0,24,0,0,5,0,0.0,22.179138359000003,0.0,0.0,1.0820979431899849,98.11021351589196
1,mixed,4,aggregated,22.176414976,100,35.0,24,0,0,24,0,0.0,22.179138359000003,0.0,0.0,1.0820979431899849,98.11021351589196
1,mixed,4,aggregated,22.176414976,100,40.0,24,0,0,24,0,0.0,22.179138359000003,0.0,0.0,1.0820979431899849,98.11021351589196
1,mixed,4,aggregated,22.176414976,100,50.0,24,0,0,24,0,0.0,22.179138359000003,0.0,0.0,1.0820979431899849,98.11021351589196
1,mixed,4,aggregated,22.176414976,100,75.0,24,0,0,24,0,0.0,22.179138359000003,0.0,0.0,1.0820979431899849,98.11021351589196
1,mixed,4,aggregated,22.176414976,250,25.0,24,0,16,1,0,0.0,22.179138359000003,0.0,0.0,1.0820979431899849,98.11021351589196
1,mixed,4,aggregated,22.176414976,250,30.0,24,0,16,5,0,0.0,22.179138359000003,0.0,0.0,1.0820979431899849,98.11021351589196
1,mixed,4,aggregated,22.176414976,250,35.0,24,16,16,24,2048,0.6666666666666666,22.179138359000003,0.7213986287933233,92.33902448554538,1.0820979431899849,98.11021351589196
1,mixed,4,aggregated,22.176414976,250,40.0,24,16,16,24,2048,0.6666666666666666,22.179138359000003,0.7213986287933233,92.33902448554538,1.0820979431899849,98.11021351589196
1,mixed,4,aggregated,22.176414976,250,50.0,24,16,16,24,2048,0.6666666666666666,22.179138359000003,0.7213986287933233,92.33902448554538,1.0820979431899849,98.11021351589196
1,mixed,4,aggregated,22.176414976,250,75.0,24,16,16,24,2048,0.6666666666666666,22.179138359000003,0.7213986287933233,92.33902448554538,1.0820979431899849,98.11021351589196
1,mixed,4,aggregated,22.176414976,500,25.0,24,0,16,1,0,0.0,22.179138359000003,0.0,0.0,1.0820979431899849,98.11021351589196
1,mixed,4,aggregated,22.176414976,500,30.0,24,0,16,5,0,0.0,22.179138359000003,0.0,0.0,1.0820979431899849,98.11021351589196
1,mixed,4,aggregated,22.176414976,500,35.0,24,16,16,24,2048,0.6666666666666666,22.179138359000003,0.7213986287933233,92.33902448554538,1.0820979431899849,98.11021351589196
1,mixed,4,aggregated,22.176414976,500,40.0,24,16,16,24,2048,0.6666666666666666,22.179138359000003,0.7213986287933233,92.33902448554538,1.0820979431899849,98.11021351589196
1,mixed,4,aggregated,22.176414976,500,50.0,24,16,16,24,2048,0.6666666666666666,22.179138359000003,0.7213986287933233,92.33902448554538,1.0820979431899849,98.11021351589196
1,mixed,4,aggregated,22.176414976,500,75.0,24,16,16,24,2048,0.6666666666666666,22.179138359000003,0.7213986287933233,92.33902448554538,1.0820979431899849,98.11021351589196
1,mixed,4,aggregated,22.176414976,1000,25.0,24,1,24,1,16,0.041666666666666664,22.179138359000003,0.045087414299582705,0.7213986287933233,1.0820979431899849,98.11021351589196
1,mixed,4,aggregated,22.176414976,1000,30.0,24,5,24,5,80,0.20833333333333334,22.179138359000003,0.2254370714979135,3.606993143966616,1.0820979431899849,98.11021351589196
1,mixed,4,aggregated,22.176414976,1000,35.0,24,24,24,24,2176,1.0,22.179138359000003,1.0820979431899849,98.11021351589196,1.0820979431899849,98.11021351589196
1,mixed,4,aggregated,22.176414976,1000,40.0,24,24,24,24,2176,1.0,22.179138359000003,1.0820979431899849,98.11021351589196,1.0820979431899849,98.11021351589196
1,mixed,4,aggregated,22.176414976,1000,50.0,24,24,24,24,2176,1.0,22.179138359000003,1.0820979431899849,98.11021351589196,1.0820979431899849,98.11021351589196
1,mixed,4,aggregated,22.176414976,1000,75.0,24,24,24,24,2176,1.0,22.179138359000003,1.0820979431899849,98.11021351589196,1.0820979431899849,98.11021351589196
1,mixed,4,aggregated,22.176414976,2000,25.0,24,1,24,1,16,0.041666666666666664,22.179138359000003,0.045087414299582705,0.7213986287933233,1.0820979431899849,98.11021351589196
1,mixed,4,aggregated,22.176414976,2000,30.0,24,5,24,5,80,0.20833333333333334,22.179138359000003,0.2254370714979135,3.606993143966616,1.0820979431899849,98.11021351589196
1,mixed,4,aggregated,22.176414976,2000,35.0,24,24,24,24,2176,1.0,22.179138359000003,1.0820979431899849,98.11021351589196,1.0820979431899849,98.11021351589196
1,mixed,4,aggregated,22.176414976,2000,40.0,24,24,24,24,2176,1.0,22.179138359000003,1.0820979431899849,98.11021351589196,1.0820979431899849,98.11021351589196
1,mixed,4,aggregated,22.176414976,2000,50.0,24,24,24,24,2176,1.0,22.179138359000003,1.0820979431899849,98.11021351589196,1.0820979431899849,98.11021351589196
1,mixed,4,aggregated,22.176414976,2000,75.0,24,24,24,24,2176,1.0,22.179138359000003,1.0820979431899849,98.11021351589196,1.0820979431899849,98.11021351589196
1,mixed,4,aggregated,22.176414976,5000,25.0,24,1,24,1,16,0.041666666666666664,22.179138359000003,0.045087414299582705,0.7213986287933233,1.0820979431899849,98.11021351589196
1,mixed,4,aggregated,22.176414976,5000,30.0,24,5,24,5,80,0.20833333333333334,22.179138359000003,0.2254370714979135,3.606993143966616,1.0820979431899849,98.11021351589196
1,mixed,4,aggregated,22.176414976,5000,35.0,24,24,24,24,2176,1.0,22.179138359000003,1.0820979431899849,98.11021351589196,1.0820979431899849,98.11021351589196
1,mixed,4,aggregated,22.176414976,5000,40.0,24,24,24,24,2176,1.0,22.179138359000003,1.0820979431899849,98.11021351589196,1.0820979431899849,98.11021351589196
1,mixed,4,aggregated,22.176414976,5000,50.0,24,24,24,24,2176,1.0,22.179138359000003,1.0820979431899849,98.11021351589196,1.0820979431899849,98.11021351589196
1,mixed,4,aggregated,22.176414976,5000,75.0,24,24,24,24,2176,1.0,22.179138359000003,1.0820979431899849,98.11021351589196,1.0820979431899849,98.11021351589196
1,mixed,4,aggregated,22.176414976,10000,25.0,24,1,24,1,16,0.041666666666666664,22.179138359000003,0.045087414299582705,0.7213986287933233,1.0820979431899849,98.11021351589196
1,mixed,4,aggregated,22.176414976,10000,30.0,24,5,24,5,80,0.20833333333333334,22.179138359000003,0.2254370714979135,3.606993143966616,1.0820979431899849,98.11021351589196
1,mixed,4,aggregated,22.176414976,10000,35.0,24,24,24,24,2176,1.0,22.179138359000003,1.0820979431899849,98.11021351589196,1.0820979431899849,98.11021351589196
1,mixed,4,aggregated,22.176414976,10000,40.0,24,24,24,24,2176,1.0,22.179138359000003,1.0820979431899849,98.11021351589196,1.0820979431899849,98.11021351589196
1,mixed,4,aggregated,22.176414976,10000,50.0,24,24,24,24,2176,1.0,22.179138359000003,1.0820979431899849,98.11021351589196,1.0820979431899849,98.11021351589196
1,mixed,4,aggregated,22.176414976,10000,75.0,24,24,24,24,2176,1.0,22.179138359000003,1.0820979431899849,98.11021351589196,1.0820979431899849,98.11021351589196
1,mixed,4,aggregated,22.176414976,20000,25.0,24,1,24,1,16,0.041666666666666664,22.179138359000003,0.045087414299582705,0.7213986287933233,1.0820979431899849,98.11021351589196
1,mixed,4,aggregated,22.176414976,20000,30.0,24,5,24,5,80,0.20833333333333334,22.179138359000003,0.2254370714979135,3.606993143966616,1.0820979431899849,98.11021351589196
1,mixed,4,aggregated,22.176414976,20000,35.0,24,24,24,24,2176,1.0,22.179138359000003,1.0820979431899849,98.11021351589196,1.0820979431899849,98.11021351589196
1,mixed,4,aggregated,22.176414976,20000,40.0,24,24,24,24,2176,1.0,22.179138359000003,1.0820979431899849,98.11021351589196,1.0820979431899849,98.11021351589196
1,mixed,4,aggregated,22.176414976,20000,50.0,24,24,24,24,2176,1.0,22.179138359000003,1.0820979431899849,98.11021351589196,1.0820979431899849,98.11021351589196
1,mixed,4,aggregated,22.176414976,20000,75.0,24,24,24,24,2176,1.0,22.179138359000003,1.0820979431899849,98.11021351589196,1.0820979431899849,98.11021351589196
1,i64-o128,16,disaggregated,11.474744320000001,100,25.0,24,0,0,0,0,0.0,11.477811537,0.0,0.0,2.0909909456722944,267.6468410460537
1,i64-o128,16,disaggregated,11.474744320000001,100,30.0,24,0,0,0,0,0.0,11.477811537,0.0,0.0,2.0909909456722944,267.6468410460537
1,i64-o128,16,disaggregated,11.474744320000001,100,35.0,24,0,0,1,0,0.0,11.477811537,0.0,0.0,2.0909909456722944,267.6468410460537
1,i64-o128,16,disaggregated,11.474744320000001,100,40.0,24,0,0,8,0,0.0,11.477811537,0.0,0.0,2.0909909456722944,267.6468410460537
1,i64-o128,16,disaggregated,11.474744320000001,100,50.0,24,0,0,24,0,0.0,11.477811537,0.0,0.0,2.0909909456722944,267.6468410460537
1,i64-o128,16,disaggregated,11.474744320000001,100,75.0,24,0,0,24,0,0.0,11.477811537,0.0,0.0,2.0909909456722944,267.6468410460537
1,i64-o128,16,disaggregated,11.474744320000001,250,25.0,24,0,1,0,0,0.0,11.477811537,0.0,0.0,2.0909909456722944,267.6468410460537
1,i64-o128,16,disaggregated,11.474744320000001,250,30.0,24,0,1,0,0,0.0,11.477811537,0.0,0.0,2.0909909456722944,267.6468410460537
1,i64-o128,16,disaggregated,11.474744320000001,250,35.0,24,0,1,1,0,0.0,11.477811537,0.0,0.0,2.0909909456722944,267.6468410460537
1,i64-o128,16,disaggregated,11.474744320000001,250,40.0,24,0,1,8,0,0.0,11.477811537,0.0,0.0,2.0909909456722944,267.6468410460537
1,i64-o128,16,disaggregated,11.474744320000001,250,50.0,24,1,1,24,128,0.041666666666666664,11.477811537,0.08712462273634561,11.151951710252238,2.0909909456722944,267.6468410460537
1,i64-o128,16,disaggregated,11.474744320000001,250,75.0,24,1,1,24,128,0.041666666666666664,11.477811537,0.08712462273634561,11.151951710252238,2.0909909456722944,267.6468410460537
1,i64-o128,16,disaggregated,11.474744320000001,500,25.0,24,0,11,0,0,0.0,11.477811537,0.0,0.0,2.0909909456722944,267.6468410460537
1,i64-o128,16,disaggregated,11.474744320000001,500,30.0,24,0,11,0,0,0.0,11.477811537,0.0,0.0,2.0909909456722944,267.6468410460537
1,i64-o128,16,disaggregated,11.474744320000001,500,35.0,24,1,11,1,128,0.041666666666666664,11.477811537,0.08712462273634561,11.151951710252238,2.0909909456722944,267.6468410460537
1,i64-o128,16,disaggregated,11.474744320000001,500,40.0,24,8,11,8,1024,0.3333333333333333,11.477811537,0.6969969818907649,89.2156136820179,2.0909909456722944,267.6468410460537
1,i64-o128,16,disaggregated,11.474744320000001,500,50.0,24,11,11,24,1408,0.4583333333333333,11.477811537,0.9583708500998016,122.6714688127746,2.0909909456722944,267.6468410460537
1,i64-o128,16,disaggregated,11.474744320000001,500,75.0,24,11,11,24,1408,0.4583333333333333,11.477811537,0.9583708500998016,122.6714688127746,2.0909909456722944,267.6468410460537
1,i64-o128,16,disaggregated,11.474744320000001,1000,25.0,24,0,15,0,0,0.0,11.477811537,0.0,0.0,2.0909909456722944,267.6468410460537
1,i64-o128,16,disaggregated,11.474744320000001,1000,30.0,24,0,15,0,0,0.0,11.477811537,0.0,0.0,2.0909909456722944,267.6468410460537
1,i64-o128,16,disaggregated,11.474744320000001,1000,35.0,24,1,15,1,128,0.041666666666666664,11.477811537,0.08712462273634561,11.151951710252238,2.0909909456722944,267.6468410460537
1,i64-o128,16,disaggregated,11.474744320000001,1000,40.0,24,8,15,8,1024,0.3333333333333333,11.477811537,0.6969969818907649,89.2156136820179,2.0909909456722944,267.6468410460537
1,i64-o128,16,disaggregated,11.474744320000001,1000,50.0,24,15,15,24,1920,0.625,11.477811537,1.3068693410451842,167.27927565378357,2.0909909456722944,267.6468410460537
1,i64-o128,16,disaggregated,11.474744320000001,1000,75.0,24,15,15,24,1920,0.625,11.477811537,1.3068693410451842,167.27927565378357,2.0909909456722944,267.6468410460537
1,i64-o128,16,disaggregated,11.474744320000001,2000,25.0,24,0,24,0,0,0.0,11.477811537,0.0,0.0,2.0909909456722944,267.6468410460537
1,i64-o128,16,disaggregated,11.474744320000001,2000,30.0,24,0,24,0,0,0.0,11.477811537,0.0,0.0,2.0909909456722944,267.6468410460537
1,i64-o128,16,disaggregated,11.474744320000001,2000,35.0,24,1,24,1,128,0.041666666666666664,11.477811537,0.08712462273634561,11.151951710252238,2.0909909456722944,267.6468410460537
1,i64-o128,16,disaggregated,11.474744320000001,2000,40.0,24,8,24,8,1024,0.3333333333333333,11.477811537,0.6969969818907649,89.2156136820179,2.0909909456722944,267.6468410460537
1,i64-o128,16,disaggregated,11.474744320000001,2000,50.0,24,24,24,24,3072,1.0,11.477811537,2.0909909456722944,267.6468410460537,2.0909909456722944,267.6468410460537
1,i64-o128,16,disaggregated,11.474744320000001,2000,75.0,24,24,24,24,3072,1.0,11.477811537,2.0909909456722944,267.6468410460537,2.0909909456722944,267.6468410460537
1,i64-o128,16,disaggregated,11.474744320000001,5000,25.0,24,0,24,0,0,0.0,11.477811537,0.0,0.0,2.0909909456722944,267.6468410460537
1,i64-o128,16,disaggregated,11.474744320000001,5000,30.0,24,0,24,0,0,0.0,11.477811537,0.0,0.0,2.0909909456722944,267.6468410460537
1,i64-o128,16,disaggregated,11.474744320000001,5000,35.0,24,1,24,1,128,0.041666666666666664,11.477811537,0.08712462273634561,11.151951710252238,2.0909909456722944,267.6468410460537
1,i64-o128,16,disaggregated,11.474744320000001,5000,40.0,24,8,24,8,1024,0.3333333333333333,11.477811537,0.6969969818907649,89.2156136820179,2.0909909456722944,267.6468410460537
1,i64-o128,16,disaggregated,11.474744320000001,5000,50.0,24,24,24,24,3072,1.0,11.477811537,2.0909909456722944,267.6468410460537,2.0909909456722944,267.6468410460537
1,i64-o128,16,disaggregated,11.474744320000001,5000,75.0,24,24,24,24,3072,1.0,11.477811537,2.0909909456722944,267.6468410460537,2.0909909456722944,267.6468410460537
1,i64-o128,16,disaggregated,11.474744320000001,10000,25.0,24,0,24,0,0,0.0,11.477811537,0.0,0.0,2.0909909456722944,267.6468410460537
1,i64-o128,16,disaggregated,11.474744320000001,10000,30.0,24,0,24,0,0,0.0,11.477811537,0.0,0.0,2.0909909456722944,267.6468410460537
1,i64-o128,16,disaggregated,11.474744320000001,10000,35.0,24,1,24,1,128,0.041666666666666664,11.477811537,0.08712462273634561,11.151951710252238,2.0909909456722944,267.6468410460537
1,i64-o128,16,disaggregated,11.474744320000001,10000,40.0,24,8,24,8,1024,0.3333333333333333,11.477811537,0.6969969818907649,89.2156136820179,2.0909909456722944,267.6468410460537
1,i64-o128,16,disaggregated,11.474744320000001,10000,50.0,24,24,24,24,3072,1.0,11.477811537,2.0909909456722944,267.6468410460537,2.0909909456722944,267.6468410460537
1,i64-o128,16,disaggregated,11.474744320000001,10000,75.0,24,24,24,24,3072,1.0,11.477811537,2.0909909456722944,267.6468410460537,2.0909909456722944,267.6468410460537
1,i64-o128,16,disaggregated,11.474744320000001,20000,25.0,24,0,24,0,0,0.0,11.477811537,0.0,0.0,2.0909909456722944,267.6468410460537
1,i64-o128,16,disaggregated,11.474744320000001,20000,30.0,24,0,24,0,0,0.0,11.477811537,0.0,0.0,2.0909909456722944,267.6468410460537
1,i64-o128,16,disaggregated,11.474744320000001,20000,35.0,24,1,24,1,128,0.041666666666666664,11.477811537,0.08712462273634561,11.151951710252238,2.0909909456722944,267.6468410460537
1,i64-o128,16,disaggregated,11.474744320000001,20000,40.0,24,8,24,8,1024,0.3333333333333333,11.477811537,0.6969969818907649,89.2156136820179,2.0909909456722944,267.6468410460537
1,i64-o128,16,disaggregated,11.474744320000001,20000,50.0,24,24,24,24,3072,1.0,11.477811537,2.0909909456722944,267.6468410460537,2.0909909456722944,267.6468410460537
1,i64-o128,16,disaggregated,11.474744320000001,20000,75.0,24,24,24,24,3072,1.0,11.477811537,2.0909909456722944,267.6468410460537,2.0909909456722944,267.6468410460537
1,i64-o128,4,disaggregated,27.177226752000003,100,25.0,24,0,0,0,0,0.0,27.180176319,0.0,0.0,0.8829964794313371,113.02354936721115
1,i64-o128,4,disaggregated,27.177226752000003,100,30.0,24,0,0,3,0,0.0,27.180176319,0.0,0.0,0.8829964794313371,113.02354936721115
1,i64-o128,4,disaggregated,27.177226752000003,100,35.0,24,0,0,24,0,0.0,27.180176319,0.0,0.0,0.8829964794313371,113.02354936721115
1,i64-o128,4,disaggregated,27.177226752000003,100,40.0,24,0,0,24,0,0.0,27.180176319,0.0,0.0,0.8829964794313371,113.02354936721115
1,i64-o128,4,disaggregated,27.177226752000003,100,50.0,24,0,0,24,0,0.0,27.180176319,0.0,0.0,0.8829964794313371,113.02354936721115
1,i64-o128,4,disaggregated,27.177226752000003,100,75.0,24,0,0,24,0,0.0,27.180176319,0.0,0.0,0.8829964794313371,113.02354936721115
1,i64-o128,4,disaggregated,27.177226752000003,250,25.0,24,0,14,0,0,0.0,27.180176319,0.0,0.0,0.8829964794313371,113.02354936721115
1,i64-o128,4,disaggregated,27.177226752000003,250,30.0,24,0,14,3,0,0.0,27.180176319,0.0,0.0,0.8829964794313371,113.02354936721115
1,i64-o128,4,disaggregated,27.177226752000003,250,35.0,24,14,14,24,1792,0.5833333333333334,27.180176319,0.51508127966828,65.93040379753984,0.8829964794313371,113.02354936721115
1,i64-o128,4,disaggregated,27.177226752000003,250,40.0,24,14,14,24,1792,0.5833333333333334,27.180176319,0.51508127966828,65.93040379753984,0.8829964794313371,113.02354936721115
1,i64-o128,4,disaggregated,27.177226752000003,250,50.0,24,14,14,24,1792,0.5833333333333334,27.180176319,0.51508127966828,65.93040379753984,0.8829964794313371,113.02354936721115
1,i64-o128,4,disaggregated,27.177226752000003,250,75.0,24,14,14,24,1792,0.5833333333333334,27.180176319,0.51508127966828,65.93040379753984,0.8829964794313371,113.02354936721115
1,i64-o128,4,disaggregated,27.177226752000003,500,25.0,24,0,23,0,0,0.0,27.180176319,0.0,0.0,0.8829964794313371,113.02354936721115
1,i64-o128,4,disaggregated,27.177226752000003,500,30.0,24,3,23,3,384,0.125,27.180176319,0.11037455992891713,14.127943670901393,0.8829964794313371,113.02354936721115
1,i64-o128,4,disaggregated,27.177226752000003,500,35.0,24,23,23,24,2944,0.9583333333333334,27.180176319,0.8462049594550314,108.31423481024402,0.8829964794313371,113.02354936721115
1,i64-o128,4,disaggregated,27.177226752000003,500,40.0,24,23,23,24,2944,0.9583333333333334,27.180176319,0.8462049594550314,108.31423481024402,0.8829964794313371,113.02354936721115
1,i64-o128,4,disaggregated,27.177226752000003,500,50.0,24,23,23,24,2944,0.9583333333333334,27.180176319,0.8462049594550314,108.31423481024402,0.8829964794313371,113.02354936721115
1,i64-o128,4,disaggregated,27.177226752000003,500,75.0,24,23,23,24,2944,0.9583333333333334,27.180176319,0.8462049594550314,108.31423481024402,0.8829964794313371,113.02354936721115
1,i64-o128,4,disaggregated,27.177226752000003,1000,25.0,24,0,24,0,0,0.0,27.180176319,0.0,0.0,0.8829964794313371,113.02354936721115
1,i64-o128,4,disaggregated,27.177226752000003,1000,30.0,24,3,24,3,384,0.125,27.180176319,0.11037455992891713,14.127943670901393,0.8829964794313371,113.02354936721115
1,i64-o128,4,disaggregated,27.177226752000003,1000,35.0,24,24,24,24,3072,1.0,27.180176319,0.8829964794313371,113.02354936721115,0.8829964794313371,113.02354936721115
1,i64-o128,4,disaggregated,27.177226752000003,1000,40.0,24,24,24,24,3072,1.0,27.180176319,0.8829964794313371,113.02354936721115,0.8829964794313371,113.02354936721115
1,i64-o128,4,disaggregated,27.177226752000003,1000,50.0,24,24,24,24,3072,1.0,27.180176319,0.8829964794313371,113.02354936721115,0.8829964794313371,113.02354936721115
1,i64-o128,4,disaggregated,27.177226752000003,1000,75.0,24,24,24,24,3072,1.0,27.180176319,0.8829964794313371,113.02354936721115,0.8829964794313371,113.02354936721115
1,i64-o128,4,disaggregated,27.177226752000003,2000,25.0,24,0,24,0,0,0.0,27.180176319,0.0,0.0,0.8829964794313371,113.02354936721115
1,i64-o128,4,disaggregated,27.177226752000003,2000,30.0,24,3,24,3,384,0.125,27.180176319,0.11037455992891713,14.127943670901393,0.8829964794313371,113.02354936721115
1,i64-o128,4,disaggregated,27.177226752000003,2000,35.0,24,24,24,24,3072,1.0,27.180176319,0.8829964794313371,113.02354936721115,0.8829964794313371,113.02354936721115
1,i64-o128,4,disaggregated,27.177226752000003,2000,40.0,24,24,24,24,3072,1.0,27.180176319,0.8829964794313371,113.02354936721115,0.8829964794313371,113.02354936721115
1,i64-o128,4,disaggregated,27.177226752000003,2000,50.0,24,24,24,24,3072,1.0,27.180176319,0.8829964794313371,113.02354936721115,0.8829964794313371,113.02354936721115
1,i64-o128,4,disaggregated,27.177226752000003,2000,75.0,24,24,24,24,3072,1.0,27.180176319,0.8829964794313371,113.02354936721115,0.8829964794313371,113.02354936721115
1,i64-o128,4,disaggregated,27.177226752000003,5000,25.0,24,0,24,0,0,0.0,27.180176319,0.0,0.0,0.8829964794313371,113.02354936721115
1,i64-o128,4,disaggregated,27.177226752000003,5000,30.0,24,3,24,3,384,0.125,27.180176319,0.11037455992891713,14.127943670901393,0.8829964794313371,113.02354936721115
1,i64-o128,4,disaggregated,27.177226752000003,5000,35.0,24,24,24,24,3072,1.0,27.180176319,0.8829964794313371,113.02354936721115,0.8829964794313371,113.02354936721115
1,i64-o128,4,disaggregated,27.177226752000003,5000,40.0,24,24,24,24,3072,1.0,27.180176319,0.8829964794313371,113.02354936721115,0.8829964794313371,113.02354936721115
1,i64-o128,4,disaggregated,27.177226752000003,5000,50.0,24,24,24,24,3072,1.0,27.180176319,0.8829964794313371,113.02354936721115,0.8829964794313371,113.02354936721115
1,i64-o128,4,disaggregated,27.177226752000003,5000,75.0,24,24,24,24,3072,1.0,27.180176319,0.8829964794313371,113.02354936721115,0.8829964794313371,113.02354936721115
1,i64-o128,4,disaggregated,27.177226752000003,10000,25.0,24,0,24,0,0,0.0,27.180176319,0.0,0.0,0.8829964794313371,113.02354936721115
1,i64-o128,4,disaggregated,27.177226752000003,10000,30.0,24,3,24,3,384,0.125,27.180176319,0.11037455992891713,14.127943670901393,0.8829964794313371,113.02354936721115
1,i64-o128,4,disaggregated,27.177226752000003,10000,35.0,24,24,24,24,3072,1.0,27.180176319,0.8829964794313371,113.02354936721115,0.8829964794313371,113.02354936721115
1,i64-o128,4,disaggregated,27.177226752000003,10000,40.0,24,24,24,24,3072,1.0,27.180176319,0.8829964794313371,113.02354936721115,0.8829964794313371,113.02354936721115
1,i64-o128,4,disaggregated,27.177226752000003,10000,50.0,24,24,24,24,3072,1.0,27.180176319,0.8829964794313371,113.02354936721115,0.8829964794313371,113.02354936721115
1,i64-o128,4,disaggregated,27.177226752000003,10000,75.0,24,24,24,24,3072,1.0,27.180176319,0.8829964794313371,113.02354936721115,0.8829964794313371,113.02354936721115
1,i64-o128,4,disaggregated,27.177226752000003,20000,25.0,24,0,24,0,0,0.0,27.180176319,0.0,0.0,0.8829964794313371,113.02354936721115
1,i64-o128,4,disaggregated,27.177226752000003,20000,30.0,24,3,24,3,384,0.125,27.180176319,0.11037455992891713,14.127943670901393,0.8829964794313371,113.02354936721115
1,i64-o128,4,disaggregated,27.177226752000003,20000,35.0,24,24,24,24,3072,1.0,27.180176319,0.8829964794313371,113.02354936721115,0.8829964794313371,113.02354936721115
1,i64-o128,4,disaggregated,27.177226752000003,20000,40.0,24,24,24,24,3072,1.0,27.180176319,0.8829964794313371,113.02354936721115,0.8829964794313371,113.02354936721115
1,i64-o128,4,disaggregated,27.177226752000003,20000,50.0,24,24,24,24,3072,1.0,27.180176319,0.8829964794313371,113.02354936721115,0.8829964794313371,113.02354936721115
1,i64-o128,4,disaggregated,27.177226752000003,20000,75.0,24,24,24,24,3072,1.0,27.180176319,0.8829964794313371,113.02354936721115,0.8829964794313371,113.02354936721115
1,i64-o16,16,disaggregated,3.205618176,100,25.0,24,0,0,1,0,0.0,3.2082257280000004,0.0,0.0,7.480770380506093,119.69232608809749
1,i64-o16,16,disaggregated,3.205618176,100,30.0,24,0,0,10,0,0.0,3.2082257280000004,0.0,0.0,7.480770380506093,119.69232608809749
1,i64-o16,16,disaggregated,3.205618176,100,35.0,24,0,0,24,0,0.0,3.2082257280000004,0.0,0.0,7.480770380506093,119.69232608809749
1,i64-o16,16,disaggregated,3.205618176,100,40.0,24,0,0,24,0,0.0,3.2082257280000004,0.0,0.0,7.480770380506093,119.69232608809749
1,i64-o16,16,disaggregated,3.205618176,100,50.0,24,0,0,24,0,0.0,3.2082257280000004,0.0,0.0,7.480770380506093,119.69232608809749
1,i64-o16,16,disaggregated,3.205618176,100,75.0,24,0,0,24,0,0.0,3.2082257280000004,0.0,0.0,7.480770380506093,119.69232608809749
1,i64-o16,16,disaggregated,3.205618176,250,25.0,24,0,1,1,0,0.0,3.2082257280000004,0.0,0.0,7.480770380506093,119.69232608809749
1,i64-o16,16,disaggregated,3.205618176,250,30.0,24,0,1,10,0,0.0,3.2082257280000004,0.0,0.0,7.480770380506093,119.69232608809749
1,i64-o16,16,disaggregated,3.205618176,250,35.0,24,1,1,24,16,0.041666666666666664,3.2082257280000004,0.3116987658544205,4.987180253670728,7.480770380506093,119.69232608809749
1,i64-o16,16,disaggregated,3.205618176,250,40.0,24,1,1,24,16,0.041666666666666664,3.2082257280000004,0.3116987658544205,4.987180253670728,7.480770380506093,119.69232608809749
1,i64-o16,16,disaggregated,3.205618176,250,50.0,24,1,1,24,16,0.041666666666666664,3.2082257280000004,0.3116987658544205,4.987180253670728,7.480770380506093,119.69232608809749
1,i64-o16,16,disaggregated,3.205618176,250,75.0,24,1,1,24,16,0.041666666666666664,3.2082257280000004,0.3116987658544205,4.987180253670728,7.480770380506093,119.69232608809749
1,i64-o16,16,disaggregated,3.205618176,500,25.0,24,0,3,1,0,0.0,3.2082257280000004,0.0,0.0,7.480770380506093,119.69232608809749
1,i64-o16,16,disaggregated,3.205618176,500,30.0,24,1,3,10,16,0.041666666666666664,3.2082257280000004,0.3116987658544205,4.987180253670728,7.480770380506093,119.69232608809749
1,i64-o16,16,disaggregated,3.205618176,500,35.0,24,3,3,24,48,0.125,3.2082257280000004,0.9350962975632616,14.961540761012186,7.480770380506093,119.69232608809749
1,i64-o16,16,disaggregated,3.205618176,500,40.0,24,3,3,24,48,0.125,3.2082257280000004,0.9350962975632616,14.961540761012186,7.480770380506093,119.69232608809749
1,i64-o16,16,disaggregated,3.205618176,500,50.0,24,3,3,24,48,0.125,3.2082257280000004,0.9350962975632616,14.961540761012186,7.480770380506093,119.69232608809749
1,i64-o16,16,disaggregated,3.205618176,500,75.0,24,3,3,24,48,0.125,3.2082257280000004,0.9350962975632616,14.961540761012186,7.480770380506093,119.69232608809749
1,i64-o16,16,disaggregated,3.205618176,1000,25.0,24,0,7,1,0,0.0,3.2082257280000004,0.0,0.0,7.480770380506093,119.69232608809749
1,i64-o16,16,disaggregated,3.205618176,1000,30.0,24,2,7,10,32,0.08333333333333333,3.2082257280000004,0.623397531708841,9.974360507341457,7.480770380506093,119.69232608809749
1,i64-o16,16,disaggregated,3.205618176,1000,35.0,24,7,7,24,112,0.2916666666666667,3.2082257280000004,2.1818913609809436,34.9102617756951,7.480770380506093,119.69232608809749
1,i64-o16,16,disaggregated,3.205618176,1000,40.0,24,7,7,24,112,0.2916666666666667,3.2082257280000004,2.1818913609809436,34.9102617756951,7.480770380506093,119.69232608809749
1,i64-o16,16,disaggregated,3.205618176,1000,50.0,24,7,7,24,112,0.2916666666666667,3.2082257280000004,2.1818913609809436,34.9102617756951,7.480770380506093,119.69232608809749
1,i64-o16,16,disaggregated,3.205618176,1000,75.0,24,7,7,24,112,0.2916666666666667,3.2082257280000004,2.1818913609809436,34.9102617756951,7.480770380506093,119.69232608809749
1,i64-o16,16,disaggregated,3.205618176,2000,25.0,24,1,24,1,16,0.041666666666666664,3.2082257280000004,0.3116987658544205,4.987180253670728,7.480770380506093,119.69232608809749
1,i64-o16,16,disaggregated,3.205618176,2000,30.0,24,10,24,10,160,0.4166666666666667,3.2082257280000004,3.1169876585442053,49.871802536707285,7.480770380506093,119.69232608809749
1,i64-o16,16,disaggregated,3.205618176,2000,35.0,24,24,24,24,384,1.0,3.2082257280000004,7.480770380506093,119.69232608809749,7.480770380506093,119.69232608809749
1,i64-o16,16,disaggregated,3.205618176,2000,40.0,24,24,24,24,384,1.0,3.2082257280000004,7.480770380506093,119.69232608809749,7.480770380506093,119.69232608809749
1,i64-o16,16,disaggregated,3.205618176,2000,50.0,24,24,24,24,384,1.0,3.2082257280000004,7.480770380506093,119.69232608809749,7.480770380506093,119.69232608809749
1,i64-o16,16,disaggregated,3.205618176,2000,75.0,24,24,24,24,384,1.0,3.2082257280000004,7.480770380506093,119.69232608809749,7.480770380506093,119.69232608809749
1,i64-o16,16,disaggregated,3.205618176,5000,25.0,24,1,24,1,16,0.041666666666666664,3.2082257280000004,0.3116987658544205,4.987180253670728,7.480770380506093,119.69232608809749
1,i64-o16,16,disaggregated,3.205618176,5000,30.0,24,10,24,10,160,0.4166666666666667,3.2082257280000004,3.1169876585442053,49.871802536707285,7.480770380506093,119.69232608809749
1,i64-o16,16,disaggregated,3.205618176,5000,35.0,24,24,24,24,384,1.0,3.2082257280000004,7.480770380506093,119.69232608809749,7.480770380506093,119.69232608809749
1,i64-o16,16,disaggregated,3.205618176,5000,40.0,24,24,24,24,384,1.0,3.2082257280000004,7.480770380506093,119.69232608809749,7.480770380506093,119.69232608809749
1,i64-o16,16,disaggregated,3.205618176,5000,50.0,24,24,24,24,384,1.0,3.2082257280000004,7.480770380506093,119.69232608809749,7.480770380506093,119.69232608809749
1,i64-o16,16,disaggregated,3.205618176,5000,75.0,24,24,24,24,384,1.0,3.2082257280000004,7.480770380506093,119.69232608809749,7.480770380506093,119.69232608809749
1,i64-o16,16,disaggregated,3.205618176,10000,25.0,24,1,24,1,16,0.041666666666666664,3.2082257280000004,0.3116987658544205,4.987180253670728,7.480770380506093,119.69232608809749
1,i64-o16,16,disaggregated,3.205618176,10000,30.0,24,10,24,10,160,0.4166666666666667,3.2082257280000004,3.1169876585442053,49.871802536707285,7.480770380506093,119.69232608809749
1,i64-o16,16,disaggregated,3.205618176,10000,35.0,24,24,24,24,384,1.0,3.2082257280000004,7.480770380506093,119.69232608809749,7.480770380506093,119.69232608809749
1,i64-o16,16,disaggregated,3.205618176,10000,40.0,24,24,24,24,384,1.0,3.2082257280000004,7.480770380506093,119.69232608809749,7.480770380506093,119.69232608809749
1,i64-o16,16,disaggregated,3.205618176,10000,50.0,24,24,24,24,384,1.0,3.2082257280000004,7.480770380506093,119.69232608809749,7.480770380506093,119.69232608809749
1,i64-o16,16,disaggregated,3.205618176,10000,75.0,24,24,24,24,384,1.0,3.2082257280000004,7.480770380506093,119.69232608809749,7.480770380506093,119.69232608809749
1,i64-o16,16,disaggregated,3.205618176,20000,25.0,24,1,24,1,16,0.041666666666666664,3.2082257280000004,0.3116987658544205,4.987180253670728,7.480770380506093,119.69232608809749
1,i64-o16,16,disaggregated,3.205618176,20000,30.0,24,10,24,10,160,0.4166666666666667,3.2082257280000004,3.1169876585442053,49.871802536707285,7.480770380506093,119.69232608809749
1,i64-o16,16,disaggregated,3.205618176,20000,35.0,24,24,24,24,384,1.0,3.2082257280000004,7.480770380506093,119.69232608809749,7.480770380506093,119.69232608809749
1,i64-o16,16,disaggregated,3.205618176,20000,40.0,24,24,24,24,384,1.0,3.2082257280000004,7.480770380506093,119.69232608809749,7.480770380506093,119.69232608809749
1,i64-o16,16,disaggregated,3.205618176,20000,50.0,24,24,24,24,384,1.0,3.2082257280000004,7.480770380506093,119.69232608809749,7.480770380506093,119.69232608809749
1,i64-o16,16,disaggregated,3.205618176,20000,75.0,24,24,24,24,384,1.0,3.2082257280000004,7.480770380506093,119.69232608809749,7.480770380506093,119.69232608809749
1,i64-o16,4,disaggregated,4.357453568,100,25.0,24,0,0,1,0,0.0,4.360299609,0.0,0.0,5.504208919603166,88.06734271365066
1,i64-o16,4,disaggregated,4.357453568,100,30.0,24,0,0,19,0,0.0,4.360299609,0.0,0.0,5.504208919603166,88.06734271365066
1,i64-o16,4,disaggregated,4.357453568,100,35.0,24,0,0,24,0,0.0,4.360299609,0.0,0.0,5.504208919603166,88.06734271365066
1,i64-o16,4,disaggregated,4.357453568,100,40.0,24,0,0,24,0,0.0,4.360299609,0.0,0.0,5.504208919603166,88.06734271365066
1,i64-o16,4,disaggregated,4.357453568,100,50.0,24,0,0,24,0,0.0,4.360299609,0.0,0.0,5.504208919603166,88.06734271365066
1,i64-o16,4,disaggregated,4.357453568,100,75.0,24,0,0,24,0,0.0,4.360299609,0.0,0.0,5.504208919603166,88.06734271365066
1,i64-o16,4,disaggregated,4.357453568,250,25.0,24,0,14,1,0,0.0,4.360299609,0.0,0.0,5.504208919603166,88.06734271365066
1,i64-o16,4,disaggregated,4.357453568,250,30.0,24,9,14,19,144,0.375,4.360299609,2.0640783448511875,33.025253517619,5.504208919603166,88.06734271365066
1,i64-o16,4,disaggregated,4.357453568,250,35.0,24,14,14,24,224,0.5833333333333334,4.360299609,3.2107885364351803,51.372616582962884,5.504208919603166,88.06734271365066
1,i64-o16,4,disaggregated,4.357453568,250,40.0,24,14,14,24,224,0.5833333333333334,4.360299609,3.2107885364351803,51.372616582962884,5.504208919603166,88.06734271365066
1,i64-o16,4,disaggregated,4.357453568,250,50.0,24,14,14,24,224,0.5833333333333334,4.360299609,3.2107885364351803,51.372616582962884,5.504208919603166,88.06734271365066
1,i64-o16,4,disaggregated,4.357453568,250,75.0,24,14,14,24,224,0.5833333333333334,4.360299609,3.2107885364351803,51.372616582962884,5.504208919603166,88.06734271365066
1,i64-o16,4,disaggregated,4.357453568,500,25.0,24,1,23,1,16,0.041666666666666664,4.360299609,0.2293420383167986,3.669472613068778,5.504208919603166,88.06734271365066
1,i64-o16,4,disaggregated,4.357453568,500,30.0,24,18,23,19,288,0.75,4.360299609,4.128156689702375,66.050507035238,5.504208919603166,88.06734271365066
1,i64-o16,4,disaggregated,4.357453568,500,35.0,24,23,23,24,368,0.9583333333333334,4.360299609,5.274866881286368,84.39787010058188,5.504208919603166,88.06734271365066
1,i64-o16,4,disaggregated,4.357453568,500,40.0,24,23,23,24,368,0.9583333333333334,4.360299609,5.274866881286368,84.39787010058188,5.504208919603166,88.06734271365066
1,i64-o16,4,disaggregated,4.357453568,500,50.0,24,23,23,24,368,0.9583333333333334,4.360299609,5.274866881286368,84.39787010058188,5.504208919603166,88.06734271365066
1,i64-o16,4,disaggregated,4.357453568,500,75.0,24,23,23,24,368,0.9583333333333334,4.360299609,5.274866881286368,84.39787010058188,5.504208919603166,88.06734271365066
1,i64-o16,4,disaggregated,4.357453568,1000,25.0,24,1,24,1,16,0.041666666666666664,4.360299609,0.2293420383167986,3.669472613068778,5.504208919603166,88.06734271365066
1,i64-o16,4,disaggregated,4.357453568,1000,30.0,24,19,24,19,304,0.7916666666666666,4.360299609,4.3574987280191735,69.71997964830678,5.504208919603166,88.06734271365066
1,i64-o16,4,disaggregated,4.357453568,1000,35.0,24,24,24,24,384,1.0,4.360299609,5.504208919603166,88.06734271365066,5.504208919603166,88.06734271365066
1,i64-o16,4,disaggregated,4.357453568,1000,40.0,24,24,24,24,384,1.0,4.360299609,5.504208919603166,88.06734271365066,5.504208919603166,88.06734271365066
1,i64-o16,4,disaggregated,4.357453568,1000,50.0,24,24,24,24,384,1.0,4.360299609,5.504208919603166,88.06734271365066,5.504208919603166,88.06734271365066
1,i64-o16,4,disaggregated,4.357453568,1000,75.0,24,24,24,24,384,1.0,4.360299609,5.504208919603166,88.06734271365066,5.504208919603166,88.06734271365066
1,i64-o16,4,disaggregated,4.357453568,2000,25.0,24,1,24,1,16,0.041666666666666664,4.360299609,0.2293420383167986,3.669472613068778,5.504208919603166,88.06734271365066
1,i64-o16,4,disaggregated,4.357453568,2000,30.0,24,19,24,19,304,0.7916666666666666,4.360299609,4.3574987280191735,69.71997964830678,5.504208919603166,88.06734271365066
1,i64-o16,4,disaggregated,4.357453568,2000,35.0,24,24,24,24,384,1.0,4.360299609,5.504208919603166,88.06734271365066,5.504208919603166,88.06734271365066
1,i64-o16,4,disaggregated,4.357453568,2000,40.0,24,24,24,24,384,1.0,4.360299609,5.504208919603166,88.06734271365066,5.504208919603166,88.06734271365066
1,i64-o16,4,disaggregated,4.357453568,2000,50.0,24,24,24,24,384,1.0,4.360299609,5.504208919603166,88.06734271365066,5.504208919603166,88.06734271365066
1,i64-o16,4,disaggregated,4.357453568,2000,75.0,24,24,24,24,384,1.0,4.360299609,5.504208919603166,88.06734271365066,5.504208919603166,88.06734271365066
1,i64-o16,4,disaggregated,4.357453568,5000,25.0,24,1,24,1,16,0.041666666666666664,4.360299609,0.2293420383167986,3.669472613068778,5.504208919603166,88.06734271365066
1,i64-o16,4,disaggregated,4.357453568,5000,30.0,24,19,24,19,304,0.7916666666666666,4.360299609,4.3574987280191735,69.71997964830678,5.504208919603166,88.06734271365066
1,i64-o16,4,disaggregated,4.357453568,5000,35.0,24,24,24,24,384,1.0,4.360299609,5.504208919603166,88.06734271365066,5.504208919603166,88.06734271365066
1,i64-o16,4,disaggregated,4.357453568,5000,40.0,24,24,24,24,384,1.0,4.360299609,5.504208919603166,88.06734271365066,5.504208919603166,88.06734271365066
1,i64-o16,4,disaggregated,4.357453568,5000,50.0,24,24,24,24,384,1.0,4.360299609,5.504208919603166,88.06734271365066,5.504208919603166,88.06734271365066
1,i64-o16,4,disaggregated,4.357453568,5000,75.0,24,24,24,24,384,1.0,4.360299609,5.504208919603166,88.06734271365066,5.504208919603166,88.06734271365066
1,i64-o16,4,disaggregated,4.357453568,10000,25.0,24,1,24,1,16,0.041666666666666664,4.360299609,0.2293420383167986,3.669472613068778,5.504208919603166,88.06734271365066
1,i64-o16,4,disaggregated,4.357453568,10000,30.0,24,19,24,19,304,0.7916666666666666,4.360299609,4.3574987280191735,69.71997964830678,5.504208919603166,88.06734271365066
1,i64-o16,4,disaggregated,4.357453568,10000,35.0,24,24,24,24,384,1.0,4.360299609,5.504208919603166,88.06734271365066,5.504208919603166,88.06734271365066
1,i64-o16,4,disaggregated,4.357453568,10000,40.0,24,24,24,24,384,1.0,4.360299609,5.504208919603166,88.06734271365066,5.504208919603166,88.06734271365066
1,i64-o16,4,disaggregated,4.357453568,10000,50.0,24,24,24,24,384,1.0,4.360299609,5.504208919603166,88.06734271365066,5.504208919603166,88.06734271365066
1,i64-o16,4,disaggregated,4.357453568,10000,75.0,24,24,24,24,384,1.0,4.360299609,5.504208919603166,88.06734271365066,5.504208919603166,88.06734271365066
1,i64-o16,4,disaggregated,4.357453568,20000,25.0,24,1,24,1,16,0.041666666666666664,4.360299609,0.2293420383167986,3.669472613068778,5.504208919603166,88.06734271365066
1,i64-o16,4,disaggregated,4.357453568,20000,30.0,24,19,24,19,304,0.7916666666666666,4.360299609,4.3574987280191735,69.71997964830678,5.504208919603166,88.06734271365066
1,i64-o16,4,disaggregated,4.357453568,20000,35.0,24,24,24,24,384,1.0,4.360299609,5.504208919603166,88.06734271365066,5.504208919603166,88.06734271365066
1,i64-o16,4,disaggregated,4.357453568,20000,40.0,24,24,24,24,384,1.0,4.360299609,5.504208919603166,88.06734271365066,5.504208919603166,88.06734271365066
1,i64-o16,4,disaggregated,4.357453568,20000,50.0,24,24,24,24,384,1.0,4.360299609,5.504208919603166,88.06734271365066,5.504208919603166,88.06734271365066
1,i64-o16,4,disaggregated,4.357453568,20000,75.0,24,24,24,24,384,1.0,4.360299609,5.504208919603166,88.06734271365066,5.504208919603166,88.06734271365066
1,i704-o128,16,disaggregated,24.185310208,100,25.0,24,0,0,0,0,0.0,24.188336802000002,0.0,0.0,0.9922137349276354,127.00335807073733
1,i704-o128,16,disaggregated,24.185310208,100,30.0,24,0,0,0,0,0.0,24.188336802000002,0.0,0.0,0.9922137349276354,127.00335807073733
1,i704-o128,16,disaggregated,24.185310208,100,35.0,24,0,0,19,0,0.0,24.188336802000002,0.0,0.0,0.9922137349276354,127.00335807073733
1,i704-o128,16,disaggregated,24.185310208,100,40.0,24,0,0,24,0,0.0,24.188336802000002,0.0,0.0,0.9922137349276354,127.00335807073733
1,i704-o128,16,disaggregated,24.185310208,100,50.0,24,0,0,24,0,0.0,24.188336802000002,0.0,0.0,0.9922137349276354,127.00335807073733
1,i704-o128,16,disaggregated,24.185310208,100,75.0,24,0,0,24,0,0.0,24.188336802000002,0.0,0.0,0.9922137349276354,127.00335807073733
1,i704-o128,16,disaggregated,24.185310208,250,25.0,24,0,0,0,0,0.0,24.188336802000002,0.0,0.0,0.9922137349276354,127.00335807073733
1,i704-o128,16,disaggregated,24.185310208,250,30.0,24,0,0,0,0,0.0,24.188336802000002,0.0,0.0,0.9922137349276354,127.00335807073733
1,i704-o128,16,disaggregated,24.185310208,250,35.0,24,0,0,19,0,0.0,24.188336802000002,0.0,0.0,0.9922137349276354,127.00335807073733
1,i704-o128,16,disaggregated,24.185310208,250,40.0,24,0,0,24,0,0.0,24.188336802000002,0.0,0.0,0.9922137349276354,127.00335807073733
1,i704-o128,16,disaggregated,24.185310208,250,50.0,24,0,0,24,0,0.0,24.188336802000002,0.0,0.0,0.9922137349276354,127.00335807073733
1,i704-o128,16,disaggregated,24.185310208,250,75.0,24,0,0,24,0,0.0,24.188336802000002,0.0,0.0,0.9922137349276354,127.00335807073733
1,i704-o128,16,disaggregated,24.185310208,500,25.0,24,0,0,0,0,0.0,24.188336802000002,0.0,0.0,0.9922137349276354,127.00335807073733
1,i704-o128,16,disaggregated,24.185310208,500,30.0,24,0,0,0,0,0.0,24.188336802000002,0.0,0.0,0.9922137349276354,127.00335807073733
1,i704-o128,16,disaggregated,24.185310208,500,35.0,24,0,0,19,0,0.0,24.188336802000002,0.0,0.0,0.9922137349276354,127.00335807073733
1,i704-o128,16,disaggregated,24.185310208,500,40.0,24,0,0,24,0,0.0,24.188336802000002,0.0,0.0,0.9922137349276354,127.00335807073733
1,i704-o128,16,disaggregated,24.185310208,500,50.0,24,0,0,24,0,0.0,24.188336802000002,0.0,0.0,0.9922137349276354,127.00335807073733
1,i704-o128,16,disaggregated,24.185310208,500,75.0,24,0,0,24,0,0.0,24.188336802000002,0.0,0.0,0.9922137349276354,127.00335807073733
1,i704-o128,16,disaggregated,24.185310208,1000,25.0,24,0,1,0,0,0.0,24.188336802000002,0.0,0.0,0.9922137349276354,127.00335807073733
1,i704-o128,16,disaggregated,24.185310208,1000,30.0,24,0,1,0,0,0.0,24.188336802000002,0.0,0.0,0.9922137349276354,127.00335807073733
1,i704-o128,16,disaggregated,24.185310208,1000,35.0,24,1,1,19,128,0.041666666666666664,24.188336802000002,0.04134223895531815,5.291806586280723,0.9922137349276354,127.00335807073733
1,i704-o128,16,disaggregated,24.185310208,1000,40.0,24,1,1,24,128,0.041666666666666664,24.188336802000002,0.04134223895531815,5.291806586280723,0.9922137349276354,127.00335807073733
1,i704-o128,16,disaggregated,24.185310208,1000,50.0,24,1,1,24,128,0.041666666666666664,24.188336802000002,0.04134223895531815,5.291806586280723,0.9922137349276354,127.00335807073733
1,i704-o128,16,disaggregated,24.185310208,1000,75.0,24,1,1,24,128,0.041666666666666664,24.188336802000002,0.04134223895531815,5.291806586280723,0.9922137349276354,127.00335807073733
1,i704-o128,16,disaggregated,24.185310208,2000,25.0,24,0,2,0,0,0.0,24.188336802000002,0.0,0.0,0.9922137349276354,127.00335807073733
1,i704-o128,16,disaggregated,24.185310208,2000,30.0,24,0,2,0,0,0.0,24.188336802000002,0.0,0.0,0.9922137349276354,127.00335807073733
1,i704-o128,16,disaggregated,24.185310208,2000,35.0,24,2,2,19,256,0.08333333333333333,24.188336802000002,0.0826844779106363,10.583613172561446,0.9922137349276354,127.00335807073733
1,i704-o128,16,disaggregated,24.185310208,2000,40.0,24,2,2,24,256,0.08333333333333333,24.188336802000002,0.0826844779106363,10.583613172561446,0.9922137349276354,127.00335807073733
1,i704-o128,16,disaggregated,24.185310208,2000,50.0,24,2,2,24,256,0.08333333333333333,24.188336802000002,0.0826844779106363,10.583613172561446,0.9922137349276354,127.00335807073733
1,i704-o128,16,disaggregated,24.185310208,2000,75.0,24,2,2,24,256,0.08333333333333333,24.188336802000002,0.0826844779106363,10.583613172561446,0.9922137349276354,127.00335807073733
1,i704-o128,16,disaggregated,24.185310208,5000,25.0,24,0,5,0,0,0.0,24.188336802000002,0.0,0.0,0.9922137349276354,127.00335807073733
1,i704-o128,16,disaggregated,24.185310208,5000,30.0,24,0,5,0,0,0.0,24.188336802000002,0.0,0.0,0.9922137349276354,127.00335807073733
1,i704-o128,16,disaggregated,24.185310208,5000,35.0,24,5,5,19,640,0.20833333333333334,24.188336802000002,0.20671119477659072,26.459032931403613,0.9922137349276354,127.00335807073733
1,i704-o128,16,disaggregated,24.185310208,5000,40.0,24,5,5,24,640,0.20833333333333334,24.188336802000002,0.20671119477659072,26.459032931403613,0.9922137349276354,127.00335807073733
1,i704-o128,16,disaggregated,24.185310208,5000,50.0,24,5,5,24,640,0.20833333333333334,24.188336802000002,0.20671119477659072,26.459032931403613,0.9922137349276354,127.00335807073733
1,i704-o128,16,disaggregated,24.185310208,5000,75.0,24,5,5,24,640,0.20833333333333334,24.188336802000002,0.20671119477659072,26.459032931403613,0.9922137349276354,127.00335807073733
1,i704-o128,16,disaggregated,24.185310208,10000,25.0,24,0,19,0,0,0.0,24.188336802000002,0.0,0.0,0.9922137349276354,127.00335807073733
1,i704-o128,16,disaggregated,24.185310208,10000,30.0,24,0,19,0,0,0.0,24.188336802000002,0.0,0.0,0.9922137349276354,127.00335807073733
1,i704-o128,16,disaggregated,24.185310208,10000,35.0,24,15,19,19,1920,0.625,24.188336802000002,0.6201335843297722,79.37709879421084,0.9922137349276354,127.00335807073733
1,i704-o128,16,disaggregated,24.185310208,10000,40.0,24,19,19,24,2432,0.7916666666666666,24.188336802000002,0.7855025401510447,100.54432513933372,0.9922137349276354,127.00335807073733
1,i704-o128,16,disaggregated,24.185310208,10000,50.0,24,19,19,24,2432,0.7916666666666666,24.188336802000002,0.7855025401510447,100.54432513933372,0.9922137349276354,127.00335807073733
1,i704-o128,16,disaggregated,24.185310208,10000,75.0,24,19,19,24,2432,0.7916666666666666,24.188336802000002,0.7855025401510447,100.54432513933372,0.9922137349276354,127.00335807073733
1,i704-o128,16,disaggregated,24.185310208,20000,25.0,24,0,24,0,0,0.0,24.188336802000002,0.0,0.0,0.9922137349276354,127.00335807073733
1,i704-o128,16,disaggregated,24.185310208,20000,30.0,24,0,24,0,0,0.0,24.188336802000002,0.0,0.0,0.9922137349276354,127.00335807073733
1,i704-o128,16,disaggregated,24.185310208,20000,35.0,24,19,24,19,2432,0.7916666666666666,24.188336802000002,0.7855025401510447,100.54432513933372,0.9922137349276354,127.00335807073733
1,i704-o128,16,disaggregated,24.185310208,20000,40.0,24,24,24,24,3072,1.0,24.188336802000002,0.9922137349276354,127.00335807073733,0.9922137349276354,127.00335807073733
1,i704-o128,16,disaggregated,24.185310208,20000,50.0,24,24,24,24,3072,1.0,24.188336802000002,0.9922137349276354,127.00335807073733,0.9922137349276354,127.00335807073733
1,i704-o128,16,disaggregated,24.185310208,20000,75.0,24,24,24,24,3072,1.0,24.188336802000002,0.9922137349276354,127.00335807073733,0.9922137349276354,127.00335807073733
1,i704-o128,4,disaggregated,33.434419968,100,25.0,24,0,0,0,0,0.0,33.437512271,0.0,0.0,0.717756745941143,91.87286348046631
1,i704-o128,4,disaggregated,33.434419968,100,30.0,24,0,0,0,0,0.0,33.437512271,0.0,0.0,0.717756745941143,91.87286348046631
1,i704-o128,4,disaggregated,33.434419968,100,35.0,24,0,0,24,0,0.0,33.437512271,0.0,0.0,0.717756745941143,91.87286348046631
1,i704-o128,4,disaggregated,33.434419968,100,40.0,24,0,0,24,0,0.0,33.437512271,0.0,0.0,0.717756745941143,91.87286348046631
1,i704-o128,4,disaggregated,33.434419968,100,50.0,24,0,0,24,0,0.0,33.437512271,0.0,0.0,0.717756745941143,91.87286348046631
1,i704-o128,4,disaggregated,33.434419968,100,75.0,24,0,0,24,0,0.0,33.437512271,0.0,0.0,0.717756745941143,91.87286348046631
1,i704-o128,4,disaggregated,33.434419968,250,25.0,24,0,0,0,0,0.0,33.437512271,0.0,0.0,0.717756745941143,91.87286348046631
1,i704-o128,4,disaggregated,33.434419968,250,30.0,24,0,0,0,0,0.0,33.437512271,0.0,0.0,0.717756745941143,91.87286348046631
1,i704-o128,4,disaggregated,33.434419968,250,35.0,24,0,0,24,0,0.0,33.437512271,0.0,0.0,0.717756745941143,91.87286348046631
1,i704-o128,4,disaggregated,33.434419968,250,40.0,24,0,0,24,0,0.0,33.437512271,0.0,0.0,0.717756745941143,91.87286348046631
1,i704-o128,4,disaggregated,33.434419968,250,50.0,24,0,0,24,0,0.0,33.437512271,0.0,0.0,0.717756745941143,91.87286348046631
1,i704-o128,4,disaggregated,33.434419968,250,75.0,24,0,0,24,0,0.0,33.437512271,0.0,0.0,0.717756745941143,91.87286348046631
1,i704-o128,4,disaggregated,33.434419968,500,25.0,24,0,0,0,0,0.0,33.437512271,0.0,0.0,0.717756745941143,91.87286348046631
1,i704-o128,4,disaggregated,33.434419968,500,30.0,24,0,0,0,0,0.0,33.437512271,0.0,0.0,0.717756745941143,91.87286348046631
1,i704-o128,4,disaggregated,33.434419968,500,35.0,24,0,0,24,0,0.0,33.437512271,0.0,0.0,0.717756745941143,91.87286348046631
1,i704-o128,4,disaggregated,33.434419968,500,40.0,24,0,0,24,0,0.0,33.437512271,0.0,0.0,0.717756745941143,91.87286348046631
1,i704-o128,4,disaggregated,33.434419968,500,50.0,24,0,0,24,0,0.0,33.437512271,0.0,0.0,0.717756745941143,91.87286348046631
1,i704-o128,4,disaggregated,33.434419968,500,75.0,24,0,0,24,0,0.0,33.437512271,0.0,0.0,0.717756745941143,91.87286348046631
1,i704-o128,4,disaggregated,33.434419968,1000,25.0,24,0,4,0,0,0.0,33.437512271,0.0,0.0,0.717756745941143,91.87286348046631
1,i704-o128,4,disaggregated,33.434419968,1000,30.0,24,0,4,0,0,0.0,33.437512271,0.0,0.0,0.717756745941143,91.87286348046631
1,i704-o128,4,disaggregated,33.434419968,1000,35.0,24,4,4,24,512,0.16666666666666666,33.437512271,0.11962612432352383,15.31214391341105,0.717756745941143,91.87286348046631
1,i704-o128,4,disaggregated,33.434419968,1000,40.0,24,4,4,24,512,0.16666666666666666,33.437512271,0.11962612432352383,15.31214391341105,0.717756745941143,91.87286348046631
1,i704-o128,4,disaggregated,33.434419968,1000,50.0,24,4,4,24,512,0.16666666666666666,33.437512271,0.11962612432352383,15.31214391341105,0.717756745941143,91.87286348046631
1,i704-o128,4,disaggregated,33.434419968,1000,75.0,24,4,4,24,512,0.16666666666666666,33.437512271,0.11962612432352383,15.31214391341105,0.717756745941143,91.87286348046631
1,i704-o128,4,disaggregated,33.434419968,2000,25.0,24,0,22,0,0,0.0,33.437512271,0.0,0.0,0.717756745941143,91.87286348046631
1,i704-o128,4,disaggregated,33.434419968,2000,30.0,24,0,22,0,0,0.0,33.437512271,0.0,0.0,0.717756745941143,91.87286348046631
1,i704-o128,4,disaggregated,33.434419968,2000,35.0,24,22,22,24,2816,0.9166666666666666,33.437512271,0.6579436837793811,84.21679152376078,0.717756745941143,91.87286348046631
1,i704-o128,4,disaggregated,33.434419968,2000,40.0,24,22,22,24,2816,0.9166666666666666,33.437512271,0.6579436837793811,84.21679152376078,0.717756745941143,91.87286348046631
1,i704-o128,4,disaggregated,33.434419968,2000,50.0,24,22,22,24,2816,0.9166666666666666,33.437512271,0.6579436837793811,84.21679152376078,0.717756745941143,91.87286348046631
1,i704-o128,4,disaggregated,33.434419968,2000,75.0,24,22,22,24,2816,0.9166666666666666,33.437512271,0.6579436837793811,84.21679152376078,0.717756745941143,91.87286348046631
1,i704-o128,4,disaggregated,33.434419968,5000,25.0,24,0,24,0,0,0.0,33.437512271,0.0,0.0,0.717756745941143,91.87286348046631
1,i704-o128,4,disaggregated,33.434419968,5000,30.0,24,0,24,0,0,0.0,33.437512271,0.0,0.0,0.717756745941143,91.87286348046631
1,i704-o128,4,disaggregated,33.434419968,5000,35.0,24,24,24,24,3072,1.0,33.437512271,0.717756745941143,91.87286348046631,0.717756745941143,91.87286348046631
1,i704-o128,4,disaggregated,33.434419968,5000,40.0,24,24,24,24,3072,1.0,33.437512271,0.717756745941143,91.87286348046631,0.717756745941143,91.87286348046631
1,i704-o128,4,disaggregated,33.434419968,5000,50.0,24,24,24,24,3072,1.0,33.437512271,0.717756745941143,91.87286348046631,0.717756745941143,91.87286348046631
1,i704-o128,4,disaggregated,33.434419968,5000,75.0,24,24,24,24,3072,1.0,33.437512271,0.717756745941143,91.87286348046631,0.717756745941143,91.87286348046631
1,i704-o128,4,disaggregated,33.434419968,10000,25.0,24,0,24,0,0,0.0,33.437512271,0.0,0.0,0.717756745941143,91.87286348046631
1,i704-o128,4,disaggregated,33.434419968,10000,30.0,24,0,24,0,0,0.0,33.437512271,0.0,0.0,0.717756745941143,91.87286348046631
1,i704-o128,4,disaggregated,33.434419968,10000,35.0,24,24,24,24,3072,1.0,33.437512271,0.717756745941143,91.87286348046631,0.717756745941143,91.87286348046631
1,i704-o128,4,disaggregated,33.434419968,10000,40.0,24,24,24,24,3072,1.0,33.437512271,0.717756745941143,91.87286348046631,0.717756745941143,91.87286348046631
1,i704-o128,4,disaggregated,33.434419968,10000,50.0,24,24,24,24,3072,1.0,33.437512271,0.717756745941143,91.87286348046631,0.717756745941143,91.87286348046631
1,i704-o128,4,disaggregated,33.434419968,10000,75.0,24,24,24,24,3072,1.0,33.437512271,0.717756745941143,91.87286348046631,0.717756745941143,91.87286348046631
1,i704-o128,4,disaggregated,33.434419968,20000,25.0,24,0,24,0,0,0.0,33.437512271,0.0,0.0,0.717756745941143,91.87286348046631
1,i704-o128,4,disaggregated,33.434419968,20000,30.0,24,0,24,0,0,0.0,33.437512271,0.0,0.0,0.717756745941143,91.87286348046631
1,i704-o128,4,disaggregated,33.434419968,20000,35.0,24,24,24,24,3072,1.0,33.437512271,0.717756745941143,91.87286348046631,0.717756745941143,91.87286348046631
1,i704-o128,4,disaggregated,33.434419968,20000,40.0,24,24,24,24,3072,1.0,33.437512271,0.717756745941143,91.87286348046631,0.717756745941143,91.87286348046631
1,i704-o128,4,disaggregated,33.434419968,20000,50.0,24,24,24,24,3072,1.0,33.437512271,0.717756745941143,91.87286348046631,0.717756745941143,91.87286348046631
1,i704-o128,4,disaggregated,33.434419968,20000,75.0,24,24,24,24,3072,1.0,33.437512271,0.717756745941143,91.87286348046631,0.717756745941143,91.87286348046631
1,i704-o16,16,disaggregated,19.487560704,100,25.0,24,0,0,6,0,0.0,19.490335294,0.0,0.0,1.231379534419209,19.702072550707346
1,i704-o16,16,disaggregated,19.487560704,100,30.0,24,0,0,24,0,0.0,19.490335294,0.0,0.0,1.231379534419209,19.702072550707346
1,i704-o16,16,disaggregated,19.487560704,100,35.0,24,0,0,24,0,0.0,19.490335294,0.0,0.0,1.231379534419209,19.702072550707346
1,i704-o16,16,disaggregated,19.487560704,100,40.0,24,0,0,24,0,0.0,19.490335294,0.0,0.0,1.231379534419209,19.702072550707346
1,i704-o16,16,disaggregated,19.487560704,100,50.0,24,0,0,24,0,0.0,19.490335294,0.0,0.0,1.231379534419209,19.702072550707346
1,i704-o16,16,disaggregated,19.487560704,100,75.0,24,0,0,24,0,0.0,19.490335294,0.0,0.0,1.231379534419209,19.702072550707346
1,i704-o16,16,disaggregated,19.487560704,250,25.0,24,0,0,6,0,0.0,19.490335294,0.0,0.0,1.231379534419209,19.702072550707346
1,i704-o16,16,disaggregated,19.487560704,250,30.0,24,0,0,24,0,0.0,19.490335294,0.0,0.0,1.231379534419209,19.702072550707346
1,i704-o16,16,disaggregated,19.487560704,250,35.0,24,0,0,24,0,0.0,19.490335294,0.0,0.0,1.231379534419209,19.702072550707346
1,i704-o16,16,disaggregated,19.487560704,250,40.0,24,0,0,24,0,0.0,19.490335294,0.0,0.0,1.231379534419209,19.702072550707346
1,i704-o16,16,disaggregated,19.487560704,250,50.0,24,0,0,24,0,0.0,19.490335294,0.0,0.0,1.231379534419209,19.702072550707346
1,i704-o16,16,disaggregated,19.487560704,250,75.0,24,0,0,24,0,0.0,19.490335294,0.0,0.0,1.231379534419209,19.702072550707346
1,i704-o16,16,disaggregated,19.487560704,500,25.0,24,0,0,6,0,0.0,19.490335294,0.0,0.0,1.231379534419209,19.702072550707346
1,i704-o16,16,disaggregated,19.487560704,500,30.0,24,0,0,24,0,0.0,19.490335294,0.0,0.0,1.231379534419209,19.702072550707346
1,i704-o16,16,disaggregated,19.487560704,500,35.0,24,0,0,24,0,0.0,19.490335294,0.0,0.0,1.231379534419209,19.702072550707346
1,i704-o16,16,disaggregated,19.487560704,500,40.0,24,0,0,24,0,0.0,19.490335294,0.0,0.0,1.231379534419209,19.702072550707346
1,i704-o16,16,disaggregated,19.487560704,500,50.0,24,0,0,24,0,0.0,19.490335294,0.0,0.0,1.231379534419209,19.702072550707346
1,i704-o16,16,disaggregated,19.487560704,500,75.0,24,0,0,24,0,0.0,19.490335294,0.0,0.0,1.231379534419209,19.702072550707346
1,i704-o16,16,disaggregated,19.487560704,1000,25.0,24,0,1,6,0,0.0,19.490335294,0.0,0.0,1.231379534419209,19.702072550707346
1,i704-o16,16,disaggregated,19.487560704,1000,30.0,24,1,1,24,16,0.041666666666666664,19.490335294,0.05130748060080038,0.820919689612806,1.231379534419209,19.702072550707346
1,i704-o16,16,disaggregated,19.487560704,1000,35.0,24,1,1,24,16,0.041666666666666664,19.490335294,0.05130748060080038,0.820919689612806,1.231379534419209,19.702072550707346
1,i704-o16,16,disaggregated,19.487560704,1000,40.0,24,1,1,24,16,0.041666666666666664,19.490335294,0.05130748060080038,0.820919689612806,1.231379534419209,19.702072550707346
1,i704-o16,16,disaggregated,19.487560704,1000,50.0,24,1,1,24,16,0.041666666666666664,19.490335294,0.05130748060080038,0.820919689612806,1.231379534419209,19.702072550707346
1,i704-o16,16,disaggregated,19.487560704,1000,75.0,24,1,1,24,16,0.041666666666666664,19.490335294,0.05130748060080038,0.820919689612806,1.231379534419209,19.702072550707346
1,i704-o16,16,disaggregated,19.487560704,2000,25.0,24,1,2,6,16,0.041666666666666664,19.490335294,0.05130748060080038,0.820919689612806,1.231379534419209,19.702072550707346
1,i704-o16,16,disaggregated,19.487560704,2000,30.0,24,2,2,24,32,0.08333333333333333,19.490335294,0.10261496120160075,1.641839379225612,1.231379534419209,19.702072550707346
1,i704-o16,16,disaggregated,19.487560704,2000,35.0,24,2,2,24,32,0.08333333333333333,19.490335294,0.10261496120160075,1.641839379225612,1.231379534419209,19.702072550707346
1,i704-o16,16,disaggregated,19.487560704,2000,40.0,24,2,2,24,32,0.08333333333333333,19.490335294,0.10261496120160075,1.641839379225612,1.231379534419209,19.702072550707346
1,i704-o16,16,disaggregated,19.487560704,2000,50.0,24,2,2,24,32,0.08333333333333333,19.490335294,0.10261496120160075,1.641839379225612,1.231379534419209,19.702072550707346
1,i704-o16,16,disaggregated,19.487560704,2000,75.0,24,2,2,24,32,0.08333333333333333,19.490335294,0.10261496120160075,1.641839379225612,1.231379534419209,19.702072550707346
1,i704-o16,16,disaggregated,19.487560704,5000,25.0,24,1,6,6,16,0.041666666666666664,19.490335294,0.05130748060080038,0.820919689612806,1.231379534419209,19.702072550707346
1,i704-o16,16,disaggregated,19.487560704,5000,30.0,24,6,6,24,96,0.25,19.490335294,0.3078448836048023,4.925518137676836,1.231379534419209,19.702072550707346
1,i704-o16,16,disaggregated,19.487560704,5000,35.0,24,6,6,24,96,0.25,19.490335294,0.3078448836048023,4.925518137676836,1.231379534419209,19.702072550707346
1,i704-o16,16,disaggregated,19.487560704,5000,40.0,24,6,6,24,96,0.25,19.490335294,0.3078448836048023,4.925518137676836,1.231379534419209,19.702072550707346
1,i704-o16,16,disaggregated,19.487560704,5000,50.0,24,6,6,24,96,0.25,19.490335294,0.3078448836048023,4.925518137676836,1.231379534419209,19.702072550707346
1,i704-o16,16,disaggregated,19.487560704,5000,75.0,24,6,6,24,96,0.25,19.490335294,0.3078448836048023,4.925518137676836,1.231379534419209,19.702072550707346
1,i704-o16,16,disaggregated,19.487560704,10000,25.0,24,3,12,6,48,0.125,19.490335294,0.15392244180240114,2.462759068838418,1.231379534419209,19.702072550707346
1,i704-o16,16,disaggregated,19.487560704,10000,30.0,24,12,12,24,192,0.5,19.490335294,0.6156897672096046,9.851036275353673,1.231379534419209,19.702072550707346
1,i704-o16,16,disaggregated,19.487560704,10000,35.0,24,12,12,24,192,0.5,19.490335294,0.6156897672096046,9.851036275353673,1.231379534419209,19.702072550707346
1,i704-o16,16,disaggregated,19.487560704,10000,40.0,24,12,12,24,192,0.5,19.490335294,0.6156897672096046,9.851036275353673,1.231379534419209,19.702072550707346
1,i704-o16,16,disaggregated,19.487560704,10000,50.0,24,12,12,24,192,0.5,19.490335294,0.6156897672096046,9.851036275353673,1.231379534419209,19.702072550707346
1,i704-o16,16,disaggregated,19.487560704,10000,75.0,24,12,12,24,192,0.5,19.490335294,0.6156897672096046,9.851036275353673,1.231379534419209,19.702072550707346
1,i704-o16,16,disaggregated,19.487560704,20000,25.0,24,6,24,6,96,0.25,19.490335294,0.3078448836048023,4.925518137676836,1.231379534419209,19.702072550707346
1,i704-o16,16,disaggregated,19.487560704,20000,30.0,24,24,24,24,384,1.0,19.490335294,1.231379534419209,19.702072550707346,1.231379534419209,19.702072550707346
1,i704-o16,16,disaggregated,19.487560704,20000,35.0,24,24,24,24,384,1.0,19.490335294,1.231379534419209,19.702072550707346,1.231379534419209,19.702072550707346
1,i704-o16,16,disaggregated,19.487560704,20000,40.0,24,24,24,24,384,1.0,19.490335294,1.231379534419209,19.702072550707346,1.231379534419209,19.702072550707346
1,i704-o16,16,disaggregated,19.487560704,20000,50.0,24,24,24,24,384,1.0,19.490335294,1.231379534419209,19.702072550707346,1.231379534419209,19.702072550707346
1,i704-o16,16,disaggregated,19.487560704,20000,75.0,24,24,24,24,384,1.0,19.490335294,1.231379534419209,19.702072550707346,1.231379534419209,19.702072550707346
1,i704-o16,4,disaggregated,19.428759552000002,100,25.0,24,0,0,6,0,0.0,19.4313833,0.0,0.0,1.2351153610355676,19.761845776569082
1,i704-o16,4,disaggregated,19.428759552000002,100,30.0,24,0,0,24,0,0.0,19.4313833,0.0,0.0,1.2351153610355676,19.761845776569082
1,i704-o16,4,disaggregated,19.428759552000002,100,35.0,24,0,0,24,0,0.0,19.4313833,0.0,0.0,1.2351153610355676,19.761845776569082
1,i704-o16,4,disaggregated,19.428759552000002,100,40.0,24,0,0,24,0,0.0,19.4313833,0.0,0.0,1.2351153610355676,19.761845776569082
1,i704-o16,4,disaggregated,19.428759552000002,100,50.0,24,0,0,24,0,0.0,19.4313833,0.0,0.0,1.2351153610355676,19.761845776569082
1,i704-o16,4,disaggregated,19.428759552000002,100,75.0,24,0,0,24,0,0.0,19.4313833,0.0,0.0,1.2351153610355676,19.761845776569082
1,i704-o16,4,disaggregated,19.428759552000002,250,25.0,24,0,0,6,0,0.0,19.4313833,0.0,0.0,1.2351153610355676,19.761845776569082
1,i704-o16,4,disaggregated,19.428759552000002,250,30.0,24,0,0,24,0,0.0,19.4313833,0.0,0.0,1.2351153610355676,19.761845776569082
1,i704-o16,4,disaggregated,19.428759552000002,250,35.0,24,0,0,24,0,0.0,19.4313833,0.0,0.0,1.2351153610355676,19.761845776569082
1,i704-o16,4,disaggregated,19.428759552000002,250,40.0,24,0,0,24,0,0.0,19.4313833,0.0,0.0,1.2351153610355676,19.761845776569082
1,i704-o16,4,disaggregated,19.428759552000002,250,50.0,24,0,0,24,0,0.0,19.4313833,0.0,0.0,1.2351153610355676,19.761845776569082
1,i704-o16,4,disaggregated,19.428759552000002,250,75.0,24,0,0,24,0,0.0,19.4313833,0.0,0.0,1.2351153610355676,19.761845776569082
1,i704-o16,4,disaggregated,19.428759552000002,500,25.0,24,0,0,6,0,0.0,19.4313833,0.0,0.0,1.2351153610355676,19.761845776569082
1,i704-o16,4,disaggregated,19.428759552000002,500,30.0,24,0,0,24,0,0.0,19.4313833,0.0,0.0,1.2351153610355676,19.761845776569082
1,i704-o16,4,disaggregated,19.428759552000002,500,35.0,24,0,0,24,0,0.0,19.4313833,0.0,0.0,1.2351153610355676,19.761845776569082
1,i704-o16,4,disaggregated,19.428759552000002,500,40.0,24,0,0,24,0,0.0,19.4313833,0.0,0.0,1.2351153610355676,19.761845776569082
1,i704-o16,4,disaggregated,19.428759552000002,500,50.0,24,0,0,24,0,0.0,19.4313833,0.0,0.0,1.2351153610355676,19.761845776569082
1,i704-o16,4,disaggregated,19.428759552000002,500,75.0,24,0,0,24,0,0.0,19.4313833,0.0,0.0,1.2351153610355676,19.761845776569082
1,i704-o16,4,disaggregated,19.428759552000002,1000,25.0,24,0,1,6,0,0.0,19.4313833,0.0,0.0,1.2351153610355676,19.761845776569082
1,i704-o16,4,disaggregated,19.428759552000002,1000,30.0,24,1,1,24,16,0.041666666666666664,19.4313833,0.05146314004314865,0.8234102406903784,1.2351153610355676,19.761845776569082
1,i704-o16,4,disaggregated,19.428759552000002,1000,35.0,24,1,1,24,16,0.041666666666666664,19.4313833,0.05146314004314865,0.8234102406903784,1.2351153610355676,19.761845776569082
1,i704-o16,4,disaggregated,19.428759552000002,1000,40.0,24,1,1,24,16,0.041666666666666664,19.4313833,0.05146314004314865,0.8234102406903784,1.2351153610355676,19.761845776569082
1,i704-o16,4,disaggregated,19.428759552000002,1000,50.0,24,1,1,24,16,0.041666666666666664,19.4313833,0.05146314004314865,0.8234102406903784,1.2351153610355676,19.761845776569082
1,i704-o16,4,disaggregated,19.428759552000002,1000,75.0,24,1,1,24,16,0.041666666666666664,19.4313833,0.05146314004314865,0.8234102406903784,1.2351153610355676,19.761845776569082
1,i704-o16,4,disaggregated,19.428759552000002,2000,25.0,24,1,2,6,16,0.041666666666666664,19.4313833,0.05146314004314865,0.8234102406903784,1.2351153610355676,19.761845776569082
1,i704-o16,4,disaggregated,19.428759552000002,2000,30.0,24,2,2,24,32,0.08333333333333333,19.4313833,0.1029262800862973,1.6468204813807568,1.2351153610355676,19.761845776569082
1,i704-o16,4,disaggregated,19.428759552000002,2000,35.0,24,2,2,24,32,0.08333333333333333,19.4313833,0.1029262800862973,1.6468204813807568,1.2351153610355676,19.761845776569082
1,i704-o16,4,disaggregated,19.428759552000002,2000,40.0,24,2,2,24,32,0.08333333333333333,19.4313833,0.1029262800862973,1.6468204813807568,1.2351153610355676,19.761845776569082
1,i704-o16,4,disaggregated,19.428759552000002,2000,50.0,24,2,2,24,32,0.08333333333333333,19.4313833,0.1029262800862973,1.6468204813807568,1.2351153610355676,19.761845776569082
1,i704-o16,4,disaggregated,19.428759552000002,2000,75.0,24,2,2,24,32,0.08333333333333333,19.4313833,0.1029262800862973,1.6468204813807568,1.2351153610355676,19.761845776569082
1,i704-o16,4,disaggregated,19.428759552000002,5000,25.0,24,6,24,6,96,0.25,19.4313833,0.3087788402588919,4.9404614441422705,1.2351153610355676,19.761845776569082
1,i704-o16,4,disaggregated,19.428759552000002,5000,30.0,24,24,24,24,384,1.0,19.4313833,1.2351153610355676,19.761845776569082,1.2351153610355676,19.761845776569082
1,i704-o16,4,disaggregated,19.428759552000002,5000,35.0,24,24,24,24,384,1.0,19.4313833,1.2351153610355676,19.761845776569082,1.2351153610355676,19.761845776569082
1,i704-o16,4,disaggregated,19.428759552000002,5000,40.0,24,24,24,24,384,1.0,19.4313833,1.2351153610355676,19.761845776569082,1.2351153610355676,19.761845776569082
1,i704-o16,4,disaggregated,19.428759552000002,5000,50.0,24,24,24,24,384,1.0,19.4313833,1.2351153610355676,19.761845776569082,1.2351153610355676,19.761845776569082
1,i704-o16,4,disaggregated,19.428759552000002,5000,75.0,24,24,24,24,384,1.0,19.4313833,1.2351153610355676,19.761845776569082,1.2351153610355676,19.761845776569082
1,i704-o16,4,disaggregated,19.428759552000002,10000,25.0,24,6,24,6,96,0.25,19.4313833,0.3087788402588919,4.9404614441422705,1.2351153610355676,19.761845776569082
1,i704-o16,4,disaggregated,19.428759552000002,10000,30.0,24,24,24,24,384,1.0,19.4313833,1.2351153610355676,19.761845776569082,1.2351153610355676,19.761845776569082
1,i704-o16,4,disaggregated,19.428759552000002,10000,35.0,24,24,24,24,384,1.0,19.4313833,1.2351153610355676,19.761845776569082,1.2351153610355676,19.761845776569082
1,i704-o16,4,disaggregated,19.428759552000002,10000,40.0,24,24,24,24,384,1.0,19.4313833,1.2351153610355676,19.761845776569082,1.2351153610355676,19.761845776569082
1,i704-o16,4,disaggregated,19.428759552000002,10000,50.0,24,24,24,24,384,1.0,19.4313833,1.2351153610355676,19.761845776569082,1.2351153610355676,19.761845776569082
1,i704-o16,4,disaggregated,19.428759552000002,10000,75.0,24,24,24,24,384,1.0,19.4313833,1.2351153610355676,19.761845776569082,1.2351153610355676,19.761845776569082
1,i704-o16,4,disaggregated,19.428759552000002,20000,25.0,24,6,24,6,96,0.25,19.4313833,0.3087788402588919,4.9404614441422705,1.2351153610355676,19.761845776569082
1,i704-o16,4,disaggregated,19.428759552000002,20000,30.0,24,24,24,24,384,1.0,19.4313833,1.2351153610355676,19.761845776569082,1.2351153610355676,19.761845776569082
1,i704-o16,4,disaggregated,19.428759552000002,20000,35.0,24,24,24,24,384,1.0,19.4313833,1.2351153610355676,19.761845776569082,1.2351153610355676,19.761845776569082
1,i704-o16,4,disaggregated,19.428759552000002,20000,40.0,24,24,24,24,384,1.0,19.4313833,1.2351153610355676,19.761845776569082,1.2351153610355676,19.761845776569082
1,i704-o16,4,disaggregated,19.428759552000002,20000,50.0,24,24,24,24,384,1.0,19.4313833,1.2351153610355676,19.761845776569082,1.2351153610355676,19.761845776569082
1,i704-o16,4,disaggregated,19.428759552000002,20000,75.0,24,24,24,24,384,1.0,19.4313833,1.2351153610355676,19.761845776569082,1.2351153610355676,19.761845776569082
1,mixed,16,disaggregated,12.705051904000001,100,25.0,24,0,0,0,0,0.0,12.708186020000001,0.0,0.0,1.8885464819470748,171.22821436320143
1,mixed,16,disaggregated,12.705051904000001,100,30.0,24,0,0,1,0,0.0,12.708186020000001,0.0,0.0,1.8885464819470748,171.22821436320143
1,mixed,16,disaggregated,12.705051904000001,100,35.0,24,0,0,6,0,0.0,12.708186020000001,0.0,0.0,1.8885464819470748,171.22821436320143
1,mixed,16,disaggregated,12.705051904000001,100,40.0,24,0,0,20,0,0.0,12.708186020000001,0.0,0.0,1.8885464819470748,171.22821436320143
1,mixed,16,disaggregated,12.705051904000001,100,50.0,24,0,0,24,0,0.0,12.708186020000001,0.0,0.0,1.8885464819470748,171.22821436320143
1,mixed,16,disaggregated,12.705051904000001,100,75.0,24,0,0,24,0,0.0,12.708186020000001,0.0,0.0,1.8885464819470748,171.22821436320143
1,mixed,16,disaggregated,12.705051904000001,250,25.0,24,0,1,0,0,0.0,12.708186020000001,0.0,0.0,1.8885464819470748,171.22821436320143
1,mixed,16,disaggregated,12.705051904000001,250,30.0,24,0,1,1,0,0.0,12.708186020000001,0.0,0.0,1.8885464819470748,171.22821436320143
1,mixed,16,disaggregated,12.705051904000001,250,35.0,24,0,1,6,0,0.0,12.708186020000001,0.0,0.0,1.8885464819470748,171.22821436320143
1,mixed,16,disaggregated,12.705051904000001,250,40.0,24,1,1,20,128,0.041666666666666664,12.708186020000001,0.07868943674779479,10.072247903717733,1.8885464819470748,171.22821436320143
1,mixed,16,disaggregated,12.705051904000001,250,50.0,24,1,1,24,128,0.041666666666666664,12.708186020000001,0.07868943674779479,10.072247903717733,1.8885464819470748,171.22821436320143
1,mixed,16,disaggregated,12.705051904000001,250,75.0,24,1,1,24,128,0.041666666666666664,12.708186020000001,0.07868943674779479,10.072247903717733,1.8885464819470748,171.22821436320143
1,mixed,16,disaggregated,12.705051904000001,500,25.0,24,0,3,0,0,0.0,12.708186020000001,0.0,0.0,1.8885464819470748,171.22821436320143
1,mixed,16,disaggregated,12.705051904000001,500,30.0,24,0,3,1,0,0.0,12.708186020000001,0.0,0.0,1.8885464819470748,171.22821436320143
1,mixed,16,disaggregated,12.705051904000001,500,35.0,24,0,3,6,0,0.0,12.708186020000001,0.0,0.0,1.8885464819470748,171.22821436320143
1,mixed,16,disaggregated,12.705051904000001,500,40.0,24,2,3,20,256,0.08333333333333333,12.708186020000001,0.15737887349558957,20.144495807435465,1.8885464819470748,171.22821436320143
1,mixed,16,disaggregated,12.705051904000001,500,50.0,24,3,3,24,384,0.125,12.708186020000001,0.23606831024338434,30.216743711153196,1.8885464819470748,171.22821436320143
1,mixed,16,disaggregated,12.705051904000001,500,75.0,24,3,3,24,384,0.125,12.708186020000001,0.23606831024338434,30.216743711153196,1.8885464819470748,171.22821436320143
1,mixed,16,disaggregated,12.705051904000001,1000,25.0,24,0,7,0,0,0.0,12.708186020000001,0.0,0.0,1.8885464819470748,171.22821436320143
1,mixed,16,disaggregated,12.705051904000001,1000,30.0,24,0,7,1,0,0.0,12.708186020000001,0.0,0.0,1.8885464819470748,171.22821436320143
1,mixed,16,disaggregated,12.705051904000001,1000,35.0,24,0,7,6,0,0.0,12.708186020000001,0.0,0.0,1.8885464819470748,171.22821436320143
1,mixed,16,disaggregated,12.705051904000001,1000,40.0,24,5,7,20,640,0.20833333333333334,12.708186020000001,0.3934471837389739,50.36123951858866,1.8885464819470748,171.22821436320143
1,mixed,16,disaggregated,12.705051904000001,1000,50.0,24,7,7,24,896,0.2916666666666667,12.708186020000001,0.5508260572345635,70.50573532602412,1.8885464819470748,171.22821436320143
1,mixed,16,disaggregated,12.705051904000001,1000,75.0,24,7,7,24,896,0.2916666666666667,12.708186020000001,0.5508260572345635,70.50573532602412,1.8885464819470748,171.22821436320143
1,mixed,16,disaggregated,12.705051904000001,2000,25.0,24,0,10,0,0,0.0,12.708186020000001,0.0,0.0,1.8885464819470748,171.22821436320143
1,mixed,16,disaggregated,12.705051904000001,2000,30.0,24,0,10,1,0,0.0,12.708186020000001,0.0,0.0,1.8885464819470748,171.22821436320143
1,mixed,16,disaggregated,12.705051904000001,2000,35.0,24,1,10,6,128,0.041666666666666664,12.708186020000001,0.07868943674779479,10.072247903717733,1.8885464819470748,171.22821436320143
1,mixed,16,disaggregated,12.705051904000001,2000,40.0,24,7,10,20,784,0.2916666666666667,12.708186020000001,0.5508260572345635,61.692518410271106,1.8885464819470748,171.22821436320143
1,mixed,16,disaggregated,12.705051904000001,2000,50.0,24,10,10,24,1168,0.4166666666666667,12.708186020000001,0.7868943674779478,91.9092621214243,1.8885464819470748,171.22821436320143
1,mixed,16,disaggregated,12.705051904000001,2000,75.0,24,10,10,24,1168,0.4166666666666667,12.708186020000001,0.7868943674779478,91.9092621214243,1.8885464819470748,171.22821436320143
1,mixed,16,disaggregated,12.705051904000001,5000,25.0,24,0,21,0,0,0.0,12.708186020000001,0.0,0.0,1.8885464819470748,171.22821436320143
1,mixed,16,disaggregated,12.705051904000001,5000,30.0,24,1,21,1,16,0.041666666666666664,12.708186020000001,0.07868943674779479,1.2590309879647166,1.8885464819470748,171.22821436320143
1,mixed,16,disaggregated,12.705051904000001,5000,35.0,24,5,21,6,528,0.20833333333333334,12.708186020000001,0.3934471837389739,41.548022602835644,1.8885464819470748,171.22821436320143
1,mixed,16,disaggregated,12.705051904000001,5000,40.0,24,17,21,20,1616,0.7083333333333334,12.708186020000001,1.3377204247125112,127.16212978443636,1.8885464819470748,171.22821436320143
1,mixed,16,disaggregated,12.705051904000001,5000,50.0,24,21,21,24,2016,0.875,12.708186020000001,1.6524781717036905,158.63790448355428,1.8885464819470748,171.22821436320143
1,mixed,16,disaggregated,12.705051904000001,5000,75.0,24,21,21,24,2016,0.875,12.708186020000001,1.6524781717036905,158.63790448355428,1.8885464819470748,171.22821436320143
1,mixed,16,disaggregated,12.705051904000001,10000,25.0,24,0,24,0,0,0.0,12.708186020000001,0.0,0.0,1.8885464819470748,171.22821436320143
1,mixed,16,disaggregated,12.705051904000001,10000,30.0,24,1,24,1,16,0.041666666666666664,12.708186020000001,0.07868943674779479,1.2590309879647166,1.8885464819470748,171.22821436320143
1,mixed,16,disaggregated,12.705051904000001,10000,35.0,24,6,24,6,544,0.25,12.708186020000001,0.4721366204867687,42.80705359080036,1.8885464819470748,171.22821436320143
1,mixed,16,disaggregated,12.705051904000001,10000,40.0,24,20,24,20,1776,0.8333333333333334,12.708186020000001,1.5737887349558957,139.75243966408354,1.8885464819470748,171.22821436320143
1,mixed,16,disaggregated,12.705051904000001,10000,50.0,24,24,24,24,2176,1.0,12.708186020000001,1.8885464819470748,171.22821436320143,1.8885464819470748,171.22821436320143
1,mixed,16,disaggregated,12.705051904000001,10000,75.0,24,24,24,24,2176,1.0,12.708186020000001,1.8885464819470748,171.22821436320143,1.8885464819470748,171.22821436320143
1,mixed,16,disaggregated,12.705051904000001,20000,25.0,24,0,24,0,0,0.0,12.708186020000001,0.0,0.0,1.8885464819470748,171.22821436320143
1,mixed,16,disaggregated,12.705051904000001,20000,30.0,24,1,24,1,16,0.041666666666666664,12.708186020000001,0.07868943674779479,1.2590309879647166,1.8885464819470748,171.22821436320143
1,mixed,16,disaggregated,12.705051904000001,20000,35.0,24,6,24,6,544,0.25,12.708186020000001,0.4721366204867687,42.80705359080036,1.8885464819470748,171.22821436320143
1,mixed,16,disaggregated,12.705051904000001,20000,40.0,24,20,24,20,1776,0.8333333333333334,12.708186020000001,1.5737887349558957,139.75243966408354,1.8885464819470748,171.22821436320143
1,mixed,16,disaggregated,12.705051904000001,20000,50.0,24,24,24,24,2176,1.0,12.708186020000001,1.8885464819470748,171.22821436320143,1.8885464819470748,171.22821436320143
1,mixed,16,disaggregated,12.705051904000001,20000,75.0,24,24,24,24,2176,1.0,12.708186020000001,1.8885464819470748,171.22821436320143,1.8885464819470748,171.22821436320143
1,mixed,4,disaggregated,23.34476928,100,25.0,24,0,0,1,0,0.0,23.347621484,0.0,0.0,1.0279419690115787,93.2000718570498
1,mixed,4,disaggregated,23.34476928,100,30.0,24,0,0,8,0,0.0,23.347621484,0.0,0.0,1.0279419690115787,93.2000718570498
1,mixed,4,disaggregated,23.34476928,100,35.0,24,0,0,24,0,0.0,23.347621484,0.0,0.0,1.0279419690115787,93.2000718570498
1,mixed,4,disaggregated,23.34476928,100,40.0,24,0,0,24,0,0.0,23.347621484,0.0,0.0,1.0279419690115787,93.2000718570498
1,mixed,4,disaggregated,23.34476928,100,50.0,24,0,0,24,0,0.0,23.347621484,0.0,0.0,1.0279419690115787,93.2000718570498
1,mixed,4,disaggregated,23.34476928,100,75.0,24,0,0,24,0,0.0,23.347621484,0.0,0.0,1.0279419690115787,93.2000718570498
1,mixed,4,disaggregated,23.34476928,250,25.0,24,0,5,1,0,0.0,23.347621484,0.0,0.0,1.0279419690115787,93.2000718570498
1,mixed,4,disaggregated,23.34476928,250,30.0,24,0,5,8,0,0.0,23.347621484,0.0,0.0,1.0279419690115787,93.2000718570498
1,mixed,4,disaggregated,23.34476928,250,35.0,24,5,5,24,640,0.20833333333333334,23.347621484,0.21415457687741224,27.411785840308767,1.0279419690115787,93.2000718570498
1,mixed,4,disaggregated,23.34476928,250,40.0,24,5,5,24,640,0.20833333333333334,23.347621484,0.21415457687741224,27.411785840308767,1.0279419690115787,93.2000718570498
1,mixed,4,disaggregated,23.34476928,250,50.0,24,5,5,24,640,0.20833333333333334,23.347621484,0.21415457687741224,27.411785840308767,1.0279419690115787,93.2000718570498
1,mixed,4,disaggregated,23.34476928,250,75.0,24,5,5,24,640,0.20833333333333334,23.347621484,0.21415457687741224,27.411785840308767,1.0279419690115787,93.2000718570498
1,mixed,4,disaggregated,23.34476928,500,25.0,24,0,9,1,0,0.0,23.347621484,0.0,0.0,1.0279419690115787,93.2000718570498
1,mixed,4,disaggregated,23.34476928,500,30.0,24,1,9,8,128,0.041666666666666664,23.347621484,0.04283091537548245,5.482357168061753,1.0279419690115787,93.2000718570498
1,mixed,4,disaggregated,23.34476928,500,35.0,24,9,9,24,1152,0.375,23.347621484,0.38547823837934203,49.34121451255578,1.0279419690115787,93.2000718570498
1,mixed,4,disaggregated,23.34476928,500,40.0,24,9,9,24,1152,0.375,23.347621484,0.38547823837934203,49.34121451255578,1.0279419690115787,93.2000718570498
1,mixed,4,disaggregated,23.34476928,500,50.0,24,9,9,24,1152,0.375,23.347621484,0.38547823837934203,49.34121451255578,1.0279419690115787,93.2000718570498
1,mixed,4,disaggregated,23.34476928,500,75.0,24,9,9,24,1152,0.375,23.347621484,0.38547823837934203,49.34121451255578,1.0279419690115787,93.2000718570498
1,mixed,4,disaggregated,23.34476928,1000,25.0,24,0,17,1,0,0.0,23.347621484,0.0,0.0,1.0279419690115787,93.2000718570498
1,mixed,4,disaggregated,23.34476928,1000,30.0,24,3,17,8,160,0.125,23.347621484,0.12849274612644734,6.852946460077192,1.0279419690115787,93.2000718570498
1,mixed,4,disaggregated,23.34476928,1000,35.0,24,17,17,24,1840,0.7083333333333334,23.347621484,0.7281255613832016,78.8088842908877,1.0279419690115787,93.2000718570498
1,mixed,4,disaggregated,23.34476928,1000,40.0,24,17,17,24,1840,0.7083333333333334,23.347621484,0.7281255613832016,78.8088842908877,1.0279419690115787,93.2000718570498
1,mixed,4,disaggregated,23.34476928,1000,50.0,24,17,17,24,1840,0.7083333333333334,23.347621484,0.7281255613832016,78.8088842908877,1.0279419690115787,93.2000718570498
1,mixed,4,disaggregated,23.34476928,1000,75.0,24,17,17,24,1840,0.7083333333333334,23.347621484,0.7281255613832016,78.8088842908877,1.0279419690115787,93.2000718570498
1,mixed,4,disaggregated,23.34476928,2000,25.0,24,1,24,1,16,0.041666666666666664,23.347621484,0.04283091537548245,0.6852946460077192,1.0279419690115787,93.2000718570498
1,mixed,4,disaggregated,23.34476928,2000,30.0,24,8,24,8,240,0.3333333333333333,23.347621484,0.3426473230038596,10.279419690115787,1.0279419690115787,93.2000718570498
1,mixed,4,disaggregated,23.34476928,2000,35.0,24,24,24,24,2176,1.0,23.347621484,1.0279419690115787,93.2000718570498,1.0279419690115787,93.2000718570498
1,mixed,4,disaggregated,23.34476928,2000,40.0,24,24,24,24,2176,1.0,23.347621484,1.0279419690115787,93.2000718570498,1.0279419690115787,93.2000718570498
1,mixed,4,disaggregated,23.34476928,2000,50.0,24,24,24,24,2176,1.0,23.347621484,1.0279419690115787,93.2000718570498,1.0279419690115787,93.2000718570498
1,mixed,4,disaggregated,23.34476928,2000,75.0,24,24,24,24,2176,1.0,23.347621484,1.0279419690115787,93.2000718570498,1.0279419690115787,93.2000718570498
1,mixed,4,disaggregated,23.34476928,5000,25.0,24,1,24,1,16,0.041666666666666664,23.347621484,0.04283091537548245,0.6852946460077192,1.0279419690115787,93.2000718570498
1,mixed,4,disaggregated,23.34476928,5000,30.0,24,8,24,8,240,0.3333333333333333,23.347621484,0.3426473230038596,10.279419690115787,1.0279419690115787,93.2000718570498
1,mixed,4,disaggregated,23.34476928,5000,35.0,24,24,24,24,2176,1.0,23.347621484,1.0279419690115787,93.2000718570498,1.0279419690115787,93.2000718570498
1,mixed,4,disaggregated,23.34476928,5000,40.0,24,24,24,24,2176,1.0,23.347621484,1.0279419690115787,93.2000718570498,1.0279419690115787,93.2000718570498
1,mixed,4,disaggregated,23.34476928,5000,50.0,24,24,24,24,2176,1.0,23.347621484,1.0279419690115787,93.2000718570498,1.0279419690115787,93.2000718570498
1,mixed,4,disaggregated,23.34476928,5000,75.0,24,24,24,24,2176,1.0,23.347621484,1.0279419690115787,93.2000718570498,1.0279419690115787,93.2000718570498
1,mixed,4,disaggregated,23.34476928,10000,25.0,24,1,24,1,16,0.041666666666666664,23.347621484,0.04283091537548245,0.6852946460077192,1.0279419690115787,93.2000718570498
1,mixed,4,disaggregated,23.34476928,10000,30.0,24,8,24,8,240,0.3333333333333333,23.347621484,0.3426473230038596,10.279419690115787,1.0279419690115787,93.2000718570498
1,mixed,4,disaggregated,23.34476928,10000,35.0,24,24,24,24,2176,1.0,23.347621484,1.0279419690115787,93.2000718570498,1.0279419690115787,93.2000718570498
1,mixed,4,disaggregated,23.34476928,10000,40.0,24,24,24,24,2176,1.0,23.347621484,1.0279419690115787,93.2000718570498,1.0279419690115787,93.2000718570498
1,mixed,4,disaggregated,23.34476928,10000,50.0,24,24,24,24,2176,1.0,23.347621484,1.0279419690115787,93.2000718570498,1.0279419690115787,93.2000718570498
1,mixed,4,disaggregated,23.34476928,10000,75.0,24,24,24,24,2176,1.0,23.347621484,1.0279419690115787,93.2000718570498,1.0279419690115787,93.2000718570498
1,mixed,4,disaggregated,23.34476928,20000,25.0,24,1,24,1,16,0.041666666666666664,23.347621484,0.04283091537548245,0.6852946460077192,1.0279419690115787,93.2000718570498
1,mixed,4,disaggregated,23.34476928,20000,30.0,24,8,24,8,240,0.3333333333333333,23.347621484,0.3426473230038596,10.279419690115787,1.0279419690115787,93.2000718570498
1,mixed,4,disaggregated,23.34476928,20000,35.0,24,24,24,24,2176,1.0,23.347621484,1.0279419690115787,93.2000718570498,1.0279419690115787,93.2000718570498
1,mixed,4,disaggregated,23.34476928,20000,40.0,24,24,24,24,2176,1.0,23.347621484,1.0279419690115787,93.2000718570498,1.0279419690115787,93.2000718570498
1,mixed,4,disaggregated,23.34476928,20000,50.0,24,24,24,24,2176,1.0,23.347621484,1.0279419690115787,93.2000718570498,1.0279419690115787,93.2000718570498
1,mixed,4,disaggregated,23.34476928,20000,75.0,24,24,24,24,2176,1.0,23.347621484,1.0279419690115787,93.2000718570498,1.0279419690115787,93.2000718570498
2,i64-o128,16,disaggregated,11.528249856,100,25.0,24,0,0,0,0,0.0,11.531586978999998,0.0,0.0,2.0812399927005747,266.39871906567356
2,i64-o128,16,disaggregated,11.528249856,100,30.0,24,0,0,0,0,0.0,11.531586978999998,0.0,0.0,2.0812399927005747,266.39871906567356
2,i64-o128,16,disaggregated,11.528249856,100,35.0,24,0,0,1,0,0.0,11.531586978999998,0.0,0.0,2.0812399927005747,266.39871906567356
2,i64-o128,16,disaggregated,11.528249856,100,40.0,24,0,0,8,0,0.0,11.531586978999998,0.0,0.0,2.0812399927005747,266.39871906567356
2,i64-o128,16,disaggregated,11.528249856,100,50.0,24,0,0,24,0,0.0,11.531586978999998,0.0,0.0,2.0812399927005747,266.39871906567356
2,i64-o128,16,disaggregated,11.528249856,100,75.0,24,0,0,24,0,0.0,11.531586978999998,0.0,0.0,2.0812399927005747,266.39871906567356
2,i64-o128,16,disaggregated,11.528249856,250,25.0,24,0,4,0,0,0.0,11.531586978999998,0.0,0.0,2.0812399927005747,266.39871906567356
2,i64-o128,16,disaggregated,11.528249856,250,30.0,24,0,4,0,0,0.0,11.531586978999998,0.0,0.0,2.0812399927005747,266.39871906567356
2,i64-o128,16,disaggregated,11.528249856,250,35.0,24,0,4,1,0,0.0,11.531586978999998,0.0,0.0,2.0812399927005747,266.39871906567356
2,i64-o128,16,disaggregated,11.528249856,250,40.0,24,3,4,8,384,0.125,11.531586978999998,0.26015499908757184,33.299839883209195,2.0812399927005747,266.39871906567356
2,i64-o128,16,disaggregated,11.528249856,250,50.0,24,4,4,24,512,0.16666666666666666,11.531586978999998,0.34687333211676247,44.399786510945596,2.0812399927005747,266.39871906567356
2,i64-o128,16,disaggregated,11.528249856,250,75.0,24,4,4,24,512,0.16666666666666666,11.531586978999998,0.34687333211676247,44.399786510945596,2.0812399927005747,266.39871906567356
2,i64-o128,16,disaggregated,11.528249856,500,25.0,24,0,11,0,0,0.0,11.531586978999998,0.0,0.0,2.0812399927005747,266.39871906567356
2,i64-o128,16,disaggregated,11.528249856,500,30.0,24,0,11,0,0,0.0,11.531586978999998,0.0,0.0,2.0812399927005747,266.39871906567356
2,i64-o128,16,disaggregated,11.528249856,500,35.0,24,1,11,1,128,0.041666666666666664,11.531586978999998,0.08671833302919062,11.099946627736399,2.0812399927005747,266.39871906567356
2,i64-o128,16,disaggregated,11.528249856,500,40.0,24,8,11,8,1024,0.3333333333333333,11.531586978999998,0.6937466642335249,88.79957302189119,2.0812399927005747,266.39871906567356
2,i64-o128,16,disaggregated,11.528249856,500,50.0,24,11,11,24,1408,0.4583333333333333,11.531586978999998,0.9539016633210968,122.0994129051004,2.0812399927005747,266.39871906567356
2,i64-o128,16,disaggregated,11.528249856,500,75.0,24,11,11,24,1408,0.4583333333333333,11.531586978999998,0.9539016633210968,122.0994129051004,2.0812399927005747,266.39871906567356
2,i64-o128,16,disaggregated,11.528249856,1000,25.0,24,0,16,0,0,0.0,11.531586978999998,0.0,0.0,2.0812399927005747,266.39871906567356
2,i64-o128,16,disaggregated,11.528249856,1000,30.0,24,0,16,0,0,0.0,11.531586978999998,0.0,0.0,2.0812399927005747,266.39871906567356
2,i64-o128,16,disaggregated,11.528249856,1000,35.0,24,1,16,1,128,0.041666666666666664,11.531586978999998,0.08671833302919062,11.099946627736399,2.0812399927005747,266.39871906567356
2,i64-o128,16,disaggregated,11.528249856,1000,40.0,24,8,16,8,1024,0.3333333333333333,11.531586978999998,0.6937466642335249,88.79957302189119,2.0812399927005747,266.39871906567356
2,i64-o128,16,disaggregated,11.528249856,1000,50.0,24,16,16,24,2048,0.6666666666666666,11.531586978999998,1.3874933284670499,177.59914604378238,2.0812399927005747,266.39871906567356
2,i64-o128,16,disaggregated,11.528249856,1000,75.0,24,16,16,24,2048,0.6666666666666666,11.531586978999998,1.3874933284670499,177.59914604378238,2.0812399927005747,266.39871906567356
2,i64-o128,16,disaggregated,11.528249856,2000,25.0,24,0,24,0,0,0.0,11.531586978999998,0.0,0.0,2.0812399927005747,266.39871906567356
2,i64-o128,16,disaggregated,11.528249856,2000,30.0,24,0,24,0,0,0.0,11.531586978999998,0.0,0.0,2.0812399927005747,266.39871906567356
2,i64-o128,16,disaggregated,11.528249856,2000,35.0,24,1,24,1,128,0.041666666666666664,11.531586978999998,0.08671833302919062,11.099946627736399,2.0812399927005747,266.39871906567356
2,i64-o128,16,disaggregated,11.528249856,2000,40.0,24,8,24,8,1024,0.3333333333333333,11.531586978999998,0.6937466642335249,88.79957302189119,2.0812399927005747,266.39871906567356
2,i64-o128,16,disaggregated,11.528249856,2000,50.0,24,24,24,24,3072,1.0,11.531586978999998,2.0812399927005747,266.39871906567356,2.0812399927005747,266.39871906567356
2,i64-o128,16,disaggregated,11.528249856,2000,75.0,24,24,24,24,3072,1.0,11.531586978999998,2.0812399927005747,266.39871906567356,2.0812399927005747,266.39871906567356
2,i64-o128,16,disaggregated,11.528249856,5000,25.0,24,0,24,0,0,0.0,11.531586978999998,0.0,0.0,2.0812399927005747,266.39871906567356
2,i64-o128,16,disaggregated,11.528249856,5000,30.0,24,0,24,0,0,0.0,11.531586978999998,0.0,0.0,2.0812399927005747,266.39871906567356
2,i64-o128,16,disaggregated,11.528249856,5000,35.0,24,1,24,1,128,0.041666666666666664,11.531586978999998,0.08671833302919062,11.099946627736399,2.0812399927005747,266.39871906567356
2,i64-o128,16,disaggregated,11.528249856,5000,40.0,24,8,24,8,1024,0.3333333333333333,11.531586978999998,0.6937466642335249,88.79957302189119,2.0812399927005747,266.39871906567356
2,i64-o128,16,disaggregated,11.528249856,5000,50.0,24,24,24,24,3072,1.0,11.531586978999998,2.0812399927005747,266.39871906567356,2.0812399927005747,266.39871906567356
2,i64-o128,16,disaggregated,11.528249856,5000,75.0,24,24,24,24,3072,1.0,11.531586978999998,2.0812399927005747,266.39871906567356,2.0812399927005747,266.39871906567356
2,i64-o128,16,disaggregated,11.528249856,10000,25.0,24,0,24,0,0,0.0,11.531586978999998,0.0,0.0,2.0812399927005747,266.39871906567356
2,i64-o128,16,disaggregated,11.528249856,10000,30.0,24,0,24,0,0,0.0,11.531586978999998,0.0,0.0,2.0812399927005747,266.39871906567356
2,i64-o128,16,disaggregated,11.528249856,10000,35.0,24,1,24,1,128,0.041666666666666664,11.531586978999998,0.08671833302919062,11.099946627736399,2.0812399927005747,266.39871906567356
2,i64-o128,16,disaggregated,11.528249856,10000,40.0,24,8,24,8,1024,0.3333333333333333,11.531586978999998,0.6937466642335249,88.79957302189119,2.0812399927005747,266.39871906567356
2,i64-o128,16,disaggregated,11.528249856,10000,50.0,24,24,24,24,3072,1.0,11.531586978999998,2.0812399927005747,266.39871906567356,2.0812399927005747,266.39871906567356
2,i64-o128,16,disaggregated,11.528249856,10000,75.0,24,24,24,24,3072,1.0,11.531586978999998,2.0812399927005747,266.39871906567356,2.0812399927005747,266.39871906567356
2,i64-o128,16,disaggregated,11.528249856,20000,25.0,24,0,24,0,0,0.0,11.531586978999998,0.0,0.0,2.0812399927005747,266.39871906567356
2,i64-o128,16,disaggregated,11.528249856,20000,30.0,24,0,24,0,0,0.0,11.531586978999998,0.0,0.0,2.0812399927005747,266.39871906567356
2,i64-o128,16,disaggregated,11.528249856,20000,35.0,24,1,24,1,128,0.041666666666666664,11.531586978999998,0.08671833302919062,11.099946627736399,2.0812399927005747,266.39871906567356
2,i64-o128,16,disaggregated,11.528249856,20000,40.0,24,8,24,8,1024,0.3333333333333333,11.531586978999998,0.6937466642335249,88.79957302189119,2.0812399927005747,266.39871906567356
2,i64-o128,16,disaggregated,11.528249856,20000,50.0,24,24,24,24,3072,1.0,11.531586978999998,2.0812399927005747,266.39871906567356,2.0812399927005747,266.39871906567356
2,i64-o128,16,disaggregated,11.528249856,20000,75.0,24,24,24,24,3072,1.0,11.531586978999998,2.0812399927005747,266.39871906567356,2.0812399927005747,266.39871906567356
2,i64-o128,4,disaggregated,27.365150208000003,100,25.0,24,0,0,0,0,0.0,27.367736677000003,0.0,0.0,0.8769450058385622,112.24896074733596
2,i64-o128,4,disaggregated,27.365150208000003,100,30.0,24,0,0,1,0,0.0,27.367736677000003,0.0,0.0,0.8769450058385622,112.24896074733596
2,i64-o128,4,disaggregated,27.365150208000003,100,35.0,24,0,0,23,0,0.0,27.367736677000003,0.0,0.0,0.8769450058385622,112.24896074733596
2,i64-o128,4,disaggregated,27.365150208000003,100,40.0,24,0,0,24,0,0.0,27.367736677000003,0.0,0.0,0.8769450058385622,112.24896074733596
2,i64-o128,4,disaggregated,27.365150208000003,100,50.0,24,0,0,24,0,0.0,27.367736677000003,0.0,0.0,0.8769450058385622,112.24896074733596
2,i64-o128,4,disaggregated,27.365150208000003,100,75.0,24,0,0,24,0,0.0,27.367736677000003,0.0,0.0,0.8769450058385622,112.24896074733596
2,i64-o128,4,disaggregated,27.365150208000003,250,25.0,24,0,15,0,0,0.0,27.367736677000003,0.0,0.0,0.8769450058385622,112.24896074733596
2,i64-o128,4,disaggregated,27.365150208000003,250,30.0,24,0,15,1,0,0.0,27.367736677000003,0.0,0.0,0.8769450058385622,112.24896074733596
2,i64-o128,4,disaggregated,27.365150208000003,250,35.0,24,14,15,23,1792,0.5833333333333334,27.367736677000003,0.511551253405828,65.47856043594598,0.8769450058385622,112.24896074733596
2,i64-o128,4,disaggregated,27.365150208000003,250,40.0,24,15,15,24,1920,0.625,27.367736677000003,0.5480906286491014,70.15560046708498,0.8769450058385622,112.24896074733596
2,i64-o128,4,disaggregated,27.365150208000003,250,50.0,24,15,15,24,1920,0.625,27.367736677000003,0.5480906286491014,70.15560046708498,0.8769450058385622,112.24896074733596
2,i64-o128,4,disaggregated,27.365150208000003,250,75.0,24,15,15,24,1920,0.625,27.367736677000003,0.5480906286491014,70.15560046708498,0.8769450058385622,112.24896074733596
2,i64-o128,4,disaggregated,27.365150208000003,500,25.0,24,0,23,0,0,0.0,27.367736677000003,0.0,0.0,0.8769450058385622,112.24896074733596
2,i64-o128,4,disaggregated,27.365150208000003,500,30.0,24,1,23,1,128,0.041666666666666664,27.367736677000003,0.03653937524327342,4.677040031138998,0.8769450058385622,112.24896074733596
2,i64-o128,4,disaggregated,27.365150208000003,500,35.0,24,22,23,23,2816,0.9166666666666666,27.367736677000003,0.8038662553520153,102.89488068505796,0.8769450058385622,112.24896074733596
2,i64-o128,4,disaggregated,27.365150208000003,500,40.0,24,23,23,24,2944,0.9583333333333334,27.367736677000003,0.8404056305952887,107.57192071619696,0.8769450058385622,112.24896074733596
2,i64-o128,4,disaggregated,27.365150208000003,500,50.0,24,23,23,24,2944,0.9583333333333334,27.367736677000003,0.8404056305952887,107.57192071619696,0.8769450058385622,112.24896074733596
2,i64-o128,4,disaggregated,27.365150208000003,500,75.0,24,23,23,24,2944,0.9583333333333334,27.367736677000003,0.8404056305952887,107.57192071619696,0.8769450058385622,112.24896074733596
2,i64-o128,4,disaggregated,27.365150208000003,1000,25.0,24,0,24,0,0,0.0,27.367736677000003,0.0,0.0,0.8769450058385622,112.24896074733596
2,i64-o128,4,disaggregated,27.365150208000003,1000,30.0,24,1,24,1,128,0.041666666666666664,27.367736677000003,0.03653937524327342,4.677040031138998,0.8769450058385622,112.24896074733596
2,i64-o128,4,disaggregated,27.365150208000003,1000,35.0,24,23,24,23,2944,0.9583333333333334,27.367736677000003,0.8404056305952887,107.57192071619696,0.8769450058385622,112.24896074733596
2,i64-o128,4,disaggregated,27.365150208000003,1000,40.0,24,24,24,24,3072,1.0,27.367736677000003,0.8769450058385622,112.24896074733596,0.8769450058385622,112.24896074733596
2,i64-o128,4,disaggregated,27.365150208000003,1000,50.0,24,24,24,24,3072,1.0,27.367736677000003,0.8769450058385622,112.24896074733596,0.8769450058385622,112.24896074733596
2,i64-o128,4,disaggregated,27.365150208000003,1000,75.0,24,24,24,24,3072,1.0,27.367736677000003,0.8769450058385622,112.24896074733596,0.8769450058385622,112.24896074733596
2,i64-o128,4,disaggregated,27.365150208000003,2000,25.0,24,0,24,0,0,0.0,27.367736677000003,0.0,0.0,0.8769450058385622,112.24896074733596
2,i64-o128,4,disaggregated,27.365150208000003,2000,30.0,24,1,24,1,128,0.041666666666666664,27.367736677000003,0.03653937524327342,4.677040031138998,0.8769450058385622,112.24896074733596
2,i64-o128,4,disaggregated,27.365150208000003,2000,35.0,24,23,24,23,2944,0.9583333333333334,27.367736677000003,0.8404056305952887,107.57192071619696,0.8769450058385622,112.24896074733596
2,i64-o128,4,disaggregated,27.365150208000003,2000,40.0,24,24,24,24,3072,1.0,27.367736677000003,0.8769450058385622,112.24896074733596,0.8769450058385622,112.24896074733596
2,i64-o128,4,disaggregated,27.365150208000003,2000,50.0,24,24,24,24,3072,1.0,27.367736677000003,0.8769450058385622,112.24896074733596,0.8769450058385622,112.24896074733596
2,i64-o128,4,disaggregated,27.365150208000003,2000,75.0,24,24,24,24,3072,1.0,27.367736677000003,0.8769450058385622,112.24896074733596,0.8769450058385622,112.24896074733596
2,i64-o128,4,disaggregated,27.365150208000003,5000,25.0,24,0,24,0,0,0.0,27.367736677000003,0.0,0.0,0.8769450058385622,112.24896074733596
2,i64-o128,4,disaggregated,27.365150208000003,5000,30.0,24,1,24,1,128,0.041666666666666664,27.367736677000003,0.03653937524327342,4.677040031138998,0.8769450058385622,112.24896074733596
2,i64-o128,4,disaggregated,27.365150208000003,5000,35.0,24,23,24,23,2944,0.9583333333333334,27.367736677000003,0.8404056305952887,107.57192071619696,0.8769450058385622,112.24896074733596
2,i64-o128,4,disaggregated,27.365150208000003,5000,40.0,24,24,24,24,3072,1.0,27.367736677000003,0.8769450058385622,112.24896074733596,0.8769450058385622,112.24896074733596
2,i64-o128,4,disaggregated,27.365150208000003,5000,50.0,24,24,24,24,3072,1.0,27.367736677000003,0.8769450058385622,112.24896074733596,0.8769450058385622,112.24896074733596
2,i64-o128,4,disaggregated,27.365150208000003,5000,75.0,24,24,24,24,3072,1.0,27.367736677000003,0.8769450058385622,112.24896074733596,0.8769450058385622,112.24896074733596
2,i64-o128,4,disaggregated,27.365150208000003,10000,25.0,24,0,24,0,0,0.0,27.367736677000003,0.0,0.0,0.8769450058385622,112.24896074733596
2,i64-o128,4,disaggregated,27.365150208000003,10000,30.0,24,1,24,1,128,0.041666666666666664,27.367736677000003,0.03653937524327342,4.677040031138998,0.8769450058385622,112.24896074733596
2,i64-o128,4,disaggregated,27.365150208000003,10000,35.0,24,23,24,23,2944,0.9583333333333334,27.367736677000003,0.8404056305952887,107.57192071619696,0.8769450058385622,112.24896074733596
2,i64-o128,4,disaggregated,27.365150208000003,10000,40.0,24,24,24,24,3072,1.0,27.367736677000003,0.8769450058385622,112.24896074733596,0.8769450058385622,112.24896074733596
2,i64-o128,4,disaggregated,27.365150208000003,10000,50.0,24,24,24,24,3072,1.0,27.367736677000003,0.8769450058385622,112.24896074733596,0.8769450058385622,112.24896074733596
2,i64-o128,4,disaggregated,27.365150208000003,10000,75.0,24,24,24,24,3072,1.0,27.367736677000003,0.8769450058385622,112.24896074733596,0.8769450058385622,112.24896074733596
2,i64-o128,4,disaggregated,27.365150208000003,20000,25.0,24,0,24,0,0,0.0,27.367736677000003,0.0,0.0,0.8769450058385622,112.24896074733596
2,i64-o128,4,disaggregated,27.365150208000003,20000,30.0,24,1,24,1,128,0.041666666666666664,27.367736677000003,0.03653937524327342,4.677040031138998,0.8769450058385622,112.24896074733596
2,i64-o128,4,disaggregated,27.365150208000003,20000,35.0,24,23,24,23,2944,0.9583333333333334,27.367736677000003,0.8404056305952887,107.57192071619696,0.8769450058385622,112.24896074733596
2,i64-o128,4,disaggregated,27.365150208000003,20000,40.0,24,24,24,24,3072,1.0,27.367736677000003,0.8769450058385622,112.24896074733596,0.8769450058385622,112.24896074733596
2,i64-o128,4,disaggregated,27.365150208000003,20000,50.0,24,24,24,24,3072,1.0,27.367736677000003,0.8769450058385622,112.24896074733596,0.8769450058385622,112.24896074733596
2,i64-o128,4,disaggregated,27.365150208000003,20000,75.0,24,24,24,24,3072,1.0,27.367736677000003,0.8769450058385622,112.24896074733596,0.8769450058385622,112.24896074733596
2,i64-o16,16,disaggregated,3.155303936,100,25.0,24,0,0,1,0,0.0,3.158003765,0.0,0.0,7.599737614625674,121.59580183401079
2,i64-o16,16,disaggregated,3.155303936,100,30.0,24,0,0,5,0,0.0,3.158003765,0.0,0.0,7.599737614625674,121.59580183401079
2,i64-o16,16,disaggregated,3.155303936,100,35.0,24,0,0,23,0,0.0,3.158003765,0.0,0.0,7.599737614625674,121.59580183401079
2,i64-o16,16,disaggregated,3.155303936,100,40.0,24,0,0,24,0,0.0,3.158003765,0.0,0.0,7.599737614625674,121.59580183401079
2,i64-o16,16,disaggregated,3.155303936,100,50.0,24,0,0,24,0,0.0,3.158003765,0.0,0.0,7.599737614625674,121.59580183401079
2,i64-o16,16,disaggregated,3.155303936,100,75.0,24,0,0,24,0,0.0,3.158003765,0.0,0.0,7.599737614625674,121.59580183401079
2,i64-o16,16,disaggregated,3.155303936,250,25.0,24,0,1,1,0,0.0,3.158003765,0.0,0.0,7.599737614625674,121.59580183401079
2,i64-o16,16,disaggregated,3.155303936,250,30.0,24,0,1,5,0,0.0,3.158003765,0.0,0.0,7.599737614625674,121.59580183401079
2,i64-o16,16,disaggregated,3.155303936,250,35.0,24,1,1,23,16,0.041666666666666664,3.158003765,0.31665573394273644,5.066491743083783,7.599737614625674,121.59580183401079
2,i64-o16,16,disaggregated,3.155303936,250,40.0,24,1,1,24,16,0.041666666666666664,3.158003765,0.31665573394273644,5.066491743083783,7.599737614625674,121.59580183401079
2,i64-o16,16,disaggregated,3.155303936,250,50.0,24,1,1,24,16,0.041666666666666664,3.158003765,0.31665573394273644,5.066491743083783,7.599737614625674,121.59580183401079
2,i64-o16,16,disaggregated,3.155303936,250,75.0,24,1,1,24,16,0.041666666666666664,3.158003765,0.31665573394273644,5.066491743083783,7.599737614625674,121.59580183401079
2,i64-o16,16,disaggregated,3.155303936,500,25.0,24,0,3,1,0,0.0,3.158003765,0.0,0.0,7.599737614625674,121.59580183401079
2,i64-o16,16,disaggregated,3.155303936,500,30.0,24,0,3,5,0,0.0,3.158003765,0.0,0.0,7.599737614625674,121.59580183401079
2,i64-o16,16,disaggregated,3.155303936,500,35.0,24,3,3,23,48,0.125,3.158003765,0.9499672018282093,15.199475229251348,7.599737614625674,121.59580183401079
2,i64-o16,16,disaggregated,3.155303936,500,40.0,24,3,3,24,48,0.125,3.158003765,0.9499672018282093,15.199475229251348,7.599737614625674,121.59580183401079
2,i64-o16,16,disaggregated,3.155303936,500,50.0,24,3,3,24,48,0.125,3.158003765,0.9499672018282093,15.199475229251348,7.599737614625674,121.59580183401079
2,i64-o16,16,disaggregated,3.155303936,500,75.0,24,3,3,24,48,0.125,3.158003765,0.9499672018282093,15.199475229251348,7.599737614625674,121.59580183401079
2,i64-o16,16,disaggregated,3.155303936,1000,25.0,24,0,7,1,0,0.0,3.158003765,0.0,0.0,7.599737614625674,121.59580183401079
2,i64-o16,16,disaggregated,3.155303936,1000,30.0,24,1,7,5,16,0.041666666666666664,3.158003765,0.31665573394273644,5.066491743083783,7.599737614625674,121.59580183401079
2,i64-o16,16,disaggregated,3.155303936,1000,35.0,24,7,7,23,112,0.2916666666666667,3.158003765,2.2165901375991552,35.465442201586484,7.599737614625674,121.59580183401079
2,i64-o16,16,disaggregated,3.155303936,1000,40.0,24,7,7,24,112,0.2916666666666667,3.158003765,2.2165901375991552,35.465442201586484,7.599737614625674,121.59580183401079
2,i64-o16,16,disaggregated,3.155303936,1000,50.0,24,7,7,24,112,0.2916666666666667,3.158003765,2.2165901375991552,35.465442201586484,7.599737614625674,121.59580183401079
2,i64-o16,16,disaggregated,3.155303936,1000,75.0,24,7,7,24,112,0.2916666666666667,3.158003765,2.2165901375991552,35.465442201586484,7.599737614625674,121.59580183401079
2,i64-o16,16,disaggregated,3.155303936,2000,25.0,24,1,24,1,16,0.041666666666666664,3.158003765,0.31665573394273644,5.066491743083783,7.599737614625674,121.59580183401079
2,i64-o16,16,disaggregated,3.155303936,2000,30.0,24,5,24,5,80,0.20833333333333334,3.158003765,1.5832786697136823,25.332458715418916,7.599737614625674,121.59580183401079
2,i64-o16,16,disaggregated,3.155303936,2000,35.0,24,23,24,23,368,0.9583333333333334,3.158003765,7.283081880682938,116.52931009092701,7.599737614625674,121.59580183401079
2,i64-o16,16,disaggregated,3.155303936,2000,40.0,24,24,24,24,384,1.0,3.158003765,7.599737614625674,121.59580183401079,7.599737614625674,121.59580183401079
2,i64-o16,16,disaggregated,3.155303936,2000,50.0,24,24,24,24,384,1.0,3.158003765,7.599737614625674,121.59580183401079,7.599737614625674,121.59580183401079
2,i64-o16,16,disaggregated,3.155303936,2000,75.0,24,24,24,24,384,1.0,3.158003765,7.599737614625674,121.59580183401079,7.599737614625674,121.59580183401079
2,i64-o16,16,disaggregated,3.155303936,5000,25.0,24,1,24,1,16,0.041666666666666664,3.158003765,0.31665573394273644,5.066491743083783,7.599737614625674,121.59580183401079
2,i64-o16,16,disaggregated,3.155303936,5000,30.0,24,5,24,5,80,0.20833333333333334,3.158003765,1.5832786697136823,25.332458715418916,7.599737614625674,121.59580183401079
2,i64-o16,16,disaggregated,3.155303936,5000,35.0,24,23,24,23,368,0.9583333333333334,3.158003765,7.283081880682938,116.52931009092701,7.599737614625674,121.59580183401079
2,i64-o16,16,disaggregated,3.155303936,5000,40.0,24,24,24,24,384,1.0,3.158003765,7.599737614625674,121.59580183401079,7.599737614625674,121.59580183401079
2,i64-o16,16,disaggregated,3.155303936,5000,50.0,24,24,24,24,384,1.0,3.158003765,7.599737614625674,121.59580183401079,7.599737614625674,121.59580183401079
2,i64-o16,16,disaggregated,3.155303936,5000,75.0,24,24,24,24,384,1.0,3.158003765,7.599737614625674,121.59580183401079,7.599737614625674,121.59580183401079
2,i64-o16,16,disaggregated,3.155303936,10000,25.0,24,1,24,1,16,0.041666666666666664,3.158003765,0.31665573394273644,5.066491743083783,7.599737614625674,121.59580183401079
2,i64-o16,16,disaggregated,3.155303936,10000,30.0,24,5,24,5,80,0.20833333333333334,3.158003765,1.5832786697136823,25.332458715418916,7.599737614625674,121.59580183401079
2,i64-o16,16,disaggregated,3.155303936,10000,35.0,24,23,24,23,368,0.9583333333333334,3.158003765,7.283081880682938,116.52931009092701,7.599737614625674,121.59580183401079
2,i64-o16,16,disaggregated,3.155303936,10000,40.0,24,24,24,24,384,1.0,3.158003765,7.599737614625674,121.59580183401079,7.599737614625674,121.59580183401079
2,i64-o16,16,disaggregated,3.155303936,10000,50.0,24,24,24,24,384,1.0,3.158003765,7.599737614625674,121.59580183401079,7.599737614625674,121.59580183401079
2,i64-o16,16,disaggregated,3.155303936,10000,75.0,24,24,24,24,384,1.0,3.158003765,7.599737614625674,121.59580183401079,7.599737614625674,121.59580183401079
2,i64-o16,16,disaggregated,3.155303936,20000,25.0,24,1,24,1,16,0.041666666666666664,3.158003765,0.31665573394273644,5.066491743083783,7.599737614625674,121.59580183401079
2,i64-o16,16,disaggregated,3.155303936,20000,30.0,24,5,24,5,80,0.20833333333333334,3.158003765,1.5832786697136823,25.332458715418916,7.599737614625674,121.59580183401079
2,i64-o16,16,disaggregated,3.155303936,20000,35.0,24,23,24,23,368,0.9583333333333334,3.158003765,7.283081880682938,116.52931009092701,7.599737614625674,121.59580183401079
2,i64-o16,16,disaggregated,3.155303936,20000,40.0,24,24,24,24,384,1.0,3.158003765,7.599737614625674,121.59580183401079,7.599737614625674,121.59580183401079
2,i64-o16,16,disaggregated,3.155303936,20000,50.0,24,24,24,24,384,1.0,3.158003765,7.599737614625674,121.59580183401079,7.599737614625674,121.59580183401079
2,i64-o16,16,disaggregated,3.155303936,20000,75.0,24,24,24,24,384,1.0,3.158003765,7.599737614625674,121.59580183401079,7.599737614625674,121.59580183401079
2,i64-o16,4,disaggregated,4.440043264000001,100,25.0,24,0,0,2,0,0.0,4.444398522,0.0,0.0,5.4000557963465186,86.4008927415443
2,i64-o16,4,disaggregated,4.440043264000001,100,30.0,24,0,0,15,0,0.0,4.444398522,0.0,0.0,5.4000557963465186,86.4008927415443
2,i64-o16,4,disaggregated,4.440043264000001,100,35.0,24,0,0,24,0,0.0,4.444398522,0.0,0.0,5.4000557963465186,86.4008927415443
2,i64-o16,4,disaggregated,4.440043264000001,100,40.0,24,0,0,24,0,0.0,4.444398522,0.0,0.0,5.4000557963465186,86.4008927415443
2,i64-o16,4,disaggregated,4.440043264000001,100,50.0,24,0,0,24,0,0.0,4.444398522,0.0,0.0,5.4000557963465186,86.4008927415443
2,i64-o16,4,disaggregated,4.440043264000001,100,75.0,24,0,0,24,0,0.0,4.444398522,0.0,0.0,5.4000557963465186,86.4008927415443
2,i64-o16,4,disaggregated,4.440043264000001,250,25.0,24,0,13,2,0,0.0,4.444398522,0.0,0.0,5.4000557963465186,86.4008927415443
2,i64-o16,4,disaggregated,4.440043264000001,250,30.0,24,7,13,15,112,0.2916666666666667,4.444398522,1.5750162739344011,25.200260382950418,5.4000557963465186,86.4008927415443
2,i64-o16,4,disaggregated,4.440043264000001,250,35.0,24,13,13,24,208,0.5416666666666666,4.444398522,2.9250302230210306,46.80048356833649,5.4000557963465186,86.4008927415443
2,i64-o16,4,disaggregated,4.440043264000001,250,40.0,24,13,13,24,208,0.5416666666666666,4.444398522,2.9250302230210306,46.80048356833649,5.4000557963465186,86.4008927415443
2,i64-o16,4,disaggregated,4.440043264000001,250,50.0,24,13,13,24,208,0.5416666666666666,4.444398522,2.9250302230210306,46.80048356833649,5.4000557963465186,86.4008927415443
2,i64-o16,4,disaggregated,4.440043264000001,250,75.0,24,13,13,24,208,0.5416666666666666,4.444398522,2.9250302230210306,46.80048356833649,5.4000557963465186,86.4008927415443
2,i64-o16,4,disaggregated,4.440043264000001,500,25.0,24,2,23,2,32,0.08333333333333333,4.444398522,0.4500046496955432,7.200074395128691,5.4000557963465186,86.4008927415443
2,i64-o16,4,disaggregated,4.440043264000001,500,30.0,24,15,23,15,240,0.625,4.444398522,3.375034872716574,54.000557963465184,5.4000557963465186,86.4008927415443
2,i64-o16,4,disaggregated,4.440043264000001,500,35.0,24,23,23,24,368,0.9583333333333334,4.444398522,5.175053471498747,82.80085554397995,5.4000557963465186,86.4008927415443
2,i64-o16,4,disaggregated,4.440043264000001,500,40.0,24,23,23,24,368,0.9583333333333334,4.444398522,5.175053471498747,82.80085554397995,5.4000557963465186,86.4008927415443
2,i64-o16,4,disaggregated,4.440043264000001,500,50.0,24,23,23,24,368,0.9583333333333334,4.444398522,5.175053471498747,82.80085554397995,5.4000557963465186,86.4008927415443
2,i64-o16,4,disaggregated,4.440043264000001,500,75.0,24,23,23,24,368,0.9583333333333334,4.444398522,5.175053471498747,82.80085554397995,5.4000557963465186,86.4008927415443
2,i64-o16,4,disaggregated,4.440043264000001,1000,25.0,24,2,24,2,32,0.08333333333333333,4.444398522,0.4500046496955432,7.200074395128691,5.4000557963465186,86.4008927415443
2,i64-o16,4,disaggregated,4.440043264000001,1000,30.0,24,15,24,15,240,0.625,4.444398522,3.375034872716574,54.000557963465184,5.4000557963465186,86.4008927415443
2,i64-o16,4,disaggregated,4.440043264000001,1000,35.0,24,24,24,24,384,1.0,4.444398522,5.4000557963465186,86.4008927415443,5.4000557963465186,86.4008927415443
2,i64-o16,4,disaggregated,4.440043264000001,1000,40.0,24,24,24,24,384,1.0,4.444398522,5.4000557963465186,86.4008927415443,5.4000557963465186,86.4008927415443
2,i64-o16,4,disaggregated,4.440043264000001,1000,50.0,24,24,24,24,384,1.0,4.444398522,5.4000557963465186,86.4008927415443,5.4000557963465186,86.4008927415443
2,i64-o16,4,disaggregated,4.440043264000001,1000,75.0,24,24,24,24,384,1.0,4.444398522,5.4000557963465186,86.4008927415443,5.4000557963465186,86.4008927415443
2,i64-o16,4,disaggregated,4.440043264000001,2000,25.0,24,2,24,2,32,0.08333333333333333,4.444398522,0.4500046496955432,7.200074395128691,5.4000557963465186,86.4008927415443
2,i64-o16,4,disaggregated,4.440043264000001,2000,30.0,24,15,24,15,240,0.625,4.444398522,3.375034872716574,54.000557963465184,5.4000557963465186,86.4008927415443
2,i64-o16,4,disaggregated,4.440043264000001,2000,35.0,24,24,24,24,384,1.0,4.444398522,5.4000557963465186,86.4008927415443,5.4000557963465186,86.4008927415443
2,i64-o16,4,disaggregated,4.440043264000001,2000,40.0,24,24,24,24,384,1.0,4.444398522,5.4000557963465186,86.4008927415443,5.4000557963465186,86.4008927415443
2,i64-o16,4,disaggregated,4.440043264000001,2000,50.0,24,24,24,24,384,1.0,4.444398522,5.4000557963465186,86.4008927415443,5.4000557963465186,86.4008927415443
2,i64-o16,4,disaggregated,4.440043264000001,2000,75.0,24,24,24,24,384,1.0,4.444398522,5.4000557963465186,86.4008927415443,5.4000557963465186,86.4008927415443
2,i64-o16,4,disaggregated,4.440043264000001,5000,25.0,24,2,24,2,32,0.08333333333333333,4.444398522,0.4500046496955432,7.200074395128691,5.4000557963465186,86.4008927415443
2,i64-o16,4,disaggregated,4.440043264000001,5000,30.0,24,15,24,15,240,0.625,4.444398522,3.375034872716574,54.000557963465184,5.4000557963465186,86.4008927415443
2,i64-o16,4,disaggregated,4.440043264000001,5000,35.0,24,24,24,24,384,1.0,4.444398522,5.4000557963465186,86.4008927415443,5.4000557963465186,86.4008927415443
2,i64-o16,4,disaggregated,4.440043264000001,5000,40.0,24,24,24,24,384,1.0,4.444398522,5.4000557963465186,86.4008927415443,5.4000557963465186,86.4008927415443
2,i64-o16,4,disaggregated,4.440043264000001,5000,50.0,24,24,24,24,384,1.0,4.444398522,5.4000557963465186,86.4008927415443,5.4000557963465186,86.4008927415443
2,i64-o16,4,disaggregated,4.440043264000001,5000,75.0,24,24,24,24,384,1.0,4.444398522,5.4000557963465186,86.4008927415443,5.4000557963465186,86.4008927415443
2,i64-o16,4,disaggregated,4.440043264000001,10000,25.0,24,2,24,2,32,0.08333333333333333,4.444398522,0.4500046496955432,7.200074395128691,5.4000557963465186,86.4008927415443
2,i64-o16,4,disaggregated,4.440043264000001,10000,30.0,24,15,24,15,240,0.625,4.444398522,3.375034872716574,54.000557963465184,5.4000557963465186,86.4008927415443
2,i64-o16,4,disaggregated,4.440043264000001,10000,35.0,24,24,24,24,384,1.0,4.444398522,5.4000557963465186,86.4008927415443,5.4000557963465186,86.4008927415443
2,i64-o16,4,disaggregated,4.440043264000001,10000,40.0,24,24,24,24,384,1.0,4.444398522,5.4000557963465186,86.4008927415443,5.4000557963465186,86.4008927415443
2,i64-o16,4,disaggregated,4.440043264000001,10000,50.0,24,24,24,24,384,1.0,4.444398522,5.4000557963465186,86.4008927415443,5.4000557963465186,86.4008927415443
2,i64-o16,4,disaggregated,4.440043264000001,10000,75.0,24,24,24,24,384,1.0,4.444398522,5.4000557963465186,86.4008927415443,5.4000557963465186,86.4008927415443
2,i64-o16,4,disaggregated,4.440043264000001,20000,25.0,24,2,24,2,32,0.08333333333333333,4.444398522,0.4500046496955432,7.200074395128691,5.4000557963465186,86.4008927415443
2,i64-o16,4,disaggregated,4.440043264000001,20000,30.0,24,15,24,15,240,0.625,4.444398522,3.375034872716574,54.000557963465184,5.4000557963465186,86.4008927415443
2,i64-o16,4,disaggregated,4.440043264000001,20000,35.0,24,24,24,24,384,1.0,4.444398522,5.4000557963465186,86.4008927415443,5.4000557963465186,86.4008927415443
2,i64-o16,4,disaggregated,4.440043264000001,20000,40.0,24,24,24,24,384,1.0,4.444398522,5.4000557963465186,86.4008927415443,5.4000557963465186,86.4008927415443
2,i64-o16,4,disaggregated,4.440043264000001,20000,50.0,24,24,24,24,384,1.0,4.444398522,5.4000557963465186,86.4008927415443,5.4000557963465186,86.4008927415443
2,i64-o16,4,disaggregated,4.440043264000001,20000,75.0,24,24,24,24,384,1.0,4.444398522,5.4000557963465186,86.4008927415443,5.4000557963465186,86.4008927415443
2,i704-o128,16,disaggregated,23.648620288,100,25.0,24,0,0,0,0,0.0,23.651986303,0.0,0.0,1.0147139311067441,129.88338318166325
2,i704-o128,16,disaggregated,23.648620288,100,30.0,24,0,0,0,0,0.0,23.651986303,0.0,0.0,1.0147139311067441,129.88338318166325
2,i704-o128,16,disaggregated,23.648620288,100,35.0,24,0,0,11,0,0.0,23.651986303,0.0,0.0,1.0147139311067441,129.88338318166325
2,i704-o128,16,disaggregated,23.648620288,100,40.0,24,0,0,24,0,0.0,23.651986303,0.0,0.0,1.0147139311067441,129.88338318166325
2,i704-o128,16,disaggregated,23.648620288,100,50.0,24,0,0,24,0,0.0,23.651986303,0.0,0.0,1.0147139311067441,129.88338318166325
2,i704-o128,16,disaggregated,23.648620288,100,75.0,24,0,0,24,0,0.0,23.651986303,0.0,0.0,1.0147139311067441,129.88338318166325
2,i704-o128,16,disaggregated,23.648620288,250,25.0,24,0,0,0,0,0.0,23.651986303,0.0,0.0,1.0147139311067441,129.88338318166325
2,i704-o128,16,disaggregated,23.648620288,250,30.0,24,0,0,0,0,0.0,23.651986303,0.0,0.0,1.0147139311067441,129.88338318166325
2,i704-o128,16,disaggregated,23.648620288,250,35.0,24,0,0,11,0,0.0,23.651986303,0.0,0.0,1.0147139311067441,129.88338318166325
2,i704-o128,16,disaggregated,23.648620288,250,40.0,24,0,0,24,0,0.0,23.651986303,0.0,0.0,1.0147139311067441,129.88338318166325
2,i704-o128,16,disaggregated,23.648620288,250,50.0,24,0,0,24,0,0.0,23.651986303,0.0,0.0,1.0147139311067441,129.88338318166325
2,i704-o128,16,disaggregated,23.648620288,250,75.0,24,0,0,24,0,0.0,23.651986303,0.0,0.0,1.0147139311067441,129.88338318166325
2,i704-o128,16,disaggregated,23.648620288,500,25.0,24,0,0,0,0,0.0,23.651986303,0.0,0.0,1.0147139311067441,129.88338318166325
2,i704-o128,16,disaggregated,23.648620288,500,30.0,24,0,0,0,0,0.0,23.651986303,0.0,0.0,1.0147139311067441,129.88338318166325
2,i704-o128,16,disaggregated,23.648620288,500,35.0,24,0,0,11,0,0.0,23.651986303,0.0,0.0,1.0147139311067441,129.88338318166325
2,i704-o128,16,disaggregated,23.648620288,500,40.0,24,0,0,24,0,0.0,23.651986303,0.0,0.0,1.0147139311067441,129.88338318166325
2,i704-o128,16,disaggregated,23.648620288,500,50.0,24,0,0,24,0,0.0,23.651986303,0.0,0.0,1.0147139311067441,129.88338318166325
2,i704-o128,16,disaggregated,23.648620288,500,75.0,24,0,0,24,0,0.0,23.651986303,0.0,0.0,1.0147139311067441,129.88338318166325
2,i704-o128,16,disaggregated,23.648620288,1000,25.0,24,0,1,0,0,0.0,23.651986303,0.0,0.0,1.0147139311067441,129.88338318166325
2,i704-o128,16,disaggregated,23.648620288,1000,30.0,24,0,1,0,0,0.0,23.651986303,0.0,0.0,1.0147139311067441,129.88338318166325
2,i704-o128,16,disaggregated,23.648620288,1000,35.0,24,1,1,11,128,0.041666666666666664,23.651986303,0.042279747129447674,5.411807632569302,1.0147139311067441,129.88338318166325
2,i704-o128,16,disaggregated,23.648620288,1000,40.0,24,1,1,24,128,0.041666666666666664,23.651986303,0.042279747129447674,5.411807632569302,1.0147139311067441,129.88338318166325
2,i704-o128,16,disaggregated,23.648620288,1000,50.0,24,1,1,24,128,0.041666666666666664,23.651986303,0.042279747129447674,5.411807632569302,1.0147139311067441,129.88338318166325
2,i704-o128,16,disaggregated,23.648620288,1000,75.0,24,1,1,24,128,0.041666666666666664,23.651986303,0.042279747129447674,5.411807632569302,1.0147139311067441,129.88338318166325
2,i704-o128,16,disaggregated,23.648620288,2000,25.0,24,0,2,0,0,0.0,23.651986303,0.0,0.0,1.0147139311067441,129.88338318166325
2,i704-o128,16,disaggregated,23.648620288,2000,30.0,24,0,2,0,0,0.0,23.651986303,0.0,0.0,1.0147139311067441,129.88338318166325
2,i704-o128,16,disaggregated,23.648620288,2000,35.0,24,2,2,11,256,0.08333333333333333,23.651986303,0.08455949425889535,10.823615265138605,1.0147139311067441,129.88338318166325
2,i704-o128,16,disaggregated,23.648620288,2000,40.0,24,2,2,24,256,0.08333333333333333,23.651986303,0.08455949425889535,10.823615265138605,1.0147139311067441,129.88338318166325
2,i704-o128,16,disaggregated,23.648620288,2000,50.0,24,2,2,24,256,0.08333333333333333,23.651986303,0.08455949425889535,10.823615265138605,1.0147139311067441,129.88338318166325
2,i704-o128,16,disaggregated,23.648620288,2000,75.0,24,2,2,24,256,0.08333333333333333,23.651986303,0.08455949425889535,10.823615265138605,1.0147139311067441,129.88338318166325
2,i704-o128,16,disaggregated,23.648620288,5000,25.0,24,0,6,0,0,0.0,23.651986303,0.0,0.0,1.0147139311067441,129.88338318166325
2,i704-o128,16,disaggregated,23.648620288,5000,30.0,24,0,6,0,0,0.0,23.651986303,0.0,0.0,1.0147139311067441,129.88338318166325
2,i704-o128,16,disaggregated,23.648620288,5000,35.0,24,2,6,11,256,0.08333333333333333,23.651986303,0.08455949425889535,10.823615265138605,1.0147139311067441,129.88338318166325
2,i704-o128,16,disaggregated,23.648620288,5000,40.0,24,6,6,24,768,0.25,23.651986303,0.25367848277668603,32.47084579541581,1.0147139311067441,129.88338318166325
2,i704-o128,16,disaggregated,23.648620288,5000,50.0,24,6,6,24,768,0.25,23.651986303,0.25367848277668603,32.47084579541581,1.0147139311067441,129.88338318166325
2,i704-o128,16,disaggregated,23.648620288,5000,75.0,24,6,6,24,768,0.25,23.651986303,0.25367848277668603,32.47084579541581,1.0147139311067441,129.88338318166325
2,i704-o128,16,disaggregated,23.648620288,10000,25.0,24,0,20,0,0,0.0,23.651986303,0.0,0.0,1.0147139311067441,129.88338318166325
2,i704-o128,16,disaggregated,23.648620288,10000,30.0,24,0,20,0,0,0.0,23.651986303,0.0,0.0,1.0147139311067441,129.88338318166325
2,i704-o128,16,disaggregated,23.648620288,10000,35.0,24,8,20,11,1024,0.3333333333333333,23.651986303,0.3382379770355814,43.29446106055442,1.0147139311067441,129.88338318166325
2,i704-o128,16,disaggregated,23.648620288,10000,40.0,24,20,20,24,2560,0.8333333333333334,23.651986303,0.8455949425889535,108.23615265138605,1.0147139311067441,129.88338318166325
2,i704-o128,16,disaggregated,23.648620288,10000,50.0,24,20,20,24,2560,0.8333333333333334,23.651986303,0.8455949425889535,108.23615265138605,1.0147139311067441,129.88338318166325
2,i704-o128,16,disaggregated,23.648620288,10000,75.0,24,20,20,24,2560,0.8333333333333334,23.651986303,0.8455949425889535,108.23615265138605,1.0147139311067441,129.88338318166325
2,i704-o128,16,disaggregated,23.648620288,20000,25.0,24,0,24,0,0,0.0,23.651986303,0.0,0.0,1.0147139311067441,129.88338318166325
2,i704-o128,16,disaggregated,23.648620288,20000,30.0,24,0,24,0,0,0.0,23.651986303,0.0,0.0,1.0147139311067441,129.88338318166325
2,i704-o128,16,disaggregated,23.648620288,20000,35.0,24,11,24,11,1408,0.4583333333333333,23.651986303,0.4650772184239244,59.529883958262324,1.0147139311067441,129.88338318166325
2,i704-o128,16,disaggregated,23.648620288,20000,40.0,24,24,24,24,3072,1.0,23.651986303,1.0147139311067441,129.88338318166325,1.0147139311067441,129.88338318166325
2,i704-o128,16,disaggregated,23.648620288,20000,50.0,24,24,24,24,3072,1.0,23.651986303,1.0147139311067441,129.88338318166325,1.0147139311067441,129.88338318166325
2,i704-o128,16,disaggregated,23.648620288,20000,75.0,24,24,24,24,3072,1.0,23.651986303,1.0147139311067441,129.88338318166325,1.0147139311067441,129.88338318166325
2,i704-o128,4,disaggregated,33.370777344000004,100,25.0,24,0,0,0,0,0.0,33.373863364,0.0,0.0,0.7191256145037294,92.04807865647736
2,i704-o128,4,disaggregated,33.370777344000004,100,30.0,24,0,0,2,0,0.0,33.373863364,0.0,0.0,0.7191256145037294,92.04807865647736
2,i704-o128,4,disaggregated,33.370777344000004,100,35.0,24,0,0,24,0,0.0,33.373863364,0.0,0.0,0.7191256145037294,92.04807865647736
2,i704-o128,4,disaggregated,33.370777344000004,100,40.0,24,0,0,24,0,0.0,33.373863364,0.0,0.0,0.7191256145037294,92.04807865647736
2,i704-o128,4,disaggregated,33.370777344000004,100,50.0,24,0,0,24,0,0.0,33.373863364,0.0,0.0,0.7191256145037294,92.04807865647736
2,i704-o128,4,disaggregated,33.370777344000004,100,75.0,24,0,0,24,0,0.0,33.373863364,0.0,0.0,0.7191256145037294,92.04807865647736
2,i704-o128,4,disaggregated,33.370777344000004,250,25.0,24,0,0,0,0,0.0,33.373863364,0.0,0.0,0.7191256145037294,92.04807865647736
2,i704-o128,4,disaggregated,33.370777344000004,250,30.0,24,0,0,2,0,0.0,33.373863364,0.0,0.0,0.7191256145037294,92.04807865647736
2,i704-o128,4,disaggregated,33.370777344000004,250,35.0,24,0,0,24,0,0.0,33.373863364,0.0,0.0,0.7191256145037294,92.04807865647736
2,i704-o128,4,disaggregated,33.370777344000004,250,40.0,24,0,0,24,0,0.0,33.373863364,0.0,0.0,0.7191256145037294,92.04807865647736
2,i704-o128,4,disaggregated,33.370777344000004,250,50.0,24,0,0,24,0,0.0,33.373863364,0.0,0.0,0.7191256145037294,92.04807865647736
2,i704-o128,4,disaggregated,33.370777344000004,250,75.0,24,0,0,24,0,0.0,33.373863364,0.0,0.0,0.7191256145037294,92.04807865647736
2,i704-o128,4,disaggregated,33.370777344000004,500,25.0,24,0,0,0,0,0.0,33.373863364,0.0,0.0,0.7191256145037294,92.04807865647736
2,i704-o128,4,disaggregated,33.370777344000004,500,30.0,24,0,0,2,0,0.0,33.373863364,0.0,0.0,0.7191256145037294,92.04807865647736
2,i704-o128,4,disaggregated,33.370777344000004,500,35.0,24,0,0,24,0,0.0,33.373863364,0.0,0.0,0.7191256145037294,92.04807865647736
2,i704-o128,4,disaggregated,33.370777344000004,500,40.0,24,0,0,24,0,0.0,33.373863364,0.0,0.0,0.7191256145037294,92.04807865647736
2,i704-o128,4,disaggregated,33.370777344000004,500,50.0,24,0,0,24,0,0.0,33.373863364,0.0,0.0,0.7191256145037294,92.04807865647736
2,i704-o128,4,disaggregated,33.370777344000004,500,75.0,24,0,0,24,0,0.0,33.373863364,0.0,0.0,0.7191256145037294,92.04807865647736
2,i704-o128,4,disaggregated,33.370777344000004,1000,25.0,24,0,11,0,0,0.0,33.373863364,0.0,0.0,0.7191256145037294,92.04807865647736
2,i704-o128,4,disaggregated,33.370777344000004,1000,30.0,24,0,11,2,0,0.0,33.373863364,0.0,0.0,0.7191256145037294,92.04807865647736
2,i704-o128,4,disaggregated,33.370777344000004,1000,35.0,24,11,11,24,1408,0.4583333333333333,33.373863364,0.3295992399808759,42.18870271755212,0.7191256145037294,92.04807865647736
2,i704-o128,4,disaggregated,33.370777344000004,1000,40.0,24,11,11,24,1408,0.4583333333333333,33.373863364,0.3295992399808759,42.18870271755212,0.7191256145037294,92.04807865647736
2,i704-o128,4,disaggregated,33.370777344000004,1000,50.0,24,11,11,24,1408,0.4583333333333333,33.373863364,0.3295992399808759,42.18870271755212,0.7191256145037294,92.04807865647736
2,i704-o128,4,disaggregated,33.370777344000004,1000,75.0,24,11,11,24,1408,0.4583333333333333,33.373863364,0.3295992399808759,42.18870271755212,0.7191256145037294,92.04807865647736
2,i704-o128,4,disaggregated,33.370777344000004,2000,25.0,24,0,22,0,0,0.0,33.373863364,0.0,0.0,0.7191256145037294,92.04807865647736
2,i704-o128,4,disaggregated,33.370777344000004,2000,30.0,24,2,22,2,256,0.08333333333333333,33.373863364,0.05992713454197744,7.670673221373113,0.7191256145037294,92.04807865647736
2,i704-o128,4,disaggregated,33.370777344000004,2000,35.0,24,22,22,24,2816,0.9166666666666666,33.373863364,0.6591984799617518,84.37740543510424,0.7191256145037294,92.04807865647736
2,i704-o128,4,disaggregated,33.370777344000004,2000,40.0,24,22,22,24,2816,0.9166666666666666,33.373863364,0.6591984799617518,84.37740543510424,0.7191256145037294,92.04807865647736
2,i704-o128,4,disaggregated,33.370777344000004,2000,50.0,24,22,22,24,2816,0.9166666666666666,33.373863364,0.6591984799617518,84.37740543510424,0.7191256145037294,92.04807865647736
2,i704-o128,4,disaggregated,33.370777344000004,2000,75.0,24,22,22,24,2816,0.9166666666666666,33.373863364,0.6591984799617518,84.37740543510424,0.7191256145037294,92.04807865647736
2,i704-o128,4,disaggregated,33.370777344000004,5000,25.0,24,0,24,0,0,0.0,33.373863364,0.0,0.0,0.7191256145037294,92.04807865647736
2,i704-o128,4,disaggregated,33.370777344000004,5000,30.0,24,2,24,2,256,0.08333333333333333,33.373863364,0.05992713454197744,7.670673221373113,0.7191256145037294,92.04807865647736
2,i704-o128,4,disaggregated,33.370777344000004,5000,35.0,24,24,24,24,3072,1.0,33.373863364,0.7191256145037294,92.04807865647736,0.7191256145037294,92.04807865647736
2,i704-o128,4,disaggregated,33.370777344000004,5000,40.0,24,24,24,24,3072,1.0,33.373863364,0.7191256145037294,92.04807865647736,0.7191256145037294,92.04807865647736
2,i704-o128,4,disaggregated,33.370777344000004,5000,50.0,24,24,24,24,3072,1.0,33.373863364,0.7191256145037294,92.04807865647736,0.7191256145037294,92.04807865647736
2,i704-o128,4,disaggregated,33.370777344000004,5000,75.0,24,24,24,24,3072,1.0,33.373863364,0.7191256145037294,92.04807865647736,0.7191256145037294,92.04807865647736
2,i704-o128,4,disaggregated,33.370777344000004,10000,25.0,24,0,24,0,0,0.0,33.373863364,0.0,0.0,0.7191256145037294,92.04807865647736
2,i704-o128,4,disaggregated,33.370777344000004,10000,30.0,24,2,24,2,256,0.08333333333333333,33.373863364,0.05992713454197744,7.670673221373113,0.7191256145037294,92.04807865647736
2,i704-o128,4,disaggregated,33.370777344000004,10000,35.0,24,24,24,24,3072,1.0,33.373863364,0.7191256145037294,92.04807865647736,0.7191256145037294,92.04807865647736
2,i704-o128,4,disaggregated,33.370777344000004,10000,40.0,24,24,24,24,3072,1.0,33.373863364,0.7191256145037294,92.04807865647736,0.7191256145037294,92.04807865647736
2,i704-o128,4,disaggregated,33.370777344000004,10000,50.0,24,24,24,24,3072,1.0,33.373863364,0.7191256145037294,92.04807865647736,0.7191256145037294,92.04807865647736
2,i704-o128,4,disaggregated,33.370777344000004,10000,75.0,24,24,24,24,3072,1.0,33.373863364,0.7191256145037294,92.04807865647736,0.7191256145037294,92.04807865647736
2,i704-o128,4,disaggregated,33.370777344000004,20000,25.0,24,0,24,0,0,0.0,33.373863364,0.0,0.0,0.7191256145037294,92.04807865647736
2,i704-o128,4,disaggregated,33.370777344000004,20000,30.0,24,2,24,2,256,0.08333333333333333,33.373863364,0.05992713454197744,7.670673221373113,0.7191256145037294,92.04807865647736
2,i704-o128,4,disaggregated,33.370777344000004,20000,35.0,24,24,24,24,3072,1.0,33.373863364,0.7191256145037294,92.04807865647736,0.7191256145037294,92.04807865647736
2,i704-o128,4,disaggregated,33.370777344000004,20000,40.0,24,24,24,24,3072,1.0,33.373863364,0.7191256145037294,92.04807865647736,0.7191256145037294,92.04807865647736
2,i704-o128,4,disaggregated,33.370777344000004,20000,50.0,24,24,24,24,3072,1.0,33.373863364,0.7191256145037294,92.04807865647736,0.7191256145037294,92.04807865647736
2,i704-o128,4,disaggregated,33.370777344000004,20000,75.0,24,24,24,24,3072,1.0,33.373863364,0.7191256145037294,92.04807865647736,0.7191256145037294,92.04807865647736
2,i704-o16,16,disaggregated,18.730036224000003,100,25.0,24,0,0,6,0,0.0,18.732727188000002,0.0,0.0,1.281180244560128,20.498883912962047
2,i704-o16,16,disaggregated,18.730036224000003,100,30.0,24,0,0,24,0,0.0,18.732727188000002,0.0,0.0,1.281180244560128,20.498883912962047
2,i704-o16,16,disaggregated,18.730036224000003,100,35.0,24,0,0,24,0,0.0,18.732727188000002,0.0,0.0,1.281180244560128,20.498883912962047
2,i704-o16,16,disaggregated,18.730036224000003,100,40.0,24,0,0,24,0,0.0,18.732727188000002,0.0,0.0,1.281180244560128,20.498883912962047
2,i704-o16,16,disaggregated,18.730036224000003,100,50.0,24,0,0,24,0,0.0,18.732727188000002,0.0,0.0,1.281180244560128,20.498883912962047
2,i704-o16,16,disaggregated,18.730036224000003,100,75.0,24,0,0,24,0,0.0,18.732727188000002,0.0,0.0,1.281180244560128,20.498883912962047
2,i704-o16,16,disaggregated,18.730036224000003,250,25.0,24,0,0,6,0,0.0,18.732727188000002,0.0,0.0,1.281180244560128,20.498883912962047
2,i704-o16,16,disaggregated,18.730036224000003,250,30.0,24,0,0,24,0,0.0,18.732727188000002,0.0,0.0,1.281180244560128,20.498883912962047
2,i704-o16,16,disaggregated,18.730036224000003,250,35.0,24,0,0,24,0,0.0,18.732727188000002,0.0,0.0,1.281180244560128,20.498883912962047
2,i704-o16,16,disaggregated,18.730036224000003,250,40.0,24,0,0,24,0,0.0,18.732727188000002,0.0,0.0,1.281180244560128,20.498883912962047
2,i704-o16,16,disaggregated,18.730036224000003,250,50.0,24,0,0,24,0,0.0,18.732727188000002,0.0,0.0,1.281180244560128,20.498883912962047
2,i704-o16,16,disaggregated,18.730036224000003,250,75.0,24,0,0,24,0,0.0,18.732727188000002,0.0,0.0,1.281180244560128,20.498883912962047
2,i704-o16,16,disaggregated,18.730036224000003,500,25.0,24,0,0,6,0,0.0,18.732727188000002,0.0,0.0,1.281180244560128,20.498883912962047
2,i704-o16,16,disaggregated,18.730036224000003,500,30.0,24,0,0,24,0,0.0,18.732727188000002,0.0,0.0,1.281180244560128,20.498883912962047
2,i704-o16,16,disaggregated,18.730036224000003,500,35.0,24,0,0,24,0,0.0,18.732727188000002,0.0,0.0,1.281180244560128,20.498883912962047
2,i704-o16,16,disaggregated,18.730036224000003,500,40.0,24,0,0,24,0,0.0,18.732727188000002,0.0,0.0,1.281180244560128,20.498883912962047
2,i704-o16,16,disaggregated,18.730036224000003,500,50.0,24,0,0,24,0,0.0,18.732727188000002,0.0,0.0,1.281180244560128,20.498883912962047
2,i704-o16,16,disaggregated,18.730036224000003,500,75.0,24,0,0,24,0,0.0,18.732727188000002,0.0,0.0,1.281180244560128,20.498883912962047
2,i704-o16,16,disaggregated,18.730036224000003,1000,25.0,24,0,1,6,0,0.0,18.732727188000002,0.0,0.0,1.281180244560128,20.498883912962047
2,i704-o16,16,disaggregated,18.730036224000003,1000,30.0,24,1,1,24,16,0.041666666666666664,18.732727188000002,0.05338251019000533,0.8541201630400853,1.281180244560128,20.498883912962047
2,i704-o16,16,disaggregated,18.730036224000003,1000,35.0,24,1,1,24,16,0.041666666666666664,18.732727188000002,0.05338251019000533,0.8541201630400853,1.281180244560128,20.498883912962047
2,i704-o16,16,disaggregated,18.730036224000003,1000,40.0,24,1,1,24,16,0.041666666666666664,18.732727188000002,0.05338251019000533,0.8541201630400853,1.281180244560128,20.498883912962047
2,i704-o16,16,disaggregated,18.730036224000003,1000,50.0,24,1,1,24,16,0.041666666666666664,18.732727188000002,0.05338251019000533,0.8541201630400853,1.281180244560128,20.498883912962047
2,i704-o16,16,disaggregated,18.730036224000003,1000,75.0,24,1,1,24,16,0.041666666666666664,18.732727188000002,0.05338251019000533,0.8541201630400853,1.281180244560128,20.498883912962047
2,i704-o16,16,disaggregated,18.730036224000003,2000,25.0,24,1,2,6,16,0.041666666666666664,18.732727188000002,0.05338251019000533,0.8541201630400853,1.281180244560128,20.498883912962047
2,i704-o16,16,disaggregated,18.730036224000003,2000,30.0,24,2,2,24,32,0.08333333333333333,18.732727188000002,0.10676502038001066,1.7082403260801706,1.281180244560128,20.498883912962047
2,i704-o16,16,disaggregated,18.730036224000003,2000,35.0,24,2,2,24,32,0.08333333333333333,18.732727188000002,0.10676502038001066,1.7082403260801706,1.281180244560128,20.498883912962047
2,i704-o16,16,disaggregated,18.730036224000003,2000,40.0,24,2,2,24,32,0.08333333333333333,18.732727188000002,0.10676502038001066,1.7082403260801706,1.281180244560128,20.498883912962047
2,i704-o16,16,disaggregated,18.730036224000003,2000,50.0,24,2,2,24,32,0.08333333333333333,18.732727188000002,0.10676502038001066,1.7082403260801706,1.281180244560128,20.498883912962047
2,i704-o16,16,disaggregated,18.730036224000003,2000,75.0,24,2,2,24,32,0.08333333333333333,18.732727188000002,0.10676502038001066,1.7082403260801706,1.281180244560128,20.498883912962047
2,i704-o16,16,disaggregated,18.730036224000003,5000,25.0,24,2,6,6,32,0.08333333333333333,18.732727188000002,0.10676502038001066,1.7082403260801706,1.281180244560128,20.498883912962047
2,i704-o16,16,disaggregated,18.730036224000003,5000,30.0,24,6,6,24,96,0.25,18.732727188000002,0.320295061140032,5.124720978240512,1.281180244560128,20.498883912962047
2,i704-o16,16,disaggregated,18.730036224000003,5000,35.0,24,6,6,24,96,0.25,18.732727188000002,0.320295061140032,5.124720978240512,1.281180244560128,20.498883912962047
2,i704-o16,16,disaggregated,18.730036224000003,5000,40.0,24,6,6,24,96,0.25,18.732727188000002,0.320295061140032,5.124720978240512,1.281180244560128,20.498883912962047
2,i704-o16,16,disaggregated,18.730036224000003,5000,50.0,24,6,6,24,96,0.25,18.732727188000002,0.320295061140032,5.124720978240512,1.281180244560128,20.498883912962047
2,i704-o16,16,disaggregated,18.730036224000003,5000,75.0,24,6,6,24,96,0.25,18.732727188000002,0.320295061140032,5.124720978240512,1.281180244560128,20.498883912962047
2,i704-o16,16,disaggregated,18.730036224000003,10000,25.0,24,4,13,6,64,0.16666666666666666,18.732727188000002,0.21353004076002133,3.4164806521603412,1.281180244560128,20.498883912962047
2,i704-o16,16,disaggregated,18.730036224000003,10000,30.0,24,13,13,24,208,0.5416666666666666,18.732727188000002,0.6939726324700692,11.103562119521108,1.281180244560128,20.498883912962047
2,i704-o16,16,disaggregated,18.730036224000003,10000,35.0,24,13,13,24,208,0.5416666666666666,18.732727188000002,0.6939726324700692,11.103562119521108,1.281180244560128,20.498883912962047
2,i704-o16,16,disaggregated,18.730036224000003,10000,40.0,24,13,13,24,208,0.5416666666666666,18.732727188000002,0.6939726324700692,11.103562119521108,1.281180244560128,20.498883912962047
2,i704-o16,16,disaggregated,18.730036224000003,10000,50.0,24,13,13,24,208,0.5416666666666666,18.732727188000002,0.6939726324700692,11.103562119521108,1.281180244560128,20.498883912962047
2,i704-o16,16,disaggregated,18.730036224000003,10000,75.0,24,13,13,24,208,0.5416666666666666,18.732727188000002,0.6939726324700692,11.103562119521108,1.281180244560128,20.498883912962047
2,i704-o16,16,disaggregated,18.730036224000003,20000,25.0,24,6,24,6,96,0.25,18.732727188000002,0.320295061140032,5.124720978240512,1.281180244560128,20.498883912962047
2,i704-o16,16,disaggregated,18.730036224000003,20000,30.0,24,24,24,24,384,1.0,18.732727188000002,1.281180244560128,20.498883912962047,1.281180244560128,20.498883912962047
2,i704-o16,16,disaggregated,18.730036224000003,20000,35.0,24,24,24,24,384,1.0,18.732727188000002,1.281180244560128,20.498883912962047,1.281180244560128,20.498883912962047
2,i704-o16,16,disaggregated,18.730036224000003,20000,40.0,24,24,24,24,384,1.0,18.732727188000002,1.281180244560128,20.498883912962047,1.281180244560128,20.498883912962047
2,i704-o16,16,disaggregated,18.730036224000003,20000,50.0,24,24,24,24,384,1.0,18.732727188000002,1.281180244560128,20.498883912962047,1.281180244560128,20.498883912962047
2,i704-o16,16,disaggregated,18.730036224000003,20000,75.0,24,24,24,24,384,1.0,18.732727188000002,1.281180244560128,20.498883912962047,1.281180244560128,20.498883912962047
2,i704-o16,4,disaggregated,18.69644032,100,25.0,24,0,0,5,0,0.0,18.699066305000002,0.0,0.0,1.283486544650765,20.53578471441224
2,i704-o16,4,disaggregated,18.69644032,100,30.0,24,0,0,23,0,0.0,18.699066305000002,0.0,0.0,1.283486544650765,20.53578471441224
2,i704-o16,4,disaggregated,18.69644032,100,35.0,24,0,0,24,0,0.0,18.699066305000002,0.0,0.0,1.283486544650765,20.53578471441224
2,i704-o16,4,disaggregated,18.69644032,100,40.0,24,0,0,24,0,0.0,18.699066305000002,0.0,0.0,1.283486544650765,20.53578471441224
2,i704-o16,4,disaggregated,18.69644032,100,50.0,24,0,0,24,0,0.0,18.699066305000002,0.0,0.0,1.283486544650765,20.53578471441224
2,i704-o16,4,disaggregated,18.69644032,100,75.0,24,0,0,24,0,0.0,18.699066305000002,0.0,0.0,1.283486544650765,20.53578471441224
2,i704-o16,4,disaggregated,18.69644032,250,25.0,24,0,0,5,0,0.0,18.699066305000002,0.0,0.0,1.283486544650765,20.53578471441224
2,i704-o16,4,disaggregated,18.69644032,250,30.0,24,0,0,23,0,0.0,18.699066305000002,0.0,0.0,1.283486544650765,20.53578471441224
2,i704-o16,4,disaggregated,18.69644032,250,35.0,24,0,0,24,0,0.0,18.699066305000002,0.0,0.0,1.283486544650765,20.53578471441224
2,i704-o16,4,disaggregated,18.69644032,250,40.0,24,0,0,24,0,0.0,18.699066305000002,0.0,0.0,1.283486544650765,20.53578471441224
2,i704-o16,4,disaggregated,18.69644032,250,50.0,24,0,0,24,0,0.0,18.699066305000002,0.0,0.0,1.283486544650765,20.53578471441224
2,i704-o16,4,disaggregated,18.69644032,250,75.0,24,0,0,24,0,0.0,18.699066305000002,0.0,0.0,1.283486544650765,20.53578471441224
2,i704-o16,4,disaggregated,18.69644032,500,25.0,24,0,0,5,0,0.0,18.699066305000002,0.0,0.0,1.283486544650765,20.53578471441224
2,i704-o16,4,disaggregated,18.69644032,500,30.0,24,0,0,23,0,0.0,18.699066305000002,0.0,0.0,1.283486544650765,20.53578471441224
2,i704-o16,4,disaggregated,18.69644032,500,35.0,24,0,0,24,0,0.0,18.699066305000002,0.0,0.0,1.283486544650765,20.53578471441224
2,i704-o16,4,disaggregated,18.69644032,500,40.0,24,0,0,24,0,0.0,18.699066305000002,0.0,0.0,1.283486544650765,20.53578471441224
2,i704-o16,4,disaggregated,18.69644032,500,50.0,24,0,0,24,0,0.0,18.699066305000002,0.0,0.0,1.283486544650765,20.53578471441224
2,i704-o16,4,disaggregated,18.69644032,500,75.0,24,0,0,24,0,0.0,18.699066305000002,0.0,0.0,1.283486544650765,20.53578471441224
2,i704-o16,4,disaggregated,18.69644032,1000,25.0,24,0,1,5,0,0.0,18.699066305000002,0.0,0.0,1.283486544650765,20.53578471441224
2,i704-o16,4,disaggregated,18.69644032,1000,30.0,24,1,1,23,16,0.041666666666666664,18.699066305000002,0.053478606027115204,0.8556576964338433,1.283486544650765,20.53578471441224
2,i704-o16,4,disaggregated,18.69644032,1000,35.0,24,1,1,24,16,0.041666666666666664,18.699066305000002,0.053478606027115204,0.8556576964338433,1.283486544650765,20.53578471441224
2,i704-o16,4,disaggregated,18.69644032,1000,40.0,24,1,1,24,16,0.041666666666666664,18.699066305000002,0.053478606027115204,0.8556576964338433,1.283486544650765,20.53578471441224
2,i704-o16,4,disaggregated,18.69644032,1000,50.0,24,1,1,24,16,0.041666666666666664,18.699066305000002,0.053478606027115204,0.8556576964338433,1.283486544650765,20.53578471441224
2,i704-o16,4,disaggregated,18.69644032,1000,75.0,24,1,1,24,16,0.041666666666666664,18.699066305000002,0.053478606027115204,0.8556576964338433,1.283486544650765,20.53578471441224
2,i704-o16,4,disaggregated,18.69644032,2000,25.0,24,1,2,5,16,0.041666666666666664,18.699066305000002,0.053478606027115204,0.8556576964338433,1.283486544650765,20.53578471441224
2,i704-o16,4,disaggregated,18.69644032,2000,30.0,24,2,2,23,32,0.08333333333333333,18.699066305000002,0.10695721205423041,1.7113153928676865,1.283486544650765,20.53578471441224
2,i704-o16,4,disaggregated,18.69644032,2000,35.0,24,2,2,24,32,0.08333333333333333,18.699066305000002,0.10695721205423041,1.7113153928676865,1.283486544650765,20.53578471441224
2,i704-o16,4,disaggregated,18.69644032,2000,40.0,24,2,2,24,32,0.08333333333333333,18.699066305000002,0.10695721205423041,1.7113153928676865,1.283486544650765,20.53578471441224
2,i704-o16,4,disaggregated,18.69644032,2000,50.0,24,2,2,24,32,0.08333333333333333,18.699066305000002,0.10695721205423041,1.7113153928676865,1.283486544650765,20.53578471441224
2,i704-o16,4,disaggregated,18.69644032,2000,75.0,24,2,2,24,32,0.08333333333333333,18.699066305000002,0.10695721205423041,1.7113153928676865,1.283486544650765,20.53578471441224
2,i704-o16,4,disaggregated,18.69644032,5000,25.0,24,5,24,5,80,0.20833333333333334,18.699066305000002,0.267393030135576,4.278288482169216,1.283486544650765,20.53578471441224
2,i704-o16,4,disaggregated,18.69644032,5000,30.0,24,23,24,23,368,0.9583333333333334,18.699066305000002,1.2300079386236498,19.680127017978396,1.283486544650765,20.53578471441224
2,i704-o16,4,disaggregated,18.69644032,5000,35.0,24,24,24,24,384,1.0,18.699066305000002,1.283486544650765,20.53578471441224,1.283486544650765,20.53578471441224
2,i704-o16,4,disaggregated,18.69644032,5000,40.0,24,24,24,24,384,1.0,18.699066305000002,1.283486544650765,20.53578471441224,1.283486544650765,20.53578471441224
2,i704-o16,4,disaggregated,18.69644032,5000,50.0,24,24,24,24,384,1.0,18.699066305000002,1.283486544650765,20.53578471441224,1.283486544650765,20.53578471441224
2,i704-o16,4,disaggregated,18.69644032,5000,75.0,24,24,24,24,384,1.0,18.699066305000002,1.283486544650765,20.53578471441224,1.283486544650765,20.53578471441224
2,i704-o16,4,disaggregated,18.69644032,10000,25.0,24,5,24,5,80,0.20833333333333334,18.699066305000002,0.267393030135576,4.278288482169216,1.283486544650765,20.53578471441224
2,i704-o16,4,disaggregated,18.69644032,10000,30.0,24,23,24,23,368,0.9583333333333334,18.699066305000002,1.2300079386236498,19.680127017978396,1.283486544650765,20.53578471441224
2,i704-o16,4,disaggregated,18.69644032,10000,35.0,24,24,24,24,384,1.0,18.699066305000002,1.283486544650765,20.53578471441224,1.283486544650765,20.53578471441224
2,i704-o16,4,disaggregated,18.69644032,10000,40.0,24,24,24,24,384,1.0,18.699066305000002,1.283486544650765,20.53578471441224,1.283486544650765,20.53578471441224
2,i704-o16,4,disaggregated,18.69644032,10000,50.0,24,24,24,24,384,1.0,18.699066305000002,1.283486544650765,20.53578471441224,1.283486544650765,20.53578471441224
2,i704-o16,4,disaggregated,18.69644032,10000,75.0,24,24,24,24,384,1.0,18.699066305000002,1.283486544650765,20.53578471441224,1.283486544650765,20.53578471441224
2,i704-o16,4,disaggregated,18.69644032,20000,25.0,24,5,24,5,80,0.20833333333333334,18.699066305000002,0.267393030135576,4.278288482169216,1.283486544650765,20.53578471441224
2,i704-o16,4,disaggregated,18.69644032,20000,30.0,24,23,24,23,368,0.9583333333333334,18.699066305000002,1.2300079386236498,19.680127017978396,1.283486544650765,20.53578471441224
2,i704-o16,4,disaggregated,18.69644032,20000,35.0,24,24,24,24,384,1.0,18.699066305000002,1.283486544650765,20.53578471441224,1.283486544650765,20.53578471441224
2,i704-o16,4,disaggregated,18.69644032,20000,40.0,24,24,24,24,384,1.0,18.699066305000002,1.283486544650765,20.53578471441224,1.283486544650765,20.53578471441224
2,i704-o16,4,disaggregated,18.69644032,20000,50.0,24,24,24,24,384,1.0,18.699066305000002,1.283486544650765,20.53578471441224,1.283486544650765,20.53578471441224
2,i704-o16,4,disaggregated,18.69644032,20000,75.0,24,24,24,24,384,1.0,18.699066305000002,1.283486544650765,20.53578471441224,1.283486544650765,20.53578471441224
2,mixed,16,disaggregated,12.677244416,100,25.0,24,0,0,0,0,0.0,12.680096146,0.0,0.0,1.8927301278840003,171.60753159481604
2,mixed,16,disaggregated,12.677244416,100,30.0,24,0,0,1,0,0.0,12.680096146,0.0,0.0,1.8927301278840003,171.60753159481604
2,mixed,16,disaggregated,12.677244416,100,35.0,24,0,0,2,0,0.0,12.680096146,0.0,0.0,1.8927301278840003,171.60753159481604
2,mixed,16,disaggregated,12.677244416,100,40.0,24,0,0,19,0,0.0,12.680096146,0.0,0.0,1.8927301278840003,171.60753159481604
2,mixed,16,disaggregated,12.677244416,100,50.0,24,0,0,24,0,0.0,12.680096146,0.0,0.0,1.8927301278840003,171.60753159481604
2,mixed,16,disaggregated,12.677244416,100,75.0,24,0,0,24,0,0.0,12.680096146,0.0,0.0,1.8927301278840003,171.60753159481604
2,mixed,16,disaggregated,12.677244416,250,25.0,24,0,1,0,0,0.0,12.680096146,0.0,0.0,1.8927301278840003,171.60753159481604
2,mixed,16,disaggregated,12.677244416,250,30.0,24,0,1,1,0,0.0,12.680096146,0.0,0.0,1.8927301278840003,171.60753159481604
2,mixed,16,disaggregated,12.677244416,250,35.0,24,0,1,2,0,0.0,12.680096146,0.0,0.0,1.8927301278840003,171.60753159481604
2,mixed,16,disaggregated,12.677244416,250,40.0,24,1,1,19,128,0.041666666666666664,12.680096146,0.07886375532850001,10.094560682048002,1.8927301278840003,171.60753159481604
2,mixed,16,disaggregated,12.677244416,250,50.0,24,1,1,24,128,0.041666666666666664,12.680096146,0.07886375532850001,10.094560682048002,1.8927301278840003,171.60753159481604
2,mixed,16,disaggregated,12.677244416,250,75.0,24,1,1,24,128,0.041666666666666664,12.680096146,0.07886375532850001,10.094560682048002,1.8927301278840003,171.60753159481604
2,mixed,16,disaggregated,12.677244416,500,25.0,24,0,3,0,0,0.0,12.680096146,0.0,0.0,1.8927301278840003,171.60753159481604
2,mixed,16,disaggregated,12.677244416,500,30.0,24,0,3,1,0,0.0,12.680096146,0.0,0.0,1.8927301278840003,171.60753159481604
2,mixed,16,disaggregated,12.677244416,500,35.0,24,0,3,2,0,0.0,12.680096146,0.0,0.0,1.8927301278840003,171.60753159481604
2,mixed,16,disaggregated,12.677244416,500,40.0,24,3,3,19,384,0.125,12.680096146,0.23659126598550004,30.283682046144005,1.8927301278840003,171.60753159481604
2,mixed,16,disaggregated,12.677244416,500,50.0,24,3,3,24,384,0.125,12.680096146,0.23659126598550004,30.283682046144005,1.8927301278840003,171.60753159481604
2,mixed,16,disaggregated,12.677244416,500,75.0,24,3,3,24,384,0.125,12.680096146,0.23659126598550004,30.283682046144005,1.8927301278840003,171.60753159481604
2,mixed,16,disaggregated,12.677244416,1000,25.0,24,0,3,0,0,0.0,12.680096146,0.0,0.0,1.8927301278840003,171.60753159481604
2,mixed,16,disaggregated,12.677244416,1000,30.0,24,0,3,1,0,0.0,12.680096146,0.0,0.0,1.8927301278840003,171.60753159481604
2,mixed,16,disaggregated,12.677244416,1000,35.0,24,0,3,2,0,0.0,12.680096146,0.0,0.0,1.8927301278840003,171.60753159481604
2,mixed,16,disaggregated,12.677244416,1000,40.0,24,3,3,19,384,0.125,12.680096146,0.23659126598550004,30.283682046144005,1.8927301278840003,171.60753159481604
2,mixed,16,disaggregated,12.677244416,1000,50.0,24,3,3,24,384,0.125,12.680096146,0.23659126598550004,30.283682046144005,1.8927301278840003,171.60753159481604
2,mixed,16,disaggregated,12.677244416,1000,75.0,24,3,3,24,384,0.125,12.680096146,0.23659126598550004,30.283682046144005,1.8927301278840003,171.60753159481604
2,mixed,16,disaggregated,12.677244416,2000,25.0,24,0,6,0,0,0.0,12.680096146,0.0,0.0,1.8927301278840003,171.60753159481604
2,mixed,16,disaggregated,12.677244416,2000,30.0,24,0,6,1,0,0.0,12.680096146,0.0,0.0,1.8927301278840003,171.60753159481604
2,mixed,16,disaggregated,12.677244416,2000,35.0,24,0,6,2,0,0.0,12.680096146,0.0,0.0,1.8927301278840003,171.60753159481604
2,mixed,16,disaggregated,12.677244416,2000,40.0,24,6,6,19,656,0.25,12.680096146,0.4731825319710001,51.73462349549601,1.8927301278840003,171.60753159481604
2,mixed,16,disaggregated,12.677244416,2000,50.0,24,6,6,24,656,0.25,12.680096146,0.4731825319710001,51.73462349549601,1.8927301278840003,171.60753159481604
2,mixed,16,disaggregated,12.677244416,2000,75.0,24,6,6,24,656,0.25,12.680096146,0.4731825319710001,51.73462349549601,1.8927301278840003,171.60753159481604
2,mixed,16,disaggregated,12.677244416,5000,25.0,24,0,21,0,0,0.0,12.680096146,0.0,0.0,1.8927301278840003,171.60753159481604
2,mixed,16,disaggregated,12.677244416,5000,30.0,24,1,21,1,16,0.041666666666666664,12.680096146,0.07886375532850001,1.2618200852560002,1.8927301278840003,171.60753159481604
2,mixed,16,disaggregated,12.677244416,5000,35.0,24,2,21,2,144,0.08333333333333333,12.680096146,0.15772751065700003,11.356380767304001,1.8927301278840003,171.60753159481604
2,mixed,16,disaggregated,12.677244416,5000,40.0,24,17,21,19,1616,0.7083333333333334,12.680096146,1.3406838405845003,127.44382861085602,1.8927301278840003,171.60753159481604
2,mixed,16,disaggregated,12.677244416,5000,50.0,24,21,21,24,2016,0.875,12.680096146,1.6561388618985002,158.98933074225602,1.8927301278840003,171.60753159481604
2,mixed,16,disaggregated,12.677244416,5000,75.0,24,21,21,24,2016,0.875,12.680096146,1.6561388618985002,158.98933074225602,1.8927301278840003,171.60753159481604
2,mixed,16,disaggregated,12.677244416,10000,25.0,24,0,24,0,0,0.0,12.680096146,0.0,0.0,1.8927301278840003,171.60753159481604
2,mixed,16,disaggregated,12.677244416,10000,30.0,24,1,24,1,16,0.041666666666666664,12.680096146,0.07886375532850001,1.2618200852560002,1.8927301278840003,171.60753159481604
2,mixed,16,disaggregated,12.677244416,10000,35.0,24,2,24,2,144,0.08333333333333333,12.680096146,0.15772751065700003,11.356380767304001,1.8927301278840003,171.60753159481604
2,mixed,16,disaggregated,12.677244416,10000,40.0,24,19,24,19,1760,0.7916666666666666,12.680096146,1.4984113512415003,138.80020937816002,1.8927301278840003,171.60753159481604
2,mixed,16,disaggregated,12.677244416,10000,50.0,24,24,24,24,2176,1.0,12.680096146,1.8927301278840003,171.60753159481604,1.8927301278840003,171.60753159481604
2,mixed,16,disaggregated,12.677244416,10000,75.0,24,24,24,24,2176,1.0,12.680096146,1.8927301278840003,171.60753159481604,1.8927301278840003,171.60753159481604
2,mixed,16,disaggregated,12.677244416,20000,25.0,24,0,24,0,0,0.0,12.680096146,0.0,0.0,1.8927301278840003,171.60753159481604
2,mixed,16,disaggregated,12.677244416,20000,30.0,24,1,24,1,16,0.041666666666666664,12.680096146,0.07886375532850001,1.2618200852560002,1.8927301278840003,171.60753159481604
2,mixed,16,disaggregated,12.677244416,20000,35.0,24,2,24,2,144,0.08333333333333333,12.680096146,0.15772751065700003,11.356380767304001,1.8927301278840003,171.60753159481604
2,mixed,16,disaggregated,12.677244416,20000,40.0,24,19,24,19,1760,0.7916666666666666,12.680096146,1.4984113512415003,138.80020937816002,1.8927301278840003,171.60753159481604
2,mixed,16,disaggregated,12.677244416,20000,50.0,24,24,24,24,2176,1.0,12.680096146,1.8927301278840003,171.60753159481604,1.8927301278840003,171.60753159481604
2,mixed,16,disaggregated,12.677244416,20000,75.0,24,24,24,24,2176,1.0,12.680096146,1.8927301278840003,171.60753159481604,1.8927301278840003,171.60753159481604
2,mixed,4,disaggregated,23.194836736000003,100,25.0,24,0,0,0,0,0.0,23.197635205999998,0.0,0.0,1.0345882150001424,93.80266482667959
2,mixed,4,disaggregated,23.194836736000003,100,30.0,24,0,0,5,0,0.0,23.197635205999998,0.0,0.0,1.0345882150001424,93.80266482667959
2,mixed,4,disaggregated,23.194836736000003,100,35.0,24,0,0,24,0,0.0,23.197635205999998,0.0,0.0,1.0345882150001424,93.80266482667959
2,mixed,4,disaggregated,23.194836736000003,100,40.0,24,0,0,24,0,0.0,23.197635205999998,0.0,0.0,1.0345882150001424,93.80266482667959
2,mixed,4,disaggregated,23.194836736000003,100,50.0,24,0,0,24,0,0.0,23.197635205999998,0.0,0.0,1.0345882150001424,93.80266482667959
2,mixed,4,disaggregated,23.194836736000003,100,75.0,24,0,0,24,0,0.0,23.197635205999998,0.0,0.0,1.0345882150001424,93.80266482667959
2,mixed,4,disaggregated,23.194836736000003,250,25.0,24,0,5,0,0,0.0,23.197635205999998,0.0,0.0,1.0345882150001424,93.80266482667959
2,mixed,4,disaggregated,23.194836736000003,250,30.0,24,0,5,5,0,0.0,23.197635205999998,0.0,0.0,1.0345882150001424,93.80266482667959
2,mixed,4,disaggregated,23.194836736000003,250,35.0,24,5,5,24,640,0.20833333333333334,23.197635205999998,0.21553921145836302,27.589019066670467,1.0345882150001424,93.80266482667959
2,mixed,4,disaggregated,23.194836736000003,250,40.0,24,5,5,24,640,0.20833333333333334,23.197635205999998,0.21553921145836302,27.589019066670467,1.0345882150001424,93.80266482667959
2,mixed,4,disaggregated,23.194836736000003,250,50.0,24,5,5,24,640,0.20833333333333334,23.197635205999998,0.21553921145836302,27.589019066670467,1.0345882150001424,93.80266482667959
2,mixed,4,disaggregated,23.194836736000003,250,75.0,24,5,5,24,640,0.20833333333333334,23.197635205999998,0.21553921145836302,27.589019066670467,1.0345882150001424,93.80266482667959
2,mixed,4,disaggregated,23.194836736000003,500,25.0,24,0,10,0,0,0.0,23.197635205999998,0.0,0.0,1.0345882150001424,93.80266482667959
2,mixed,4,disaggregated,23.194836736000003,500,30.0,24,1,10,5,128,0.041666666666666664,23.197635205999998,0.0431078422916726,5.517803813334093,1.0345882150001424,93.80266482667959
2,mixed,4,disaggregated,23.194836736000003,500,35.0,24,10,10,24,1280,0.4166666666666667,23.197635205999998,0.43107842291672605,55.178038133340934,1.0345882150001424,93.80266482667959
2,mixed,4,disaggregated,23.194836736000003,500,40.0,24,10,10,24,1280,0.4166666666666667,23.197635205999998,0.43107842291672605,55.178038133340934,1.0345882150001424,93.80266482667959
2,mixed,4,disaggregated,23.194836736000003,500,50.0,24,10,10,24,1280,0.4166666666666667,23.197635205999998,0.43107842291672605,55.178038133340934,1.0345882150001424,93.80266482667959
2,mixed,4,disaggregated,23.194836736000003,500,75.0,24,10,10,24,1280,0.4166666666666667,23.197635205999998,0.43107842291672605,55.178038133340934,1.0345882150001424,93.80266482667959
2,mixed,4,disaggregated,23.194836736000003,1000,25.0,24,0,19,0,0,0.0,23.197635205999998,0.0,0.0,1.0345882150001424,93.80266482667959
2,mixed,4,disaggregated,23.194836736000003,1000,30.0,24,3,19,5,160,0.125,23.197635205999998,0.1293235268750178,6.897254766667617,1.0345882150001424,93.80266482667959
2,mixed,4,disaggregated,23.194836736000003,1000,35.0,24,19,19,24,1872,0.7916666666666666,23.197635205999998,0.8190490035417795,80.69788077001111,1.0345882150001424,93.80266482667959
2,mixed,4,disaggregated,23.194836736000003,1000,40.0,24,19,19,24,1872,0.7916666666666666,23.197635205999998,0.8190490035417795,80.69788077001111,1.0345882150001424,93.80266482667959
2,mixed,4,disaggregated,23.194836736000003,1000,50.0,24,19,19,24,1872,0.7916666666666666,23.197635205999998,0.8190490035417795,80.69788077001111,1.0345882150001424,93.80266482667959
2,mixed,4,disaggregated,23.194836736000003,1000,75.0,24,19,19,24,1872,0.7916666666666666,23.197635205999998,0.8190490035417795,80.69788077001111,1.0345882150001424,93.80266482667959
2,mixed,4,disaggregated,23.194836736000003,2000,25.0,24,0,24,0,0,0.0,23.197635205999998,0.0,0.0,1.0345882150001424,93.80266482667959
2,mixed,4,disaggregated,23.194836736000003,2000,30.0,24,5,24,5,192,0.20833333333333334,23.197635205999998,0.21553921145836302,8.27670572000114,1.0345882150001424,93.80266482667959
2,mixed,4,disaggregated,23.194836736000003,2000,35.0,24,24,24,24,2176,1.0,23.197635205999998,1.0345882150001424,93.80266482667959,1.0345882150001424,93.80266482667959
2,mixed,4,disaggregated,23.194836736000003,2000,40.0,24,24,24,24,2176,1.0,23.197635205999998,1.0345882150001424,93.80266482667959,1.0345882150001424,93.80266482667959
2,mixed,4,disaggregated,23.194836736000003,2000,50.0,24,24,24,24,2176,1.0,23.197635205999998,1.0345882150001424,93.80266482667959,1.0345882150001424,93.80266482667959
2,mixed,4,disaggregated,23.194836736000003,2000,75.0,24,24,24,24,2176,1.0,23.197635205999998,1.0345882150001424,93.80266482667959,1.0345882150001424,93.80266482667959
2,mixed,4,disaggregated,23.194836736000003,5000,25.0,24,0,24,0,0,0.0,23.197635205999998,0.0,0.0,1.0345882150001424,93.80266482667959
2,mixed,4,disaggregated,23.194836736000003,5000,30.0,24,5,24,5,192,0.20833333333333334,23.197635205999998,0.21553921145836302,8.27670572000114,1.0345882150001424,93.80266482667959
2,mixed,4,disaggregated,23.194836736000003,5000,35.0,24,24,24,24,2176,1.0,23.197635205999998,1.0345882150001424,93.80266482667959,1.0345882150001424,93.80266482667959
2,mixed,4,disaggregated,23.194836736000003,5000,40.0,24,24,24,24,2176,1.0,23.197635205999998,1.0345882150001424,93.80266482667959,1.0345882150001424,93.80266482667959
2,mixed,4,disaggregated,23.194836736000003,5000,50.0,24,24,24,24,2176,1.0,23.197635205999998,1.0345882150001424,93.80266482667959,1.0345882150001424,93.80266482667959
2,mixed,4,disaggregated,23.194836736000003,5000,75.0,24,24,24,24,2176,1.0,23.197635205999998,1.0345882150001424,93.80266482667959,1.0345882150001424,93.80266482667959
2,mixed,4,disaggregated,23.194836736000003,10000,25.0,24,0,24,0,0,0.0,23.197635205999998,0.0,0.0,1.0345882150001424,93.80266482667959
2,mixed,4,disaggregated,23.194836736000003,10000,30.0,24,5,24,5,192,0.20833333333333334,23.197635205999998,0.21553921145836302,8.27670572000114,1.0345882150001424,93.80266482667959
2,mixed,4,disaggregated,23.194836736000003,10000,35.0,24,24,24,24,2176,1.0,23.197635205999998,1.0345882150001424,93.80266482667959,1.0345882150001424,93.80266482667959
2,mixed,4,disaggregated,23.194836736000003,10000,40.0,24,24,24,24,2176,1.0,23.197635205999998,1.0345882150001424,93.80266482667959,1.0345882150001424,93.80266482667959
2,mixed,4,disaggregated,23.194836736000003,10000,50.0,24,24,24,24,2176,1.0,23.197635205999998,1.0345882150001424,93.80266482667959,1.0345882150001424,93.80266482667959
2,mixed,4,disaggregated,23.194836736000003,10000,75.0,24,24,24,24,2176,1.0,23.197635205999998,1.0345882150001424,93.80266482667959,1.0345882150001424,93.80266482667959
2,mixed,4,disaggregated,23.194836736000003,20000,25.0,24,0,24,0,0,0.0,23.197635205999998,0.0,0.0,1.0345882150001424,93.80266482667959
2,mixed,4,disaggregated,23.194836736000003,20000,30.0,24,5,24,5,192,0.20833333333333334,23.197635205999998,0.21553921145836302,8.27670572000114,1.0345882150001424,93.80266482667959
2,mixed,4,disaggregated,23.194836736000003,20000,35.0,24,24,24,24,2176,1.0,23.197635205999998,1.0345882150001424,93.80266482667959,1.0345882150001424,93.80266482667959
2,mixed,4,disaggregated,23.194836736000003,20000,40.0,24,24,24,24,2176,1.0,23.197635205999998,1.0345882150001424,93.80266482667959,1.0345882150001424,93.80266482667959
2,mixed,4,disaggregated,23.194836736000003,20000,50.0,24,24,24,24,2176,1.0,23.197635205999998,1.0345882150001424,93.80266482667959,1.0345882150001424,93.80266482667959
2,mixed,4,disaggregated,23.194836736000003,20000,75.0,24,24,24,24,2176,1.0,23.197635205999998,1.0345882150001424,93.80266482667959,1.0345882150001424,93.80266482667959
2,i64-o128,16,aggregated,10.474191104,100,25.0,24,0,0,0,0,0.0,10.479792616000001,0.0,0.0,2.290121654063846,293.13557172017227
2,i64-o128,16,aggregated,10.474191104,100,30.0,24,0,0,0,0,0.0,10.479792616000001,0.0,0.0,2.290121654063846,293.13557172017227
2,i64-o128,16,aggregated,10.474191104,100,35.0,24,0,0,6,0,0.0,10.479792616000001,0.0,0.0,2.290121654063846,293.13557172017227
2,i64-o128,16,aggregated,10.474191104,100,40.0,24,0,0,8,0,0.0,10.479792616000001,0.0,0.0,2.290121654063846,293.13557172017227
2,i64-o128,16,aggregated,10.474191104,100,50.0,24,0,0,24,0,0.0,10.479792616000001,0.0,0.0,2.290121654063846,293.13557172017227
2,i64-o128,16,aggregated,10.474191104,100,75.0,24,0,0,24,0,0.0,10.479792616000001,0.0,0.0,2.290121654063846,293.13557172017227
2,i64-o128,16,aggregated,10.474191104,250,25.0,24,0,8,0,0,0.0,10.479792616000001,0.0,0.0,2.290121654063846,293.13557172017227
2,i64-o128,16,aggregated,10.474191104,250,30.0,24,0,8,0,0,0.0,10.479792616000001,0.0,0.0,2.290121654063846,293.13557172017227
2,i64-o128,16,aggregated,10.474191104,250,35.0,24,2,8,6,256,0.08333333333333333,10.479792616000001,0.19084347117198716,24.427964310014357,2.290121654063846,293.13557172017227
2,i64-o128,16,aggregated,10.474191104,250,40.0,24,4,8,8,512,0.16666666666666666,10.479792616000001,0.3816869423439743,48.85592862002871,2.290121654063846,293.13557172017227
2,i64-o128,16,aggregated,10.474191104,250,50.0,24,8,8,24,1024,0.3333333333333333,10.479792616000001,0.7633738846879486,97.71185724005743,2.290121654063846,293.13557172017227
2,i64-o128,16,aggregated,10.474191104,250,75.0,24,8,8,24,1024,0.3333333333333333,10.479792616000001,0.7633738846879486,97.71185724005743,2.290121654063846,293.13557172017227
2,i64-o128,16,aggregated,10.474191104,500,25.0,24,0,19,0,0,0.0,10.479792616000001,0.0,0.0,2.290121654063846,293.13557172017227
2,i64-o128,16,aggregated,10.474191104,500,30.0,24,0,19,0,0,0.0,10.479792616000001,0.0,0.0,2.290121654063846,293.13557172017227
2,i64-o128,16,aggregated,10.474191104,500,35.0,24,6,19,6,768,0.25,10.479792616000001,0.5725304135159615,73.28389293004307,2.290121654063846,293.13557172017227
2,i64-o128,16,aggregated,10.474191104,500,40.0,24,8,19,8,1024,0.3333333333333333,10.479792616000001,0.7633738846879486,97.71185724005743,2.290121654063846,293.13557172017227
2,i64-o128,16,aggregated,10.474191104,500,50.0,24,19,19,24,2432,0.7916666666666666,10.479792616000001,1.813012976133878,232.0656609451364,2.290121654063846,293.13557172017227
2,i64-o128,16,aggregated,10.474191104,500,75.0,24,19,19,24,2432,0.7916666666666666,10.479792616000001,1.813012976133878,232.0656609451364,2.290121654063846,293.13557172017227
2,i64-o128,16,aggregated,10.474191104,1000,25.0,24,0,24,0,0,0.0,10.479792616000001,0.0,0.0,2.290121654063846,293.13557172017227
2,i64-o128,16,aggregated,10.474191104,1000,30.0,24,0,24,0,0,0.0,10.479792616000001,0.0,0.0,2.290121654063846,293.13557172017227
2,i64-o128,16,aggregated,10.474191104,1000,35.0,24,6,24,6,768,0.25,10.479792616000001,0.5725304135159615,73.28389293004307,2.290121654063846,293.13557172017227
2,i64-o128,16,aggregated,10.474191104,1000,40.0,24,8,24,8,1024,0.3333333333333333,10.479792616000001,0.7633738846879486,97.71185724005743,2.290121654063846,293.13557172017227
2,i64-o128,16,aggregated,10.474191104,1000,50.0,24,24,24,24,3072,1.0,10.479792616000001,2.290121654063846,293.13557172017227,2.290121654063846,293.13557172017227
2,i64-o128,16,aggregated,10.474191104,1000,75.0,24,24,24,24,3072,1.0,10.479792616000001,2.290121654063846,293.13557172017227,2.290121654063846,293.13557172017227
2,i64-o128,16,aggregated,10.474191104,2000,25.0,24,0,24,0,0,0.0,10.479792616000001,0.0,0.0,2.290121654063846,293.13557172017227
2,i64-o128,16,aggregated,10.474191104,2000,30.0,24,0,24,0,0,0.0,10.479792616000001,0.0,0.0,2.290121654063846,293.13557172017227
2,i64-o128,16,aggregated,10.474191104,2000,35.0,24,6,24,6,768,0.25,10.479792616000001,0.5725304135159615,73.28389293004307,2.290121654063846,293.13557172017227
2,i64-o128,16,aggregated,10.474191104,2000,40.0,24,8,24,8,1024,0.3333333333333333,10.479792616000001,0.7633738846879486,97.71185724005743,2.290121654063846,293.13557172017227
2,i64-o128,16,aggregated,10.474191104,2000,50.0,24,24,24,24,3072,1.0,10.479792616000001,2.290121654063846,293.13557172017227,2.290121654063846,293.13557172017227
2,i64-o128,16,aggregated,10.474191104,2000,75.0,24,24,24,24,3072,1.0,10.479792616000001,2.290121654063846,293.13557172017227,2.290121654063846,293.13557172017227
2,i64-o128,16,aggregated,10.474191104,5000,25.0,24,0,24,0,0,0.0,10.479792616000001,0.0,0.0,2.290121654063846,293.13557172017227
2,i64-o128,16,aggregated,10.474191104,5000,30.0,24,0,24,0,0,0.0,10.479792616000001,0.0,0.0,2.290121654063846,293.13557172017227
2,i64-o128,16,aggregated,10.474191104,5000,35.0,24,6,24,6,768,0.25,10.479792616000001,0.5725304135159615,73.28389293004307,2.290121654063846,293.13557172017227
2,i64-o128,16,aggregated,10.474191104,5000,40.0,24,8,24,8,1024,0.3333333333333333,10.479792616000001,0.7633738846879486,97.71185724005743,2.290121654063846,293.13557172017227
2,i64-o128,16,aggregated,10.474191104,5000,50.0,24,24,24,24,3072,1.0,10.479792616000001,2.290121654063846,293.13557172017227,2.290121654063846,293.13557172017227
2,i64-o128,16,aggregated,10.474191104,5000,75.0,24,24,24,24,3072,1.0,10.479792616000001,2.290121654063846,293.13557172017227,2.290121654063846,293.13557172017227
2,i64-o128,16,aggregated,10.474191104,10000,25.0,24,0,24,0,0,0.0,10.479792616000001,0.0,0.0,2.290121654063846,293.13557172017227
2,i64-o128,16,aggregated,10.474191104,10000,30.0,24,0,24,0,0,0.0,10.479792616000001,0.0,0.0,2.290121654063846,293.13557172017227
2,i64-o128,16,aggregated,10.474191104,10000,35.0,24,6,24,6,768,0.25,10.479792616000001,0.5725304135159615,73.28389293004307,2.290121654063846,293.13557172017227
2,i64-o128,16,aggregated,10.474191104,10000,40.0,24,8,24,8,1024,0.3333333333333333,10.479792616000001,0.7633738846879486,97.71185724005743,2.290121654063846,293.13557172017227
2,i64-o128,16,aggregated,10.474191104,10000,50.0,24,24,24,24,3072,1.0,10.479792616000001,2.290121654063846,293.13557172017227,2.290121654063846,293.13557172017227
2,i64-o128,16,aggregated,10.474191104,10000,75.0,24,24,24,24,3072,1.0,10.479792616000001,2.290121654063846,293.13557172017227,2.290121654063846,293.13557172017227
2,i64-o128,16,aggregated,10.474191104,20000,25.0,24,0,24,0,0,0.0,10.479792616000001,0.0,0.0,2.290121654063846,293.13557172017227
2,i64-o128,16,aggregated,10.474191104,20000,30.0,24,0,24,0,0,0.0,10.479792616000001,0.0,0.0,2.290121654063846,293.13557172017227
2,i64-o128,16,aggregated,10.474191104,20000,35.0,24,6,24,6,768,0.25,10.479792616000001,0.5725304135159615,73.28389293004307,2.290121654063846,293.13557172017227
2,i64-o128,16,aggregated,10.474191104,20000,40.0,24,8,24,8,1024,0.3333333333333333,10.479792616000001,0.7633738846879486,97.71185724005743,2.290121654063846,293.13557172017227
2,i64-o128,16,aggregated,10.474191104,20000,50.0,24,24,24,24,3072,1.0,10.479792616000001,2.290121654063846,293.13557172017227,2.290121654063846,293.13557172017227
2,i64-o128,16,aggregated,10.474191104,20000,75.0,24,24,24,24,3072,1.0,10.479792616000001,2.290121654063846,293.13557172017227,2.290121654063846,293.13557172017227
2,i64-o128,4,aggregated,25.911917312,100,25.0,24,0,0,0,0,0.0,25.91470809,0.0,0.0,0.9261150045236723,118.54272057903006
2,i64-o128,4,aggregated,25.911917312,100,30.0,24,0,0,0,0,0.0,25.91470809,0.0,0.0,0.9261150045236723,118.54272057903006
2,i64-o128,4,aggregated,25.911917312,100,35.0,24,0,0,24,0,0.0,25.91470809,0.0,0.0,0.9261150045236723,118.54272057903006
2,i64-o128,4,aggregated,25.911917312,100,40.0,24,0,0,24,0,0.0,25.91470809,0.0,0.0,0.9261150045236723,118.54272057903006
2,i64-o128,4,aggregated,25.911917312,100,50.0,24,0,0,24,0,0.0,25.91470809,0.0,0.0,0.9261150045236723,118.54272057903006
2,i64-o128,4,aggregated,25.911917312,100,75.0,24,0,0,24,0,0.0,25.91470809,0.0,0.0,0.9261150045236723,118.54272057903006
2,i64-o128,4,aggregated,25.911917312,250,25.0,24,0,23,0,0,0.0,25.91470809,0.0,0.0,0.9261150045236723,118.54272057903006
2,i64-o128,4,aggregated,25.911917312,250,30.0,24,0,23,0,0,0.0,25.91470809,0.0,0.0,0.9261150045236723,118.54272057903006
2,i64-o128,4,aggregated,25.911917312,250,35.0,24,23,23,24,2944,0.9583333333333334,25.91470809,0.887526879335186,113.60344055490381,0.9261150045236723,118.54272057903006
2,i64-o128,4,aggregated,25.911917312,250,40.0,24,23,23,24,2944,0.9583333333333334,25.91470809,0.887526879335186,113.60344055490381,0.9261150045236723,118.54272057903006
2,i64-o128,4,aggregated,25.911917312,250,50.0,24,23,23,24,2944,0.9583333333333334,25.91470809,0.887526879335186,113.60344055490381,0.9261150045236723,118.54272057903006
2,i64-o128,4,aggregated,25.911917312,250,75.0,24,23,23,24,2944,0.9583333333333334,25.91470809,0.887526879335186,113.60344055490381,0.9261150045236723,118.54272057903006
2,i64-o128,4,aggregated,25.911917312,500,25.0,24,0,24,0,0,0.0,25.91470809,0.0,0.0,0.9261150045236723,118.54272057903006
2,i64-o128,4,aggregated,25.911917312,500,30.0,24,0,24,0,0,0.0,25.91470809,0.0,0.0,0.9261150045236723,118.54272057903006
2,i64-o128,4,aggregated,25.911917312,500,35.0,24,24,24,24,3072,1.0,25.91470809,0.9261150045236723,118.54272057903006,0.9261150045236723,118.54272057903006
2,i64-o128,4,aggregated,25.911917312,500,40.0,24,24,24,24,3072,1.0,25.91470809,0.9261150045236723,118.54272057903006,0.9261150045236723,118.54272057903006
2,i64-o128,4,aggregated,25.911917312,500,50.0,24,24,24,24,3072,1.0,25.91470809,0.9261150045236723,118.54272057903006,0.9261150045236723,118.54272057903006
2,i64-o128,4,aggregated,25.911917312,500,75.0,24,24,24,24,3072,1.0,25.91470809,0.9261150045236723,118.54272057903006,0.9261150045236723,118.54272057903006
2,i64-o128,4,aggregated,25.911917312,1000,25.0,24,0,24,0,0,0.0,25.91470809,0.0,0.0,0.9261150045236723,118.54272057903006
2,i64-o128,4,aggregated,25.911917312,1000,30.0,24,0,24,0,0,0.0,25.91470809,0.0,0.0,0.9261150045236723,118.54272057903006
2,i64-o128,4,aggregated,25.911917312,1000,35.0,24,24,24,24,3072,1.0,25.91470809,0.9261150045236723,118.54272057903006,0.9261150045236723,118.54272057903006
2,i64-o128,4,aggregated,25.911917312,1000,40.0,24,24,24,24,3072,1.0,25.91470809,0.9261150045236723,118.54272057903006,0.9261150045236723,118.54272057903006
2,i64-o128,4,aggregated,25.911917312,1000,50.0,24,24,24,24,3072,1.0,25.91470809,0.9261150045236723,118.54272057903006,0.9261150045236723,118.54272057903006
2,i64-o128,4,aggregated,25.911917312,1000,75.0,24,24,24,24,3072,1.0,25.91470809,0.9261150045236723,118.54272057903006,0.9261150045236723,118.54272057903006
2,i64-o128,4,aggregated,25.911917312,2000,25.0,24,0,24,0,0,0.0,25.91470809,0.0,0.0,0.9261150045236723,118.54272057903006
2,i64-o128,4,aggregated,25.911917312,2000,30.0,24,0,24,0,0,0.0,25.91470809,0.0,0.0,0.9261150045236723,118.54272057903006
2,i64-o128,4,aggregated,25.911917312,2000,35.0,24,24,24,24,3072,1.0,25.91470809,0.9261150045236723,118.54272057903006,0.9261150045236723,118.54272057903006
2,i64-o128,4,aggregated,25.911917312,2000,40.0,24,24,24,24,3072,1.0,25.91470809,0.9261150045236723,118.54272057903006,0.9261150045236723,118.54272057903006
2,i64-o128,4,aggregated,25.911917312,2000,50.0,24,24,24,24,3072,1.0,25.91470809,0.9261150045236723,118.54272057903006,0.9261150045236723,118.54272057903006
2,i64-o128,4,aggregated,25.911917312,2000,75.0,24,24,24,24,3072,1.0,25.91470809,0.9261150045236723,118.54272057903006,0.9261150045236723,118.54272057903006
2,i64-o128,4,aggregated,25.911917312,5000,25.0,24,0,24,0,0,0.0,25.91470809,0.0,0.0,0.9261150045236723,118.54272057903006
2,i64-o128,4,aggregated,25.911917312,5000,30.0,24,0,24,0,0,0.0,25.91470809,0.0,0.0,0.9261150045236723,118.54272057903006
2,i64-o128,4,aggregated,25.911917312,5000,35.0,24,24,24,24,3072,1.0,25.91470809,0.9261150045236723,118.54272057903006,0.9261150045236723,118.54272057903006
2,i64-o128,4,aggregated,25.911917312,5000,40.0,24,24,24,24,3072,1.0,25.91470809,0.9261150045236723,118.54272057903006,0.9261150045236723,118.54272057903006
2,i64-o128,4,aggregated,25.911917312,5000,50.0,24,24,24,24,3072,1.0,25.91470809,0.9261150045236723,118.54272057903006,0.9261150045236723,118.54272057903006
2,i64-o128,4,aggregated,25.911917312,5000,75.0,24,24,24,24,3072,1.0,25.91470809,0.9261150045236723,118.54272057903006,0.9261150045236723,118.54272057903006
2,i64-o128,4,aggregated,25.911917312,10000,25.0,24,0,24,0,0,0.0,25.91470809,0.0,0.0,0.9261150045236723,118.54272057903006
2,i64-o128,4,aggregated,25.911917312,10000,30.0,24,0,24,0,0,0.0,25.91470809,0.0,0.0,0.9261150045236723,118.54272057903006
2,i64-o128,4,aggregated,25.911917312,10000,35.0,24,24,24,24,3072,1.0,25.91470809,0.9261150045236723,118.54272057903006,0.9261150045236723,118.54272057903006
2,i64-o128,4,aggregated,25.911917312,10000,40.0,24,24,24,24,3072,1.0,25.91470809,0.9261150045236723,118.54272057903006,0.9261150045236723,118.54272057903006
2,i64-o128,4,aggregated,25.911917312,10000,50.0,24,24,24,24,3072,1.0,25.91470809,0.9261150045236723,118.54272057903006,0.9261150045236723,118.54272057903006
2,i64-o128,4,aggregated,25.911917312,10000,75.0,24,24,24,24,3072,1.0,25.91470809,0.9261150045236723,118.54272057903006,0.9261150045236723,118.54272057903006
2,i64-o128,4,aggregated,25.911917312,20000,25.0,24,0,24,0,0,0.0,25.91470809,0.0,0.0,0.9261150045236723,118.54272057903006
2,i64-o128,4,aggregated,25.911917312,20000,30.0,24,0,24,0,0,0.0,25.91470809,0.0,0.0,0.9261150045236723,118.54272057903006
2,i64-o128,4,aggregated,25.911917312,20000,35.0,24,24,24,24,3072,1.0,25.91470809,0.9261150045236723,118.54272057903006,0.9261150045236723,118.54272057903006
2,i64-o128,4,aggregated,25.911917312,20000,40.0,24,24,24,24,3072,1.0,25.91470809,0.9261150045236723,118.54272057903006,0.9261150045236723,118.54272057903006
2,i64-o128,4,aggregated,25.911917312,20000,50.0,24,24,24,24,3072,1.0,25.91470809,0.9261150045236723,118.54272057903006,0.9261150045236723,118.54272057903006
2,i64-o128,4,aggregated,25.911917312,20000,75.0,24,24,24,24,3072,1.0,25.91470809,0.9261150045236723,118.54272057903006,0.9261150045236723,118.54272057903006
2,i64-o16,16,aggregated,1.676987648,100,25.0,24,0,0,1,0,0.0,1.6798121830000001,0.0,0.0,14.287311547614843,228.5969847618375
2,i64-o16,16,aggregated,1.676987648,100,30.0,24,0,0,3,0,0.0,1.6798121830000001,0.0,0.0,14.287311547614843,228.5969847618375
2,i64-o16,16,aggregated,1.676987648,100,35.0,24,0,0,11,0,0.0,1.6798121830000001,0.0,0.0,14.287311547614843,228.5969847618375
2,i64-o16,16,aggregated,1.676987648,100,40.0,24,0,0,23,0,0.0,1.6798121830000001,0.0,0.0,14.287311547614843,228.5969847618375
2,i64-o16,16,aggregated,1.676987648,100,50.0,24,0,0,24,0,0.0,1.6798121830000001,0.0,0.0,14.287311547614843,228.5969847618375
2,i64-o16,16,aggregated,1.676987648,100,75.0,24,0,0,24,0,0.0,1.6798121830000001,0.0,0.0,14.287311547614843,228.5969847618375
2,i64-o16,16,aggregated,1.676987648,250,25.0,24,0,5,1,0,0.0,1.6798121830000001,0.0,0.0,14.287311547614843,228.5969847618375
2,i64-o16,16,aggregated,1.676987648,250,30.0,24,0,5,3,0,0.0,1.6798121830000001,0.0,0.0,14.287311547614843,228.5969847618375
2,i64-o16,16,aggregated,1.676987648,250,35.0,24,3,5,11,48,0.125,1.6798121830000001,1.7859139434518554,28.574623095229686,14.287311547614843,228.5969847618375
2,i64-o16,16,aggregated,1.676987648,250,40.0,24,5,5,23,80,0.20833333333333334,1.6798121830000001,2.9765232390864256,47.62437182538281,14.287311547614843,228.5969847618375
2,i64-o16,16,aggregated,1.676987648,250,50.0,24,5,5,24,80,0.20833333333333334,1.6798121830000001,2.9765232390864256,47.62437182538281,14.287311547614843,228.5969847618375
2,i64-o16,16,aggregated,1.676987648,250,75.0,24,5,5,24,80,0.20833333333333334,1.6798121830000001,2.9765232390864256,47.62437182538281,14.287311547614843,228.5969847618375
2,i64-o16,16,aggregated,1.676987648,500,25.0,24,1,20,1,16,0.041666666666666664,1.6798121830000001,0.5953046478172851,9.524874365076561,14.287311547614843,228.5969847618375
2,i64-o16,16,aggregated,1.676987648,500,30.0,24,3,20,3,48,0.125,1.6798121830000001,1.7859139434518554,28.574623095229686,14.287311547614843,228.5969847618375
2,i64-o16,16,aggregated,1.676987648,500,35.0,24,10,20,11,160,0.4166666666666667,1.6798121830000001,5.953046478172851,95.24874365076562,14.287311547614843,228.5969847618375
2,i64-o16,16,aggregated,1.676987648,500,40.0,24,19,20,23,304,0.7916666666666666,1.6798121830000001,11.310788308528418,180.97261293645468,14.287311547614843,228.5969847618375
2,i64-o16,16,aggregated,1.676987648,500,50.0,24,20,20,24,320,0.8333333333333334,1.6798121830000001,11.906092956345702,190.49748730153124,14.287311547614843,228.5969847618375
2,i64-o16,16,aggregated,1.676987648,500,75.0,24,20,20,24,320,0.8333333333333334,1.6798121830000001,11.906092956345702,190.49748730153124,14.287311547614843,228.5969847618375
2,i64-o16,16,aggregated,1.676987648,1000,25.0,24,1,24,1,16,0.041666666666666664,1.6798121830000001,0.5953046478172851,9.524874365076561,14.287311547614843,228.5969847618375
2,i64-o16,16,aggregated,1.676987648,1000,30.0,24,3,24,3,48,0.125,1.6798121830000001,1.7859139434518554,28.574623095229686,14.287311547614843,228.5969847618375
2,i64-o16,16,aggregated,1.676987648,1000,35.0,24,11,24,11,176,0.4583333333333333,1.6798121830000001,6.548351125990137,104.77361801584219,14.287311547614843,228.5969847618375
2,i64-o16,16,aggregated,1.676987648,1000,40.0,24,23,24,23,368,0.9583333333333334,1.6798121830000001,13.692006899797558,219.07211039676093,14.287311547614843,228.5969847618375
2,i64-o16,16,aggregated,1.676987648,1000,50.0,24,24,24,24,384,1.0,1.6798121830000001,14.287311547614843,228.5969847618375,14.287311547614843,228.5969847618375
2,i64-o16,16,aggregated,1.676987648,1000,75.0,24,24,24,24,384,1.0,1.6798121830000001,14.287311547614843,228.5969847618375,14.287311547614843,228.5969847618375
2,i64-o16,16,aggregated,1.676987648,2000,25.0,24,1,24,1,16,0.041666666666666664,1.6798121830000001,0.5953046478172851,9.524874365076561,14.287311547614843,228.5969847618375
2,i64-o16,16,aggregated,1.676987648,2000,30.0,24,3,24,3,48,0.125,1.6798121830000001,1.7859139434518554,28.574623095229686,14.287311547614843,228.5969847618375
2,i64-o16,16,aggregated,1.676987648,2000,35.0,24,11,24,11,176,0.4583333333333333,1.6798121830000001,6.548351125990137,104.77361801584219,14.287311547614843,228.5969847618375
2,i64-o16,16,aggregated,1.676987648,2000,40.0,24,23,24,23,368,0.9583333333333334,1.6798121830000001,13.692006899797558,219.07211039676093,14.287311547614843,228.5969847618375
2,i64-o16,16,aggregated,1.676987648,2000,50.0,24,24,24,24,384,1.0,1.6798121830000001,14.287311547614843,228.5969847618375,14.287311547614843,228.5969847618375
2,i64-o16,16,aggregated,1.676987648,2000,75.0,24,24,24,24,384,1.0,1.6798121830000001,14.287311547614843,228.5969847618375,14.287311547614843,228.5969847618375
2,i64-o16,16,aggregated,1.676987648,5000,25.0,24,1,24,1,16,0.041666666666666664,1.6798121830000001,0.5953046478172851,9.524874365076561,14.287311547614843,228.5969847618375
2,i64-o16,16,aggregated,1.676987648,5000,30.0,24,3,24,3,48,0.125,1.6798121830000001,1.7859139434518554,28.574623095229686,14.287311547614843,228.5969847618375
2,i64-o16,16,aggregated,1.676987648,5000,35.0,24,11,24,11,176,0.4583333333333333,1.6798121830000001,6.548351125990137,104.77361801584219,14.287311547614843,228.5969847618375
2,i64-o16,16,aggregated,1.676987648,5000,40.0,24,23,24,23,368,0.9583333333333334,1.6798121830000001,13.692006899797558,219.07211039676093,14.287311547614843,228.5969847618375
2,i64-o16,16,aggregated,1.676987648,5000,50.0,24,24,24,24,384,1.0,1.6798121830000001,14.287311547614843,228.5969847618375,14.287311547614843,228.5969847618375
2,i64-o16,16,aggregated,1.676987648,5000,75.0,24,24,24,24,384,1.0,1.6798121830000001,14.287311547614843,228.5969847618375,14.287311547614843,228.5969847618375
2,i64-o16,16,aggregated,1.676987648,10000,25.0,24,1,24,1,16,0.041666666666666664,1.6798121830000001,0.5953046478172851,9.524874365076561,14.287311547614843,228.5969847618375
2,i64-o16,16,aggregated,1.676987648,10000,30.0,24,3,24,3,48,0.125,1.6798121830000001,1.7859139434518554,28.574623095229686,14.287311547614843,228.5969847618375
2,i64-o16,16,aggregated,1.676987648,10000,35.0,24,11,24,11,176,0.4583333333333333,1.6798121830000001,6.548351125990137,104.77361801584219,14.287311547614843,228.5969847618375
2,i64-o16,16,aggregated,1.676987648,10000,40.0,24,23,24,23,368,0.9583333333333334,1.6798121830000001,13.692006899797558,219.07211039676093,14.287311547614843,228.5969847618375
2,i64-o16,16,aggregated,1.676987648,10000,50.0,24,24,24,24,384,1.0,1.6798121830000001,14.287311547614843,228.5969847618375,14.287311547614843,228.5969847618375
2,i64-o16,16,aggregated,1.676987648,10000,75.0,24,24,24,24,384,1.0,1.6798121830000001,14.287311547614843,228.5969847618375,14.287311547614843,228.5969847618375
2,i64-o16,16,aggregated,1.676987648,20000,25.0,24,1,24,1,16,0.041666666666666664,1.6798121830000001,0.5953046478172851,9.524874365076561,14.287311547614843,228.5969847618375
2,i64-o16,16,aggregated,1.676987648,20000,30.0,24,3,24,3,48,0.125,1.6798121830000001,1.7859139434518554,28.574623095229686,14.287311547614843,228.5969847618375
2,i64-o16,16,aggregated,1.676987648,20000,35.0,24,11,24,11,176,0.4583333333333333,1.6798121830000001,6.548351125990137,104.77361801584219,14.287311547614843,228.5969847618375
2,i64-o16,16,aggregated,1.676987648,20000,40.0,24,23,24,23,368,0.9583333333333334,1.6798121830000001,13.692006899797558,219.07211039676093,14.287311547614843,228.5969847618375
2,i64-o16,16,aggregated,1.676987648,20000,50.0,24,24,24,24,384,1.0,1.6798121830000001,14.287311547614843,228.5969847618375,14.287311547614843,228.5969847618375
2,i64-o16,16,aggregated,1.676987648,20000,75.0,24,24,24,24,384,1.0,1.6798121830000001,14.287311547614843,228.5969847618375,14.287311547614843,228.5969847618375
2,i64-o16,4,aggregated,3.7233052160000004,100,25.0,24,0,0,1,0,0.0,3.725831329,0.0,0.0,6.441515431253168,103.06424690005069
2,i64-o16,4,aggregated,3.7233052160000004,100,30.0,24,0,0,13,0,0.0,3.725831329,0.0,0.0,6.441515431253168,103.06424690005069
2,i64-o16,4,aggregated,3.7233052160000004,100,35.0,24,0,0,24,0,0.0,3.725831329,0.0,0.0,6.441515431253168,103.06424690005069
2,i64-o16,4,aggregated,3.7233052160000004,100,40.0,24,0,0,24,0,0.0,3.725831329,0.0,0.0,6.441515431253168,103.06424690005069
2,i64-o16,4,aggregated,3.7233052160000004,100,50.0,24,0,0,24,0,0.0,3.725831329,0.0,0.0,6.441515431253168,103.06424690005069
2,i64-o16,4,aggregated,3.7233052160000004,100,75.0,24,0,0,24,0,0.0,3.725831329,0.0,0.0,6.441515431253168,103.06424690005069
2,i64-o16,4,aggregated,3.7233052160000004,250,25.0,24,1,24,1,16,0.041666666666666664,3.725831329,0.26839647630221536,4.294343620835446,6.441515431253168,103.06424690005069
2,i64-o16,4,aggregated,3.7233052160000004,250,30.0,24,13,24,13,208,0.5416666666666666,3.725831329,3.4891541919287996,55.826467070860794,6.441515431253168,103.06424690005069
2,i64-o16,4,aggregated,3.7233052160000004,250,35.0,24,24,24,24,384,1.0,3.725831329,6.441515431253168,103.06424690005069,6.441515431253168,103.06424690005069
2,i64-o16,4,aggregated,3.7233052160000004,250,40.0,24,24,24,24,384,1.0,3.725831329,6.441515431253168,103.06424690005069,6.441515431253168,103.06424690005069
2,i64-o16,4,aggregated,3.7233052160000004,250,50.0,24,24,24,24,384,1.0,3.725831329,6.441515431253168,103.06424690005069,6.441515431253168,103.06424690005069
2,i64-o16,4,aggregated,3.7233052160000004,250,75.0,24,24,24,24,384,1.0,3.725831329,6.441515431253168,103.06424690005069,6.441515431253168,103.06424690005069
2,i64-o16,4,aggregated,3.7233052160000004,500,25.0,24,1,24,1,16,0.041666666666666664,3.725831329,0.26839647630221536,4.294343620835446,6.441515431253168,103.06424690005069
2,i64-o16,4,aggregated,3.7233052160000004,500,30.0,24,13,24,13,208,0.5416666666666666,3.725831329,3.4891541919287996,55.826467070860794,6.441515431253168,103.06424690005069
2,i64-o16,4,aggregated,3.7233052160000004,500,35.0,24,24,24,24,384,1.0,3.725831329,6.441515431253168,103.06424690005069,6.441515431253168,103.06424690005069
2,i64-o16,4,aggregated,3.7233052160000004,500,40.0,24,24,24,24,384,1.0,3.725831329,6.441515431253168,103.06424690005069,6.441515431253168,103.06424690005069
2,i64-o16,4,aggregated,3.7233052160000004,500,50.0,24,24,24,24,384,1.0,3.725831329,6.441515431253168,103.06424690005069,6.441515431253168,103.06424690005069
2,i64-o16,4,aggregated,3.7233052160000004,500,75.0,24,24,24,24,384,1.0,3.725831329,6.441515431253168,103.06424690005069,6.441515431253168,103.06424690005069
2,i64-o16,4,aggregated,3.7233052160000004,1000,25.0,24,1,24,1,16,0.041666666666666664,3.725831329,0.26839647630221536,4.294343620835446,6.441515431253168,103.06424690005069
2,i64-o16,4,aggregated,3.7233052160000004,1000,30.0,24,13,24,13,208,0.5416666666666666,3.725831329,3.4891541919287996,55.826467070860794,6.441515431253168,103.06424690005069
2,i64-o16,4,aggregated,3.7233052160000004,1000,35.0,24,24,24,24,384,1.0,3.725831329,6.441515431253168,103.06424690005069,6.441515431253168,103.06424690005069
2,i64-o16,4,aggregated,3.7233052160000004,1000,40.0,24,24,24,24,384,1.0,3.725831329,6.441515431253168,103.06424690005069,6.441515431253168,103.06424690005069
2,i64-o16,4,aggregated,3.7233052160000004,1000,50.0,24,24,24,24,384,1.0,3.725831329,6.441515431253168,103.06424690005069,6.441515431253168,103.06424690005069
2,i64-o16,4,aggregated,3.7233052160000004,1000,75.0,24,24,24,24,384,1.0,3.725831329,6.441515431253168,103.06424690005069,6.441515431253168,103.06424690005069
2,i64-o16,4,aggregated,3.7233052160000004,2000,25.0,24,1,24,1,16,0.041666666666666664,3.725831329,0.26839647630221536,4.294343620835446,6.441515431253168,103.06424690005069
2,i64-o16,4,aggregated,3.7233052160000004,2000,30.0,24,13,24,13,208,0.5416666666666666,3.725831329,3.4891541919287996,55.826467070860794,6.441515431253168,103.06424690005069
2,i64-o16,4,aggregated,3.7233052160000004,2000,35.0,24,24,24,24,384,1.0,3.725831329,6.441515431253168,103.06424690005069,6.441515431253168,103.06424690005069
2,i64-o16,4,aggregated,3.7233052160000004,2000,40.0,24,24,24,24,384,1.0,3.725831329,6.441515431253168,103.06424690005069,6.441515431253168,103.06424690005069
2,i64-o16,4,aggregated,3.7233052160000004,2000,50.0,24,24,24,24,384,1.0,3.725831329,6.441515431253168,103.06424690005069,6.441515431253168,103.06424690005069
2,i64-o16,4,aggregated,3.7233052160000004,2000,75.0,24,24,24,24,384,1.0,3.725831329,6.441515431253168,103.06424690005069,6.441515431253168,103.06424690005069
2,i64-o16,4,aggregated,3.7233052160000004,5000,25.0,24,1,24,1,16,0.041666666666666664,3.725831329,0.26839647630221536,4.294343620835446,6.441515431253168,103.06424690005069
2,i64-o16,4,aggregated,3.7233052160000004,5000,30.0,24,13,24,13,208,0.5416666666666666,3.725831329,3.4891541919287996,55.826467070860794,6.441515431253168,103.06424690005069
2,i64-o16,4,aggregated,3.7233052160000004,5000,35.0,24,24,24,24,384,1.0,3.725831329,6.441515431253168,103.06424690005069,6.441515431253168,103.06424690005069
2,i64-o16,4,aggregated,3.7233052160000004,5000,40.0,24,24,24,24,384,1.0,3.725831329,6.441515431253168,103.06424690005069,6.441515431253168,103.06424690005069
2,i64-o16,4,aggregated,3.7233052160000004,5000,50.0,24,24,24,24,384,1.0,3.725831329,6.441515431253168,103.06424690005069,6.441515431253168,103.06424690005069
2,i64-o16,4,aggregated,3.7233052160000004,5000,75.0,24,24,24,24,384,1.0,3.725831329,6.441515431253168,103.06424690005069,6.441515431253168,103.06424690005069
2,i64-o16,4,aggregated,3.7233052160000004,10000,25.0,24,1,24,1,16,0.041666666666666664,3.725831329,0.26839647630221536,4.294343620835446,6.441515431253168,103.06424690005069
2,i64-o16,4,aggregated,3.7233052160000004,10000,30.0,24,13,24,13,208,0.5416666666666666,3.725831329,3.4891541919287996,55.826467070860794,6.441515431253168,103.06424690005069
2,i64-o16,4,aggregated,3.7233052160000004,10000,35.0,24,24,24,24,384,1.0,3.725831329,6.441515431253168,103.06424690005069,6.441515431253168,103.06424690005069
2,i64-o16,4,aggregated,3.7233052160000004,10000,40.0,24,24,24,24,384,1.0,3.725831329,6.441515431253168,103.06424690005069,6.441515431253168,103.06424690005069
2,i64-o16,4,aggregated,3.7233052160000004,10000,50.0,24,24,24,24,384,1.0,3.725831329,6.441515431253168,103.06424690005069,6.441515431253168,103.06424690005069
2,i64-o16,4,aggregated,3.7233052160000004,10000,75.0,24,24,24,24,384,1.0,3.725831329,6.441515431253168,103.06424690005069,6.441515431253168,103.06424690005069
2,i64-o16,4,aggregated,3.7233052160000004,20000,25.0,24,1,24,1,16,0.041666666666666664,3.725831329,0.26839647630221536,4.294343620835446,6.441515431253168,103.06424690005069
2,i64-o16,4,aggregated,3.7233052160000004,20000,30.0,24,13,24,13,208,0.5416666666666666,3.725831329,3.4891541919287996,55.826467070860794,6.441515431253168,103.06424690005069
2,i64-o16,4,aggregated,3.7233052160000004,20000,35.0,24,24,24,24,384,1.0,3.725831329,6.441515431253168,103.06424690005069,6.441515431253168,103.06424690005069
2,i64-o16,4,aggregated,3.7233052160000004,20000,40.0,24,24,24,24,384,1.0,3.725831329,6.441515431253168,103.06424690005069,6.441515431253168,103.06424690005069
2,i64-o16,4,aggregated,3.7233052160000004,20000,50.0,24,24,24,24,384,1.0,3.725831329,6.441515431253168,103.06424690005069,6.441515431253168,103.06424690005069
2,i64-o16,4,aggregated,3.7233052160000004,20000,75.0,24,24,24,24,384,1.0,3.725831329,6.441515431253168,103.06424690005069,6.441515431253168,103.06424690005069
2,i704-o128,16,aggregated,13.102735872,100,25.0,24,0,0,0,0,0.0,13.10601617,0.0,0.0,1.831220081578764,234.3961704420818
2,i704-o128,16,aggregated,13.102735872,100,30.0,24,0,0,0,0,0.0,13.10601617,0.0,0.0,1.831220081578764,234.3961704420818
2,i704-o128,16,aggregated,13.102735872,100,35.0,24,0,0,2,0,0.0,13.10601617,0.0,0.0,1.831220081578764,234.3961704420818
2,i704-o128,16,aggregated,13.102735872,100,40.0,24,0,0,8,0,0.0,13.10601617,0.0,0.0,1.831220081578764,234.3961704420818
2,i704-o128,16,aggregated,13.102735872,100,50.0,24,0,0,24,0,0.0,13.10601617,0.0,0.0,1.831220081578764,234.3961704420818
2,i704-o128,16,aggregated,13.102735872,100,75.0,24,0,0,24,0,0.0,13.10601617,0.0,0.0,1.831220081578764,234.3961704420818
2,i704-o128,16,aggregated,13.102735872,250,25.0,24,0,0,0,0,0.0,13.10601617,0.0,0.0,1.831220081578764,234.3961704420818
2,i704-o128,16,aggregated,13.102735872,250,30.0,24,0,0,0,0,0.0,13.10601617,0.0,0.0,1.831220081578764,234.3961704420818
2,i704-o128,16,aggregated,13.102735872,250,35.0,24,0,0,2,0,0.0,13.10601617,0.0,0.0,1.831220081578764,234.3961704420818
2,i704-o128,16,aggregated,13.102735872,250,40.0,24,0,0,8,0,0.0,13.10601617,0.0,0.0,1.831220081578764,234.3961704420818
2,i704-o128,16,aggregated,13.102735872,250,50.0,24,0,0,24,0,0.0,13.10601617,0.0,0.0,1.831220081578764,234.3961704420818
2,i704-o128,16,aggregated,13.102735872,250,75.0,24,0,0,24,0,0.0,13.10601617,0.0,0.0,1.831220081578764,234.3961704420818
2,i704-o128,16,aggregated,13.102735872,500,25.0,24,0,0,0,0,0.0,13.10601617,0.0,0.0,1.831220081578764,234.3961704420818
2,i704-o128,16,aggregated,13.102735872,500,30.0,24,0,0,0,0,0.0,13.10601617,0.0,0.0,1.831220081578764,234.3961704420818
2,i704-o128,16,aggregated,13.102735872,500,35.0,24,0,0,2,0,0.0,13.10601617,0.0,0.0,1.831220081578764,234.3961704420818
2,i704-o128,16,aggregated,13.102735872,500,40.0,24,0,0,8,0,0.0,13.10601617,0.0,0.0,1.831220081578764,234.3961704420818
2,i704-o128,16,aggregated,13.102735872,500,50.0,24,0,0,24,0,0.0,13.10601617,0.0,0.0,1.831220081578764,234.3961704420818
2,i704-o128,16,aggregated,13.102735872,500,75.0,24,0,0,24,0,0.0,13.10601617,0.0,0.0,1.831220081578764,234.3961704420818
2,i704-o128,16,aggregated,13.102735872,1000,25.0,24,0,4,0,0,0.0,13.10601617,0.0,0.0,1.831220081578764,234.3961704420818
2,i704-o128,16,aggregated,13.102735872,1000,30.0,24,0,4,0,0,0.0,13.10601617,0.0,0.0,1.831220081578764,234.3961704420818
2,i704-o128,16,aggregated,13.102735872,1000,35.0,24,0,4,2,0,0.0,13.10601617,0.0,0.0,1.831220081578764,234.3961704420818
2,i704-o128,16,aggregated,13.102735872,1000,40.0,24,0,4,8,0,0.0,13.10601617,0.0,0.0,1.831220081578764,234.3961704420818
2,i704-o128,16,aggregated,13.102735872,1000,50.0,24,4,4,24,512,0.16666666666666666,13.10601617,0.305203346929794,39.06602840701363,1.831220081578764,234.3961704420818
2,i704-o128,16,aggregated,13.102735872,1000,75.0,24,4,4,24,512,0.16666666666666666,13.10601617,0.305203346929794,39.06602840701363,1.831220081578764,234.3961704420818
2,i704-o128,16,aggregated,13.102735872,2000,25.0,24,0,16,0,0,0.0,13.10601617,0.0,0.0,1.831220081578764,234.3961704420818
2,i704-o128,16,aggregated,13.102735872,2000,30.0,24,0,16,0,0,0.0,13.10601617,0.0,0.0,1.831220081578764,234.3961704420818
2,i704-o128,16,aggregated,13.102735872,2000,35.0,24,2,16,2,256,0.08333333333333333,13.10601617,0.152601673464897,19.533014203506816,1.831220081578764,234.3961704420818
2,i704-o128,16,aggregated,13.102735872,2000,40.0,24,8,16,8,1024,0.3333333333333333,13.10601617,0.610406693859588,78.13205681402727,1.831220081578764,234.3961704420818
2,i704-o128,16,aggregated,13.102735872,2000,50.0,24,16,16,24,2048,0.6666666666666666,13.10601617,1.220813387719176,156.26411362805453,1.831220081578764,234.3961704420818
2,i704-o128,16,aggregated,13.102735872,2000,75.0,24,16,16,24,2048,0.6666666666666666,13.10601617,1.220813387719176,156.26411362805453,1.831220081578764,234.3961704420818
2,i704-o128,16,aggregated,13.102735872,5000,25.0,24,0,24,0,0,0.0,13.10601617,0.0,0.0,1.831220081578764,234.3961704420818
2,i704-o128,16,aggregated,13.102735872,5000,30.0,24,0,24,0,0,0.0,13.10601617,0.0,0.0,1.831220081578764,234.3961704420818
2,i704-o128,16,aggregated,13.102735872,5000,35.0,24,2,24,2,256,0.08333333333333333,13.10601617,0.152601673464897,19.533014203506816,1.831220081578764,234.3961704420818
2,i704-o128,16,aggregated,13.102735872,5000,40.0,24,8,24,8,1024,0.3333333333333333,13.10601617,0.610406693859588,78.13205681402727,1.831220081578764,234.3961704420818
2,i704-o128,16,aggregated,13.102735872,5000,50.0,24,24,24,24,3072,1.0,13.10601617,1.831220081578764,234.3961704420818,1.831220081578764,234.3961704420818
2,i704-o128,16,aggregated,13.102735872,5000,75.0,24,24,24,24,3072,1.0,13.10601617,1.831220081578764,234.3961704420818,1.831220081578764,234.3961704420818
2,i704-o128,16,aggregated,13.102735872,10000,25.0,24,0,24,0,0,0.0,13.10601617,0.0,0.0,1.831220081578764,234.3961704420818
2,i704-o128,16,aggregated,13.102735872,10000,30.0,24,0,24,0,0,0.0,13.10601617,0.0,0.0,1.831220081578764,234.3961704420818
2,i704-o128,16,aggregated,13.102735872,10000,35.0,24,2,24,2,256,0.08333333333333333,13.10601617,0.152601673464897,19.533014203506816,1.831220081578764,234.3961704420818
2,i704-o128,16,aggregated,13.102735872,10000,40.0,24,8,24,8,1024,0.3333333333333333,13.10601617,0.610406693859588,78.13205681402727,1.831220081578764,234.3961704420818
2,i704-o128,16,aggregated,13.102735872,10000,50.0,24,24,24,24,3072,1.0,13.10601617,1.831220081578764,234.3961704420818,1.831220081578764,234.3961704420818
2,i704-o128,16,aggregated,13.102735872,10000,75.0,24,24,24,24,3072,1.0,13.10601617,1.831220081578764,234.3961704420818,1.831220081578764,234.3961704420818
2,i704-o128,16,aggregated,13.102735872,20000,25.0,24,0,24,0,0,0.0,13.10601617,0.0,0.0,1.831220081578764,234.3961704420818
2,i704-o128,16,aggregated,13.102735872,20000,30.0,24,0,24,0,0,0.0,13.10601617,0.0,0.0,1.831220081578764,234.3961704420818
2,i704-o128,16,aggregated,13.102735872,20000,35.0,24,2,24,2,256,0.08333333333333333,13.10601617,0.152601673464897,19.533014203506816,1.831220081578764,234.3961704420818
2,i704-o128,16,aggregated,13.102735872,20000,40.0,24,8,24,8,1024,0.3333333333333333,13.10601617,0.610406693859588,78.13205681402727,1.831220081578764,234.3961704420818
2,i704-o128,16,aggregated,13.102735872,20000,50.0,24,24,24,24,3072,1.0,13.10601617,1.831220081578764,234.3961704420818,1.831220081578764,234.3961704420818
2,i704-o128,16,aggregated,13.102735872,20000,75.0,24,24,24,24,3072,1.0,13.10601617,1.831220081578764,234.3961704420818,1.831220081578764,234.3961704420818
2,i704-o128,4,aggregated,30.661944064000004,100,25.0,24,0,0,0,0,0.0,30.66601859,0.0,0.0,0.7826252348202206,100.17603005698824
2,i704-o128,4,aggregated,30.661944064000004,100,30.0,24,0,0,0,0,0.0,30.66601859,0.0,0.0,0.7826252348202206,100.17603005698824
2,i704-o128,4,aggregated,30.661944064000004,100,35.0,24,0,0,23,0,0.0,30.66601859,0.0,0.0,0.7826252348202206,100.17603005698824
2,i704-o128,4,aggregated,30.661944064000004,100,40.0,24,0,0,24,0,0.0,30.66601859,0.0,0.0,0.7826252348202206,100.17603005698824
2,i704-o128,4,aggregated,30.661944064000004,100,50.0,24,0,0,24,0,0.0,30.66601859,0.0,0.0,0.7826252348202206,100.17603005698824
2,i704-o128,4,aggregated,30.661944064000004,100,75.0,24,0,0,24,0,0.0,30.66601859,0.0,0.0,0.7826252348202206,100.17603005698824
2,i704-o128,4,aggregated,30.661944064000004,250,25.0,24,0,0,0,0,0.0,30.66601859,0.0,0.0,0.7826252348202206,100.17603005698824
2,i704-o128,4,aggregated,30.661944064000004,250,30.0,24,0,0,0,0,0.0,30.66601859,0.0,0.0,0.7826252348202206,100.17603005698824
2,i704-o128,4,aggregated,30.661944064000004,250,35.0,24,0,0,23,0,0.0,30.66601859,0.0,0.0,0.7826252348202206,100.17603005698824
2,i704-o128,4,aggregated,30.661944064000004,250,40.0,24,0,0,24,0,0.0,30.66601859,0.0,0.0,0.7826252348202206,100.17603005698824
2,i704-o128,4,aggregated,30.661944064000004,250,50.0,24,0,0,24,0,0.0,30.66601859,0.0,0.0,0.7826252348202206,100.17603005698824
2,i704-o128,4,aggregated,30.661944064000004,250,75.0,24,0,0,24,0,0.0,30.66601859,0.0,0.0,0.7826252348202206,100.17603005698824
2,i704-o128,4,aggregated,30.661944064000004,500,25.0,24,0,0,0,0,0.0,30.66601859,0.0,0.0,0.7826252348202206,100.17603005698824
2,i704-o128,4,aggregated,30.661944064000004,500,30.0,24,0,0,0,0,0.0,30.66601859,0.0,0.0,0.7826252348202206,100.17603005698824
2,i704-o128,4,aggregated,30.661944064000004,500,35.0,24,0,0,23,0,0.0,30.66601859,0.0,0.0,0.7826252348202206,100.17603005698824
2,i704-o128,4,aggregated,30.661944064000004,500,40.0,24,0,0,24,0,0.0,30.66601859,0.0,0.0,0.7826252348202206,100.17603005698824
2,i704-o128,4,aggregated,30.661944064000004,500,50.0,24,0,0,24,0,0.0,30.66601859,0.0,0.0,0.7826252348202206,100.17603005698824
2,i704-o128,4,aggregated,30.661944064000004,500,75.0,24,0,0,24,0,0.0,30.66601859,0.0,0.0,0.7826252348202206,100.17603005698824
2,i704-o128,4,aggregated,30.661944064000004,1000,25.0,24,0,24,0,0,0.0,30.66601859,0.0,0.0,0.7826252348202206,100.17603005698824
2,i704-o128,4,aggregated,30.661944064000004,1000,30.0,24,0,24,0,0,0.0,30.66601859,0.0,0.0,0.7826252348202206,100.17603005698824
2,i704-o128,4,aggregated,30.661944064000004,1000,35.0,24,23,24,23,2944,0.9583333333333334,30.66601859,0.7500158500360448,96.00202880461373,0.7826252348202206,100.17603005698824
2,i704-o128,4,aggregated,30.661944064000004,1000,40.0,24,24,24,24,3072,1.0,30.66601859,0.7826252348202206,100.17603005698824,0.7826252348202206,100.17603005698824
2,i704-o128,4,aggregated,30.661944064000004,1000,50.0,24,24,24,24,3072,1.0,30.66601859,0.7826252348202206,100.17603005698824,0.7826252348202206,100.17603005698824
2,i704-o128,4,aggregated,30.661944064000004,1000,75.0,24,24,24,24,3072,1.0,30.66601859,0.7826252348202206,100.17603005698824,0.7826252348202206,100.17603005698824
2,i704-o128,4,aggregated,30.661944064000004,2000,25.0,24,0,24,0,0,0.0,30.66601859,0.0,0.0,0.7826252348202206,100.17603005698824
2,i704-o128,4,aggregated,30.661944064000004,2000,30.0,24,0,24,0,0,0.0,30.66601859,0.0,0.0,0.7826252348202206,100.17603005698824
2,i704-o128,4,aggregated,30.661944064000004,2000,35.0,24,23,24,23,2944,0.9583333333333334,30.66601859,0.7500158500360448,96.00202880461373,0.7826252348202206,100.17603005698824
2,i704-o128,4,aggregated,30.661944064000004,2000,40.0,24,24,24,24,3072,1.0,30.66601859,0.7826252348202206,100.17603005698824,0.7826252348202206,100.17603005698824
2,i704-o128,4,aggregated,30.661944064000004,2000,50.0,24,24,24,24,3072,1.0,30.66601859,0.7826252348202206,100.17603005698824,0.7826252348202206,100.17603005698824
2,i704-o128,4,aggregated,30.661944064000004,2000,75.0,24,24,24,24,3072,1.0,30.66601859,0.7826252348202206,100.17603005698824,0.7826252348202206,100.17603005698824
2,i704-o128,4,aggregated,30.661944064000004,5000,25.0,24,0,24,0,0,0.0,30.66601859,0.0,0.0,0.7826252348202206,100.17603005698824
2,i704-o128,4,aggregated,30.661944064000004,5000,30.0,24,0,24,0,0,0.0,30.66601859,0.0,0.0,0.7826252348202206,100.17603005698824
2,i704-o128,4,aggregated,30.661944064000004,5000,35.0,24,23,24,23,2944,0.9583333333333334,30.66601859,0.7500158500360448,96.00202880461373,0.7826252348202206,100.17603005698824
2,i704-o128,4,aggregated,30.661944064000004,5000,40.0,24,24,24,24,3072,1.0,30.66601859,0.7826252348202206,100.17603005698824,0.7826252348202206,100.17603005698824
2,i704-o128,4,aggregated,30.661944064000004,5000,50.0,24,24,24,24,3072,1.0,30.66601859,0.7826252348202206,100.17603005698824,0.7826252348202206,100.17603005698824
2,i704-o128,4,aggregated,30.661944064000004,5000,75.0,24,24,24,24,3072,1.0,30.66601859,0.7826252348202206,100.17603005698824,0.7826252348202206,100.17603005698824
2,i704-o128,4,aggregated,30.661944064000004,10000,25.0,24,0,24,0,0,0.0,30.66601859,0.0,0.0,0.7826252348202206,100.17603005698824
2,i704-o128,4,aggregated,30.661944064000004,10000,30.0,24,0,24,0,0,0.0,30.66601859,0.0,0.0,0.7826252348202206,100.17603005698824
2,i704-o128,4,aggregated,30.661944064000004,10000,35.0,24,23,24,23,2944,0.9583333333333334,30.66601859,0.7500158500360448,96.00202880461373,0.7826252348202206,100.17603005698824
2,i704-o128,4,aggregated,30.661944064000004,10000,40.0,24,24,24,24,3072,1.0,30.66601859,0.7826252348202206,100.17603005698824,0.7826252348202206,100.17603005698824
2,i704-o128,4,aggregated,30.661944064000004,10000,50.0,24,24,24,24,3072,1.0,30.66601859,0.7826252348202206,100.17603005698824,0.7826252348202206,100.17603005698824
2,i704-o128,4,aggregated,30.661944064000004,10000,75.0,24,24,24,24,3072,1.0,30.66601859,0.7826252348202206,100.17603005698824,0.7826252348202206,100.17603005698824
2,i704-o128,4,aggregated,30.661944064000004,20000,25.0,24,0,24,0,0,0.0,30.66601859,0.0,0.0,0.7826252348202206,100.17603005698824
2,i704-o128,4,aggregated,30.661944064000004,20000,30.0,24,0,24,0,0,0.0,30.66601859,0.0,0.0,0.7826252348202206,100.17603005698824
2,i704-o128,4,aggregated,30.661944064000004,20000,35.0,24,23,24,23,2944,0.9583333333333334,30.66601859,0.7500158500360448,96.00202880461373,0.7826252348202206,100.17603005698824
2,i704-o128,4,aggregated,30.661944064000004,20000,40.0,24,24,24,24,3072,1.0,30.66601859,0.7826252348202206,100.17603005698824,0.7826252348202206,100.17603005698824
2,i704-o128,4,aggregated,30.661944064000004,20000,50.0,24,24,24,24,3072,1.0,30.66601859,0.7826252348202206,100.17603005698824,0.7826252348202206,100.17603005698824
2,i704-o128,4,aggregated,30.661944064000004,20000,75.0,24,24,24,24,3072,1.0,30.66601859,0.7826252348202206,100.17603005698824,0.7826252348202206,100.17603005698824
2,i704-o16,16,aggregated,5.584044544,100,25.0,24,0,0,2,0,0.0,5.586424125000001,0.0,0.0,4.296129234548585,68.73806775277735
2,i704-o16,16,aggregated,5.584044544,100,30.0,24,0,0,10,0,0.0,5.586424125000001,0.0,0.0,4.296129234548585,68.73806775277735
2,i704-o16,16,aggregated,5.584044544,100,35.0,24,0,0,21,0,0.0,5.586424125000001,0.0,0.0,4.296129234548585,68.73806775277735
2,i704-o16,16,aggregated,5.584044544,100,40.0,24,0,0,24,0,0.0,5.586424125000001,0.0,0.0,4.296129234548585,68.73806775277735
2,i704-o16,16,aggregated,5.584044544,100,50.0,24,0,0,24,0,0.0,5.586424125000001,0.0,0.0,4.296129234548585,68.73806775277735
2,i704-o16,16,aggregated,5.584044544,100,75.0,24,0,0,24,0,0.0,5.586424125000001,0.0,0.0,4.296129234548585,68.73806775277735
2,i704-o16,16,aggregated,5.584044544,250,25.0,24,0,0,2,0,0.0,5.586424125000001,0.0,0.0,4.296129234548585,68.73806775277735
2,i704-o16,16,aggregated,5.584044544,250,30.0,24,0,0,10,0,0.0,5.586424125000001,0.0,0.0,4.296129234548585,68.73806775277735
2,i704-o16,16,aggregated,5.584044544,250,35.0,24,0,0,21,0,0.0,5.586424125000001,0.0,0.0,4.296129234548585,68.73806775277735
2,i704-o16,16,aggregated,5.584044544,250,40.0,24,0,0,24,0,0.0,5.586424125000001,0.0,0.0,4.296129234548585,68.73806775277735
2,i704-o16,16,aggregated,5.584044544,250,50.0,24,0,0,24,0,0.0,5.586424125000001,0.0,0.0,4.296129234548585,68.73806775277735
2,i704-o16,16,aggregated,5.584044544,250,75.0,24,0,0,24,0,0.0,5.586424125000001,0.0,0.0,4.296129234548585,68.73806775277735
2,i704-o16,16,aggregated,5.584044544,500,25.0,24,0,0,2,0,0.0,5.586424125000001,0.0,0.0,4.296129234548585,68.73806775277735
2,i704-o16,16,aggregated,5.584044544,500,30.0,24,0,0,10,0,0.0,5.586424125000001,0.0,0.0,4.296129234548585,68.73806775277735
2,i704-o16,16,aggregated,5.584044544,500,35.0,24,0,0,21,0,0.0,5.586424125000001,0.0,0.0,4.296129234548585,68.73806775277735
2,i704-o16,16,aggregated,5.584044544,500,40.0,24,0,0,24,0,0.0,5.586424125000001,0.0,0.0,4.296129234548585,68.73806775277735
2,i704-o16,16,aggregated,5.584044544,500,50.0,24,0,0,24,0,0.0,5.586424125000001,0.0,0.0,4.296129234548585,68.73806775277735
2,i704-o16,16,aggregated,5.584044544,500,75.0,24,0,0,24,0,0.0,5.586424125000001,0.0,0.0,4.296129234548585,68.73806775277735
2,i704-o16,16,aggregated,5.584044544,1000,25.0,24,0,4,2,0,0.0,5.586424125000001,0.0,0.0,4.296129234548585,68.73806775277735
2,i704-o16,16,aggregated,5.584044544,1000,30.0,24,2,4,10,32,0.08333333333333333,5.586424125000001,0.35801076954571537,5.728172312731446,4.296129234548585,68.73806775277735
2,i704-o16,16,aggregated,5.584044544,1000,35.0,24,3,4,21,48,0.125,5.586424125000001,0.5370161543185731,8.59225846909717,4.296129234548585,68.73806775277735
2,i704-o16,16,aggregated,5.584044544,1000,40.0,24,4,4,24,64,0.16666666666666666,5.586424125000001,0.7160215390914307,11.456344625462892,4.296129234548585,68.73806775277735
2,i704-o16,16,aggregated,5.584044544,1000,50.0,24,4,4,24,64,0.16666666666666666,5.586424125000001,0.7160215390914307,11.456344625462892,4.296129234548585,68.73806775277735
2,i704-o16,16,aggregated,5.584044544,1000,75.0,24,4,4,24,64,0.16666666666666666,5.586424125000001,0.7160215390914307,11.456344625462892,4.296129234548585,68.73806775277735
2,i704-o16,16,aggregated,5.584044544,2000,25.0,24,0,8,2,0,0.0,5.586424125000001,0.0,0.0,4.296129234548585,68.73806775277735
2,i704-o16,16,aggregated,5.584044544,2000,30.0,24,3,8,10,48,0.125,5.586424125000001,0.5370161543185731,8.59225846909717,4.296129234548585,68.73806775277735
2,i704-o16,16,aggregated,5.584044544,2000,35.0,24,5,8,21,80,0.20833333333333334,5.586424125000001,0.8950269238642885,14.320430781828616,4.296129234548585,68.73806775277735
2,i704-o16,16,aggregated,5.584044544,2000,40.0,24,8,8,24,128,0.3333333333333333,5.586424125000001,1.4320430781828615,22.912689250925784,4.296129234548585,68.73806775277735
2,i704-o16,16,aggregated,5.584044544,2000,50.0,24,8,8,24,128,0.3333333333333333,5.586424125000001,1.4320430781828615,22.912689250925784,4.296129234548585,68.73806775277735
2,i704-o16,16,aggregated,5.584044544,2000,75.0,24,8,8,24,128,0.3333333333333333,5.586424125000001,1.4320430781828615,22.912689250925784,4.296129234548585,68.73806775277735
2,i704-o16,16,aggregated,5.584044544,5000,25.0,24,2,24,2,32,0.08333333333333333,5.586424125000001,0.35801076954571537,5.728172312731446,4.296129234548585,68.73806775277735
2,i704-o16,16,aggregated,5.584044544,5000,30.0,24,10,24,10,160,0.4166666666666667,5.586424125000001,1.790053847728577,28.640861563657232,4.296129234548585,68.73806775277735
2,i704-o16,16,aggregated,5.584044544,5000,35.0,24,21,24,21,336,0.875,5.586424125000001,3.7591130802300117,60.14580928368019,4.296129234548585,68.73806775277735
2,i704-o16,16,aggregated,5.584044544,5000,40.0,24,24,24,24,384,1.0,5.586424125000001,4.296129234548585,68.73806775277735,4.296129234548585,68.73806775277735
2,i704-o16,16,aggregated,5.584044544,5000,50.0,24,24,24,24,384,1.0,5.586424125000001,4.296129234548585,68.73806775277735,4.296129234548585,68.73806775277735
2,i704-o16,16,aggregated,5.584044544,5000,75.0,24,24,24,24,384,1.0,5.586424125000001,4.296129234548585,68.73806775277735,4.296129234548585,68.73806775277735
2,i704-o16,16,aggregated,5.584044544,10000,25.0,24,2,24,2,32,0.08333333333333333,5.586424125000001,0.35801076954571537,5.728172312731446,4.296129234548585,68.73806775277735
2,i704-o16,16,aggregated,5.584044544,10000,30.0,24,10,24,10,160,0.4166666666666667,5.586424125000001,1.790053847728577,28.640861563657232,4.296129234548585,68.73806775277735
2,i704-o16,16,aggregated,5.584044544,10000,35.0,24,21,24,21,336,0.875,5.586424125000001,3.7591130802300117,60.14580928368019,4.296129234548585,68.73806775277735
2,i704-o16,16,aggregated,5.584044544,10000,40.0,24,24,24,24,384,1.0,5.586424125000001,4.296129234548585,68.73806775277735,4.296129234548585,68.73806775277735
2,i704-o16,16,aggregated,5.584044544,10000,50.0,24,24,24,24,384,1.0,5.586424125000001,4.296129234548585,68.73806775277735,4.296129234548585,68.73806775277735
2,i704-o16,16,aggregated,5.584044544,10000,75.0,24,24,24,24,384,1.0,5.586424125000001,4.296129234548585,68.73806775277735,4.296129234548585,68.73806775277735
2,i704-o16,16,aggregated,5.584044544,20000,25.0,24,2,24,2,32,0.08333333333333333,5.586424125000001,0.35801076954571537,5.728172312731446,4.296129234548585,68.73806775277735
2,i704-o16,16,aggregated,5.584044544,20000,30.0,24,10,24,10,160,0.4166666666666667,5.586424125000001,1.790053847728577,28.640861563657232,4.296129234548585,68.73806775277735
2,i704-o16,16,aggregated,5.584044544,20000,35.0,24,21,24,21,336,0.875,5.586424125000001,3.7591130802300117,60.14580928368019,4.296129234548585,68.73806775277735
2,i704-o16,16,aggregated,5.584044544,20000,40.0,24,24,24,24,384,1.0,5.586424125000001,4.296129234548585,68.73806775277735,4.296129234548585,68.73806775277735
2,i704-o16,16,aggregated,5.584044544,20000,50.0,24,24,24,24,384,1.0,5.586424125000001,4.296129234548585,68.73806775277735,4.296129234548585,68.73806775277735
2,i704-o16,16,aggregated,5.584044544,20000,75.0,24,24,24,24,384,1.0,5.586424125000001,4.296129234548585,68.73806775277735,4.296129234548585,68.73806775277735
2,i704-o16,4,aggregated,7.718877440000001,100,25.0,24,0,0,4,0,0.0,7.722068977,0.0,0.0,3.107975345918747,49.727605534699954
2,i704-o16,4,aggregated,7.718877440000001,100,30.0,24,0,0,15,0,0.0,7.722068977,0.0,0.0,3.107975345918747,49.727605534699954
2,i704-o16,4,aggregated,7.718877440000001,100,35.0,24,0,0,24,0,0.0,7.722068977,0.0,0.0,3.107975345918747,49.727605534699954
2,i704-o16,4,aggregated,7.718877440000001,100,40.0,24,0,0,24,0,0.0,7.722068977,0.0,0.0,3.107975345918747,49.727605534699954
2,i704-o16,4,aggregated,7.718877440000001,100,50.0,24,0,0,24,0,0.0,7.722068977,0.0,0.0,3.107975345918747,49.727605534699954
2,i704-o16,4,aggregated,7.718877440000001,100,75.0,24,0,0,24,0,0.0,7.722068977,0.0,0.0,3.107975345918747,49.727605534699954
2,i704-o16,4,aggregated,7.718877440000001,250,25.0,24,0,0,4,0,0.0,7.722068977,0.0,0.0,3.107975345918747,49.727605534699954
2,i704-o16,4,aggregated,7.718877440000001,250,30.0,24,0,0,15,0,0.0,7.722068977,0.0,0.0,3.107975345918747,49.727605534699954
2,i704-o16,4,aggregated,7.718877440000001,250,35.0,24,0,0,24,0,0.0,7.722068977,0.0,0.0,3.107975345918747,49.727605534699954
2,i704-o16,4,aggregated,7.718877440000001,250,40.0,24,0,0,24,0,0.0,7.722068977,0.0,0.0,3.107975345918747,49.727605534699954
2,i704-o16,4,aggregated,7.718877440000001,250,50.0,24,0,0,24,0,0.0,7.722068977,0.0,0.0,3.107975345918747,49.727605534699954
2,i704-o16,4,aggregated,7.718877440000001,250,75.0,24,0,0,24,0,0.0,7.722068977,0.0,0.0,3.107975345918747,49.727605534699954
2,i704-o16,4,aggregated,7.718877440000001,500,25.0,24,0,0,4,0,0.0,7.722068977,0.0,0.0,3.107975345918747,49.727605534699954
2,i704-o16,4,aggregated,7.718877440000001,500,30.0,24,0,0,15,0,0.0,7.722068977,0.0,0.0,3.107975345918747,49.727605534699954
2,i704-o16,4,aggregated,7.718877440000001,500,35.0,24,0,0,24,0,0.0,7.722068977,0.0,0.0,3.107975345918747,49.727605534699954
2,i704-o16,4,aggregated,7.718877440000001,500,40.0,24,0,0,24,0,0.0,7.722068977,0.0,0.0,3.107975345918747,49.727605534699954
2,i704-o16,4,aggregated,7.718877440000001,500,50.0,24,0,0,24,0,0.0,7.722068977,0.0,0.0,3.107975345918747,49.727605534699954
2,i704-o16,4,aggregated,7.718877440000001,500,75.0,24,0,0,24,0,0.0,7.722068977,0.0,0.0,3.107975345918747,49.727605534699954
2,i704-o16,4,aggregated,7.718877440000001,1000,25.0,24,4,24,4,64,0.16666666666666666,7.722068977,0.5179958909864578,8.287934255783325,3.107975345918747,49.727605534699954
2,i704-o16,4,aggregated,7.718877440000001,1000,30.0,24,15,24,15,240,0.625,7.722068977,1.9424845911992168,31.07975345918747,3.107975345918747,49.727605534699954
2,i704-o16,4,aggregated,7.718877440000001,1000,35.0,24,24,24,24,384,1.0,7.722068977,3.107975345918747,49.727605534699954,3.107975345918747,49.727605534699954
2,i704-o16,4,aggregated,7.718877440000001,1000,40.0,24,24,24,24,384,1.0,7.722068977,3.107975345918747,49.727605534699954,3.107975345918747,49.727605534699954
2,i704-o16,4,aggregated,7.718877440000001,1000,50.0,24,24,24,24,384,1.0,7.722068977,3.107975345918747,49.727605534699954,3.107975345918747,49.727605534699954
2,i704-o16,4,aggregated,7.718877440000001,1000,75.0,24,24,24,24,384,1.0,7.722068977,3.107975345918747,49.727605534699954,3.107975345918747,49.727605534699954
2,i704-o16,4,aggregated,7.718877440000001,2000,25.0,24,4,24,4,64,0.16666666666666666,7.722068977,0.5179958909864578,8.287934255783325,3.107975345918747,49.727605534699954
2,i704-o16,4,aggregated,7.718877440000001,2000,30.0,24,15,24,15,240,0.625,7.722068977,1.9424845911992168,31.07975345918747,3.107975345918747,49.727605534699954
2,i704-o16,4,aggregated,7.718877440000001,2000,35.0,24,24,24,24,384,1.0,7.722068977,3.107975345918747,49.727605534699954,3.107975345918747,49.727605534699954
2,i704-o16,4,aggregated,7.718877440000001,2000,40.0,24,24,24,24,384,1.0,7.722068977,3.107975345918747,49.727605534699954,3.107975345918747,49.727605534699954
2,i704-o16,4,aggregated,7.718877440000001,2000,50.0,24,24,24,24,384,1.0,7.722068977,3.107975345918747,49.727605534699954,3.107975345918747,49.727605534699954
2,i704-o16,4,aggregated,7.718877440000001,2000,75.0,24,24,24,24,384,1.0,7.722068977,3.107975345918747,49.727605534699954,3.107975345918747,49.727605534699954
2,i704-o16,4,aggregated,7.718877440000001,5000,25.0,24,4,24,4,64,0.16666666666666666,7.722068977,0.5179958909864578,8.287934255783325,3.107975345918747,49.727605534699954
2,i704-o16,4,aggregated,7.718877440000001,5000,30.0,24,15,24,15,240,0.625,7.722068977,1.9424845911992168,31.07975345918747,3.107975345918747,49.727605534699954
2,i704-o16,4,aggregated,7.718877440000001,5000,35.0,24,24,24,24,384,1.0,7.722068977,3.107975345918747,49.727605534699954,3.107975345918747,49.727605534699954
2,i704-o16,4,aggregated,7.718877440000001,5000,40.0,24,24,24,24,384,1.0,7.722068977,3.107975345918747,49.727605534699954,3.107975345918747,49.727605534699954
2,i704-o16,4,aggregated,7.718877440000001,5000,50.0,24,24,24,24,384,1.0,7.722068977,3.107975345918747,49.727605534699954,3.107975345918747,49.727605534699954
2,i704-o16,4,aggregated,7.718877440000001,5000,75.0,24,24,24,24,384,1.0,7.722068977,3.107975345918747,49.727605534699954,3.107975345918747,49.727605534699954
2,i704-o16,4,aggregated,7.718877440000001,10000,25.0,24,4,24,4,64,0.16666666666666666,7.722068977,0.5179958909864578,8.287934255783325,3.107975345918747,49.727605534699954
2,i704-o16,4,aggregated,7.718877440000001,10000,30.0,24,15,24,15,240,0.625,7.722068977,1.9424845911992168,31.07975345918747,3.107975345918747,49.727605534699954
2,i704-o16,4,aggregated,7.718877440000001,10000,35.0,24,24,24,24,384,1.0,7.722068977,3.107975345918747,49.727605534699954,3.107975345918747,49.727605534699954
2,i704-o16,4,aggregated,7.718877440000001,10000,40.0,24,24,24,24,384,1.0,7.722068977,3.107975345918747,49.727605534699954,3.107975345918747,49.727605534699954
2,i704-o16,4,aggregated,7.718877440000001,10000,50.0,24,24,24,24,384,1.0,7.722068977,3.107975345918747,49.727605534699954,3.107975345918747,49.727605534699954
2,i704-o16,4,aggregated,7.718877440000001,10000,75.0,24,24,24,24,384,1.0,7.722068977,3.107975345918747,49.727605534699954,3.107975345918747,49.727605534699954
2,i704-o16,4,aggregated,7.718877440000001,20000,25.0,24,4,24,4,64,0.16666666666666666,7.722068977,0.5179958909864578,8.287934255783325,3.107975345918747,49.727605534699954
2,i704-o16,4,aggregated,7.718877440000001,20000,30.0,24,15,24,15,240,0.625,7.722068977,1.9424845911992168,31.07975345918747,3.107975345918747,49.727605534699954
2,i704-o16,4,aggregated,7.718877440000001,20000,35.0,24,24,24,24,384,1.0,7.722068977,3.107975345918747,49.727605534699954,3.107975345918747,49.727605534699954
2,i704-o16,4,aggregated,7.718877440000001,20000,40.0,24,24,24,24,384,1.0,7.722068977,3.107975345918747,49.727605534699954,3.107975345918747,49.727605534699954
2,i704-o16,4,aggregated,7.718877440000001,20000,50.0,24,24,24,24,384,1.0,7.722068977,3.107975345918747,49.727605534699954,3.107975345918747,49.727605534699954
2,i704-o16,4,aggregated,7.718877440000001,20000,75.0,24,24,24,24,384,1.0,7.722068977,3.107975345918747,49.727605534699954,3.107975345918747,49.727605534699954
2,mixed,16,aggregated,9.700424704000001,100,25.0,24,0,0,0,0,0.0,9.703193865000001,0.0,0.0,2.4734123973931337,224.25605736364412
2,mixed,16,aggregated,9.700424704000001,100,30.0,24,0,0,0,0,0.0,9.703193865000001,0.0,0.0,2.4734123973931337,224.25605736364412
2,mixed,16,aggregated,9.700424704000001,100,35.0,24,0,0,2,0,0.0,9.703193865000001,0.0,0.0,2.4734123973931337,224.25605736364412
2,mixed,16,aggregated,9.700424704000001,100,40.0,24,0,0,15,0,0.0,9.703193865000001,0.0,0.0,2.4734123973931337,224.25605736364412
2,mixed,16,aggregated,9.700424704000001,100,50.0,24,0,0,24,0,0.0,9.703193865000001,0.0,0.0,2.4734123973931337,224.25605736364412
2,mixed,16,aggregated,9.700424704000001,100,75.0,24,0,0,24,0,0.0,9.703193865000001,0.0,0.0,2.4734123973931337,224.25605736364412
2,mixed,16,aggregated,9.700424704000001,250,25.0,24,0,4,0,0,0.0,9.703193865000001,0.0,0.0,2.4734123973931337,224.25605736364412
2,mixed,16,aggregated,9.700424704000001,250,30.0,24,0,4,0,0,0.0,9.703193865000001,0.0,0.0,2.4734123973931337,224.25605736364412
2,mixed,16,aggregated,9.700424704000001,250,35.0,24,0,4,2,0,0.0,9.703193865000001,0.0,0.0,2.4734123973931337,224.25605736364412
2,mixed,16,aggregated,9.700424704000001,250,40.0,24,2,4,15,256,0.08333333333333333,9.703193865000001,0.20611769978276115,26.383065572193427,2.4734123973931337,224.25605736364412
2,mixed,16,aggregated,9.700424704000001,250,50.0,24,4,4,24,512,0.16666666666666666,9.703193865000001,0.4122353995655223,52.766131144386854,2.4734123973931337,224.25605736364412
2,mixed,16,aggregated,9.700424704000001,250,75.0,24,4,4,24,512,0.16666666666666666,9.703193865000001,0.4122353995655223,52.766131144386854,2.4734123973931337,224.25605736364412
2,mixed,16,aggregated,9.700424704000001,500,25.0,24,0,10,0,0,0.0,9.703193865000001,0.0,0.0,2.4734123973931337,224.25605736364412
2,mixed,16,aggregated,9.700424704000001,500,30.0,24,0,10,0,0,0.0,9.703193865000001,0.0,0.0,2.4734123973931337,224.25605736364412
2,mixed,16,aggregated,9.700424704000001,500,35.0,24,1,10,2,128,0.041666666666666664,9.703193865000001,0.10305884989138057,13.191532786096714,2.4734123973931337,224.25605736364412
2,mixed,16,aggregated,9.700424704000001,500,40.0,24,5,10,15,640,0.20833333333333334,9.703193865000001,0.5152942494569028,65.95766393048356,2.4734123973931337,224.25605736364412
2,mixed,16,aggregated,9.700424704000001,500,50.0,24,10,10,24,1280,0.4166666666666667,9.703193865000001,1.0305884989138057,131.91532786096712,2.4734123973931337,224.25605736364412
2,mixed,16,aggregated,9.700424704000001,500,75.0,24,10,10,24,1280,0.4166666666666667,9.703193865000001,1.0305884989138057,131.91532786096712,2.4734123973931337,224.25605736364412
2,mixed,16,aggregated,9.700424704000001,1000,25.0,24,0,13,0,0,0.0,9.703193865000001,0.0,0.0,2.4734123973931337,224.25605736364412
2,mixed,16,aggregated,9.700424704000001,1000,30.0,24,0,13,0,0,0.0,9.703193865000001,0.0,0.0,2.4734123973931337,224.25605736364412
2,mixed,16,aggregated,9.700424704000001,1000,35.0,24,1,13,2,128,0.041666666666666664,9.703193865000001,0.10305884989138057,13.191532786096714,2.4734123973931337,224.25605736364412
2,mixed,16,aggregated,9.700424704000001,1000,40.0,24,8,13,15,912,0.3333333333333333,9.703193865000001,0.8244707991310446,93.98967110093908,2.4734123973931337,224.25605736364412
2,mixed,16,aggregated,9.700424704000001,1000,50.0,24,13,13,24,1552,0.5416666666666666,9.703193865000001,1.3397650485879475,159.94733503142265,2.4734123973931337,224.25605736364412
2,mixed,16,aggregated,9.700424704000001,1000,75.0,24,13,13,24,1552,0.5416666666666666,9.703193865000001,1.3397650485879475,159.94733503142265,2.4734123973931337,224.25605736364412
2,mixed,16,aggregated,9.700424704000001,2000,25.0,24,0,22,0,0,0.0,9.703193865000001,0.0,0.0,2.4734123973931337,224.25605736364412
2,mixed,16,aggregated,9.700424704000001,2000,30.0,24,0,22,0,0,0.0,9.703193865000001,0.0,0.0,2.4734123973931337,224.25605736364412
2,mixed,16,aggregated,9.700424704000001,2000,35.0,24,2,22,2,144,0.08333333333333333,9.703193865000001,0.20611769978276115,14.840474384358803,2.4734123973931337,224.25605736364412
2,mixed,16,aggregated,9.700424704000001,2000,40.0,24,13,22,15,992,0.5416666666666666,9.703193865000001,1.3397650485879475,102.23437909224953,2.4734123973931337,224.25605736364412
2,mixed,16,aggregated,9.700424704000001,2000,50.0,24,22,22,24,2144,0.9166666666666666,9.703193865000001,2.2672946976103727,220.95817416711995,2.4734123973931337,224.25605736364412
2,mixed,16,aggregated,9.700424704000001,2000,75.0,24,22,22,24,2144,0.9166666666666666,9.703193865000001,2.2672946976103727,220.95817416711995,2.4734123973931337,224.25605736364412
2,mixed,16,aggregated,9.700424704000001,5000,25.0,24,0,24,0,0,0.0,9.703193865000001,0.0,0.0,2.4734123973931337,224.25605736364412
2,mixed,16,aggregated,9.700424704000001,5000,30.0,24,0,24,0,0,0.0,9.703193865000001,0.0,0.0,2.4734123973931337,224.25605736364412
2,mixed,16,aggregated,9.700424704000001,5000,35.0,24,2,24,2,144,0.08333333333333333,9.703193865000001,0.20611769978276115,14.840474384358803,2.4734123973931337,224.25605736364412
2,mixed,16,aggregated,9.700424704000001,5000,40.0,24,15,24,15,1024,0.625,9.703193865000001,1.5458827483707085,105.53226228877371,2.4734123973931337,224.25605736364412
2,mixed,16,aggregated,9.700424704000001,5000,50.0,24,24,24,24,2176,1.0,9.703193865000001,2.4734123973931337,224.25605736364412,2.4734123973931337,224.25605736364412
2,mixed,16,aggregated,9.700424704000001,5000,75.0,24,24,24,24,2176,1.0,9.703193865000001,2.4734123973931337,224.25605736364412,2.4734123973931337,224.25605736364412
2,mixed,16,aggregated,9.700424704000001,10000,25.0,24,0,24,0,0,0.0,9.703193865000001,0.0,0.0,2.4734123973931337,224.25605736364412
2,mixed,16,aggregated,9.700424704000001,10000,30.0,24,0,24,0,0,0.0,9.703193865000001,0.0,0.0,2.4734123973931337,224.25605736364412
2,mixed,16,aggregated,9.700424704000001,10000,35.0,24,2,24,2,144,0.08333333333333333,9.703193865000001,0.20611769978276115,14.840474384358803,2.4734123973931337,224.25605736364412
2,mixed,16,aggregated,9.700424704000001,10000,40.0,24,15,24,15,1024,0.625,9.703193865000001,1.5458827483707085,105.53226228877371,2.4734123973931337,224.25605736364412
2,mixed,16,aggregated,9.700424704000001,10000,50.0,24,24,24,24,2176,1.0,9.703193865000001,2.4734123973931337,224.25605736364412,2.4734123973931337,224.25605736364412
2,mixed,16,aggregated,9.700424704000001,10000,75.0,24,24,24,24,2176,1.0,9.703193865000001,2.4734123973931337,224.25605736364412,2.4734123973931337,224.25605736364412
2,mixed,16,aggregated,9.700424704000001,20000,25.0,24,0,24,0,0,0.0,9.703193865000001,0.0,0.0,2.4734123973931337,224.25605736364412
2,mixed,16,aggregated,9.700424704000001,20000,30.0,24,0,24,0,0,0.0,9.703193865000001,0.0,0.0,2.4734123973931337,224.25605736364412
2,mixed,16,aggregated,9.700424704000001,20000,35.0,24,2,24,2,144,0.08333333333333333,9.703193865000001,0.20611769978276115,14.840474384358803,2.4734123973931337,224.25605736364412
2,mixed,16,aggregated,9.700424704000001,20000,40.0,24,15,24,15,1024,0.625,9.703193865000001,1.5458827483707085,105.53226228877371,2.4734123973931337,224.25605736364412
2,mixed,16,aggregated,9.700424704000001,20000,50.0,24,24,24,24,2176,1.0,9.703193865000001,2.4734123973931337,224.25605736364412,2.4734123973931337,224.25605736364412
2,mixed,16,aggregated,9.700424704000001,20000,75.0,24,24,24,24,2176,1.0,9.703193865000001,2.4734123973931337,224.25605736364412,2.4734123973931337,224.25605736364412
2,mixed,4,aggregated,21.891076864000002,100,25.0,24,0,0,1,0,0.0,21.893890322999997,0.0,0.0,1.0961962285335598,99.38845805370943
2,mixed,4,aggregated,21.891076864000002,100,30.0,24,0,0,4,0,0.0,21.893890322999997,0.0,0.0,1.0961962285335598,99.38845805370943
2,mixed,4,aggregated,21.891076864000002,100,35.0,24,0,0,24,0,0.0,21.893890322999997,0.0,0.0,1.0961962285335598,99.38845805370943
2,mixed,4,aggregated,21.891076864000002,100,40.0,24,0,0,24,0,0.0,21.893890322999997,0.0,0.0,1.0961962285335598,99.38845805370943
2,mixed,4,aggregated,21.891076864000002,100,50.0,24,0,0,24,0,0.0,21.893890322999997,0.0,0.0,1.0961962285335598,99.38845805370943
2,mixed,4,aggregated,21.891076864000002,100,75.0,24,0,0,24,0,0.0,21.893890322999997,0.0,0.0,1.0961962285335598,99.38845805370943
2,mixed,4,aggregated,21.891076864000002,250,25.0,24,0,16,1,0,0.0,21.893890322999997,0.0,0.0,1.0961962285335598,99.38845805370943
2,mixed,4,aggregated,21.891076864000002,250,30.0,24,0,16,4,0,0.0,21.893890322999997,0.0,0.0,1.0961962285335598,99.38845805370943
2,mixed,4,aggregated,21.891076864000002,250,35.0,24,16,16,24,2048,0.6666666666666666,21.893890322999997,0.7307974856890399,93.54207816819711,1.0961962285335598,99.38845805370943
2,mixed,4,aggregated,21.891076864000002,250,40.0,24,16,16,24,2048,0.6666666666666666,21.893890322999997,0.7307974856890399,93.54207816819711,1.0961962285335598,99.38845805370943
2,mixed,4,aggregated,21.891076864000002,250,50.0,24,16,16,24,2048,0.6666666666666666,21.893890322999997,0.7307974856890399,93.54207816819711,1.0961962285335598,99.38845805370943
2,mixed,4,aggregated,21.891076864000002,250,75.0,24,16,16,24,2048,0.6666666666666666,21.893890322999997,0.7307974856890399,93.54207816819711,1.0961962285335598,99.38845805370943
2,mixed,4,aggregated,21.891076864000002,500,25.0,24,0,16,1,0,0.0,21.893890322999997,0.0,0.0,1.0961962285335598,99.38845805370943
2,mixed,4,aggregated,21.891076864000002,500,30.0,24,0,16,4,0,0.0,21.893890322999997,0.0,0.0,1.0961962285335598,99.38845805370943
2,mixed,4,aggregated,21.891076864000002,500,35.0,24,16,16,24,2048,0.6666666666666666,21.893890322999997,0.7307974856890399,93.54207816819711,1.0961962285335598,99.38845805370943
2,mixed,4,aggregated,21.891076864000002,500,40.0,24,16,16,24,2048,0.6666666666666666,21.893890322999997,0.7307974856890399,93.54207816819711,1.0961962285335598,99.38845805370943
2,mixed,4,aggregated,21.891076864000002,500,50.0,24,16,16,24,2048,0.6666666666666666,21.893890322999997,0.7307974856890399,93.54207816819711,1.0961962285335598,99.38845805370943
2,mixed,4,aggregated,21.891076864000002,500,75.0,24,16,16,24,2048,0.6666666666666666,21.893890322999997,0.7307974856890399,93.54207816819711,1.0961962285335598,99.38845805370943
2,mixed,4,aggregated,21.891076864000002,1000,25.0,24,0,23,1,0,0.0,21.893890322999997,0.0,0.0,1.0961962285335598,99.38845805370943
2,mixed,4,aggregated,21.891076864000002,1000,30.0,24,3,23,4,48,0.125,21.893890322999997,0.13702452856669498,2.1923924570671196,1.0961962285335598,99.38845805370943
2,mixed,4,aggregated,21.891076864000002,1000,35.0,24,23,23,24,2160,0.9583333333333334,21.893890322999997,1.050521385677995,98.65766056802039,1.0961962285335598,99.38845805370943
2,mixed,4,aggregated,21.891076864000002,1000,40.0,24,23,23,24,2160,0.9583333333333334,21.893890322999997,1.050521385677995,98.65766056802039,1.0961962285335598,99.38845805370943
2,mixed,4,aggregated,21.891076864000002,1000,50.0,24,23,23,24,2160,0.9583333333333334,21.893890322999997,1.050521385677995,98.65766056802039,1.0961962285335598,99.38845805370943
2,mixed,4,aggregated,21.891076864000002,1000,75.0,24,23,23,24,2160,0.9583333333333334,21.893890322999997,1.050521385677995,98.65766056802039,1.0961962285335598,99.38845805370943
2,mixed,4,aggregated,21.891076864000002,2000,25.0,24,1,24,1,16,0.041666666666666664,21.893890322999997,0.045674842855564994,0.7307974856890399,1.0961962285335598,99.38845805370943
2,mixed,4,aggregated,21.891076864000002,2000,30.0,24,4,24,4,64,0.16666666666666666,21.893890322999997,0.18269937142225998,2.9231899427561596,1.0961962285335598,99.38845805370943
2,mixed,4,aggregated,21.891076864000002,2000,35.0,24,24,24,24,2176,1.0,21.893890322999997,1.0961962285335598,99.38845805370943,1.0961962285335598,99.38845805370943
2,mixed,4,aggregated,21.891076864000002,2000,40.0,24,24,24,24,2176,1.0,21.893890322999997,1.0961962285335598,99.38845805370943,1.0961962285335598,99.38845805370943
2,mixed,4,aggregated,21.891076864000002,2000,50.0,24,24,24,24,2176,1.0,21.893890322999997,1.0961962285335598,99.38845805370943,1.0961962285335598,99.38845805370943
2,mixed,4,aggregated,21.891076864000002,2000,75.0,24,24,24,24,2176,1.0,21.893890322999997,1.0961962285335598,99.38845805370943,1.0961962285335598,99.38845805370943
2,mixed,4,aggregated,21.891076864000002,5000,25.0,24,1,24,1,16,0.041666666666666664,21.893890322999997,0.045674842855564994,0.7307974856890399,1.0961962285335598,99.38845805370943
2,mixed,4,aggregated,21.891076864000002,5000,30.0,24,4,24,4,64,0.16666666666666666,21.893890322999997,0.18269937142225998,2.9231899427561596,1.0961962285335598,99.38845805370943
2,mixed,4,aggregated,21.891076864000002,5000,35.0,24,24,24,24,2176,1.0,21.893890322999997,1.0961962285335598,99.38845805370943,1.0961962285335598,99.38845805370943
2,mixed,4,aggregated,21.891076864000002,5000,40.0,24,24,24,24,2176,1.0,21.893890322999997,1.0961962285335598,99.38845805370943,1.0961962285335598,99.38845805370943
2,mixed,4,aggregated,21.891076864000002,5000,50.0,24,24,24,24,2176,1.0,21.893890322999997,1.0961962285335598,99.38845805370943,1.0961962285335598,99.38845805370943
2,mixed,4,aggregated,21.891076864000002,5000,75.0,24,24,24,24,2176,1.0,21.893890322999997,1.0961962285335598,99.38845805370943,1.0961962285335598,99.38845805370943
2,mixed,4,aggregated,21.891076864000002,10000,25.0,24,1,24,1,16,0.041666666666666664,21.893890322999997,0.045674842855564994,0.7307974856890399,1.0961962285335598,99.38845805370943
2,mixed,4,aggregated,21.891076864000002,10000,30.0,24,4,24,4,64,0.16666666666666666,21.893890322999997,0.18269937142225998,2.9231899427561596,1.0961962285335598,99.38845805370943
2,mixed,4,aggregated,21.891076864000002,10000,35.0,24,24,24,24,2176,1.0,21.893890322999997,1.0961962285335598,99.38845805370943,1.0961962285335598,99.38845805370943
2,mixed,4,aggregated,21.891076864000002,10000,40.0,24,24,24,24,2176,1.0,21.893890322999997,1.0961962285335598,99.38845805370943,1.0961962285335598,99.38845805370943
2,mixed,4,aggregated,21.891076864000002,10000,50.0,24,24,24,24,2176,1.0,21.893890322999997,1.0961962285335598,99.38845805370943,1.0961962285335598,99.38845805370943
2,mixed,4,aggregated,21.891076864000002,10000,75.0,24,24,24,24,2176,1.0,21.893890322999997,1.0961962285335598,99.38845805370943,1.0961962285335598,99.38845805370943
2,mixed,4,aggregated,21.891076864000002,20000,25.0,24,1,24,1,16,0.041666666666666664,21.893890322999997,0.045674842855564994,0.7307974856890399,1.0961962285335598,99.38845805370943
2,mixed,4,aggregated,21.891076864000002,20000,30.0,24,4,24,4,64,0.16666666666666666,21.893890322999997,0.18269937142225998,2.9231899427561596,1.0961962285335598,99.38845805370943
2,mixed,4,aggregated,21.891076864000002,20000,35.0,24,24,24,24,2176,1.0,21.893890322999997,1.0961962285335598,99.38845805370943,1.0961962285335598,99.38845805370943
2,mixed,4,aggregated,21.891076864000002,20000,40.0,24,24,24,24,2176,1.0,21.893890322999997,1.0961962285335598,99.38845805370943,1.0961962285335598,99.38845805370943
2,mixed,4,aggregated,21.891076864000002,20000,50.0,24,24,24,24,2176,1.0,21.893890322999997,1.0961962285335598,99.38845805370943,1.0961962285335598,99.38845805370943
2,mixed,4,aggregated,21.891076864000002,20000,75.0,24,24,24,24,2176,1.0,21.893890322999997,1.0961962285335598,99.38845805370943,1.0961962285335598,99.38845805370943
