ttft_slo_ms,tpot_slo_ms,workload,concurrency,mode,repetitions,requests,good_requests,ttft_pass,tpot_pass,min_repetition_attainment,attainment,request_goodput,request_goodput_std,token_goodput,token_goodput_std,request_throughput,request_throughput_std,token_throughput,token_throughput_std
100,25.0,i64-o128,4,aggregated,2,48,0,0,0,0.0,0.0,0.0,0.0,0.0,0.0,0.9189739183493654,0.010099020917779925,117.62866154871877,1.2926746774758304
100,25.0,i64-o128,4,disaggregated,2,48,0,0,0,0.0,0.0,0.0,0.0,0.0,0.0,0.8799707426349497,0.004279038013622461,112.63625505727356,0.5477168657436751
100,25.0,i64-o128,16,aggregated,2,48,0,0,0,0.0,0.0,0.0,0.0,0.0,0.0,2.2771800142308054,0.018302242571233952,291.4790418215431,2.342687049117946
100,25.0,i64-o128,16,disaggregated,2,48,0,0,0,0.0,0.0,0.0,0.0,0.0,0.0,2.0861154691864345,0.006894964969334106,267.0227800558636,0.8825555160747656
100,25.0,i64-o16,4,aggregated,2,48,0,0,3,0.0,0.0,0.0,0.0,0.0,0.0,6.392983453901225,0.06863458057990235,102.2877352624196,1.0981532892784376
100,25.0,i64-o16,4,disaggregated,2,48,0,0,3,0.0,0.0,0.0,0.0,0.0,0.0,5.452132357974842,0.07364737973653392,87.23411772759748,1.1783580757845427
100,25.0,i64-o16,16,aggregated,2,48,0,0,2,0.0,0.0,0.0,0.0,0.0,0.0,14.163707585966726,0.17480239892581195,226.61932137546762,2.7968383828129912
100,25.0,i64-o16,16,disaggregated,2,48,0,0,2,0.0,0.0,0.0,0.0,0.0,0.0,7.540253997565884,0.0841225379849634,120.64406396105414,1.3459606077594144
100,25.0,i704-o128,4,aggregated,2,48,0,0,0,0.0,0.0,0.0,0.0,0.0,0.0,0.7808407171858998,0.0025236890407505886,99.94761179979517,0.32303219721607535
100,25.0,i704-o128,4,disaggregated,2,48,0,0,0,0.0,0.0,0.0,0.0,0.0,0.0,0.7184411802224362,0.0009679362431578787,91.96047106847183,0.12389583912420847
100,25.0,i704-o128,16,aggregated,2,48,0,0,0,0.0,0.0,0.0,0.0,0.0,0.0,1.8232828824228693,0.01122489469352279,233.38020895012727,1.4367865207709172
100,25.0,i704-o128,16,disaggregated,2,48,0,0,0,0.0,0.0,0.0,0.0,0.0,0.0,1.0034638330171899,0.015910041296275407,128.4433706262003,2.036485285923252
100,25.0,i704-o16,4,aggregated,2,48,0,0,9,0.0,0.0,0.0,0.0,0.0,0.0,3.120063704804352,0.017095521082855433,49.92101927686963,0.27352833732568693
100,25.0,i704-o16,4,disaggregated,2,48,0,0,11,0.0,0.0,0.0,0.0,0.0,0.0,1.2593009528431662,0.03420359194832572,20.14881524549066,0.5472574711732116
100,25.0,i704-o16,16,aggregated,2,48,0,0,2,0.0,0.0,0.0,0.0,0.0,0.0,4.097374451797995,0.2810817093524028,65.55799122876792,4.497307349638445
100,25.0,i704-o16,16,disaggregated,2,48,0,0,12,0.0,0.0,0.0,0.0,0.0,0.0,1.2562798894896685,0.03521441984854935,20.100478231834696,0.5634307175767896
100,25.0,mixed,4,aggregated,2,48,0,0,2,0.0,0.0,0.0,0.0,0.0,0.0,1.0891470858617724,0.00996899316954475,98.74933578480069,0.9038553807053983
100,25.0,mixed,4,disaggregated,2,48,0,0,1,0.0,0.0,0.0,0.0,0.0,0.0,1.0312650920058606,0.00469960560794726,93.50136834186469,0.42609757512055835
100,25.0,mixed,16,aggregated,2,48,0,0,0,0.0,0.0,0.0,0.0,0.0,0.0,2.447971998515036,0.03597815712558686,221.9494611986966,3.262019579386533
100,25.0,mixed,16,disaggregated,2,48,0,0,0,0.0,0.0,0.0,0.0,0.0,0.0,1.8906383049155375,0.002958284412083604,171.41787297900873,0.26821778669559687
100,30.0,i64-o128,4,aggregated,2,48,0,0,1,0.0,0.0,0.0,0.0,0.0,0.0,0.9189739183493654,0.010099020917779925,117.62866154871877,1.2926746774758304
100,30.0,i64-o128,4,disaggregated,2,48,0,0,4,0.0,0.0,0.0,0.0,0.0,0.0,0.8799707426349497,0.004279038013622461,112.63625505727356,0.5477168657436751
100,30.0,i64-o128,16,aggregated,2,48,0,0,0,0.0,0.0,0.0,0.0,0.0,0.0,2.2771800142308054,0.018302242571233952,291.4790418215431,2.342687049117946
100,30.0,i64-o128,16,disaggregated,2,48,0,0,0,0.0,0.0,0.0,0.0,0.0,0.0,2.0861154691864345,0.006894964969334106,267.0227800558636,0.8825555160747656
100,30.0,i64-o16,4,aggregated,2,48,0,0,26,0.0,0.0,0.0,0.0,0.0,0.0,6.392983453901225,0.06863458057990235,102.2877352624196,1.0981532892784376
100,30.0,i64-o16,4,disaggregated,2,48,0,0,34,0.0,0.0,0.0,0.0,0.0,0.0,5.452132357974842,0.07364737973653392,87.23411772759748,1.1783580757845427
100,30.0,i64-o16,16,aggregated,2,48,0,0,6,0.0,0.0,0.0,0.0,0.0,0.0,14.163707585966726,0.17480239892581195,226.61932137546762,2.7968383828129912
100,30.0,i64-o16,16,disaggregated,2,48,0,0,15,0.0,0.0,0.0,0.0,0.0,0.0,7.540253997565884,0.0841225379849634,120.64406396105414,1.3459606077594144
100,30.0,i704-o128,4,aggregated,2,48,0,0,0,0.0,0.0,0.0,0.0,0.0,0.0,0.7808407171858998,0.0025236890407505886,99.94761179979517,0.32303219721607535
100,30.0,i704-o128,4,disaggregated,2,48,0,0,2,0.0,0.0,0.0,0.0,0.0,0.0,0.7184411802224362,0.0009679362431578787,91.96047106847183,0.12389583912420847
100,30.0,i704-o128,16,aggregated,2,48,0,0,0,0.0,0.0,0.0,0.0,0.0,0.0,1.8232828824228693,0.01122489469352279,233.38020895012727,1.4367865207709172
100,30.0,i704-o128,16,disaggregated,2,48,0,0,0,0.0,0.0,0.0,0.0,0.0,0.0,1.0034638330171899,0.015910041296275407,128.4433706262003,2.036485285923252
100,30.0,i704-o16,4,aggregated,2,48,0,0,27,0.0,0.0,0.0,0.0,0.0,0.0,3.120063704804352,0.017095521082855433,49.92101927686963,0.27352833732568693
100,30.0,i704-o16,4,disaggregated,2,48,0,0,47,0.0,0.0,0.0,0.0,0.0,0.0,1.2593009528431662,0.03420359194832572,20.14881524549066,0.5472574711732116
100,30.0,i704-o16,16,aggregated,2,48,0,0,15,0.0,0.0,0.0,0.0,0.0,0.0,4.097374451797995,0.2810817093524028,65.55799122876792,4.497307349638445
100,30.0,i704-o16,16,disaggregated,2,48,0,0,48,0.0,0.0,0.0,0.0,0.0,0.0,1.2562798894896685,0.03521441984854935,20.100478231834696,0.5634307175767896
100,30.0,mixed,4,aggregated,2,48,0,0,9,0.0,0.0,0.0,0.0,0.0,0.0,1.0891470858617724,0.00996899316954475,98.74933578480069,0.9038553807053983
100,30.0,mixed,4,disaggregated,2,48,0,0,13,0.0,0.0,0.0,0.0,0.0,0.0,1.0312650920058606,0.00469960560794726,93.50136834186469,0.42609757512055835
100,30.0,mixed,16,aggregated,2,48,0,0,1,0.0,0.0,0.0,0.0,0.0,0.0,2.447971998515036,0.03597815712558686,221.9494611986966,3.262019579386533
100,30.0,mixed,16,disaggregated,2,48,0,0,2,0.0,0.0,0.0,0.0,0.0,0.0,1.8906383049155375,0.002958284412083604,171.41787297900873,0.26821778669559687
100,35.0,i64-o128,4,aggregated,2,48,0,0,48,0.0,0.0,0.0,0.0,0.0,0.0,0.9189739183493654,0.010099020917779925,117.62866154871877,1.2926746774758304
100,35.0,i64-o128,4,disaggregated,2,48,0,0,47,0.0,0.0,0.0,0.0,0.0,0.0,0.8799707426349497,0.004279038013622461,112.63625505727356,0.5477168657436751
100,35.0,i64-o128,16,aggregated,2,48,0,0,11,0.0,0.0,0.0,0.0,0.0,0.0,2.2771800142308054,0.018302242571233952,291.4790418215431,2.342687049117946
100,35.0,i64-o128,16,disaggregated,2,48,0,0,2,0.0,0.0,0.0,0.0,0.0,0.0,2.0861154691864345,0.006894964969334106,267.0227800558636,0.8825555160747656
100,35.0,i64-o16,4,aggregated,2,48,0,0,48,0.0,0.0,0.0,0.0,0.0,0.0,6.392983453901225,0.06863458057990235,102.2877352624196,1.0981532892784376
100,35.0,i64-o16,4,disaggregated,2,48,0,0,48,0.0,0.0,0.0,0.0,0.0,0.0,5.452132357974842,0.07364737973653392,87.23411772759748,1.1783580757845427
100,35.0,i64-o16,16,aggregated,2,48,0,0,19,0.0,0.0,0.0,0.0,0.0,0.0,14.163707585966726,0.17480239892581195,226.61932137546762,2.7968383828129912
100,35.0,i64-o16,16,disaggregated,2,48,0,0,47,0.0,0.0,0.0,0.0,0.0,0.0,7.540253997565884,0.0841225379849634,120.64406396105414,1.3459606077594144
100,35.0,i704-o128,4,aggregated,2,48,0,0,47,0.0,0.0,0.0,0.0,0.0,0.0,0.7808407171858998,0.0025236890407505886,99.94761179979517,0.32303219721607535
100,35.0,i704-o128,4,disaggregated,2,48,0,0,48,0.0,0.0,0.0,0.0,0.0,0.0,0.7184411802224362,0.0009679362431578787,91.96047106847183,0.12389583912420847
100,35.0,i704-o128,16,aggregated,2,48,0,0,3,0.0,0.0,0.0,0.0,0.0,0.0,1.8232828824228693,0.01122489469352279,233.38020895012727,1.4367865207709172
100,35.0,i704-o128,16,disaggregated,2,48,0,0,30,0.0,0.0,0.0,0.0,0.0,0.0,1.0034638330171899,0.015910041296275407,128.4433706262003,2.036485285923252
100,35.0,i704-o16,4,aggregated,2,48,0,0,48,0.0,0.0,0.0,0.0,0.0,0.0,3.120063704804352,0.017095521082855433,49.92101927686963,0.27352833732568693
100,35.0,i704-o16,4,disaggregated,2,48,0,0,48,0.0,0.0,0.0,0.0,0.0,0.0,1.2593009528431662,0.03420359194832572,20.14881524549066,0.5472574711732116
100,35.0,i704-o16,16,aggregated,2,48,0,0,36,0.0,0.0,0.0,0.0,0.0,0.0,4.097374451797995,0.2810817093524028,65.55799122876792,4.497307349638445
100,35.0,i704-o16,16,disaggregated,2,48,0,0,48,0.0,0.0,0.0,0.0,0.0,0.0,1.2562798894896685,0.03521441984854935,20.100478231834696,0.5634307175767896
100,35.0,mixed,4,aggregated,2,48,0,0,48,0.0,0.0,0.0,0.0,0.0,0.0,1.0891470858617724,0.00996899316954475,98.74933578480069,0.9038553807053983
100,35.0,mixed,4,disaggregated,2,48,0,0,48,0.0,0.0,0.0,0.0,0.0,0.0,1.0312650920058606,0.00469960560794726,93.50136834186469,0.42609757512055835
100,35.0,mixed,16,aggregated,2,48,0,0,4,0.0,0.0,0.0,0.0,0.0,0.0,2.447971998515036,0.03597815712558686,221.9494611986966,3.262019579386533
100,35.0,mixed,16,disaggregated,2,48,0,0,8,0.0,0.0,0.0,0.0,0.0,0.0,1.8906383049155375,0.002958284412083604,171.41787297900873,0.26821778669559687
100,40.0,i64-o128,4,aggregated,2,48,0,0,48,0.0,0.0,0.0,0.0,0.0,0.0,0.9189739183493654,0.010099020917779925,117.62866154871877,1.2926746774758304
100,40.0,i64-o128,4,disaggregated,2,48,0,0,48,0.0,0.0,0.0,0.0,0.0,0.0,0.8799707426349497,0.004279038013622461,112.63625505727356,0.5477168657436751
100,40.0,i64-o128,16,aggregated,2,48,0,0,18,0.0,0.0,0.0,0.0,0.0,0.0,2.2771800142308054,0.018302242571233952,291.4790418215431,2.342687049117946
100,40.0,i64-o128,16,disaggregated,2,48,0,0,16,0.0,0.0,0.0,0.0,0.0,0.0,2.0861154691864345,0.006894964969334106,267.0227800558636,0.8825555160747656
100,40.0,i64-o16,4,aggregated,2,48,0,0,48,0.0,0.0,0.0,0.0,0.0,0.0,6.392983453901225,0.06863458057990235,102.2877352624196,1.0981532892784376
100,40.0,i64-o16,4,disaggregated,2,48,0,0,48,0.0,0.0,0.0,0.0,0.0,0.0,5.452132357974842,0.07364737973653392,87.23411772759748,1.1783580757845427
100,40.0,i64-o16,16,aggregated,2,48,0,0,43,0.0,0.0,0.0,0.0,0.0,0.0,14.163707585966726,0.17480239892581195,226.61932137546762,2.7968383828129912
100,40.0,i64-o16,16,disaggregated,2,48,0,0,48,0.0,0.0,0.0,0.0,0.0,0.0,7.540253997565884,0.0841225379849634,120.64406396105414,1.3459606077594144
100,40.0,i704-o128,4,aggregated,2,48,0,0,48,0.0,0.0,0.0,0.0,0.0,0.0,0.7808407171858998,0.0025236890407505886,99.94761179979517,0.32303219721607535
100,40.0,i704-o128,4,disaggregated,2,48,0,0,48,0.0,0.0,0.0,0.0,0.0,0.0,0.7184411802224362,0.0009679362431578787,91.96047106847183,0.12389583912420847
100,40.0,i704-o128,16,aggregated,2,48,0,0,16,0.0,0.0,0.0,0.0,0.0,0.0,1.8232828824228693,0.01122489469352279,233.38020895012727,1.4367865207709172
100,40.0,i704-o128,16,disaggregated,2,48,0,0,48,0.0,0.0,0.0,0.0,0.0,0.0,1.0034638330171899,0.015910041296275407,128.4433706262003,2.036485285923252
100,40.0,i704-o16,4,aggregated,2,48,0,0,48,0.0,0.0,0.0,0.0,0.0,0.0,3.120063704804352,0.017095521082855433,49.92101927686963,0.27352833732568693
100,40.0,i704-o16,4,disaggregated,2,48,0,0,48,0.0,0.0,0.0,0.0,0.0,0.0,1.2593009528431662,0.03420359194832572,20.14881524549066,0.5472574711732116
100,40.0,i704-o16,16,aggregated,2,48,0,0,48,0.0,0.0,0.0,0.0,0.0,0.0,4.097374451797995,0.2810817093524028,65.55799122876792,4.497307349638445
100,40.0,i704-o16,16,disaggregated,2,48,0,0,48,0.0,0.0,0.0,0.0,0.0,0.0,1.2562798894896685,0.03521441984854935,20.100478231834696,0.5634307175767896
100,40.0,mixed,4,aggregated,2,48,0,0,48,0.0,0.0,0.0,0.0,0.0,0.0,1.0891470858617724,0.00996899316954475,98.74933578480069,0.9038553807053983
100,40.0,mixed,4,disaggregated,2,48,0,0,48,0.0,0.0,0.0,0.0,0.0,0.0,1.0312650920058606,0.00469960560794726,93.50136834186469,0.42609757512055835
100,40.0,mixed,16,aggregated,2,48,0,0,28,0.0,0.0,0.0,0.0,0.0,0.0,2.447971998515036,0.03597815712558686,221.9494611986966,3.262019579386533
100,40.0,mixed,16,disaggregated,2,48,0,0,39,0.0,0.0,0.0,0.0,0.0,0.0,1.8906383049155375,0.002958284412083604,171.41787297900873,0.26821778669559687
100,50.0,i64-o128,4,aggregated,2,48,0,0,48,0.0,0.0,0.0,0.0,0.0,0.0,0.9189739183493654,0.010099020917779925,117.62866154871877,1.2926746774758304
100,50.0,i64-o128,4,disaggregated,2,48,0,0,48,0.0,0.0,0.0,0.0,0.0,0.0,0.8799707426349497,0.004279038013622461,112.63625505727356,0.5477168657436751
100,50.0,i64-o128,16,aggregated,2,48,0,0,48,0.0,0.0,0.0,0.0,0.0,0.0,2.2771800142308054,0.018302242571233952,291.4790418215431,2.342687049117946
100,50.0,i64-o128,16,disaggregated,2,48,0,0,48,0.0,0.0,0.0,0.0,0.0,0.0,2.0861154691864345,0.006894964969334106,267.0227800558636,0.8825555160747656
100,50.0,i64-o16,4,aggregated,2,48,0,0,48,0.0,0.0,0.0,0.0,0.0,0.0,6.392983453901225,0.06863458057990235,102.2877352624196,1.0981532892784376
100,50.0,i64-o16,4,disaggregated,2,48,0,0,48,0.0,0.0,0.0,0.0,0.0,0.0,5.452132357974842,0.07364737973653392,87.23411772759748,1.1783580757845427
100,50.0,i64-o16,16,aggregated,2,48,0,0,48,0.0,0.0,0.0,0.0,0.0,0.0,14.163707585966726,0.17480239892581195,226.61932137546762,2.7968383828129912
100,50.0,i64-o16,16,disaggregated,2,48,0,0,48,0.0,0.0,0.0,0.0,0.0,0.0,7.540253997565884,0.0841225379849634,120.64406396105414,1.3459606077594144
100,50.0,i704-o128,4,aggregated,2,48,0,0,48,0.0,0.0,0.0,0.0,0.0,0.0,0.7808407171858998,0.0025236890407505886,99.94761179979517,0.32303219721607535
100,50.0,i704-o128,4,disaggregated,2,48,0,0,48,0.0,0.0,0.0,0.0,0.0,0.0,0.7184411802224362,0.0009679362431578787,91.96047106847183,0.12389583912420847
100,50.0,i704-o128,16,aggregated,2,48,0,0,48,0.0,0.0,0.0,0.0,0.0,0.0,1.8232828824228693,0.01122489469352279,233.38020895012727,1.4367865207709172
100,50.0,i704-o128,16,disaggregated,2,48,0,0,48,0.0,0.0,0.0,0.0,0.0,0.0,1.0034638330171899,0.015910041296275407,128.4433706262003,2.036485285923252
100,50.0,i704-o16,4,aggregated,2,48,0,0,48,0.0,0.0,0.0,0.0,0.0,0.0,3.120063704804352,0.017095521082855433,49.92101927686963,0.27352833732568693
100,50.0,i704-o16,4,disaggregated,2,48,0,0,48,0.0,0.0,0.0,0.0,0.0,0.0,1.2593009528431662,0.03420359194832572,20.14881524549066,0.5472574711732116
100,50.0,i704-o16,16,aggregated,2,48,0,0,48,0.0,0.0,0.0,0.0,0.0,0.0,4.097374451797995,0.2810817093524028,65.55799122876792,4.497307349638445
100,50.0,i704-o16,16,disaggregated,2,48,0,0,48,0.0,0.0,0.0,0.0,0.0,0.0,1.2562798894896685,0.03521441984854935,20.100478231834696,0.5634307175767896
100,50.0,mixed,4,aggregated,2,48,0,0,48,0.0,0.0,0.0,0.0,0.0,0.0,1.0891470858617724,0.00996899316954475,98.74933578480069,0.9038553807053983
100,50.0,mixed,4,disaggregated,2,48,0,0,48,0.0,0.0,0.0,0.0,0.0,0.0,1.0312650920058606,0.00469960560794726,93.50136834186469,0.42609757512055835
100,50.0,mixed,16,aggregated,2,48,0,0,48,0.0,0.0,0.0,0.0,0.0,0.0,2.447971998515036,0.03597815712558686,221.9494611986966,3.262019579386533
100,50.0,mixed,16,disaggregated,2,48,0,0,48,0.0,0.0,0.0,0.0,0.0,0.0,1.8906383049155375,0.002958284412083604,171.41787297900873,0.26821778669559687
100,75.0,i64-o128,4,aggregated,2,48,0,0,48,0.0,0.0,0.0,0.0,0.0,0.0,0.9189739183493654,0.010099020917779925,117.62866154871877,1.2926746774758304
100,75.0,i64-o128,4,disaggregated,2,48,0,0,48,0.0,0.0,0.0,0.0,0.0,0.0,0.8799707426349497,0.004279038013622461,112.63625505727356,0.5477168657436751
100,75.0,i64-o128,16,aggregated,2,48,0,0,48,0.0,0.0,0.0,0.0,0.0,0.0,2.2771800142308054,0.018302242571233952,291.4790418215431,2.342687049117946
100,75.0,i64-o128,16,disaggregated,2,48,0,0,48,0.0,0.0,0.0,0.0,0.0,0.0,2.0861154691864345,0.006894964969334106,267.0227800558636,0.8825555160747656
100,75.0,i64-o16,4,aggregated,2,48,0,0,48,0.0,0.0,0.0,0.0,0.0,0.0,6.392983453901225,0.06863458057990235,102.2877352624196,1.0981532892784376
100,75.0,i64-o16,4,disaggregated,2,48,0,0,48,0.0,0.0,0.0,0.0,0.0,0.0,5.452132357974842,0.07364737973653392,87.23411772759748,1.1783580757845427
100,75.0,i64-o16,16,aggregated,2,48,0,0,48,0.0,0.0,0.0,0.0,0.0,0.0,14.163707585966726,0.17480239892581195,226.61932137546762,2.7968383828129912
100,75.0,i64-o16,16,disaggregated,2,48,0,0,48,0.0,0.0,0.0,0.0,0.0,0.0,7.540253997565884,0.0841225379849634,120.64406396105414,1.3459606077594144
100,75.0,i704-o128,4,aggregated,2,48,0,0,48,0.0,0.0,0.0,0.0,0.0,0.0,0.7808407171858998,0.0025236890407505886,99.94761179979517,0.32303219721607535
100,75.0,i704-o128,4,disaggregated,2,48,0,0,48,0.0,0.0,0.0,0.0,0.0,0.0,0.7184411802224362,0.0009679362431578787,91.96047106847183,0.12389583912420847
100,75.0,i704-o128,16,aggregated,2,48,0,0,48,0.0,0.0,0.0,0.0,0.0,0.0,1.8232828824228693,0.01122489469352279,233.38020895012727,1.4367865207709172
100,75.0,i704-o128,16,disaggregated,2,48,0,0,48,0.0,0.0,0.0,0.0,0.0,0.0,1.0034638330171899,0.015910041296275407,128.4433706262003,2.036485285923252
100,75.0,i704-o16,4,aggregated,2,48,0,0,48,0.0,0.0,0.0,0.0,0.0,0.0,3.120063704804352,0.017095521082855433,49.92101927686963,0.27352833732568693
100,75.0,i704-o16,4,disaggregated,2,48,0,0,48,0.0,0.0,0.0,0.0,0.0,0.0,1.2593009528431662,0.03420359194832572,20.14881524549066,0.5472574711732116
100,75.0,i704-o16,16,aggregated,2,48,0,0,48,0.0,0.0,0.0,0.0,0.0,0.0,4.097374451797995,0.2810817093524028,65.55799122876792,4.497307349638445
100,75.0,i704-o16,16,disaggregated,2,48,0,0,48,0.0,0.0,0.0,0.0,0.0,0.0,1.2562798894896685,0.03521441984854935,20.100478231834696,0.5634307175767896
100,75.0,mixed,4,aggregated,2,48,0,0,48,0.0,0.0,0.0,0.0,0.0,0.0,1.0891470858617724,0.00996899316954475,98.74933578480069,0.9038553807053983
100,75.0,mixed,4,disaggregated,2,48,0,0,48,0.0,0.0,0.0,0.0,0.0,0.0,1.0312650920058606,0.00469960560794726,93.50136834186469,0.42609757512055835
100,75.0,mixed,16,aggregated,2,48,0,0,48,0.0,0.0,0.0,0.0,0.0,0.0,2.447971998515036,0.03597815712558686,221.9494611986966,3.262019579386533
100,75.0,mixed,16,disaggregated,2,48,0,0,48,0.0,0.0,0.0,0.0,0.0,0.0,1.8906383049155375,0.002958284412083604,171.41787297900873,0.26821778669559687
250,25.0,i64-o128,4,aggregated,2,48,0,47,0,0.0,0.0,0.0,0.0,0.0,0.0,0.9189739183493654,0.010099020917779925,117.62866154871877,1.2926746774758304
250,25.0,i64-o128,4,disaggregated,2,48,0,29,0,0.0,0.0,0.0,0.0,0.0,0.0,0.8799707426349497,0.004279038013622461,112.63625505727356,0.5477168657436751
250,25.0,i64-o128,16,aggregated,2,48,0,14,0,0.0,0.0,0.0,0.0,0.0,0.0,2.2771800142308054,0.018302242571233952,291.4790418215431,2.342687049117946
250,25.0,i64-o128,16,disaggregated,2,48,0,5,0,0.0,0.0,0.0,0.0,0.0,0.0,2.0861154691864345,0.006894964969334106,267.0227800558636,0.8825555160747656
250,25.0,i64-o16,4,aggregated,2,48,2,47,3,0.041666666666666664,0.041666666666666664,0.2663743105792177,0.002859774190829278,4.261988969267483,0.04575638705326845,6.392983453901225,0.06863458057990235,102.2877352624196,1.0981532892784376
250,25.0,i64-o16,4,disaggregated,2,48,0,27,3,0.0,0.0,0.0,0.0,0.0,0.0,5.452132357974842,0.07364737973653392,87.23411772759748,1.1783580757845427
250,25.0,i64-o16,16,aggregated,2,48,0,10,2,0.0,0.0,0.0,0.0,0.0,0.0,14.163707585966726,0.17480239892581195,226.61932137546762,2.7968383828129912
250,25.0,i64-o16,16,disaggregated,2,48,0,2,2,0.0,0.0,0.0,0.0,0.0,0.0,7.540253997565884,0.0841225379849634,120.64406396105414,1.3459606077594144
250,25.0,i704-o128,4,aggregated,2,48,0,0,0,0.0,0.0,0.0,0.0,0.0,0.0,0.7808407171858998,0.0025236890407505886,99.94761179979517,0.32303219721607535
250,25.0,i704-o128,4,disaggregated,2,48,0,0,0,0.0,0.0,0.0,0.0,0.0,0.0,0.7184411802224362,0.0009679362431578787,91.96047106847183,0.12389583912420847
250,25.0,i704-o128,16,aggregated,2,48,0,0,0,0.0,0.0,0.0,0.0,0.0,0.0,1.8232828824228693,0.01122489469352279,233.38020895012727,1.4367865207709172
250,25.0,i704-o128,16,disaggregated,2,48,0,0,0,0.0,0.0,0.0,0.0,0.0,0.0,1.0034638330171899,0.015910041296275407,128.4433706262003,2.036485285923252
250,25.0,i704-o16,4,aggregated,2,48,0,0,9,0.0,0.0,0.0,0.0,0.0,0.0,3.120063704804352,0.017095521082855433,49.92101927686963,0.27352833732568693
250,25.0,i704-o16,4,disaggregated,2,48,0,0,11,0.0,0.0,0.0,0.0,0.0,0.0,1.2593009528431662,0.03420359194832572,20.14881524549066,0.5472574711732116
250,25.0,i704-o16,16,aggregated,2,48,0,0,2,0.0,0.0,0.0,0.0,0.0,0.0,4.097374451797995,0.2810817093524028,65.55799122876792,4.497307349638445
250,25.0,i704-o16,16,disaggregated,2,48,0,0,12,0.0,0.0,0.0,0.0,0.0,0.0,1.2562798894896685,0.03521441984854935,20.100478231834696,0.5634307175767896
250,25.0,mixed,4,aggregated,2,48,0,32,2,0.0,0.0,0.0,0.0,0.0,0.0,1.0891470858617724,0.00996899316954475,98.74933578480069,0.9038553807053983
250,25.0,mixed,4,disaggregated,2,48,0,10,1,0.0,0.0,0.0,0.0,0.0,0.0,1.0312650920058606,0.00469960560794726,93.50136834186469,0.42609757512055835
250,25.0,mixed,16,aggregated,2,48,0,8,0,0.0,0.0,0.0,0.0,0.0,0.0,2.447971998515036,0.03597815712558686,221.9494611986966,3.262019579386533
250,25.0,mixed,16,disaggregated,2,48,0,2,0,0.0,0.0,0.0,0.0,0.0,0.0,1.8906383049155375,0.002958284412083604,171.41787297900873,0.26821778669559687
250,30.0,i64-o128,4,aggregated,2,48,1,47,1,0.0,0.020833333333333332,0.018996517336980386,0.026865132455813293,2.4315542191334893,3.4387369543441015,0.9189739183493654,0.010099020917779925,117.62866154871877,1.2926746774758304
250,30.0,i64-o128,4,disaggregated,2,48,0,29,4,0.0,0.0,0.0,0.0,0.0,0.0,0.8799707426349497,0.004279038013622461,112.63625505727356,0.5477168657436751
250,30.0,i64-o128,16,aggregated,2,48,0,14,0,0.0,0.0,0.0,0.0,0.0,0.0,2.2771800142308054,0.018302242571233952,291.4790418215431,2.342687049117946
250,30.0,i64-o128,16,disaggregated,2,48,0,5,0,0.0,0.0,0.0,0.0,0.0,0.0,2.0861154691864345,0.006894964969334106,267.0227800558636,0.8825555160747656
250,30.0,i64-o16,4,aggregated,2,48,25,47,26,0.5,0.5208333333333334,3.33068996510172,0.22410225872982228,53.29103944162752,3.5856361396771566,6.392983453901225,0.06863458057990235,102.2877352624196,1.0981532892784376
250,30.0,i64-o16,4,disaggregated,2,48,16,27,34,0.2916666666666667,0.3333333333333333,1.8195473093927943,0.3458191067663958,29.11275695028471,5.533105708262333,5.452132357974842,0.07364737973653392,87.23411772759748,1.1783580757845427
250,30.0,i64-o16,16,aggregated,2,48,0,10,6,0.0,0.0,0.0,0.0,0.0,0.0,14.163707585966726,0.17480239892581195,226.61932137546762,2.7968383828129912
250,30.0,i64-o16,16,disaggregated,2,48,0,2,15,0.0,0.0,0.0,0.0,0.0,0.0,7.540253997565884,0.0841225379849634,120.64406396105414,1.3459606077594144
250,30.0,i704-o128,4,aggregated,2,48,0,0,0,0.0,0.0,0.0,0.0,0.0,0.0,0.7808407171858998,0.0025236890407505886,99.94761179979517,0.32303219721607535
250,30.0,i704-o128,4,disaggregated,2,48,0,0,2,0.0,0.0,0.0,0.0,0.0,0.0,0.7184411802224362,0.0009679362431578787,91.96047106847183,0.12389583912420847
250,30.0,i704-o128,16,aggregated,2,48,0,0,0,0.0,0.0,0.0,0.0,0.0,0.0,1.8232828824228693,0.01122489469352279,233.38020895012727,1.4367865207709172
250,30.0,i704-o128,16,disaggregated,2,48,0,0,0,0.0,0.0,0.0,0.0,0.0,0.0,1.0034638330171899,0.015910041296275407,128.4433706262003,2.036485285923252
250,30.0,i704-o16,4,aggregated,2,48,0,0,27,0.0,0.0,0.0,0.0,0.0,0.0,3.120063704804352,0.017095521082855433,49.92101927686963,0.27352833732568693
250,30.0,i704-o16,4,disaggregated,2,48,0,0,47,0.0,0.0,0.0,0.0,0.0,0.0,1.2593009528431662,0.03420359194832572,20.14881524549066,0.5472574711732116
250,30.0,i704-o16,16,aggregated,2,48,0,0,15,0.0,0.0,0.0,0.0,0.0,0.0,4.097374451797995,0.2810817093524028,65.55799122876792,4.497307349638445
250,30.0,i704-o16,16,disaggregated,2,48,0,0,48,0.0,0.0,0.0,0.0,0.0,0.0,1.2562798894896685,0.03521441984854935,20.100478231834696,0.5634307175767896
250,30.0,mixed,4,aggregated,2,48,0,32,9,0.0,0.0,0.0,0.0,0.0,0.0,1.0891470858617724,0.00996899316954475,98.74933578480069,0.9038553807053983
250,30.0,mixed,4,disaggregated,2,48,0,10,13,0.0,0.0,0.0,0.0,0.0,0.0,1.0312650920058606,0.00469960560794726,93.50136834186469,0.42609757512055835
250,30.0,mixed,16,aggregated,2,48,0,8,1,0.0,0.0,0.0,0.0,0.0,0.0,2.447971998515036,0.03597815712558686,221.9494611986966,3.262019579386533
250,30.0,mixed,16,disaggregated,2,48,0,2,2,0.0,0.0,0.0,0.0,0.0,0.0,1.8906383049155375,0.002958284412083604,171.41787297900873,0.26821778669559687
250,35.0,i64-o128,4,aggregated,2,48,47,47,48,0.9583333333333334,0.9791666666666666,0.8996798557551222,0.017186904076274167,115.15902153665564,2.1999237217630934,0.9189739183493654,0.010099020917779925,117.62866154871877,1.2926746774758304
250,35.0,i64-o128,4,disaggregated,2,48,28,29,47,0.5833333333333334,0.5833333333333334,0.513316266537054,0.0024961055079464295,65.70448211674291,0.319501505017143,0.8799707426349497,0.004279038013622461,112.63625505727356,0.5477168657436751
250,35.0,i64-o128,16,aggregated,2,48,4,14,11,0.08333333333333333,0.08333333333333333,0.18976500118590042,0.0015251868809361888,24.289920151795254,0.19522392075983216,2.2771800142308054,0.018302242571233952,291.4790418215431,2.342687049117946
250,35.0,i64-o128,16,disaggregated,2,48,0,5,2,0.0,0.0,0.0,0.0,0.0,0.0,2.0861154691864345,0.006894964969334106,267.0227800558636,0.8825555160747656
250,35.0,i64-o16,4,aggregated,2,48,47,47,48,0.9583333333333334,0.9791666666666666,6.260807381473114,0.25555977482894404,100.17291810356983,4.088956397263105,6.392983453901225,0.06863458057990235,102.2877352624196,1.0981532892784376
250,35.0,i64-o16,4,disaggregated,2,48,27,27,48,0.5416666666666666,0.5625,3.067909379728105,0.20206164119557601,49.08655007564968,3.2329862591292162,5.452132357974842,0.07364737973653392,87.23411772759748,1.1783580757845427
250,35.0,i64-o16,16,aggregated,2,48,4,10,19,0.041666666666666664,0.08333333333333333,1.1854591305658988,0.8491713399755191,18.96734608905438,13.586741439608305,14.163707585966726,0.17480239892581195,226.61932137546762,2.7968383828129912
250,35.0,i64-o16,16,disaggregated,2,48,2,2,47,0.041666666666666664,0.041666666666666664,0.3141772498985785,0.0035051057493735013,5.026835998377256,0.05608169198997602,7.540253997565884,0.0841225379849634,120.64406396105414,1.3459606077594144
250,35.0,i704-o128,4,aggregated,2,48,0,0,47,0.0,0.0,0.0,0.0,0.0,0.0,0.7808407171858998,0.0025236890407505886,99.94761179979517,0.32303219721607535
250,35.0,i704-o128,4,disaggregated,2,48,0,0,48,0.0,0.0,0.0,0.0,0.0,0.0,0.7184411802224362,0.0009679362431578787,91.96047106847183,0.12389583912420847
250,35.0,i704-o128,16,aggregated,2,48,0,0,3,0.0,0.0,0.0,0.0,0.0,0.0,1.8232828824228693,0.01122489469352279,233.38020895012727,1.4367865207709172
250,35.0,i704-o128,16,disaggregated,2,48,0,0,30,0.0,0.0,0.0,0.0,0.0,0.0,1.0034638330171899,0.015910041296275407,128.4433706262003,2.036485285923252
250,35.0,i704-o16,4,aggregated,2,48,0,0,48,0.0,0.0,0.0,0.0,0.0,0.0,3.120063704804352,0.017095521082855433,49.92101927686963,0.27352833732568693
250,35.0,i704-o16,4,disaggregated,2,48,0,0,48,0.0,0.0,0.0,0.0,0.0,0.0,1.2593009528431662,0.03420359194832572,20.14881524549066,0.5472574711732116
250,35.0,i704-o16,16,aggregated,2,48,0,0,36,0.0,0.0,0.0,0.0,0.0,0.0,4.097374451797995,0.2810817093524028,65.55799122876792,4.497307349638445
250,35.0,i704-o16,16,disaggregated,2,48,0,0,48,0.0,0.0,0.0,0.0,0.0,0.0,1.2562798894896685,0.03521441984854935,20.100478231834696,0.5634307175767896
250,35.0,mixed,4,aggregated,2,48,32,32,48,0.6666666666666666,0.6666666666666666,0.7260980572411816,0.006645995446363168,92.94055132687124,0.8506874171344855,1.0891470858617724,0.00996899316954475,98.74933578480069,0.9038553807053983
250,35.0,mixed,4,disaggregated,2,48,10,10,48,0.20833333333333334,0.20833333333333334,0.21484689416788763,0.0009790845016556923,27.500402453489617,0.12532281621192862,1.0312650920058606,0.00469960560794726,93.50136834186469,0.42609757512055835
250,35.0,mixed,16,aggregated,2,48,0,8,4,0.0,0.0,0.0,0.0,0.0,0.0,2.447971998515036,0.03597815712558686,221.9494611986966,3.262019579386533
250,35.0,mixed,16,disaggregated,2,48,0,2,8,0.0,0.0,0.0,0.0,0.0,0.0,1.8906383049155375,0.002958284412083604,171.41787297900873,0.26821778669559687
250,40.0,i64-o128,4,aggregated,2,48,47,47,48,0.9583333333333334,0.9791666666666666,0.8996798557551222,0.017186904076274167,115.15902153665564,2.1999237217630934,0.9189739183493654,0.010099020917779925,117.62866154871877,1.2926746774758304
250,40.0,i64-o128,4,disaggregated,2,48,29,29,48,0.5833333333333334,0.6041666666666666,0.5315859541586907,0.023341134506892076,68.04300213231241,2.987665216882186,0.8799707426349497,0.004279038013622461,112.63625505727356,0.5477168657436751
250,40.0,i64-o128,16,aggregated,2,48,6,14,18,0.08333333333333333,0.125,0.285186736771894,0.1364718994918277,36.50390230680243,17.468403134953945,2.2771800142308054,0.018302242571233952,291.4790418215431,2.342687049117946
250,40.0,i64-o128,16,disaggregated,2,48,3,5,16,0.0,0.0625,0.13007749954378592,0.18395736401440213,16.649919941604598,23.546542593843473,2.0861154691864345,0.006894964969334106,267.0227800558636,0.8825555160747656
250,40.0,i64-o16,4,aggregated,2,48,47,47,48,0.9583333333333334,0.9791666666666666,6.260807381473114,0.25555977482894404,100.17291810356983,4.088956397263105,6.392983453901225,0.06863458057990235,102.2877352624196,1.0981532892784376
250,40.0,i64-o16,4,disaggregated,2,48,27,27,48,0.5416666666666666,0.5625,3.067909379728105,0.20206164119557601,49.08655007564968,3.2329862591292162,5.452132357974842,0.07364737973653392,87.23411772759748,1.1783580757845427
250,40.0,i64-o16,16,aggregated,2,48,9,10,43,0.16666666666666666,0.1875,2.6582702549030968,0.4500776864977737,42.53232407844955,7.201242983964379,14.163707585966726,0.17480239892581195,226.61932137546762,2.7968383828129912
250,40.0,i64-o16,16,disaggregated,2,48,2,2,48,0.041666666666666664,0.041666666666666664,0.3141772498985785,0.0035051057493735013,5.026835998377256,0.05608169198997602,7.540253997565884,0.0841225379849634,120.64406396105414,1.3459606077594144
250,40.0,i704-o128,4,aggregated,2,48,0,0,48,0.0,0.0,0.0,0.0,0.0,0.0,0.7808407171858998,0.0025236890407505886,99.94761179979517,0.32303219721607535
250,40.0,i704-o128,4,disaggregated,2,48,0,0,48,0.0,0.0,0.0,0.0,0.0,0.0,0.7184411802224362,0.0009679362431578787,91.96047106847183,0.12389583912420847
250,40.0,i704-o128,16,aggregated,2,48,0,0,16,0.0,0.0,0.0,0.0,0.0,0.0,1.8232828824228693,0.01122489469352279,233.38020895012727,1.4367865207709172
250,40.0,i704-o128,16,disaggregated,2,48,0,0,48,0.0,0.0,0.0,0.0,0.0,0.0,1.0034638330171899,0.015910041296275407,128.4433706262003,2.036485285923252
250,40.0,i704-o16,4,aggregated,2,48,0,0,48,0.0,0.0,0.0,0.0,0.0,0.0,3.120063704804352,0.017095521082855433,49.92101927686963,0.27352833732568693
250,40.0,i704-o16,4,disaggregated,2,48,0,0,48,0.0,0.0,0.0,0.0,0.0,0.0,1.2593009528431662,0.03420359194832572,20.14881524549066,0.5472574711732116
250,40.0,i704-o16,16,aggregated,2,48,0,0,48,0.0,0.0,0.0,0.0,0.0,0.0,4.097374451797995,0.2810817093524028,65.55799122876792,4.497307349638445
250,40.0,i704-o16,16,disaggregated,2,48,0,0,48,0.0,0.0,0.0,0.0,0.0,0.0,1.2562798894896685,0.03521441984854935,20.100478231834696,0.5634307175767896
250,40.0,mixed,4,aggregated,2,48,32,32,48,0.6666666666666666,0.6666666666666666,0.7260980572411816,0.006645995446363168,92.94055132687124,0.8506874171344855,1.0891470858617724,0.00996899316954475,98.74933578480069,0.9038553807053983
250,40.0,mixed,4,disaggregated,2,48,10,10,48,0.20833333333333334,0.20833333333333334,0.21484689416788763,0.0009790845016556923,27.500402453489617,0.12532281621192862,1.0312650920058606,0.00469960560794726,93.50136834186469,0.42609757512055835
250,40.0,mixed,16,aggregated,2,48,4,8,28,0.08333333333333333,0.08333333333333333,0.20399766654291968,0.0029981797604655648,26.11170131749372,0.3837670093395923,2.447971998515036,0.03597815712558686,221.9494611986966,3.262019579386533
250,40.0,mixed,16,disaggregated,2,48,2,2,39,0.041666666666666664,0.041666666666666664,0.0787765960381474,0.00012326185050348022,10.083404292882868,0.01577751686444547,1.8906383049155375,0.002958284412083604,171.41787297900873,0.26821778669559687
250,50.0,i64-o128,4,aggregated,2,48,47,47,48,0.9583333333333334,0.9791666666666666,0.8996798557551222,0.017186904076274167,115.15902153665564,2.1999237217630934,0.9189739183493654,0.010099020917779925,117.62866154871877,1.2926746774758304
250,50.0,i64-o128,4,disaggregated,2,48,29,29,48,0.5833333333333334,0.6041666666666666,0.5315859541586907,0.023341134506892076,68.04300213231241,2.987665216882186,0.8799707426349497,0.004279038013622461,112.63625505727356,0.5477168657436751
250,50.0,i64-o128,16,aggregated,2,48,14,14,48,0.25,0.2916666666666667,0.6647167391436949,0.13952227325370004,85.08374261039295,17.858850976473605,2.2771800142308054,0.018302242571233952,291.4790418215431,2.342687049117946
250,50.0,i64-o128,16,disaggregated,2,48,5,5,48,0.041666666666666664,0.10416666666666667,0.21699897742655405,0.18367007380734654,27.77586911059892,23.509769447340357,2.0861154691864345,0.006894964969334106,267.0227800558636,0.8825555160747656
250,50.0,i64-o16,4,aggregated,2,48,47,47,48,0.9583333333333334,0.9791666666666666,6.260807381473114,0.25555977482894404,100.17291810356983,4.088956397263105,6.392983453901225,0.06863458057990235,102.2877352624196,1.0981532892784376
250,50.0,i64-o16,4,disaggregated,2,48,27,27,48,0.5416666666666666,0.5625,3.067909379728105,0.20206164119557601,49.08655007564968,3.2329862591292162,5.452132357974842,0.07364737973653392,87.23411772759748,1.1783580757845427
250,50.0,i64-o16,16,aggregated,2,48,10,10,48,0.20833333333333334,0.20833333333333334,2.950772413743068,0.03641716644287744,47.21235861988909,0.582674663086039,14.163707585966726,0.17480239892581195,226.61932137546762,2.7968383828129912
250,50.0,i64-o16,16,disaggregated,2,48,2,2,48,0.041666666666666664,0.041666666666666664,0.3141772498985785,0.0035051057493735013,5.026835998377256,0.05608169198997602,7.540253997565884,0.0841225379849634,120.64406396105414,1.3459606077594144
250,50.0,i704-o128,4,aggregated,2,48,0,0,48,0.0,0.0,0.0,0.0,0.0,0.0,0.7808407171858998,0.0025236890407505886,99.94761179979517,0.32303219721607535
250,50.0,i704-o128,4,disaggregated,2,48,0,0,48,0.0,0.0,0.0,0.0,0.0,0.0,0.7184411802224362,0.0009679362431578787,91.96047106847183,0.12389583912420847
250,50.0,i704-o128,16,aggregated,2,48,0,0,48,0.0,0.0,0.0,0.0,0.0,0.0,1.8232828824228693,0.01122489469352279,233.38020895012727,1.4367865207709172
250,50.0,i704-o128,16,disaggregated,2,48,0,0,48,0.0,0.0,0.0,0.0,0.0,0.0,1.0034638330171899,0.015910041296275407,128.4433706262003,2.036485285923252
250,50.0,i704-o16,4,aggregated,2,48,0,0,48,0.0,0.0,0.0,0.0,0.0,0.0,3.120063704804352,0.017095521082855433,49.92101927686963,0.27352833732568693
250,50.0,i704-o16,4,disaggregated,2,48,0,0,48,0.0,0.0,0.0,0.0,0.0,0.0,1.2593009528431662,0.03420359194832572,20.14881524549066,0.5472574711732116
250,50.0,i704-o16,16,aggregated,2,48,0,0,48,0.0,0.0,0.0,0.0,0.0,0.0,4.097374451797995,0.2810817093524028,65.55799122876792,4.497307349638445
250,50.0,i704-o16,16,disaggregated,2,48,0,0,48,0.0,0.0,0.0,0.0,0.0,0.0,1.2562798894896685,0.03521441984854935,20.100478231834696,0.5634307175767896
250,50.0,mixed,4,aggregated,2,48,32,32,48,0.6666666666666666,0.6666666666666666,0.7260980572411816,0.006645995446363168,92.94055132687124,0.8506874171344855,1.0891470858617724,0.00996899316954475,98.74933578480069,0.9038553807053983
250,50.0,mixed,4,disaggregated,2,48,10,10,48,0.20833333333333334,0.20833333333333334,0.21484689416788763,0.0009790845016556923,27.500402453489617,0.12532281621192862,1.0312650920058606,0.00469960560794726,93.50136834186469,0.42609757512055835
250,50.0,mixed,16,aggregated,2,48,8,8,48,0.16666666666666666,0.16666666666666666,0.40799533308583935,0.0059963595209311295,52.22340263498744,0.7675340186791846,2.447971998515036,0.03597815712558686,221.9494611986966,3.262019579386533
250,50.0,mixed,16,disaggregated,2,48,2,2,48,0.041666666666666664,0.041666666666666664,0.0787765960381474,0.00012326185050348022,10.083404292882868,0.01577751686444547,1.8906383049155375,0.002958284412083604,171.41787297900873,0.26821778669559687
250,75.0,i64-o128,4,aggregated,2,48,47,47,48,0.9583333333333334,0.9791666666666666,0.8996798557551222,0.017186904076274167,115.15902153665564,2.1999237217630934,0.9189739183493654,0.010099020917779925,117.62866154871877,1.2926746774758304
250,75.0,i64-o128,4,disaggregated,2,48,29,29,48,0.5833333333333334,0.6041666666666666,0.5315859541586907,0.023341134506892076,68.04300213231241,2.987665216882186,0.8799707426349497,0.004279038013622461,112.63625505727356,0.5477168657436751
250,75.0,i64-o128,16,aggregated,2,48,14,14,48,0.25,0.2916666666666667,0.6647167391436949,0.13952227325370004,85.08374261039295,17.858850976473605,2.2771800142308054,0.018302242571233952,291.4790418215431,2.342687049117946
250,75.0,i64-o128,16,disaggregated,2,48,5,5,48,0.041666666666666664,0.10416666666666667,0.21699897742655405,0.18367007380734654,27.77586911059892,23.509769447340357,2.0861154691864345,0.006894964969334106,267.0227800558636,0.8825555160747656
250,75.0,i64-o16,4,aggregated,2,48,47,47,48,0.9583333333333334,0.9791666666666666,6.260807381473114,0.25555977482894404,100.17291810356983,4.088956397263105,6.392983453901225,0.06863458057990235,102.2877352624196,1.0981532892784376
250,75.0,i64-o16,4,disaggregated,2,48,27,27,48,0.5416666666666666,0.5625,3.067909379728105,0.20206164119557601,49.08655007564968,3.2329862591292162,5.452132357974842,0.07364737973653392,87.23411772759748,1.1783580757845427
250,75.0,i64-o16,16,aggregated,2,48,10,10,48,0.20833333333333334,0.20833333333333334,2.950772413743068,0.03641716644287744,47.21235861988909,0.582674663086039,14.163707585966726,0.17480239892581195,226.61932137546762,2.7968383828129912
250,75.0,i64-o16,16,disaggregated,2,48,2,2,48,0.041666666666666664,0.041666666666666664,0.3141772498985785,0.0035051057493735013,5.026835998377256,0.05608169198997602,7.540253997565884,0.0841225379849634,120.64406396105414,1.3459606077594144
250,75.0,i704-o128,4,aggregated,2,48,0,0,48,0.0,0.0,0.0,0.0,0.0,0.0,0.7808407171858998,0.0025236890407505886,99.94761179979517,0.32303219721607535
250,75.0,i704-o128,4,disaggregated,2,48,0,0,48,0.0,0.0,0.0,0.0,0.0,0.0,0.7184411802224362,0.0009679362431578787,91.96047106847183,0.12389583912420847
250,75.0,i704-o128,16,aggregated,2,48,0,0,48,0.0,0.0,0.0,0.0,0.0,0.0,1.8232828824228693,0.01122489469352279,233.38020895012727,1.4367865207709172
250,75.0,i704-o128,16,disaggregated,2,48,0,0,48,0.0,0.0,0.0,0.0,0.0,0.0,1.0034638330171899,0.015910041296275407,128.4433706262003,2.036485285923252
250,75.0,i704-o16,4,aggregated,2,48,0,0,48,0.0,0.0,0.0,0.0,0.0,0.0,3.120063704804352,0.017095521082855433,49.92101927686963,0.27352833732568693
250,75.0,i704-o16,4,disaggregated,2,48,0,0,48,0.0,0.0,0.0,0.0,0.0,0.0,1.2593009528431662,0.03420359194832572,20.14881524549066,0.5472574711732116
250,75.0,i704-o16,16,aggregated,2,48,0,0,48,0.0,0.0,0.0,0.0,0.0,0.0,4.097374451797995,0.2810817093524028,65.55799122876792,4.497307349638445
250,75.0,i704-o16,16,disaggregated,2,48,0,0,48,0.0,0.0,0.0,0.0,0.0,0.0,1.2562798894896685,0.03521441984854935,20.100478231834696,0.5634307175767896
250,75.0,mixed,4,aggregated,2,48,32,32,48,0.6666666666666666,0.6666666666666666,0.7260980572411816,0.006645995446363168,92.94055132687124,0.8506874171344855,1.0891470858617724,0.00996899316954475,98.74933578480069,0.9038553807053983
250,75.0,mixed,4,disaggregated,2,48,10,10,48,0.20833333333333334,0.20833333333333334,0.21484689416788763,0.0009790845016556923,27.500402453489617,0.12532281621192862,1.0312650920058606,0.00469960560794726,93.50136834186469,0.42609757512055835
250,75.0,mixed,16,aggregated,2,48,8,8,48,0.16666666666666666,0.16666666666666666,0.40799533308583935,0.0059963595209311295,52.22340263498744,0.7675340186791846,2.447971998515036,0.03597815712558686,221.9494611986966,3.262019579386533
250,75.0,mixed,16,disaggregated,2,48,2,2,48,0.041666666666666664,0.041666666666666664,0.0787765960381474,0.00012326185050348022,10.083404292882868,0.01577751686444547,1.8906383049155375,0.002958284412083604,171.41787297900873,0.26821778669559687
500,25.0,i64-o128,4,aggregated,2,48,0,48,0,0.0,0.0,0.0,0.0,0.0,0.0,0.9189739183493654,0.010099020917779925,117.62866154871877,1.2926746774758304
500,25.0,i64-o128,4,disaggregated,2,48,0,46,0,0.0,0.0,0.0,0.0,0.0,0.0,0.8799707426349497,0.004279038013622461,112.63625505727356,0.5477168657436751
500,25.0,i64-o128,16,aggregated,2,48,0,39,0,0.0,0.0,0.0,0.0,0.0,0.0,2.2771800142308054,0.018302242571233952,291.4790418215431,2.342687049117946
500,25.0,i64-o128,16,disaggregated,2,48,0,22,0,0.0,0.0,0.0,0.0,0.0,0.0,2.0861154691864345,0.006894964969334106,267.0227800558636,0.8825555160747656
500,25.0,i64-o16,4,aggregated,2,48,3,48,3,0.041666666666666664,0.0625,0.3985503830073277,0.18406542005821241,6.376806128117243,2.9450467209313986,6.392983453901225,0.06863458057990235,102.2877352624196,1.0981532892784376
500,25.0,i64-o16,4,disaggregated,2,48,3,46,3,0.041666666666666664,0.0625,0.3396733440061709,0.15603202886024212,5.434773504098734,2.496512461763874,5.452132357974842,0.07364737973653392,87.23411772759748,1.1783580757845427
500,25.0,i64-o16,16,aggregated,2,48,2,38,2,0.041666666666666664,0.041666666666666664,0.5901544827486136,0.007283433288575472,9.442471723977818,0.11653493261720756,14.163707585966726,0.17480239892581195,226.61932137546762,2.7968383828129912
500,25.0,i64-o16,16,disaggregated,2,48,0,6,2,0.0,0.0,0.0,0.0,0.0,0.0,7.540253997565884,0.0841225379849634,120.64406396105414,1.3459606077594144
500,25.0,i704-o128,4,aggregated,2,48,0,0,0,0.0,0.0,0.0,0.0,0.0,0.0,0.7808407171858998,0.0025236890407505886,99.94761179979517,0.32303219721607535
500,25.0,i704-o128,4,disaggregated,2,48,0,0,0,0.0,0.0,0.0,0.0,0.0,0.0,0.7184411802224362,0.0009679362431578787,91.96047106847183,0.12389583912420847
500,25.0,i704-o128,16,aggregated,2,48,0,0,0,0.0,0.0,0.0,0.0,0.0,0.0,1.8232828824228693,0.01122489469352279,233.38020895012727,1.4367865207709172
500,25.0,i704-o128,16,disaggregated,2,48,0,0,0,0.0,0.0,0.0,0.0,0.0,0.0,1.0034638330171899,0.015910041296275407,128.4433706262003,2.036485285923252
500,25.0,i704-o16,4,aggregated,2,48,0,0,9,0.0,0.0,0.0,0.0,0.0,0.0,3.120063704804352,0.017095521082855433,49.92101927686963,0.27352833732568693
500,25.0,i704-o16,4,disaggregated,2,48,0,0,11,0.0,0.0,0.0,0.0,0.0,0.0,1.2593009528431662,0.03420359194832572,20.14881524549066,0.5472574711732116
500,25.0,i704-o16,16,aggregated,2,48,0,0,2,0.0,0.0,0.0,0.0,0.0,0.0,4.097374451797995,0.2810817093524028,65.55799122876792,4.497307349638445
500,25.0,i704-o16,16,disaggregated,2,48,0,0,12,0.0,0.0,0.0,0.0,0.0,0.0,1.2562798894896685,0.03521441984854935,20.100478231834696,0.5634307175767896
500,25.0,mixed,4,aggregated,2,48,0,32,2,0.0,0.0,0.0,0.0,0.0,0.0,1.0891470858617724,0.00996899316954475,98.74933578480069,0.9038553807053983
500,25.0,mixed,4,disaggregated,2,48,0,19,1,0.0,0.0,0.0,0.0,0.0,0.0,1.0312650920058606,0.00469960560794726,93.50136834186469,0.42609757512055835
500,25.0,mixed,16,aggregated,2,48,0,22,0,0.0,0.0,0.0,0.0,0.0,0.0,2.447971998515036,0.03597815712558686,221.9494611986966,3.262019579386533
500,25.0,mixed,16,disaggregated,2,48,0,6,0,0.0,0.0,0.0,0.0,0.0,0.0,1.8906383049155375,0.002958284412083604,171.41787297900873,0.26821778669559687
500,30.0,i64-o128,4,aggregated,2,48,1,48,1,0.0,0.020833333333333332,0.018996517336980386,0.026865132455813293,2.4315542191334893,3.4387369543441015,0.9189739183493654,0.010099020917779925,117.62866154871877,1.2926746774758304
500,30.0,i64-o128,4,disaggregated,2,48,4,46,4,0.041666666666666664,0.08333333333333333,0.07345696758609528,0.05220935978137979,9.402491851020196,6.682798052016613,0.8799707426349497,0.004279038013622461,112.63625505727356,0.5477168657436751
500,30.0,i64-o128,16,aggregated,2,48,0,39,0,0.0,0.0,0.0,0.0,0.0,0.0,2.2771800142308054,0.018302242571233952,291.4790418215431,2.342687049117946
500,30.0,i64-o128,16,disaggregated,2,48,0,22,0,0.0,0.0,0.0,0.0,0.0,0.0,2.0861154691864345,0.006894964969334106,267.0227800558636,0.8825555160747656
500,30.0,i64-o16,4,aggregated,2,48,26,48,26,0.5416666666666666,0.5416666666666666,3.46286603752983,0.03717706448078057,55.40585660047728,0.5948330316924891,6.392983453901225,0.06863458057990235,102.2877352624196,1.0981532892784376
500,30.0,i64-o16,4,disaggregated,2,48,33,46,34,0.625,0.6875,3.7515957812094745,0.5325375438501938,60.02553249935159,8.520600701603101,5.452132357974842,0.07364737973653392,87.23411772759748,1.1783580757845427
500,30.0,i64-o16,16,aggregated,2,48,6,38,6,0.125,0.125,1.7704634482458408,0.021850299865726494,28.327415171933453,0.3496047978516239,14.163707585966726,0.17480239892581195,226.61932137546762,2.7968383828129912
500,30.0,i64-o16,16,disaggregated,2,48,1,6,15,0.0,0.020833333333333332,0.15584938292721026,0.22040431102313865,2.493590126835364,3.5264689763702184,7.540253997565884,0.0841225379849634,120.64406396105414,1.3459606077594144
500,30.0,i704-o128,4,aggregated,2,48,0,0,0,0.0,0.0,0.0,0.0,0.0,0.0,0.7808407171858998,0.0025236890407505886,99.94761179979517,0.32303219721607535
500,30.0,i704-o128,4,disaggregated,2,48,0,0,2,0.0,0.0,0.0,0.0,0.0,0.0,0.7184411802224362,0.0009679362431578787,91.96047106847183,0.12389583912420847
500,30.0,i704-o128,16,aggregated,2,48,0,0,0,0.0,0.0,0.0,0.0,0.0,0.0,1.8232828824228693,0.01122489469352279,233.38020895012727,1.4367865207709172
500,30.0,i704-o128,16,disaggregated,2,48,0,0,0,0.0,0.0,0.0,0.0,0.0,0.0,1.0034638330171899,0.015910041296275407,128.4433706262003,2.036485285923252
500,30.0,i704-o16,4,aggregated,2,48,0,0,27,0.0,0.0,0.0,0.0,0.0,0.0,3.120063704804352,0.017095521082855433,49.92101927686963,0.27352833732568693
500,30.0,i704-o16,4,disaggregated,2,48,0,0,47,0.0,0.0,0.0,0.0,0.0,0.0,1.2593009528431662,0.03420359194832572,20.14881524549066,0.5472574711732116
500,30.0,i704-o16,16,aggregated,2,48,0,0,15,0.0,0.0,0.0,0.0,0.0,0.0,4.097374451797995,0.2810817093524028,65.55799122876792,4.497307349638445
500,30.0,i704-o16,16,disaggregated,2,48,0,0,48,0.0,0.0,0.0,0.0,0.0,0.0,1.2562798894896685,0.03521441984854935,20.100478231834696,0.5634307175767896
500,30.0,mixed,4,aggregated,2,48,0,32,9,0.0,0.0,0.0,0.0,0.0,0.0,1.0891470858617724,0.00996899316954475,98.74933578480069,0.9038553807053983
500,30.0,mixed,4,disaggregated,2,48,2,19,13,0.041666666666666664,0.041666666666666664,0.04296937883357753,0.0001958169003311375,5.500080490697924,0.0250645632423856,1.0312650920058606,0.00469960560794726,93.50136834186469,0.42609757512055835
500,30.0,mixed,16,aggregated,2,48,0,22,1,0.0,0.0,0.0,0.0,0.0,0.0,2.447971998515036,0.03597815712558686,221.9494611986966,3.262019579386533
500,30.0,mixed,16,disaggregated,2,48,0,6,2,0.0,0.0,0.0,0.0,0.0,0.0,1.8906383049155375,0.002958284412083604,171.41787297900873,0.26821778669559687
500,35.0,i64-o128,4,aggregated,2,48,48,48,48,1.0,1.0,0.9189739183493654,0.010099020917779925,117.62866154871877,1.2926746774758304,0.9189739183493654,0.010099020917779925,117.62866154871877,1.2926746774758304
500,35.0,i64-o128,4,disaggregated,2,48,45,46,47,0.9166666666666666,0.9375,0.8250356074035233,0.029937984777893386,105.60455774765099,3.8320620515703534,0.8799707426349497,0.004279038013622461,112.63625505727356,0.5477168657436751
500,35.0,i64-o128,16,aggregated,2,48,11,39,11,0.20833333333333334,0.22916666666666666,0.5221233707577478,0.0712863235077862,66.83179145699172,9.124649408996634,2.2771800142308054,0.018302242571233952,291.4790418215431,2.342687049117946
500,35.0,i64-o128,16,disaggregated,2,48,2,22,2,0.041666666666666664,0.041666666666666664,0.0869214778827681,0.00028729020705559104,11.125949168994318,0.03677314650311565,2.0861154691864345,0.006894964969334106,267.0227800558636,0.8825555160747656
500,35.0,i64-o16,4,aggregated,2,48,48,48,48,1.0,1.0,6.392983453901225,0.06863458057990235,102.2877352624196,1.0981532892784376,6.392983453901225,0.06863458057990235,102.2877352624196,1.0981532892784376
500,35.0,i64-o16,4,disaggregated,2,48,46,46,48,0.9583333333333334,0.9583333333333334,5.224960176392557,0.07057873891417844,83.59936282228091,1.129259822626855,5.452132357974842,0.07364737973653392,87.23411772759748,1.1783580757845427
500,35.0,i64-o16,16,aggregated,2,48,17,38,19,0.2916666666666667,0.3541666666666667,5.024038350966222,1.313815893050444,80.38461361545956,21.021054288807104,14.163707585966726,0.17480239892581195,226.61932137546762,2.7968383828129912
500,35.0,i64-o16,16,disaggregated,2,48,6,6,47,0.125,0.125,0.9425317496957355,0.010515317248120425,15.080507995131768,0.1682450759699268,7.540253997565884,0.0841225379849634,120.64406396105414,1.3459606077594144
500,35.0,i704-o128,4,aggregated,2,48,0,0,47,0.0,0.0,0.0,0.0,0.0,0.0,0.7808407171858998,0.0025236890407505886,99.94761179979517,0.32303219721607535
500,35.0,i704-o128,4,disaggregated,2,48,0,0,48,0.0,0.0,0.0,0.0,0.0,0.0,0.7184411802224362,0.0009679362431578787,91.96047106847183,0.12389583912420847
500,35.0,i704-o128,16,aggregated,2,48,0,0,3,0.0,0.0,0.0,0.0,0.0,0.0,1.8232828824228693,0.01122489469352279,233.38020895012727,1.4367865207709172
500,35.0,i704-o128,16,disaggregated,2,48,0,0,30,0.0,0.0,0.0,0.0,0.0,0.0,1.0034638330171899,0.015910041296275407,128.4433706262003,2.036485285923252
500,35.0,i704-o16,4,aggregated,2,48,0,0,48,0.0,0.0,0.0,0.0,0.0,0.0,3.120063704804352,0.017095521082855433,49.92101927686963,0.27352833732568693
500,35.0,i704-o16,4,disaggregated,2,48,0,0,48,0.0,0.0,0.0,0.0,0.0,0.0,1.2593009528431662,0.03420359194832572,20.14881524549066,0.5472574711732116
500,35.0,i704-o16,16,aggregated,2,48,0,0,36,0.0,0.0,0.0,0.0,0.0,0.0,4.097374451797995,0.2810817093524028,65.55799122876792,4.497307349638445
500,35.0,i704-o16,16,disaggregated,2,48,0,0,48,0.0,0.0,0.0,0.0,0.0,0.0,1.2562798894896685,0.03521441984854935,20.100478231834696,0.5634307175767896
500,35.0,mixed,4,aggregated,2,48,32,32,48,0.6666666666666666,0.6666666666666666,0.7260980572411816,0.006645995446363168,92.94055132687124,0.8506874171344855,1.0891470858617724,0.00996899316954475,98.74933578480069,0.9038553807053983
500,35.0,mixed,4,disaggregated,2,48,19,19,48,0.375,0.3958333333333333,0.40827833064803404,0.03224419970974218,52.25962632294836,4.127257562846999,1.0312650920058606,0.00469960560794726,93.50136834186469,0.42609757512055835
500,35.0,mixed,16,aggregated,2,48,1,22,4,0.0,0.020833333333333332,0.05152942494569029,0.07287361161948169,6.595766393048357,9.327822287293657,2.447971998515036,0.03597815712558686,221.9494611986966,3.262019579386533
500,35.0,mixed,16,disaggregated,2,48,0,6,8,0.0,0.0,0.0,0.0,0.0,0.0,1.8906383049155375,0.002958284412083604,171.41787297900873,0.26821778669559687
500,40.0,i64-o128,4,aggregated,2,48,48,48,48,1.0,1.0,0.9189739183493654,0.010099020917779925,117.62866154871877,1.2926746774758304,0.9189739183493654,0.010099020917779925,117.62866154871877,1.2926746774758304
500,40.0,i64-o128,4,disaggregated,2,48,46,46,48,0.9583333333333334,0.9583333333333334,0.84330529502516,0.004100744763054882,107.94307776322049,0.5248953296710249,0.8799707426349497,0.004279038013622461,112.63625505727356,0.5477168657436751
500,40.0,i64-o128,16,aggregated,2,48,17,39,18,0.3333333333333333,0.3541666666666667,0.8062316375435552,0.060610015341232955,103.19764960557507,7.758081963677818,2.2771800142308054,0.018302242571233952,291.4790418215431,2.342687049117946
500,40.0,i64-o128,16,disaggregated,2,48,16,22,16,0.3333333333333333,0.3333333333333333,0.6953718230621448,0.0022983216564447283,89.00759335195454,0.2941851720249252,2.0861154691864345,0.006894964969334106,267.0227800558636,0.8825555160747656
500,40.0,i64-o16,4,aggregated,2,48,48,48,48,1.0,1.0,6.392983453901225,0.06863458057990235,102.2877352624196,1.0981532892784376,6.392983453901225,0.06863458057990235,102.2877352624196,1.0981532892784376
500,40.0,i64-o16,4,disaggregated,2,48,46,46,48,0.9583333333333334,0.9583333333333334,5.224960176392557,0.07057873891417844,83.59936282228091,1.129259822626855,5.452132357974842,0.07364737973653392,87.23411772759748,1.1783580757845427
500,40.0,i64-o16,16,aggregated,2,48,34,38,43,0.625,0.7083333333333334,10.042926536863774,1.79302731270252,160.6868245898204,28.68843700324032,14.163707585966726,0.17480239892581195,226.61932137546762,2.7968383828129912
500,40.0,i64-o16,16,disaggregated,2,48,6,6,48,0.125,0.125,0.9425317496957355,0.010515317248120425,15.080507995131768,0.1682450759699268,7.540253997565884,0.0841225379849634,120.64406396105414,1.3459606077594144
500,40.0,i704-o128,4,aggregated,2,48,0,0,48,0.0,0.0,0.0,0.0,0.0,0.0,0.7808407171858998,0.0025236890407505886,99.94761179979517,0.32303219721607535
500,40.0,i704-o128,4,disaggregated,2,48,0,0,48,0.0,0.0,0.0,0.0,0.0,0.0,0.7184411802224362,0.0009679362431578787,91.96047106847183,0.12389583912420847
500,40.0,i704-o128,16,aggregated,2,48,0,0,16,0.0,0.0,0.0,0.0,0.0,0.0,1.8232828824228693,0.01122489469352279,233.38020895012727,1.4367865207709172
500,40.0,i704-o128,16,disaggregated,2,48,0,0,48,0.0,0.0,0.0,0.0,0.0,0.0,1.0034638330171899,0.015910041296275407,128.4433706262003,2.036485285923252
500,40.0,i704-o16,4,aggregated,2,48,0,0,48,0.0,0.0,0.0,0.0,0.0,0.0,3.120063704804352,0.017095521082855433,49.92101927686963,0.27352833732568693
500,40.0,i704-o16,4,disaggregated,2,48,0,0,48,0.0,0.0,0.0,0.0,0.0,0.0,1.2593009528431662,0.03420359194832572,20.14881524549066,0.5472574711732116
500,40.0,i704-o16,16,aggregated,2,48,0,0,48,0.0,0.0,0.0,0.0,0.0,0.0,4.097374451797995,0.2810817093524028,65.55799122876792,4.497307349638445
500,40.0,i704-o16,16,disaggregated,2,48,0,0,48,0.0,0.0,0.0,0.0,0.0,0.0,1.2562798894896685,0.03521441984854935,20.100478231834696,0.5634307175767896
500,40.0,mixed,4,aggregated,2,48,32,32,48,0.6666666666666666,0.6666666666666666,0.7260980572411816,0.006645995446363168,92.94055132687124,0.8506874171344855,1.0891470858617724,0.00996899316954475,98.74933578480069,0.9038553807053983
500,40.0,mixed,4,disaggregated,2,48,19,19,48,0.375,0.3958333333333333,0.40827833064803404,0.03224419970974218,52.25962632294836,4.127257562846999,1.0312650920058606,0.00469960560794726,93.50136834186469,0.42609757512055835
500,40.0,mixed,16,aggregated,2,48,10,22,28,0.20833333333333334,0.20833333333333334,0.5099941663572992,0.007495449401163863,65.2792532937343,0.9594175233489745,2.447971998515036,0.03597815712558686,221.9494611986966,3.262019579386533
500,40.0,mixed,16,disaggregated,2,48,5,6,39,0.08333333333333333,0.10416666666666667,0.1969850697405448,0.05601161988362604,25.214088926789735,7.169487345104133,1.8906383049155375,0.002958284412083604,171.41787297900873,0.26821778669559687
500,50.0,i64-o128,4,aggregated,2,48,48,48,48,1.0,1.0,0.9189739183493654,0.010099020917779925,117.62866154871877,1.2926746774758304,0.9189739183493654,0.010099020917779925,117.62866154871877,1.2926746774758304
500,50.0,i64-o128,4,disaggregated,2,48,46,46,48,0.9583333333333334,0.9583333333333334,0.84330529502516,0.004100744763054882,107.94307776322049,0.5248953296710249,0.8799707426349497,0.004279038013622461,112.63625505727356,0.5477168657436751
500,50.0,i64-o128,16,aggregated,2,48,39,39,48,0.7916666666666666,0.8125,1.8499391440660076,0.05222148749608392,236.79221044044897,6.684350399498742,2.2771800142308054,0.018302242571233952,291.4790418215431,2.342687049117946
500,50.0,i64-o128,16,disaggregated,2,48,22,22,48,0.4583333333333333,0.4583333333333333,0.9561362567104492,0.003160192277611413,122.3854408589375,0.40450461153426087,2.0861154691864345,0.006894964969334106,267.0227800558636,0.8825555160747656
500,50.0,i64-o16,4,aggregated,2,48,48,48,48,1.0,1.0,6.392983453901225,0.06863458057990235,102.2877352624196,1.0981532892784376,6.392983453901225,0.06863458057990235,102.2877352624196,1.0981532892784376
500,50.0,i64-o16,4,disaggregated,2,48,46,46,48,0.9583333333333334,0.9583333333333334,5.224960176392557,0.07057873891417844,83.59936282228091,1.129259822626855,5.452132357974842,0.07364737973653392,87.23411772759748,1.1783580757845427
500,50.0,i64-o16,16,aggregated,2,48,38,38,48,0.75,0.7916666666666666,11.21808533729233,0.972989705881303,179.48936539667727,15.567835294100847,14.163707585966726,0.17480239892581195,226.61932137546762,2.7968383828129912
500,50.0,i64-o16,16,disaggregated,2,48,6,6,48,0.125,0.125,0.9425317496957355,0.010515317248120425,15.080507995131768,0.1682450759699268,7.540253997565884,0.0841225379849634,120.64406396105414,1.3459606077594144
500,50.0,i704-o128,4,aggregated,2,48,0,0,48,0.0,0.0,0.0,0.0,0.0,0.0,0.7808407171858998,0.0025236890407505886,99.94761179979517,0.32303219721607535
500,50.0,i704-o128,4,disaggregated,2,48,0,0,48,0.0,0.0,0.0,0.0,0.0,0.0,0.7184411802224362,0.0009679362431578787,91.96047106847183,0.12389583912420847
500,50.0,i704-o128,16,aggregated,2,48,0,0,48,0.0,0.0,0.0,0.0,0.0,0.0,1.8232828824228693,0.01122489469352279,233.38020895012727,1.4367865207709172
500,50.0,i704-o128,16,disaggregated,2,48,0,0,48,0.0,0.0,0.0,0.0,0.0,0.0,1.0034638330171899,0.015910041296275407,128.4433706262003,2.036485285923252
500,50.0,i704-o16,4,aggregated,2,48,0,0,48,0.0,0.0,0.0,0.0,0.0,0.0,3.120063704804352,0.017095521082855433,49.92101927686963,0.27352833732568693
500,50.0,i704-o16,4,disaggregated,2,48,0,0,48,0.0,0.0,0.0,0.0,0.0,0.0,1.2593009528431662,0.03420359194832572,20.14881524549066,0.5472574711732116
500,50.0,i704-o16,16,aggregated,2,48,0,0,48,0.0,0.0,0.0,0.0,0.0,0.0,4.097374451797995,0.2810817093524028,65.55799122876792,4.497307349638445
500,50.0,i704-o16,16,disaggregated,2,48,0,0,48,0.0,0.0,0.0,0.0,0.0,0.0,1.2562798894896685,0.03521441984854935,20.100478231834696,0.5634307175767896
500,50.0,mixed,4,aggregated,2,48,32,32,48,0.6666666666666666,0.6666666666666666,0.7260980572411816,0.006645995446363168,92.94055132687124,0.8506874171344855,1.0891470858617724,0.00996899316954475,98.74933578480069,0.9038553807053983
500,50.0,mixed,4,disaggregated,2,48,19,19,48,0.375,0.3958333333333333,0.40827833064803404,0.03224419970974218,52.25962632294836,4.127257562846999,1.0312650920058606,0.00469960560794726,93.50136834186469,0.42609757512055835
500,50.0,mixed,16,aggregated,2,48,22,22,48,0.4166666666666667,0.4583333333333333,1.1209271493661375,0.12775814467616997,143.4786751188656,16.353042518549756,2.447971998515036,0.03597815712558686,221.9494611986966,3.262019579386533
500,50.0,mixed,16,disaggregated,2,48,6,6,48,0.125,0.125,0.2363297881144422,0.0003697855515104505,30.2502128786486,0.047332550593337665,1.8906383049155375,0.002958284412083604,171.41787297900873,0.26821778669559687
500,75.0,i64-o128,4,aggregated,2,48,48,48,48,1.0,1.0,0.9189739183493654,0.010099020917779925,117.62866154871877,1.2926746774758304,0.9189739183493654,0.010099020917779925,117.62866154871877,1.2926746774758304
500,75.0,i64-o128,4,disaggregated,2,48,46,46,48,0.9583333333333334,0.9583333333333334,0.84330529502516,0.004100744763054882,107.94307776322049,0.5248953296710249,0.8799707426349497,0.004279038013622461,112.63625505727356,0.5477168657436751
500,75.0,i64-o128,16,aggregated,2,48,39,39,48,0.7916666666666666,0.8125,1.8499391440660076,0.05222148749608392,236.79221044044897,6.684350399498742,2.2771800142308054,0.018302242571233952,291.4790418215431,2.342687049117946
500,75.0,i64-o128,16,disaggregated,2,48,22,22,48,0.4583333333333333,0.4583333333333333,0.9561362567104492,0.003160192277611413,122.3854408589375,0.40450461153426087,2.0861154691864345,0.006894964969334106,267.0227800558636,0.8825555160747656
500,75.0,i64-o16,4,aggregated,2,48,48,48,48,1.0,1.0,6.392983453901225,0.06863458057990235,102.2877352624196,1.0981532892784376,6.392983453901225,0.06863458057990235,102.2877352624196,1.0981532892784376
500,75.0,i64-o16,4,disaggregated,2,48,46,46,48,0.9583333333333334,0.9583333333333334,5.224960176392557,0.07057873891417844,83.59936282228091,1.129259822626855,5.452132357974842,0.07364737973653392,87.23411772759748,1.1783580757845427
500,75.0,i64-o16,16,aggregated,2,48,38,38,48,0.75,0.7916666666666666,11.21808533729233,0.972989705881303,179.48936539667727,15.567835294100847,14.163707585966726,0.17480239892581195,226.61932137546762,2.7968383828129912
500,75.0,i64-o16,16,disaggregated,2,48,6,6,48,0.125,0.125,0.9425317496957355,0.010515317248120425,15.080507995131768,0.1682450759699268,7.540253997565884,0.0841225379849634,120.64406396105414,1.3459606077594144
500,75.0,i704-o128,4,aggregated,2,48,0,0,48,0.0,0.0,0.0,0.0,0.0,0.0,0.7808407171858998,0.0025236890407505886,99.94761179979517,0.32303219721607535
500,75.0,i704-o128,4,disaggregated,2,48,0,0,48,0.0,0.0,0.0,0.0,0.0,0.0,0.7184411802224362,0.0009679362431578787,91.96047106847183,0.12389583912420847
500,75.0,i704-o128,16,aggregated,2,48,0,0,48,0.0,0.0,0.0,0.0,0.0,0.0,1.8232828824228693,0.01122489469352279,233.38020895012727,1.4367865207709172
500,75.0,i704-o128,16,disaggregated,2,48,0,0,48,0.0,0.0,0.0,0.0,0.0,0.0,1.0034638330171899,0.015910041296275407,128.4433706262003,2.036485285923252
500,75.0,i704-o16,4,aggregated,2,48,0,0,48,0.0,0.0,0.0,0.0,0.0,0.0,3.120063704804352,0.017095521082855433,49.92101927686963,0.27352833732568693
500,75.0,i704-o16,4,disaggregated,2,48,0,0,48,0.0,0.0,0.0,0.0,0.0,0.0,1.2593009528431662,0.03420359194832572,20.14881524549066,0.5472574711732116
500,75.0,i704-o16,16,aggregated,2,48,0,0,48,0.0,0.0,0.0,0.0,0.0,0.0,4.097374451797995,0.2810817093524028,65.55799122876792,4.497307349638445
500,75.0,i704-o16,16,disaggregated,2,48,0,0,48,0.0,0.0,0.0,0.0,0.0,0.0,1.2562798894896685,0.03521441984854935,20.100478231834696,0.5634307175767896
500,75.0,mixed,4,aggregated,2,48,32,32,48,0.6666666666666666,0.6666666666666666,0.7260980572411816,0.006645995446363168,92.94055132687124,0.8506874171344855,1.0891470858617724,0.00996899316954475,98.74933578480069,0.9038553807053983
500,75.0,mixed,4,disaggregated,2,48,19,19,48,0.375,0.3958333333333333,0.40827833064803404,0.03224419970974218,52.25962632294836,4.127257562846999,1.0312650920058606,0.00469960560794726,93.50136834186469,0.42609757512055835
500,75.0,mixed,16,aggregated,2,48,22,22,48,0.4166666666666667,0.4583333333333333,1.1209271493661375,0.12775814467616997,143.4786751188656,16.353042518549756,2.447971998515036,0.03597815712558686,221.9494611986966,3.262019579386533
500,75.0,mixed,16,disaggregated,2,48,6,6,48,0.125,0.125,0.2363297881144422,0.0003697855515104505,30.2502128786486,0.047332550593337665,1.8906383049155375,0.002958284412083604,171.41787297900873,0.26821778669559687
1000,25.0,i64-o128,4,aggregated,2,48,0,48,0,0.0,0.0,0.0,0.0,0.0,0.0,0.9189739183493654,0.010099020917779925,117.62866154871877,1.2926746774758304
1000,25.0,i64-o128,4,disaggregated,2,48,0,48,0,0.0,0.0,0.0,0.0,0.0,0.0,0.8799707426349497,0.004279038013622461,112.63625505727356,0.5477168657436751
1000,25.0,i64-o128,16,aggregated,2,48,0,48,0,0.0,0.0,0.0,0.0,0.0,0.0,2.2771800142308054,0.018302242571233952,291.4790418215431,2.342687049117946
1000,25.0,i64-o128,16,disaggregated,2,48,0,31,0,0.0,0.0,0.0,0.0,0.0,0.0,2.0861154691864345,0.006894964969334106,267.0227800558636,0.8825555160747656
1000,25.0,i64-o16,4,aggregated,2,48,3,48,3,0.041666666666666664,0.0625,0.3985503830073277,0.18406542005821241,6.376806128117243,2.9450467209313986,6.392983453901225,0.06863458057990235,102.2877352624196,1.0981532892784376
1000,25.0,i64-o16,4,disaggregated,2,48,3,48,3,0.041666666666666664,0.0625,0.3396733440061709,0.15603202886024212,5.434773504098734,2.496512461763874,5.452132357974842,0.07364737973653392,87.23411772759748,1.1783580757845427
1000,25.0,i64-o16,16,aggregated,2,48,2,48,2,0.041666666666666664,0.041666666666666664,0.5901544827486136,0.007283433288575472,9.442471723977818,0.11653493261720756,14.163707585966726,0.17480239892581195,226.61932137546762,2.7968383828129912
1000,25.0,i64-o16,16,disaggregated,2,48,0,14,2,0.0,0.0,0.0,0.0,0.0,0.0,7.540253997565884,0.0841225379849634,120.64406396105414,1.3459606077594144
1000,25.0,i704-o128,4,aggregated,2,48,0,48,0,0.0,0.0,0.0,0.0,0.0,0.0,0.7808407171858998,0.0025236890407505886,99.94761179979517,0.32303219721607535
1000,25.0,i704-o128,4,disaggregated,2,48,0,15,0,0.0,0.0,0.0,0.0,0.0,0.0,0.7184411802224362,0.0009679362431578787,91.96047106847183,0.12389583912420847
1000,25.0,i704-o128,16,aggregated,2,48,0,7,0,0.0,0.0,0.0,0.0,0.0,0.0,1.8232828824228693,0.01122489469352279,233.38020895012727,1.4367865207709172
1000,25.0,i704-o128,16,disaggregated,2,48,0,2,0,0.0,0.0,0.0,0.0,0.0,0.0,1.0034638330171899,0.015910041296275407,128.4433706262003,2.036485285923252
1000,25.0,i704-o16,4,aggregated,2,48,9,48,9,0.16666666666666666,0.1875,0.5852637854609327,0.09513116867808458,9.364220567374923,1.5220986988493532,3.120063704804352,0.017095521082855433,49.92101927686963,0.27352833732568693
1000,25.0,i704-o16,4,disaggregated,2,48,0,2,11,0.0,0.0,0.0,0.0,0.0,0.0,1.2593009528431662,0.03420359194832572,20.14881524549066,0.5472574711732116
1000,25.0,i704-o16,16,aggregated,2,48,0,6,2,0.0,0.0,0.0,0.0,0.0,0.0,4.097374451797995,0.2810817093524028,65.55799122876792,4.497307349638445
1000,25.0,i704-o16,16,disaggregated,2,48,0,2,12,0.0,0.0,0.0,0.0,0.0,0.0,1.2562798894896685,0.03521441984854935,20.100478231834696,0.5634307175767896
1000,25.0,mixed,4,aggregated,2,48,1,47,2,0.0,0.020833333333333332,0.022543707149791353,0.031881616397402245,0.36069931439666164,0.5101058623584359,1.0891470858617724,0.00996899316954475,98.74933578480069,0.9038553807053983
1000,25.0,mixed,4,disaggregated,2,48,0,36,1,0.0,0.0,0.0,0.0,0.0,0.0,1.0312650920058606,0.00469960560794726,93.50136834186469,0.42609757512055835
1000,25.0,mixed,16,aggregated,2,48,0,27,0,0.0,0.0,0.0,0.0,0.0,0.0,2.447971998515036,0.03597815712558686,221.9494611986966,3.262019579386533
1000,25.0,mixed,16,disaggregated,2,48,0,10,0,0.0,0.0,0.0,0.0,0.0,0.0,1.8906383049155375,0.002958284412083604,171.41787297900873,0.26821778669559687
1000,30.0,i64-o128,4,aggregated,2,48,1,48,1,0.0,0.020833333333333332,0.018996517336980386,0.026865132455813293,2.4315542191334893,3.4387369543441015,0.9189739183493654,0.010099020917779925,117.62866154871877,1.2926746774758304
1000,30.0,i64-o128,4,disaggregated,2,48,4,48,4,0.041666666666666664,0.08333333333333333,0.07345696758609528,0.05220935978137979,9.402491851020196,6.682798052016613,0.8799707426349497,0.004279038013622461,112.63625505727356,0.5477168657436751
1000,30.0,i64-o128,16,aggregated,2,48,0,48,0,0.0,0.0,0.0,0.0,0.0,0.0,2.2771800142308054,0.018302242571233952,291.4790418215431,2.342687049117946
1000,30.0,i64-o128,16,disaggregated,2,48,0,31,0,0.0,0.0,0.0,0.0,0.0,0.0,2.0861154691864345,0.006894964969334106,267.0227800558636,0.8825555160747656
1000,30.0,i64-o16,4,aggregated,2,48,26,48,26,0.5416666666666666,0.5416666666666666,3.46286603752983,0.03717706448078057,55.40585660047728,0.5948330316924891,6.392983453901225,0.06863458057990235,102.2877352624196,1.0981532892784376
1000,30.0,i64-o16,4,disaggregated,2,48,34,48,34,0.625,0.7083333333333334,3.8662668003678737,0.6947068543551471,61.86026880588598,11.115309669682354,5.452132357974842,0.07364737973653392,87.23411772759748,1.1783580757845427
1000,30.0,i64-o16,16,aggregated,2,48,6,48,6,0.125,0.125,1.7704634482458408,0.021850299865726494,28.327415171933453,0.3496047978516239,14.163707585966726,0.17480239892581195,226.61932137546762,2.7968383828129912
1000,30.0,i64-o16,16,disaggregated,2,48,3,14,15,0.041666666666666664,0.0625,0.4700266328257887,0.21689920527376513,7.520426125212619,3.470387284380242,7.540253997565884,0.0841225379849634,120.64406396105414,1.3459606077594144
1000,30.0,i704-o128,4,aggregated,2,48,0,48,0,0.0,0.0,0.0,0.0,0.0,0.0,0.7808407171858998,0.0025236890407505886,99.94761179979517,0.32303219721607535
1000,30.0,i704-o128,4,disaggregated,2,48,0,15,2,0.0,0.0,0.0,0.0,0.0,0.0,0.7184411802224362,0.0009679362431578787,91.96047106847183,0.12389583912420847
1000,30.0,i704-o128,16,aggregated,2,48,0,7,0,0.0,0.0,0.0,0.0,0.0,0.0,1.8232828824228693,0.01122489469352279,233.38020895012727,1.4367865207709172
1000,30.0,i704-o128,16,disaggregated,2,48,0,2,0,0.0,0.0,0.0,0.0,0.0,0.0,1.0034638330171899,0.015910041296275407,128.4433706262003,2.036485285923252
1000,30.0,i704-o16,4,aggregated,2,48,27,48,27,0.5,0.5625,1.7542803115220975,0.26616104481604114,28.06848498435356,4.258576717056658,3.120063704804352,0.017095521082855433,49.92101927686963,0.27352833732568693
1000,30.0,i704-o16,4,disaggregated,2,48,2,2,47,0.041666666666666664,0.041666666666666664,0.052470873035131926,0.0014251496645135686,0.8395339685621108,0.022802394632217098,1.2593009528431662,0.03420359194832572,20.14881524549066,0.5472574711732116
1000,30.0,i704-o16,16,aggregated,2,48,2,6,15,0.0,0.041666666666666664,0.17900538477285768,0.25315184288358966,2.864086156365723,4.050429486137435,4.097374451797995,0.2810817093524028,65.55799122876792,4.497307349638445
1000,30.0,i704-o16,16,disaggregated,2,48,2,2,48,0.041666666666666664,0.041666666666666664,0.052344995395402855,0.0014672674936895595,0.8375199263264457,0.02347627989903295,1.2562798894896685,0.03521441984854935,20.100478231834696,0.5634307175767896
1000,30.0,mixed,4,aggregated,2,48,8,47,9,0.125,0.16666666666666666,0.18123080003230424,0.06251710864861137,2.899692800516868,1.000273738377782,1.0891470858617724,0.00996899316954475,98.74933578480069,0.9038553807053983
1000,30.0,mixed,4,disaggregated,2,48,6,36,13,0.125,0.125,0.12890813650073257,0.0005874507009934075,6.875100613372404,0.031330704052982154,1.0312650920058606,0.00469960560794726,93.50136834186469,0.42609757512055835
1000,30.0,mixed,16,aggregated,2,48,0,27,1,0.0,0.0,0.0,0.0,0.0,0.0,2.447971998515036,0.03597815712558686,221.9494611986966,3.262019579386533
1000,30.0,mixed,16,disaggregated,2,48,0,10,2,0.0,0.0,0.0,0.0,0.0,0.0,1.8906383049155375,0.002958284412083604,171.41787297900873,0.26821778669559687
1000,35.0,i64-o128,4,aggregated,2,48,48,48,48,1.0,1.0,0.9189739183493654,0.010099020917779925,117.62866154871877,1.2926746774758304,0.9189739183493654,0.010099020917779925,117.62866154871877,1.2926746774758304
1000,35.0,i64-o128,4,disaggregated,2,48,47,48,47,0.9583333333333334,0.9791666666666666,0.8617010550133128,0.030116278028460966,110.29773504170404,3.8548835876430037,0.8799707426349497,0.004279038013622461,112.63625505727356,0.5477168657436751
1000,35.0,i64-o128,16,aggregated,2,48,11,48,11,0.20833333333333334,0.22916666666666666,0.5221233707577478,0.0712863235077862,66.83179145699172,9.124649408996634,2.2771800142308054,0.018302242571233952,291.4790418215431,2.342687049117946
1000,35.0,i64-o128,16,disaggregated,2,48,2,31,2,0.041666666666666664,0.041666666666666664,0.0869214778827681,0.00028729020705559104,11.125949168994318,0.03677314650311565,2.0861154691864345,0.006894964969334106,267.0227800558636,0.8825555160747656
1000,35.0,i64-o16,4,aggregated,2,48,48,48,48,1.0,1.0,6.392983453901225,0.06863458057990235,102.2877352624196,1.0981532892784376,6.392983453901225,0.06863458057990235,102.2877352624196,1.0981532892784376
1000,35.0,i64-o16,4,disaggregated,2,48,48,48,48,1.0,1.0,5.452132357974842,0.07364737973653392,87.23411772759748,1.1783580757845427,5.452132357974842,0.07364737973653392,87.23411772759748,1.1783580757845427
1000,35.0,i64-o16,16,aggregated,2,48,19,48,19,0.3333333333333333,0.3958333333333333,5.614192833714837,1.3210993263390196,89.82708533943739,21.137589221424314,14.163707585966726,0.17480239892581195,226.61932137546762,2.7968383828129912
1000,35.0,i64-o16,16,disaggregated,2,48,14,14,47,0.2916666666666667,0.2916666666666667,2.199240749290049,0.024535740245614668,35.18785198864079,0.3925718439298347,7.540253997565884,0.0841225379849634,120.64406396105414,1.3459606077594144
1000,35.0,i704-o128,4,aggregated,2,48,47,48,47,0.9583333333333334,0.9791666666666666,0.7645360247938118,0.02053462807046158,97.86061117360791,2.6284323930190823,0.7808407171858998,0.0025236890407505886,99.94761179979517,0.32303219721607535
1000,35.0,i704-o128,4,disaggregated,2,48,15,15,48,0.16666666666666666,0.3125,0.22461268215219987,0.1484734139481809,28.750423315481584,19.004596985367154,0.7184411802224362,0.0009679362431578787,91.96047106847183,0.12389583912420847
1000,35.0,i704-o128,16,aggregated,2,48,0,7,3,0.0,0.0,0.0,0.0,0.0,0.0,1.8232828824228693,0.01122489469352279,233.38020895012727,1.4367865207709172
1000,35.0,i704-o128,16,disaggregated,2,48,2,2,30,0.041666666666666664,0.041666666666666664,0.04181099304238291,0.000662918387344807,5.351807109425012,0.0848535535801353,1.0034638330171899,0.015910041296275407,128.4433706262003,2.036485285923252
1000,35.0,i704-o16,4,aggregated,2,48,48,48,48,1.0,1.0,3.120063704804352,0.017095521082855433,49.92101927686963,0.27352833732568693,3.120063704804352,0.017095521082855433,49.92101927686963,0.27352833732568693
1000,35.0,i704-o16,4,disaggregated,2,48,2,2,48,0.041666666666666664,0.041666666666666664,0.052470873035131926,0.0014251496645135686,0.8395339685621108,0.022802394632217098,1.2593009528431662,0.03420359194832572,20.14881524549066,0.5472574711732116
1000,35.0,i704-o16,16,aggregated,2,48,4,6,36,0.041666666666666664,0.08333333333333333,0.3497293202644408,0.2648635807732731,5.595669124231053,4.23781729237237,4.097374451797995,0.2810817093524028,65.55799122876792,4.497307349638445
1000,35.0,i704-o16,16,disaggregated,2,48,2,2,48,0.041666666666666664,0.041666666666666664,0.052344995395402855,0.0014672674936895595,0.8375199263264457,0.02347627989903295,1.2562798894896685,0.03521441984854935,20.100478231834696,0.5634307175767896
1000,35.0,mixed,4,aggregated,2,48,47,47,48,0.9583333333333334,0.9791666666666666,1.06630966443399,0.022327997943255115,98.38393704195617,0.38710352290060046,1.0891470858617724,0.00996899316954475,98.74933578480069,0.9038553807053983
1000,35.0,mixed,4,disaggregated,2,48,36,36,48,0.7083333333333334,0.75,0.7735872824624905,0.06429258251915321,79.75338253044941,1.3357222200256733,1.0312650920058606,0.00469960560794726,93.50136834186469,0.42609757512055835
1000,35.0,mixed,16,aggregated,2,48,1,27,4,0.0,0.020833333333333332,0.05152942494569029,0.07287361161948169,6.595766393048357,9.327822287293657,2.447971998515036,0.03597815712558686,221.9494611986966,3.262019579386533
1000,35.0,mixed,16,disaggregated,2,48,0,10,8,0.0,0.0,0.0,0.0,0.0,0.0,1.8906383049155375,0.002958284412083604,171.41787297900873,0.26821778669559687
1000,40.0,i64-o128,4,aggregated,2,48,48,48,48,1.0,1.0,0.9189739183493654,0.010099020917779925,117.62866154871877,1.2926746774758304,0.9189739183493654,0.010099020917779925,117.62866154871877,1.2926746774758304
1000,40.0,i64-o128,4,disaggregated,2,48,48,48,48,1.0,1.0,0.8799707426349497,0.004279038013622461,112.63625505727356,0.5477168657436751,0.8799707426349497,0.004279038013622461,112.63625505727356,0.5477168657436751
1000,40.0,i64-o128,16,aggregated,2,48,18,48,18,0.3333333333333333,0.375,0.8534032703435086,0.1273207782062106,109.2356186039691,16.297059610394957,2.2771800142308054,0.018302242571233952,291.4790418215431,2.342687049117946
1000,40.0,i64-o128,16,disaggregated,2,48,16,31,16,0.3333333333333333,0.3333333333333333,0.6953718230621448,0.0022983216564447283,89.00759335195454,0.2941851720249252,2.0861154691864345,0.006894964969334106,267.0227800558636,0.8825555160747656
1000,40.0,i64-o16,4,aggregated,2,48,48,48,48,1.0,1.0,6.392983453901225,0.06863458057990235,102.2877352624196,1.0981532892784376,6.392983453901225,0.06863458057990235,102.2877352624196,1.0981532892784376
1000,40.0,i64-o16,4,disaggregated,2,48,48,48,48,1.0,1.0,5.452132357974842,0.07364737973653392,87.23411772759748,1.1783580757845427,5.452132357974842,0.07364737973653392,87.23411772759748,1.1783580757845427
1000,40.0,i64-o16,16,aggregated,2,48,43,48,43,0.8333333333333334,0.8958333333333334,12.696046626698198,1.4085005258019256,203.13674602717117,22.53600841283081,14.163707585966726,0.17480239892581195,226.61932137546762,2.7968383828129912
1000,40.0,i64-o16,16,disaggregated,2,48,14,14,48,0.2916666666666667,0.2916666666666667,2.199240749290049,0.024535740245614668,35.18785198864079,0.3925718439298347,7.540253997565884,0.0841225379849634,120.64406396105414,1.3459606077594144
1000,40.0,i704-o128,4,aggregated,2,48,48,48,48,1.0,1.0,0.7808407171858998,0.0025236890407505886,99.94761179979517,0.32303219721607535,0.7808407171858998,0.0025236890407505886,99.94761179979517,0.32303219721607535
1000,40.0,i704-o128,4,disaggregated,2,48,15,15,48,0.16666666666666666,0.3125,0.22461268215219987,0.1484734139481809,28.750423315481584,19.004596985367154,0.7184411802224362,0.0009679362431578787,91.96047106847183,0.12389583912420847
1000,40.0,i704-o128,16,aggregated,2,48,0,7,16,0.0,0.0,0.0,0.0,0.0,0.0,1.8232828824228693,0.01122489469352279,233.38020895012727,1.4367865207709172
1000,40.0,i704-o128,16,disaggregated,2,48,2,2,48,0.041666666666666664,0.041666666666666664,0.04181099304238291,0.000662918387344807,5.351807109425012,0.0848535535801353,1.0034638330171899,0.015910041296275407,128.4433706262003,2.036485285923252
1000,40.0,i704-o16,4,aggregated,2,48,48,48,48,1.0,1.0,3.120063704804352,0.017095521082855433,49.92101927686963,0.27352833732568693,3.120063704804352,0.017095521082855433,49.92101927686963,0.27352833732568693
1000,40.0,i704-o16,4,disaggregated,2,48,2,2,48,0.041666666666666664,0.041666666666666664,0.052470873035131926,0.0014251496645135686,0.8395339685621108,0.022802394632217098,1.2593009528431662,0.03420359194832572,20.14881524549066,0.5472574711732116
1000,40.0,i704-o16,16,aggregated,2,48,6,6,48,0.08333333333333333,0.125,0.5204532557560239,0.27657531866295654,8.327252092096382,4.425205098607305,4.097374451797995,0.2810817093524028,65.55799122876792,4.497307349638445
1000,40.0,i704-o16,16,disaggregated,2,48,2,2,48,0.041666666666666664,0.041666666666666664,0.052344995395402855,0.0014672674936895595,0.8375199263264457,0.02347627989903295,1.2562798894896685,0.03521441984854935,20.100478231834696,0.5634307175767896
1000,40.0,mixed,4,aggregated,2,48,47,47,48,0.9583333333333334,0.9791666666666666,1.06630966443399,0.022327997943255115,98.38393704195617,0.38710352290060046,1.0891470858617724,0.00996899316954475,98.74933578480069,0.9038553807053983
1000,40.0,mixed,4,disaggregated,2,48,36,36,48,0.7083333333333334,0.75,0.7735872824624905,0.06429258251915321,79.75338253044941,1.3357222200256733,1.0312650920058606,0.00469960560794726,93.50136834186469,0.42609757512055835
1000,40.0,mixed,16,aggregated,2,48,14,27,28,0.25,0.2916666666666667,0.7150518495201397,0.15474176252036012,85.75534114466055,11.64510110122414,2.447971998515036,0.03597815712558686,221.9494611986966,3.262019579386533
1000,40.0,mixed,16,disaggregated,2,48,8,10,39,0.125,0.16666666666666666,0.315019224862237,0.11091388311272075,40.322460782366335,14.196977038428257,1.8906383049155375,0.002958284412083604,171.41787297900873,0.26821778669559687
1000,50.0,i64-o128,4,aggregated,2,48,48,48,48,1.0,1.0,0.9189739183493654,0.010099020917779925,117.62866154871877,1.2926746774758304,0.9189739183493654,0.010099020917779925,117.62866154871877,1.2926746774758304
1000,50.0,i64-o128,4,disaggregated,2,48,48,48,48,1.0,1.0,0.8799707426349497,0.004279038013622461,112.63625505727356,0.5477168657436751,0.8799707426349497,0.004279038013622461,112.63625505727356,0.5477168657436751
1000,50.0,i64-o128,16,aggregated,2,48,48,48,48,1.0,1.0,2.2771800142308054,0.018302242571233952,291.4790418215431,2.342687049117946,2.2771800142308054,0.018302242571233952,291.4790418215431,2.342687049117946
1000,50.0,i64-o128,16,disaggregated,2,48,31,31,48,0.625,0.6458333333333334,1.347181334756117,0.05700976823230016,172.43921084878298,7.297250333734421,2.0861154691864345,0.006894964969334106,267.0227800558636,0.8825555160747656
1000,50.0,i64-o16,4,aggregated,2,48,48,48,48,1.0,1.0,6.392983453901225,0.06863458057990235,102.2877352624196,1.0981532892784376,6.392983453901225,0.06863458057990235,102.2877352624196,1.0981532892784376
1000,50.0,i64-o16,4,disaggregated,2,48,48,48,48,1.0,1.0,5.452132357974842,0.07364737973653392,87.23411772759748,1.1783580757845427,5.452132357974842,0.07364737973653392,87.23411772759748,1.1783580757845427
1000,50.0,i64-o16,16,aggregated,2,48,48,48,48,1.0,1.0,14.163707585966726,0.17480239892581195,226.61932137546762,2.7968383828129912,14.163707585966726,0.17480239892581195,226.61932137546762,2.7968383828129912
1000,50.0,i64-o16,16,disaggregated,2,48,14,14,48,0.2916666666666667,0.2916666666666667,2.199240749290049,0.024535740245614668,35.18785198864079,0.3925718439298347,7.540253997565884,0.0841225379849634,120.64406396105414,1.3459606077594144
1000,50.0,i704-o128,4,aggregated,2,48,48,48,48,1.0,1.0,0.7808407171858998,0.0025236890407505886,99.94761179979517,0.32303219721607535,0.7808407171858998,0.0025236890407505886,99.94761179979517,0.32303219721607535
1000,50.0,i704-o128,4,disaggregated,2,48,15,15,48,0.16666666666666666,0.3125,0.22461268215219987,0.1484734139481809,28.750423315481584,19.004596985367154,0.7184411802224362,0.0009679362431578787,91.96047106847183,0.12389583912420847
1000,50.0,i704-o128,16,aggregated,2,48,7,7,48,0.125,0.14583333333333334,0.2660607786690829,0.0553559509004123,34.05577966964261,7.085561715252775,1.8232828824228693,0.01122489469352279,233.38020895012727,1.4367865207709172
1000,50.0,i704-o128,16,disaggregated,2,48,2,2,48,0.041666666666666664,0.041666666666666664,0.04181099304238291,0.000662918387344807,5.351807109425012,0.0848535535801353,1.0034638330171899,0.015910041296275407,128.4433706262003,2.036485285923252
1000,50.0,i704-o16,4,aggregated,2,48,48,48,48,1.0,1.0,3.120063704804352,0.017095521082855433,49.92101927686963,0.27352833732568693,3.120063704804352,0.017095521082855433,49.92101927686963,0.27352833732568693
1000,50.0,i704-o16,4,disaggregated,2,48,2,2,48,0.041666666666666664,0.041666666666666664,0.052470873035131926,0.0014251496645135686,0.8395339685621108,0.022802394632217098,1.2593009528431662,0.03420359194832572,20.14881524549066,0.5472574711732116
1000,50.0,i704-o16,16,aggregated,2,48,6,6,48,0.08333333333333333,0.125,0.5204532557560239,0.27657531866295654,8.327252092096382,4.425205098607305,4.097374451797995,0.2810817093524028,65.55799122876792,4.497307349638445
1000,50.0,i704-o16,16,disaggregated,2,48,2,2,48,0.041666666666666664,0.041666666666666664,0.052344995395402855,0.0014672674936895595,0.8375199263264457,0.02347627989903295,1.2562798894896685,0.03521441984854935,20.100478231834696,0.5634307175767896
1000,50.0,mixed,4,aggregated,2,48,47,47,48,0.9583333333333334,0.9791666666666666,1.06630966443399,0.022327997943255115,98.38393704195617,0.38710352290060046,1.0891470858617724,0.00996899316954475,98.74933578480069,0.9038553807053983
1000,50.0,mixed,4,disaggregated,2,48,36,36,48,0.7083333333333334,0.75,0.7735872824624905,0.06429258251915321,79.75338253044941,1.3357222200256733,1.0312650920058606,0.00469960560794726,93.50136834186469,0.42609757512055835
1000,50.0,mixed,16,aggregated,2,48,27,27,48,0.5416666666666666,0.5625,1.3764542408547475,0.05188635329622265,170.41484723549036,14.803297723298453,2.447971998515036,0.03597815712558686,221.9494611986966,3.262019579386533
1000,50.0,mixed,16,disaggregated,2,48,10,10,48,0.125,0.20833333333333334,0.39370866161003176,0.22219755177695194,50.394708686084066,28.44128662744985,1.8906383049155375,0.002958284412083604,171.41787297900873,0.26821778669559687
1000,75.0,i64-o128,4,aggregated,2,48,48,48,48,1.0,1.0,0.9189739183493654,0.010099020917779925,117.62866154871877,1.2926746774758304,0.9189739183493654,0.010099020917779925,117.62866154871877,1.2926746774758304
1000,75.0,i64-o128,4,disaggregated,2,48,48,48,48,1.0,1.0,0.8799707426349497,0.004279038013622461,112.63625505727356,0.5477168657436751,0.8799707426349497,0.004279038013622461,112.63625505727356,0.5477168657436751
1000,75.0,i64-o128,16,aggregated,2,48,48,48,48,1.0,1.0,2.2771800142308054,0.018302242571233952,291.4790418215431,2.342687049117946,2.2771800142308054,0.018302242571233952,291.4790418215431,2.342687049117946
1000,75.0,i64-o128,16,disaggregated,2,48,31,31,48,0.625,0.6458333333333334,1.347181334756117,0.05700976823230016,172.43921084878298,7.297250333734421,2.0861154691864345,0.006894964969334106,267.0227800558636,0.8825555160747656
1000,75.0,i64-o16,4,aggregated,2,48,48,48,48,1.0,1.0,6.392983453901225,0.06863458057990235,102.2877352624196,1.0981532892784376,6.392983453901225,0.06863458057990235,102.2877352624196,1.0981532892784376
1000,75.0,i64-o16,4,disaggregated,2,48,48,48,48,1.0,1.0,5.452132357974842,0.07364737973653392,87.23411772759748,1.1783580757845427,5.452132357974842,0.07364737973653392,87.23411772759748,1.1783580757845427
1000,75.0,i64-o16,16,aggregated,2,48,48,48,48,1.0,1.0,14.163707585966726,0.17480239892581195,226.61932137546762,2.7968383828129912,14.163707585966726,0.17480239892581195,226.61932137546762,2.7968383828129912
1000,75.0,i64-o16,16,disaggregated,2,48,14,14,48,0.2916666666666667,0.2916666666666667,2.199240749290049,0.024535740245614668,35.18785198864079,0.3925718439298347,7.540253997565884,0.0841225379849634,120.64406396105414,1.3459606077594144
1000,75.0,i704-o128,4,aggregated,2,48,48,48,48,1.0,1.0,0.7808407171858998,0.0025236890407505886,99.94761179979517,0.32303219721607535,0.7808407171858998,0.0025236890407505886,99.94761179979517,0.32303219721607535
1000,75.0,i704-o128,4,disaggregated,2,48,15,15,48,0.16666666666666666,0.3125,0.22461268215219987,0.1484734139481809,28.750423315481584,19.004596985367154,0.7184411802224362,0.0009679362431578787,91.96047106847183,0.12389583912420847
1000,75.0,i704-o128,16,aggregated,2,48,7,7,48,0.125,0.14583333333333334,0.2660607786690829,0.0553559509004123,34.05577966964261,7.085561715252775,1.8232828824228693,0.01122489469352279,233.38020895012727,1.4367865207709172
1000,75.0,i704-o128,16,disaggregated,2,48,2,2,48,0.041666666666666664,0.041666666666666664,0.04181099304238291,0.000662918387344807,5.351807109425012,0.0848535535801353,1.0034638330171899,0.015910041296275407,128.4433706262003,2.036485285923252
1000,75.0,i704-o16,4,aggregated,2,48,48,48,48,1.0,1.0,3.120063704804352,0.017095521082855433,49.92101927686963,0.27352833732568693,3.120063704804352,0.017095521082855433,49.92101927686963,0.27352833732568693
1000,75.0,i704-o16,4,disaggregated,2,48,2,2,48,0.041666666666666664,0.041666666666666664,0.052470873035131926,0.0014251496645135686,0.8395339685621108,0.022802394632217098,1.2593009528431662,0.03420359194832572,20.14881524549066,0.5472574711732116
1000,75.0,i704-o16,16,aggregated,2,48,6,6,48,0.08333333333333333,0.125,0.5204532557560239,0.27657531866295654,8.327252092096382,4.425205098607305,4.097374451797995,0.2810817093524028,65.55799122876792,4.497307349638445
1000,75.0,i704-o16,16,disaggregated,2,48,2,2,48,0.041666666666666664,0.041666666666666664,0.052344995395402855,0.0014672674936895595,0.8375199263264457,0.02347627989903295,1.2562798894896685,0.03521441984854935,20.100478231834696,0.5634307175767896
1000,75.0,mixed,4,aggregated,2,48,47,47,48,0.9583333333333334,0.9791666666666666,1.06630966443399,0.022327997943255115,98.38393704195617,0.38710352290060046,1.0891470858617724,0.00996899316954475,98.74933578480069,0.9038553807053983
1000,75.0,mixed,4,disaggregated,2,48,36,36,48,0.7083333333333334,0.75,0.7735872824624905,0.06429258251915321,79.75338253044941,1.3357222200256733,1.0312650920058606,0.00469960560794726,93.50136834186469,0.42609757512055835
1000,75.0,mixed,16,aggregated,2,48,27,27,48,0.5416666666666666,0.5625,1.3764542408547475,0.05188635329622265,170.41484723549036,14.803297723298453,2.447971998515036,0.03597815712558686,221.9494611986966,3.262019579386533
1000,75.0,mixed,16,disaggregated,2,48,10,10,48,0.125,0.20833333333333334,0.39370866161003176,0.22219755177695194,50.394708686084066,28.44128662744985,1.8906383049155375,0.002958284412083604,171.41787297900873,0.26821778669559687
2000,25.0,i64-o128,4,aggregated,2,48,0,48,0,0.0,0.0,0.0,0.0,0.0,0.0,0.9189739183493654,0.010099020917779925,117.62866154871877,1.2926746774758304
2000,25.0,i64-o128,4,disaggregated,2,48,0,48,0,0.0,0.0,0.0,0.0,0.0,0.0,0.8799707426349497,0.004279038013622461,112.63625505727356,0.5477168657436751
2000,25.0,i64-o128,16,aggregated,2,48,0,48,0,0.0,0.0,0.0,0.0,0.0,0.0,2.2771800142308054,0.018302242571233952,291.4790418215431,2.342687049117946
2000,25.0,i64-o128,16,disaggregated,2,48,0,48,0,0.0,0.0,0.0,0.0,0.0,0.0,2.0861154691864345,0.006894964969334106,267.0227800558636,0.8825555160747656
2000,25.0,i64-o16,4,aggregated,2,48,3,48,3,0.041666666666666664,0.0625,0.3985503830073277,0.18406542005821241,6.376806128117243,2.9450467209313986,6.392983453901225,0.06863458057990235,102.2877352624196,1.0981532892784376
2000,25.0,i64-o16,4,disaggregated,2,48,3,48,3,0.041666666666666664,0.0625,0.3396733440061709,0.15603202886024212,5.434773504098734,2.496512461763874,5.452132357974842,0.07364737973653392,87.23411772759748,1.1783580757845427
2000,25.0,i64-o16,16,aggregated,2,48,2,48,2,0.041666666666666664,0.041666666666666664,0.5901544827486136,0.007283433288575472,9.442471723977818,0.11653493261720756,14.163707585966726,0.17480239892581195,226.61932137546762,2.7968383828129912
2000,25.0,i64-o16,16,disaggregated,2,48,2,48,2,0.041666666666666664,0.041666666666666664,0.3141772498985785,0.0035051057493735013,5.026835998377256,0.05608169198997602,7.540253997565884,0.0841225379849634,120.64406396105414,1.3459606077594144
2000,25.0,i704-o128,4,aggregated,2,48,0,48,0,0.0,0.0,0.0,0.0,0.0,0.0,0.7808407171858998,0.0025236890407505886,99.94761179979517,0.32303219721607535
2000,25.0,i704-o128,4,disaggregated,2,48,0,44,0,0.0,0.0,0.0,0.0,0.0,0.0,0.7184411802224362,0.0009679362431578787,91.96047106847183,0.12389583912420847
2000,25.0,i704-o128,16,aggregated,2,48,0,32,0,0.0,0.0,0.0,0.0,0.0,0.0,1.8232828824228693,0.01122489469352279,233.38020895012727,1.4367865207709172
2000,25.0,i704-o128,16,disaggregated,2,48,0,4,0,0.0,0.0,0.0,0.0,0.0,0.0,1.0034638330171899,0.015910041296275407,128.4433706262003,2.036485285923252
2000,25.0,i704-o16,4,aggregated,2,48,9,48,9,0.16666666666666666,0.1875,0.5852637854609327,0.09513116867808458,9.364220567374923,1.5220986988493532,3.120063704804352,0.017095521082855433,49.92101927686963,0.27352833732568693
2000,25.0,i704-o16,4,disaggregated,2,48,2,4,11,0.041666666666666664,0.041666666666666664,0.052470873035131926,0.0014251496645135686,0.8395339685621108,0.022802394632217098,1.2593009528431662,0.03420359194832572,20.14881524549066,0.5472574711732116
2000,25.0,i704-o16,16,aggregated,2,48,0,15,2,0.0,0.0,0.0,0.0,0.0,0.0,4.097374451797995,0.2810817093524028,65.55799122876792,4.497307349638445
2000,25.0,i704-o16,16,disaggregated,2,48,2,4,12,0.041666666666666664,0.041666666666666664,0.052344995395402855,0.0014672674936895595,0.8375199263264457,0.02347627989903295,1.2562798894896685,0.03521441984854935,20.100478231834696,0.5634307175767896
2000,25.0,mixed,4,aggregated,2,48,2,48,2,0.041666666666666664,0.041666666666666664,0.04538112857757385,0.000415374715397698,0.7260980572411816,0.006645995446363168,1.0891470858617724,0.00996899316954475,98.74933578480069,0.9038553807053983
2000,25.0,mixed,4,disaggregated,2,48,1,48,1,0.0,0.020833333333333332,0.021415457687741224,0.0302860307064308,0.3426473230038596,0.4845764913028928,1.0312650920058606,0.00469960560794726,93.50136834186469,0.42609757512055835
2000,25.0,mixed,16,aggregated,2,48,0,44,0,0.0,0.0,0.0,0.0,0.0,0.0,2.447971998515036,0.03597815712558686,221.9494611986966,3.262019579386533
2000,25.0,mixed,16,disaggregated,2,48,0,16,0,0.0,0.0,0.0,0.0,0.0,0.0,1.8906383049155375,0.002958284412083604,171.41787297900873,0.26821778669559687
2000,30.0,i64-o128,4,aggregated,2,48,1,48,1,0.0,0.020833333333333332,0.018996517336980386,0.026865132455813293,2.4315542191334893,3.4387369543441015,0.9189739183493654,0.010099020917779925,117.62866154871877,1.2926746774758304
2000,30.0,i64-o128,4,disaggregated,2,48,4,48,4,0.041666666666666664,0.08333333333333333,0.07345696758609528,0.05220935978137979,9.402491851020196,6.682798052016613,0.8799707426349497,0.004279038013622461,112.63625505727356,0.5477168657436751
2000,30.0,i64-o128,16,aggregated,2,48,0,48,0,0.0,0.0,0.0,0.0,0.0,0.0,2.2771800142308054,0.018302242571233952,291.4790418215431,2.342687049117946
2000,30.0,i64-o128,16,disaggregated,2,48,0,48,0,0.0,0.0,0.0,0.0,0.0,0.0,2.0861154691864345,0.006894964969334106,267.0227800558636,0.8825555160747656
2000,30.0,i64-o16,4,aggregated,2,48,26,48,26,0.5416666666666666,0.5416666666666666,3.46286603752983,0.03717706448078057,55.40585660047728,0.5948330316924891,6.392983453901225,0.06863458057990235,102.2877352624196,1.0981532892784376
2000,30.0,i64-o16,4,disaggregated,2,48,34,48,34,0.625,0.7083333333333334,3.8662668003678737,0.6947068543551471,61.86026880588598,11.115309669682354,5.452132357974842,0.07364737973653392,87.23411772759748,1.1783580757845427
2000,30.0,i64-o16,16,aggregated,2,48,6,48,6,0.125,0.125,1.7704634482458408,0.021850299865726494,28.327415171933453,0.3496047978516239,14.163707585966726,0.17480239892581195,226.61932137546762,2.7968383828129912
2000,30.0,i64-o16,16,disaggregated,2,48,15,48,15,0.20833333333333334,0.3125,2.350133164128944,1.0844960263688257,37.6021306260631,17.35193642190121,7.540253997565884,0.0841225379849634,120.64406396105414,1.3459606077594144
2000,30.0,i704-o128,4,aggregated,2,48,0,48,0,0.0,0.0,0.0,0.0,0.0,0.0,0.7808407171858998,0.0025236890407505886,99.94761179979517,0.32303219721607535
2000,30.0,i704-o128,4,disaggregated,2,48,2,44,2,0.0,0.041666666666666664,0.02996356727098872,0.04237488321171084,3.8353366106865563,5.423985051098987,0.7184411802224362,0.0009679362431578787,91.96047106847183,0.12389583912420847
2000,30.0,i704-o128,16,aggregated,2,48,0,32,0,0.0,0.0,0.0,0.0,0.0,0.0,1.8232828824228693,0.01122489469352279,233.38020895012727,1.4367865207709172
2000,30.0,i704-o128,16,disaggregated,2,48,0,4,0,0.0,0.0,0.0,0.0,0.0,0.0,1.0034638330171899,0.015910041296275407,128.4433706262003,2.036485285923252
2000,30.0,i704-o16,4,aggregated,2,48,27,48,27,0.5,0.5625,1.7542803115220975,0.26616104481604114,28.06848498435356,4.258576717056658,3.120063704804352,0.017095521082855433,49.92101927686963,0.27352833732568693
2000,30.0,i704-o16,4,disaggregated,2,48,4,4,47,0.08333333333333333,0.08333333333333333,0.10494174607026385,0.0028502993290271373,1.6790679371242216,0.045604789264434197,1.2593009528431662,0.03420359194832572,20.14881524549066,0.5472574711732116
2000,30.0,i704-o16,16,aggregated,2,48,4,15,15,0.041666666666666664,0.08333333333333333,0.3497293202644408,0.2648635807732731,5.595669124231053,4.23781729237237,4.097374451797995,0.2810817093524028,65.55799122876792,4.497307349638445
2000,30.0,i704-o16,16,disaggregated,2,48,4,4,48,0.08333333333333333,0.08333333333333333,0.10468999079080571,0.002934534987379119,1.6750398526528913,0.0469525597980659,1.2562798894896685,0.03521441984854935,20.100478231834696,0.5634307175767896
2000,30.0,mixed,4,aggregated,2,48,9,48,9,0.16666666666666666,0.1875,0.20406822146008674,0.030220117535811435,3.265091543361388,0.48352188057298295,1.0891470858617724,0.00996899316954475,98.74933578480069,0.9038553807053983
2000,30.0,mixed,4,disaggregated,2,48,13,48,13,0.20833333333333334,0.2708333333333333,0.2790932672311113,0.08987900761763672,9.278062705058463,1.4161326290451004,1.0312650920058606,0.00469960560794726,93.50136834186469,0.42609757512055835
2000,30.0,mixed,16,aggregated,2,48,1,44,1,0.0,0.020833333333333332,0.05046940832576956,0.07137452173924891,0.8075105332123129,1.1419923478279825,2.447971998515036,0.03597815712558686,221.9494611986966,3.262019579386533
2000,30.0,mixed,16,disaggregated,2,48,0,16,2,0.0,0.0,0.0,0.0,0.0,0.0,1.8906383049155375,0.002958284412083604,171.41787297900873,0.26821778669559687
2000,35.0,i64-o128,4,aggregated,2,48,48,48,48,1.0,1.0,0.9189739183493654,0.010099020917779925,117.62866154871877,1.2926746774758304,0.9189739183493654,0.010099020917779925,117.62866154871877,1.2926746774758304
2000,35.0,i64-o128,4,disaggregated,2,48,47,48,47,0.9583333333333334,0.9791666666666666,0.8617010550133128,0.030116278028460966,110.29773504170404,3.8548835876430037,0.8799707426349497,0.004279038013622461,112.63625505727356,0.5477168657436751
2000,35.0,i64-o128,16,aggregated,2,48,11,48,11,0.20833333333333334,0.22916666666666666,0.5221233707577478,0.0712863235077862,66.83179145699172,9.124649408996634,2.2771800142308054,0.018302242571233952,291.4790418215431,2.342687049117946
2000,35.0,i64-o128,16,disaggregated,2,48,2,48,2,0.041666666666666664,0.041666666666666664,0.0869214778827681,0.00028729020705559104,11.125949168994318,0.03677314650311565,2.0861154691864345,0.006894964969334106,267.0227800558636,0.8825555160747656
2000,35.0,i64-o16,4,aggregated,2,48,48,48,48,1.0,1.0,6.392983453901225,0.06863458057990235,102.2877352624196,1.0981532892784376,6.392983453901225,0.06863458057990235,102.2877352624196,1.0981532892784376
2000,35.0,i64-o16,4,disaggregated,2,48,48,48,48,1.0,1.0,5.452132357974842,0.07364737973653392,87.23411772759748,1.1783580757845427,5.452132357974842,0.07364737973653392,87.23411772759748,1.1783580757845427
2000,35.0,i64-o16,16,aggregated,2,48,19,48,19,0.3333333333333333,0.3958333333333333,5.614192833714837,1.3210993263390196,89.82708533943739,21.137589221424314,14.163707585966726,0.17480239892581195,226.61932137546762,2.7968383828129912
2000,35.0,i64-o16,16,disaggregated,2,48,47,48,47,0.9583333333333334,0.9791666666666666,7.381926130594516,0.1397868787875483,118.11081808951225,2.236590060600773,7.540253997565884,0.0841225379849634,120.64406396105414,1.3459606077594144
2000,35.0,i704-o128,4,aggregated,2,48,47,48,47,0.9583333333333334,0.9791666666666666,0.7645360247938118,0.02053462807046158,97.86061117360791,2.6284323930190823,0.7808407171858998,0.0025236890407505886,99.94761179979517,0.32303219721607535
2000,35.0,i704-o128,4,disaggregated,2,48,44,44,48,0.9166666666666666,0.9166666666666666,0.6585710818705665,0.0008872748895613757,84.2970984794325,0.11357118586385609,0.7184411802224362,0.0009679362431578787,91.96047106847183,0.12389583912420847
2000,35.0,i704-o128,16,aggregated,2,48,3,32,3,0.041666666666666664,0.0625,0.11412053846717712,0.0544205430092854,14.607428923798672,6.965829505188531,1.8232828824228693,0.01122489469352279,233.38020895012727,1.4367865207709172
2000,35.0,i704-o128,16,disaggregated,2,48,4,4,30,0.08333333333333333,0.08333333333333333,0.08362198608476581,0.001325836774689614,10.703614218850024,0.1697071071602706,1.0034638330171899,0.015910041296275407,128.4433706262003,2.036485285923252
2000,35.0,i704-o16,4,aggregated,2,48,48,48,48,1.0,1.0,3.120063704804352,0.017095521082855433,49.92101927686963,0.27352833732568693,3.120063704804352,0.017095521082855433,49.92101927686963,0.27352833732568693
2000,35.0,i704-o16,4,disaggregated,2,48,4,4,48,0.08333333333333333,0.08333333333333333,0.10494174607026385,0.0028502993290271373,1.6790679371242216,0.045604789264434197,1.2593009528431662,0.03420359194832572,20.14881524549066,0.5472574711732116
2000,35.0,i704-o16,16,aggregated,2,48,9,15,36,0.16666666666666666,0.1875,0.7723984343527612,0.17342287300052864,12.35837494964418,2.774765968008458,4.097374451797995,0.2810817093524028,65.55799122876792,4.497307349638445
2000,35.0,i704-o16,16,disaggregated,2,48,4,4,48,0.08333333333333333,0.08333333333333333,0.10468999079080571,0.002934534987379119,1.6750398526528913,0.0469525597980659,1.2562798894896685,0.03521441984854935,20.100478231834696,0.5634307175767896
2000,35.0,mixed,4,aggregated,2,48,48,48,48,1.0,1.0,1.0891470858617724,0.00996899316954475,98.74933578480069,0.9038553807053983,1.0891470858617724,0.00996899316954475,98.74933578480069,0.9038553807053983
2000,35.0,mixed,4,disaggregated,2,48,48,48,48,1.0,1.0,1.0312650920058606,0.00469960560794726,93.50136834186469,0.42609757512055835,1.0312650920058606,0.00469960560794726,93.50136834186469,0.42609757512055835
2000,35.0,mixed,16,aggregated,2,48,4,44,4,0.08333333333333333,0.08333333333333333,0.20399766654291968,0.0029981797604655648,14.687831991090217,0.21586894275352175,2.447971998515036,0.03597815712558686,221.9494611986966,3.262019579386533
2000,35.0,mixed,16,disaggregated,2,48,1,16,8,0.0,0.020833333333333332,0.03934471837389739,0.0556418343321156,5.036123951858866,7.122154794510797,1.8906383049155375,0.002958284412083604,171.41787297900873,0.26821778669559687
2000,40.0,i64-o128,4,aggregated,2,48,48,48,48,1.0,1.0,0.9189739183493654,0.010099020917779925,117.62866154871877,1.2926746774758304,0.9189739183493654,0.010099020917779925,117.62866154871877,1.2926746774758304
2000,40.0,i64-o128,4,disaggregated,2,48,48,48,48,1.0,1.0,0.8799707426349497,0.004279038013622461,112.63625505727356,0.5477168657436751,0.8799707426349497,0.004279038013622461,112.63625505727356,0.5477168657436751
2000,40.0,i64-o128,16,aggregated,2,48,18,48,18,0.3333333333333333,0.375,0.8534032703435086,0.1273207782062106,109.2356186039691,16.297059610394957,2.2771800142308054,0.018302242571233952,291.4790418215431,2.342687049117946
2000,40.0,i64-o128,16,disaggregated,2,48,16,48,16,0.3333333333333333,0.3333333333333333,0.6953718230621448,0.0022983216564447283,89.00759335195454,0.2941851720249252,2.0861154691864345,0.006894964969334106,267.0227800558636,0.8825555160747656
2000,40.0,i64-o16,4,aggregated,2,48,48,48,48,1.0,1.0,6.392983453901225,0.06863458057990235,102.2877352624196,1.0981532892784376,6.392983453901225,0.06863458057990235,102.2877352624196,1.0981532892784376
2000,40.0,i64-o16,4,disaggregated,2,48,48,48,48,1.0,1.0,5.452132357974842,0.07364737973653392,87.23411772759748,1.1783580757845427,5.452132357974842,0.07364737973653392,87.23411772759748,1.1783580757845427
2000,40.0,i64-o16,16,aggregated,2,48,43,48,43,0.8333333333333334,0.8958333333333334,12.696046626698198,1.4085005258019256,203.13674602717117,22.53600841283081,14.163707585966726,0.17480239892581195,226.61932137546762,2.7968383828129912
2000,40.0,i64-o16,16,disaggregated,2,48,48,48,48,1.0,1.0,7.540253997565884,0.0841225379849634,120.64406396105414,1.3459606077594144,7.540253997565884,0.0841225379849634,120.64406396105414,1.3459606077594144
2000,40.0,i704-o128,4,aggregated,2,48,48,48,48,1.0,1.0,0.7808407171858998,0.0025236890407505886,99.94761179979517,0.32303219721607535,0.7808407171858998,0.0025236890407505886,99.94761179979517,0.32303219721607535
2000,40.0,i704-o128,4,disaggregated,2,48,44,44,48,0.9166666666666666,0.9166666666666666,0.6585710818705665,0.0008872748895613757,84.2970984794325,0.11357118586385609,0.7184411802224362,0.0009679362431578787,91.96047106847183,0.12389583912420847
2000,40.0,i704-o128,16,aggregated,2,48,16,32,16,0.3333333333333333,0.3333333333333333,0.6077609608076231,0.003741631564507623,77.79340298337576,0.47892884025697574,1.8232828824228693,0.01122489469352279,233.38020895012727,1.4367865207709172
2000,40.0,i704-o128,16,disaggregated,2,48,4,4,48,0.08333333333333333,0.08333333333333333,0.08362198608476581,0.001325836774689614,10.703614218850024,0.1697071071602706,1.0034638330171899,0.015910041296275407,128.4433706262003,2.036485285923252
2000,40.0,i704-o16,4,aggregated,2,48,48,48,48,1.0,1.0,3.120063704804352,0.017095521082855433,49.92101927686963,0.27352833732568693,3.120063704804352,0.017095521082855433,49.92101927686963,0.27352833732568693
2000,40.0,i704-o16,4,disaggregated,2,48,4,4,48,0.08333333333333333,0.08333333333333333,0.10494174607026385,0.0028502993290271373,1.6790679371242216,0.045604789264434197,1.2593009528431662,0.03420359194832572,20.14881524549066,0.5472574711732116
2000,40.0,i704-o16,16,aggregated,2,48,15,15,48,0.2916666666666667,0.3125,1.2845702408275106,0.2085580866695788,20.55312385324017,3.336929386713261,4.097374451797995,0.2810817093524028,65.55799122876792,4.497307349638445
2000,40.0,i704-o16,16,disaggregated,2,48,4,4,48,0.08333333333333333,0.08333333333333333,0.10468999079080571,0.002934534987379119,1.6750398526528913,0.0469525597980659,1.2562798894896685,0.03521441984854935,20.100478231834696,0.5634307175767896
2000,40.0,mixed,4,aggregated,2,48,48,48,48,1.0,1.0,1.0891470858617724,0.00996899316954475,98.74933578480069,0.9038553807053983,1.0891470858617724,0.00996899316954475,98.74933578480069,0.9038553807053983
2000,40.0,mixed,4,disaggregated,2,48,48,48,48,1.0,1.0,1.0312650920058606,0.00469960560794726,93.50136834186469,0.42609757512055835,1.0312650920058606,0.00469960560794726,93.50136834186469,0.42609757512055835
2000,40.0,mixed,16,aggregated,2,48,24,44,28,0.4583333333333333,0.5,1.2250460158774388,0.16223721192152404,99.56782153886354,3.7710818568468887,2.447971998515036,0.03597815712558686,221.9494611986966,3.262019579386533
2000,40.0,mixed,16,disaggregated,2,48,13,16,39,0.25,0.2708333333333333,0.5120042946027817,0.05490226322909469,56.71357095288356,7.041295020580508,1.8906383049155375,0.002958284412083604,171.41787297900873,0.26821778669559687
2000,50.0,i64-o128,4,aggregated,2,48,48,48,48,1.0,1.0,0.9189739183493654,0.010099020917779925,117.62866154871877,1.2926746774758304,0.9189739183493654,0.010099020917779925,117.62866154871877,1.2926746774758304
2000,50.0,i64-o128,4,disaggregated,2,48,48,48,48,1.0,1.0,0.8799707426349497,0.004279038013622461,112.63625505727356,0.5477168657436751,0.8799707426349497,0.004279038013622461,112.63625505727356,0.5477168657436751
2000,50.0,i64-o128,16,aggregated,2,48,48,48,48,1.0,1.0,2.2771800142308054,0.018302242571233952,291.4790418215431,2.342687049117946,2.2771800142308054,0.018302242571233952,291.4790418215431,2.342687049117946
2000,50.0,i64-o128,16,disaggregated,2,48,48,48,48,1.0,1.0,2.0861154691864345,0.006894964969334106,267.0227800558636,0.8825555160747656,2.0861154691864345,0.006894964969334106,267.0227800558636,0.8825555160747656
2000,50.0,i64-o16,4,aggregated,2,48,48,48,48,1.0,1.0,6.392983453901225,0.06863458057990235,102.2877352624196,1.0981532892784376,6.392983453901225,0.06863458057990235,102.2877352624196,1.0981532892784376
2000,50.0,i64-o16,4,disaggregated,2,48,48,48,48,1.0,1.0,5.452132357974842,0.07364737973653392,87.23411772759748,1.1783580757845427,5.452132357974842,0.07364737973653392,87.23411772759748,1.1783580757845427
2000,50.0,i64-o16,16,aggregated,2,48,48,48,48,1.0,1.0,14.163707585966726,0.17480239892581195,226.61932137546762,2.7968383828129912,14.163707585966726,0.17480239892581195,226.61932137546762,2.7968383828129912
2000,50.0,i64-o16,16,disaggregated,2,48,48,48,48,1.0,1.0,7.540253997565884,0.0841225379849634,120.64406396105414,1.3459606077594144,7.540253997565884,0.0841225379849634,120.64406396105414,1.3459606077594144
2000,50.0,i704-o128,4,aggregated,2,48,48,48,48,1.0,1.0,0.7808407171858998,0.0025236890407505886,99.94761179979517,0.32303219721607535,0.7808407171858998,0.0025236890407505886,99.94761179979517,0.32303219721607535
2000,50.0,i704-o128,4,disaggregated,2,48,44,44,48,0.9166666666666666,0.9166666666666666,0.6585710818705665,0.0008872748895613757,84.2970984794325,0.11357118586385609,0.7184411802224362,0.0009679362431578787,91.96047106847183,0.12389583912420847
2000,50.0,i704-o128,16,aggregated,2,48,32,32,48,0.6666666666666666,0.6666666666666666,1.2155219216152462,0.007483263129015246,155.5868059667515,0.9578576805139515,1.8232828824228693,0.01122489469352279,233.38020895012727,1.4367865207709172
2000,50.0,i704-o128,16,disaggregated,2,48,4,4,48,0.08333333333333333,0.08333333333333333,0.08362198608476581,0.001325836774689614,10.703614218850024,0.1697071071602706,1.0034638330171899,0.015910041296275407,128.4433706262003,2.036485285923252
2000,50.0,i704-o16,4,aggregated,2,48,48,48,48,1.0,1.0,3.120063704804352,0.017095521082855433,49.92101927686963,0.27352833732568693,3.120063704804352,0.017095521082855433,49.92101927686963,0.27352833732568693
2000,50.0,i704-o16,4,disaggregated,2,48,4,4,48,0.08333333333333333,0.08333333333333333,0.10494174607026385,0.0028502993290271373,1.6790679371242216,0.045604789264434197,1.2593009528431662,0.03420359194832572,20.14881524549066,0.5472574711732116
2000,50.0,i704-o16,16,aggregated,2,48,15,15,48,0.2916666666666667,0.3125,1.2845702408275106,0.2085580866695788,20.55312385324017,3.336929386713261,4.097374451797995,0.2810817093524028,65.55799122876792,4.497307349638445
2000,50.0,i704-o16,16,disaggregated,2,48,4,4,48,0.08333333333333333,0.08333333333333333,0.10468999079080571,0.002934534987379119,1.6750398526528913,0.0469525597980659,1.2562798894896685,0.03521441984854935,20.100478231834696,0.5634307175767896
2000,50.0,mixed,4,aggregated,2,48,48,48,48,1.0,1.0,1.0891470858617724,0.00996899316954475,98.74933578480069,0.9038553807053983,1.0891470858617724,0.00996899316954475,98.74933578480069,0.9038553807053983
2000,50.0,mixed,4,disaggregated,2,48,48,48,48,1.0,1.0,1.0312650920058606,0.00469960560794726,93.50136834186469,0.42609757512055835,1.0312650920058606,0.00469960560794726,93.50136834186469,0.42609757512055835
2000,50.0,mixed,16,aggregated,2,48,44,44,48,0.9166666666666666,0.9166666666666666,2.2439743319721166,0.03297997736512131,218.6854985340099,3.2140487032190994,2.447971998515036,0.03597815712558686,221.9494611986966,3.262019579386533
2000,50.0,mixed,16,disaggregated,2,48,16,16,48,0.25,0.3333333333333333,0.630038449724474,0.2218277662254415,71.82194280846016,28.4077594041129,1.8906383049155375,0.002958284412083604,171.41787297900873,0.26821778669559687
2000,75.0,i64-o128,4,aggregated,2,48,48,48,48,1.0,1.0,0.9189739183493654,0.010099020917779925,117.62866154871877,1.2926746774758304,0.9189739183493654,0.010099020917779925,117.62866154871877,1.2926746774758304
2000,75.0,i64-o128,4,disaggregated,2,48,48,48,48,1.0,1.0,0.8799707426349497,0.004279038013622461,112.63625505727356,0.5477168657436751,0.8799707426349497,0.004279038013622461,112.63625505727356,0.5477168657436751
2000,75.0,i64-o128,16,aggregated,2,48,48,48,48,1.0,1.0,2.2771800142308054,0.018302242571233952,291.4790418215431,2.342687049117946,2.2771800142308054,0.018302242571233952,291.4790418215431,2.342687049117946
2000,75.0,i64-o128,16,disaggregated,2,48,48,48,48,1.0,1.0,2.0861154691864345,0.006894964969334106,267.0227800558636,0.8825555160747656,2.0861154691864345,0.006894964969334106,267.0227800558636,0.8825555160747656
2000,75.0,i64-o16,4,aggregated,2,48,48,48,48,1.0,1.0,6.392983453901225,0.06863458057990235,102.2877352624196,1.0981532892784376,6.392983453901225,0.06863458057990235,102.2877352624196,1.0981532892784376
2000,75.0,i64-o16,4,disaggregated,2,48,48,48,48,1.0,1.0,5.452132357974842,0.07364737973653392,87.23411772759748,1.1783580757845427,5.452132357974842,0.07364737973653392,87.23411772759748,1.1783580757845427
2000,75.0,i64-o16,16,aggregated,2,48,48,48,48,1.0,1.0,14.163707585966726,0.17480239892581195,226.61932137546762,2.7968383828129912,14.163707585966726,0.17480239892581195,226.61932137546762,2.7968383828129912
2000,75.0,i64-o16,16,disaggregated,2,48,48,48,48,1.0,1.0,7.540253997565884,0.0841225379849634,120.64406396105414,1.3459606077594144,7.540253997565884,0.0841225379849634,120.64406396105414,1.3459606077594144
2000,75.0,i704-o128,4,aggregated,2,48,48,48,48,1.0,1.0,0.7808407171858998,0.0025236890407505886,99.94761179979517,0.32303219721607535,0.7808407171858998,0.0025236890407505886,99.94761179979517,0.32303219721607535
2000,75.0,i704-o128,4,disaggregated,2,48,44,44,48,0.9166666666666666,0.9166666666666666,0.6585710818705665,0.0008872748895613757,84.2970984794325,0.11357118586385609,0.7184411802224362,0.0009679362431578787,91.96047106847183,0.12389583912420847
2000,75.0,i704-o128,16,aggregated,2,48,32,32,48,0.6666666666666666,0.6666666666666666,1.2155219216152462,0.007483263129015246,155.5868059667515,0.9578576805139515,1.8232828824228693,0.01122489469352279,233.38020895012727,1.4367865207709172
2000,75.0,i704-o128,16,disaggregated,2,48,4,4,48,0.08333333333333333,0.08333333333333333,0.08362198608476581,0.001325836774689614,10.703614218850024,0.1697071071602706,1.0034638330171899,0.015910041296275407,128.4433706262003,2.036485285923252
2000,75.0,i704-o16,4,aggregated,2,48,48,48,48,1.0,1.0,3.120063704804352,0.017095521082855433,49.92101927686963,0.27352833732568693,3.120063704804352,0.017095521082855433,49.92101927686963,0.27352833732568693
2000,75.0,i704-o16,4,disaggregated,2,48,4,4,48,0.08333333333333333,0.08333333333333333,0.10494174607026385,0.0028502993290271373,1.6790679371242216,0.045604789264434197,1.2593009528431662,0.03420359194832572,20.14881524549066,0.5472574711732116
2000,75.0,i704-o16,16,aggregated,2,48,15,15,48,0.2916666666666667,0.3125,1.2845702408275106,0.2085580866695788,20.55312385324017,3.336929386713261,4.097374451797995,0.2810817093524028,65.55799122876792,4.497307349638445
2000,75.0,i704-o16,16,disaggregated,2,48,4,4,48,0.08333333333333333,0.08333333333333333,0.10468999079080571,0.002934534987379119,1.6750398526528913,0.0469525597980659,1.2562798894896685,0.03521441984854935,20.100478231834696,0.5634307175767896
2000,75.0,mixed,4,aggregated,2,48,48,48,48,1.0,1.0,1.0891470858617724,0.00996899316954475,98.74933578480069,0.9038553807053983,1.0891470858617724,0.00996899316954475,98.74933578480069,0.9038553807053983
2000,75.0,mixed,4,disaggregated,2,48,48,48,48,1.0,1.0,1.0312650920058606,0.00469960560794726,93.50136834186469,0.42609757512055835,1.0312650920058606,0.00469960560794726,93.50136834186469,0.42609757512055835
2000,75.0,mixed,16,aggregated,2,48,44,44,48,0.9166666666666666,0.9166666666666666,2.2439743319721166,0.03297997736512131,218.6854985340099,3.2140487032190994,2.447971998515036,0.03597815712558686,221.9494611986966,3.262019579386533
2000,75.0,mixed,16,disaggregated,2,48,16,16,48,0.25,0.3333333333333333,0.630038449724474,0.2218277662254415,71.82194280846016,28.4077594041129,1.8906383049155375,0.002958284412083604,171.41787297900873,0.26821778669559687
5000,25.0,i64-o128,4,aggregated,2,48,0,48,0,0.0,0.0,0.0,0.0,0.0,0.0,0.9189739183493654,0.010099020917779925,117.62866154871877,1.2926746774758304
5000,25.0,i64-o128,4,disaggregated,2,48,0,48,0,0.0,0.0,0.0,0.0,0.0,0.0,0.8799707426349497,0.004279038013622461,112.63625505727356,0.5477168657436751
5000,25.0,i64-o128,16,aggregated,2,48,0,48,0,0.0,0.0,0.0,0.0,0.0,0.0,2.2771800142308054,0.018302242571233952,291.4790418215431,2.342687049117946
5000,25.0,i64-o128,16,disaggregated,2,48,0,48,0,0.0,0.0,0.0,0.0,0.0,0.0,2.0861154691864345,0.006894964969334106,267.0227800558636,0.8825555160747656
5000,25.0,i64-o16,4,aggregated,2,48,3,48,3,0.041666666666666664,0.0625,0.3985503830073277,0.18406542005821241,6.376806128117243,2.9450467209313986,6.392983453901225,0.06863458057990235,102.2877352624196,1.0981532892784376
5000,25.0,i64-o16,4,disaggregated,2,48,3,48,3,0.041666666666666664,0.0625,0.3396733440061709,0.15603202886024212,5.434773504098734,2.496512461763874,5.452132357974842,0.07364737973653392,87.23411772759748,1.1783580757845427
5000,25.0,i64-o16,16,aggregated,2,48,2,48,2,0.041666666666666664,0.041666666666666664,0.5901544827486136,0.007283433288575472,9.442471723977818,0.11653493261720756,14.163707585966726,0.17480239892581195,226.61932137546762,2.7968383828129912
5000,25.0,i64-o16,16,disaggregated,2,48,2,48,2,0.041666666666666664,0.041666666666666664,0.3141772498985785,0.0035051057493735013,5.026835998377256,0.05608169198997602,7.540253997565884,0.0841225379849634,120.64406396105414,1.3459606077594144
5000,25.0,i704-o128,4,aggregated,2,48,0,48,0,0.0,0.0,0.0,0.0,0.0,0.0,0.7808407171858998,0.0025236890407505886,99.94761179979517,0.32303219721607535
5000,25.0,i704-o128,4,disaggregated,2,48,0,48,0,0.0,0.0,0.0,0.0,0.0,0.0,0.7184411802224362,0.0009679362431578787,91.96047106847183,0.12389583912420847
5000,25.0,i704-o128,16,aggregated,2,48,0,48,0,0.0,0.0,0.0,0.0,0.0,0.0,1.8232828824228693,0.01122489469352279,233.38020895012727,1.4367865207709172
5000,25.0,i704-o128,16,disaggregated,2,48,0,11,0,0.0,0.0,0.0,0.0,0.0,0.0,1.0034638330171899,0.015910041296275407,128.4433706262003,2.036485285923252
5000,25.0,i704-o16,4,aggregated,2,48,9,48,9,0.16666666666666666,0.1875,0.5852637854609327,0.09513116867808458,9.364220567374923,1.5220986988493532,3.120063704804352,0.017095521082855433,49.92101927686963,0.27352833732568693
5000,25.0,i704-o16,4,disaggregated,2,48,11,48,11,0.20833333333333334,0.22916666666666666,0.28808593519723397,0.029264186983095526,4.6093749631557435,0.4682269917295284,1.2593009528431662,0.03420359194832572,20.14881524549066,0.5472574711732116
5000,25.0,i704-o16,16,aggregated,2,48,2,48,2,0.0,0.041666666666666664,0.17900538477285768,0.25315184288358966,2.864086156365723,4.050429486137435,4.097374451797995,0.2810817093524028,65.55799122876792,4.497307349638445
5000,25.0,i704-o16,16,disaggregated,2,48,3,12,12,0.041666666666666664,0.0625,0.07903625049040552,0.0392144024458023,1.2645800078464884,0.6274304391328368,1.2562798894896685,0.03521441984854935,20.100478231834696,0.5634307175767896
5000,25.0,mixed,4,aggregated,2,48,2,48,2,0.041666666666666664,0.041666666666666664,0.04538112857757385,0.000415374715397698,0.7260980572411816,0.006645995446363168,1.0891470858617724,0.00996899316954475,98.74933578480069,0.9038553807053983
5000,25.0,mixed,4,disaggregated,2,48,1,48,1,0.0,0.020833333333333332,0.021415457687741224,0.0302860307064308,0.3426473230038596,0.4845764913028928,1.0312650920058606,0.00469960560794726,93.50136834186469,0.42609757512055835
5000,25.0,mixed,16,aggregated,2,48,0,48,0,0.0,0.0,0.0,0.0,0.0,0.0,2.447971998515036,0.03597815712558686,221.9494611986966,3.262019579386533
5000,25.0,mixed,16,disaggregated,2,48,0,42,0,0.0,0.0,0.0,0.0,0.0,0.0,1.8906383049155375,0.002958284412083604,171.41787297900873,0.26821778669559687
5000,30.0,i64-o128,4,aggregated,2,48,1,48,1,0.0,0.020833333333333332,0.018996517336980386,0.026865132455813293,2.4315542191334893,3.4387369543441015,0.9189739183493654,0.010099020917779925,117.62866154871877,1.2926746774758304
5000,30.0,i64-o128,4,disaggregated,2,48,4,48,4,0.041666666666666664,0.08333333333333333,0.07345696758609528,0.05220935978137979,9.402491851020196,6.682798052016613,0.8799707426349497,0.004279038013622461,112.63625505727356,0.5477168657436751
5000,30.0,i64-o128,16,aggregated,2,48,0,48,0,0.0,0.0,0.0,0.0,0.0,0.0,2.2771800142308054,0.018302242571233952,291.4790418215431,2.342687049117946
5000,30.0,i64-o128,16,disaggregated,2,48,0,48,0,0.0,0.0,0.0,0.0,0.0,0.0,2.0861154691864345,0.006894964969334106,267.0227800558636,0.8825555160747656
5000,30.0,i64-o16,4,aggregated,2,48,26,48,26,0.5416666666666666,0.5416666666666666,3.46286603752983,0.03717706448078057,55.40585660047728,0.5948330316924891,6.392983453901225,0.06863458057990235,102.2877352624196,1.0981532892784376
5000,30.0,i64-o16,4,disaggregated,2,48,34,48,34,0.625,0.7083333333333334,3.8662668003678737,0.6947068543551471,61.86026880588598,11.115309669682354,5.452132357974842,0.07364737973653392,87.23411772759748,1.1783580757845427
5000,30.0,i64-o16,16,aggregated,2,48,6,48,6,0.125,0.125,1.7704634482458408,0.021850299865726494,28.327415171933453,0.3496047978516239,14.163707585966726,0.17480239892581195,226.61932137546762,2.7968383828129912
5000,30.0,i64-o16,16,disaggregated,2,48,15,48,15,0.20833333333333334,0.3125,2.350133164128944,1.0844960263688257,37.6021306260631,17.35193642190121,7.540253997565884,0.0841225379849634,120.64406396105414,1.3459606077594144
5000,30.0,i704-o128,4,aggregated,2,48,0,48,0,0.0,0.0,0.0,0.0,0.0,0.0,0.7808407171858998,0.0025236890407505886,99.94761179979517,0.32303219721607535
5000,30.0,i704-o128,4,disaggregated,2,48,2,48,2,0.0,0.041666666666666664,0.02996356727098872,0.04237488321171084,3.8353366106865563,5.423985051098987,0.7184411802224362,0.0009679362431578787,91.96047106847183,0.12389583912420847
5000,30.0,i704-o128,16,aggregated,2,48,0,48,0,0.0,0.0,0.0,0.0,0.0,0.0,1.8232828824228693,0.01122489469352279,233.38020895012727,1.4367865207709172
5000,30.0,i704-o128,16,disaggregated,2,48,0,11,0,0.0,0.0,0.0,0.0,0.0,0.0,1.0034638330171899,0.015910041296275407,128.4433706262003,2.036485285923252
5000,30.0,i704-o16,4,aggregated,2,48,27,48,27,0.5,0.5625,1.7542803115220975,0.26616104481604114,28.06848498435356,4.258576717056658,3.120063704804352,0.017095521082855433,49.92101927686963,0.27352833732568693
5000,30.0,i704-o16,4,disaggregated,2,48,47,48,47,0.9583333333333334,0.9791666666666666,1.2325616498296088,0.003611493021851272,19.72098639727374,0.05778388834962035,1.2593009528431662,0.03420359194832572,20.14881524549066,0.5472574711732116
5000,30.0,i704-o16,16,aggregated,2,48,15,48,15,0.20833333333333334,0.3125,1.3011331393900598,0.6914382966573914,20.818130230240957,11.063012746518263,4.097374451797995,0.2810817093524028,65.55799122876792,4.497307349638445
5000,30.0,i704-o16,16,disaggregated,2,48,12,12,48,0.25,0.25,0.3140699723724171,0.008803604962137338,5.025119557958674,0.1408576793941974,1.2562798894896685,0.03521441984854935,20.100478231834696,0.5634307175767896
5000,30.0,mixed,4,aggregated,2,48,9,48,9,0.16666666666666666,0.1875,0.20406822146008674,0.030220117535811435,3.265091543361388,0.48352188057298295,1.0891470858617724,0.00996899316954475,98.74933578480069,0.9038553807053983
5000,30.0,mixed,4,disaggregated,2,48,13,48,13,0.20833333333333334,0.2708333333333333,0.2790932672311113,0.08987900761763672,9.278062705058463,1.4161326290451004,1.0312650920058606,0.00469960560794726,93.50136834186469,0.42609757512055835
5000,30.0,mixed,16,aggregated,2,48,1,48,1,0.0,0.020833333333333332,0.05046940832576956,0.07137452173924891,0.8075105332123129,1.1419923478279825,2.447971998515036,0.03597815712558686,221.9494611986966,3.262019579386533
5000,30.0,mixed,16,disaggregated,2,48,2,42,2,0.041666666666666664,0.041666666666666664,0.0787765960381474,0.00012326185050348022,1.2604255366103585,0.0019721896080556836,1.8906383049155375,0.002958284412083604,171.41787297900873,0.26821778669559687
5000,35.0,i64-o128,4,aggregated,2,48,48,48,48,1.0,1.0,0.9189739183493654,0.010099020917779925,117.62866154871877,1.2926746774758304,0.9189739183493654,0.010099020917779925,117.62866154871877,1.2926746774758304
5000,35.0,i64-o128,4,disaggregated,2,48,47,48,47,0.9583333333333334,0.9791666666666666,0.8617010550133128,0.030116278028460966,110.29773504170404,3.8548835876430037,0.8799707426349497,0.004279038013622461,112.63625505727356,0.5477168657436751
5000,35.0,i64-o128,16,aggregated,2,48,11,48,11,0.20833333333333334,0.22916666666666666,0.5221233707577478,0.0712863235077862,66.83179145699172,9.124649408996634,2.2771800142308054,0.018302242571233952,291.4790418215431,2.342687049117946
5000,35.0,i64-o128,16,disaggregated,2,48,2,48,2,0.041666666666666664,0.041666666666666664,0.0869214778827681,0.00028729020705559104,11.125949168994318,0.03677314650311565,2.0861154691864345,0.006894964969334106,267.0227800558636,0.8825555160747656
5000,35.0,i64-o16,4,aggregated,2,48,48,48,48,1.0,1.0,6.392983453901225,0.06863458057990235,102.2877352624196,1.0981532892784376,6.392983453901225,0.06863458057990235,102.2877352624196,1.0981532892784376
5000,35.0,i64-o16,4,disaggregated,2,48,48,48,48,1.0,1.0,5.452132357974842,0.07364737973653392,87.23411772759748,1.1783580757845427,5.452132357974842,0.07364737973653392,87.23411772759748,1.1783580757845427
5000,35.0,i64-o16,16,aggregated,2,48,19,48,19,0.3333333333333333,0.3958333333333333,5.614192833714837,1.3210993263390196,89.82708533943739,21.137589221424314,14.163707585966726,0.17480239892581195,226.61932137546762,2.7968383828129912
5000,35.0,i64-o16,16,disaggregated,2,48,47,48,47,0.9583333333333334,0.9791666666666666,7.381926130594516,0.1397868787875483,118.11081808951225,2.236590060600773,7.540253997565884,0.0841225379849634,120.64406396105414,1.3459606077594144
5000,35.0,i704-o128,4,aggregated,2,48,47,48,47,0.9583333333333334,0.9791666666666666,0.7645360247938118,0.02053462807046158,97.86061117360791,2.6284323930190823,0.7808407171858998,0.0025236890407505886,99.94761179979517,0.32303219721607535
5000,35.0,i704-o128,4,disaggregated,2,48,48,48,48,1.0,1.0,0.7184411802224362,0.0009679362431578787,91.96047106847183,0.12389583912420847,0.7184411802224362,0.0009679362431578787,91.96047106847183,0.12389583912420847
5000,35.0,i704-o128,16,aggregated,2,48,3,48,3,0.041666666666666664,0.0625,0.11412053846717712,0.0544205430092854,14.607428923798672,6.965829505188531,1.8232828824228693,0.01122489469352279,233.38020895012727,1.4367865207709172
5000,35.0,i704-o128,16,disaggregated,2,48,7,11,30,0.08333333333333333,0.14583333333333334,0.14563534451774304,0.0863742957695307,18.64132409827111,11.05590985849993,1.0034638330171899,0.015910041296275407,128.4433706262003,2.036485285923252
5000,35.0,i704-o16,4,aggregated,2,48,48,48,48,1.0,1.0,3.120063704804352,0.017095521082855433,49.92101927686963,0.27352833732568693,3.120063704804352,0.017095521082855433,49.92101927686963,0.27352833732568693
5000,35.0,i704-o16,4,disaggregated,2,48,48,48,48,1.0,1.0,1.2593009528431662,0.03420359194832572,20.14881524549066,0.5472574711732116,1.2593009528431662,0.03420359194832572,20.14881524549066,0.5472574711732116
5000,35.0,i704-o16,16,aggregated,2,48,36,48,36,0.625,0.75,3.0978751866923195,0.9351315969960207,49.56600298707711,14.96210555193633,4.097374451797995,0.2810817093524028,65.55799122876792,4.497307349638445
5000,35.0,i704-o16,16,disaggregated,2,48,12,12,48,0.25,0.25,0.3140699723724171,0.008803604962137338,5.025119557958674,0.1408576793941974,1.2562798894896685,0.03521441984854935,20.100478231834696,0.5634307175767896
5000,35.0,mixed,4,aggregated,2,48,48,48,48,1.0,1.0,1.0891470858617724,0.00996899316954475,98.74933578480069,0.9038553807053983,1.0891470858617724,0.00996899316954475,98.74933578480069,0.9038553807053983
5000,35.0,mixed,4,disaggregated,2,48,48,48,48,1.0,1.0,1.0312650920058606,0.00469960560794726,93.50136834186469,0.42609757512055835,1.0312650920058606,0.00469960560794726,93.50136834186469,0.42609757512055835
5000,35.0,mixed,16,aggregated,2,48,4,48,4,0.08333333333333333,0.08333333333333333,0.20399766654291968,0.0029981797604655648,14.687831991090217,0.21586894275352175,2.447971998515036,0.03597815712558686,221.9494611986966,3.262019579386533
5000,35.0,mixed,16,disaggregated,2,48,7,42,8,0.08333333333333333,0.14583333333333334,0.27558734719798694,0.16667897929533984,26.452201685069824,21.34871467705989,1.8906383049155375,0.002958284412083604,171.41787297900873,0.26821778669559687
5000,40.0,i64-o128,4,aggregated,2,48,48,48,48,1.0,1.0,0.9189739183493654,0.010099020917779925,117.62866154871877,1.2926746774758304,0.9189739183493654,0.010099020917779925,117.62866154871877,1.2926746774758304
5000,40.0,i64-o128,4,disaggregated,2,48,48,48,48,1.0,1.0,0.8799707426349497,0.004279038013622461,112.63625505727356,0.5477168657436751,0.8799707426349497,0.004279038013622461,112.63625505727356,0.5477168657436751
5000,40.0,i64-o128,16,aggregated,2,48,18,48,18,0.3333333333333333,0.375,0.8534032703435086,0.1273207782062106,109.2356186039691,16.297059610394957,2.2771800142308054,0.018302242571233952,291.4790418215431,2.342687049117946
5000,40.0,i64-o128,16,disaggregated,2,48,16,48,16,0.3333333333333333,0.3333333333333333,0.6953718230621448,0.0022983216564447283,89.00759335195454,0.2941851720249252,2.0861154691864345,0.006894964969334106,267.0227800558636,0.8825555160747656
5000,40.0,i64-o16,4,aggregated,2,48,48,48,48,1.0,1.0,6.392983453901225,0.06863458057990235,102.2877352624196,1.0981532892784376,6.392983453901225,0.06863458057990235,102.2877352624196,1.0981532892784376
5000,40.0,i64-o16,4,disaggregated,2,48,48,48,48,1.0,1.0,5.452132357974842,0.07364737973653392,87.23411772759748,1.1783580757845427,5.452132357974842,0.07364737973653392,87.23411772759748,1.1783580757845427
5000,40.0,i64-o16,16,aggregated,2,48,43,48,43,0.8333333333333334,0.8958333333333334,12.696046626698198,1.4085005258019256,203.13674602717117,22.53600841283081,14.163707585966726,0.17480239892581195,226.61932137546762,2.7968383828129912
5000,40.0,i64-o16,16,disaggregated,2,48,48,48,48,1.0,1.0,7.540253997565884,0.0841225379849634,120.64406396105414,1.3459606077594144,7.540253997565884,0.0841225379849634,120.64406396105414,1.3459606077594144
5000,40.0,i704-o128,4,aggregated,2,48,48,48,48,1.0,1.0,0.7808407171858998,0.0025236890407505886,99.94761179979517,0.32303219721607535,0.7808407171858998,0.0025236890407505886,99.94761179979517,0.32303219721607535
5000,40.0,i704-o128,4,disaggregated,2,48,48,48,48,1.0,1.0,0.7184411802224362,0.0009679362431578787,91.96047106847183,0.12389583912420847,0.7184411802224362,0.0009679362431578787,91.96047106847183,0.12389583912420847
5000,40.0,i704-o128,16,aggregated,2,48,16,48,16,0.3333333333333333,0.3333333333333333,0.6077609608076231,0.003741631564507623,77.79340298337576,0.47892884025697574,1.8232828824228693,0.01122489469352279,233.38020895012727,1.4367865207709172
5000,40.0,i704-o128,16,disaggregated,2,48,11,11,48,0.20833333333333334,0.22916666666666666,0.23019483877663838,0.033210887838808954,29.464939363409712,4.250993643367546,1.0034638330171899,0.015910041296275407,128.4433706262003,2.036485285923252
5000,40.0,i704-o16,4,aggregated,2,48,48,48,48,1.0,1.0,3.120063704804352,0.017095521082855433,49.92101927686963,0.27352833732568693,3.120063704804352,0.017095521082855433,49.92101927686963,0.27352833732568693
5000,40.0,i704-o16,4,disaggregated,2,48,48,48,48,1.0,1.0,1.2593009528431662,0.03420359194832572,20.14881524549066,0.5472574711732116,1.2593009528431662,0.03420359194832572,20.14881524549066,0.5472574711732116
5000,40.0,i704-o16,16,aggregated,2,48,48,48,48,1.0,1.0,4.097374451797995,0.2810817093524028,65.55799122876792,4.497307349638445,4.097374451797995,0.2810817093524028,65.55799122876792,4.497307349638445
5000,40.0,i704-o16,16,disaggregated,2,48,12,12,48,0.25,0.25,0.3140699723724171,0.008803604962137338,5.025119557958674,0.1408576793941974,1.2562798894896685,0.03521441984854935,20.100478231834696,0.5634307175767896
5000,40.0,mixed,4,aggregated,2,48,48,48,48,1.0,1.0,1.0891470858617724,0.00996899316954475,98.74933578480069,0.9038553807053983,1.0891470858617724,0.00996899316954475,98.74933578480069,0.9038553807053983
5000,40.0,mixed,4,disaggregated,2,48,48,48,48,1.0,1.0,1.0312650920058606,0.00469960560794726,93.50136834186469,0.42609757512055835,1.0312650920058606,0.00469960560794726,93.50136834186469,0.42609757512055835
5000,40.0,mixed,16,aggregated,2,48,28,48,28,0.5416666666666666,0.5833333333333334,1.4290436824203585,0.16523539168198945,102.83178420355026,3.8190527330143325,2.447971998515036,0.03597815712558686,221.9494611986966,3.262019579386533
5000,40.0,mixed,16,disaggregated,2,48,34,42,39,0.7083333333333334,0.7083333333333334,1.3392021326485057,0.0020954514585593506,127.30297919764618,0.19919115041363142,1.8906383049155375,0.002958284412083604,171.41787297900873,0.26821778669559687
5000,50.0,i64-o128,4,aggregated,2,48,48,48,48,1.0,1.0,0.9189739183493654,0.010099020917779925,117.62866154871877,1.2926746774758304,0.9189739183493654,0.010099020917779925,117.62866154871877,1.2926746774758304
5000,50.0,i64-o128,4,disaggregated,2,48,48,48,48,1.0,1.0,0.8799707426349497,0.004279038013622461,112.63625505727356,0.5477168657436751,0.8799707426349497,0.004279038013622461,112.63625505727356,0.5477168657436751
5000,50.0,i64-o128,16,aggregated,2,48,48,48,48,1.0,1.0,2.2771800142308054,0.018302242571233952,291.4790418215431,2.342687049117946,2.2771800142308054,0.018302242571233952,291.4790418215431,2.342687049117946
5000,50.0,i64-o128,16,disaggregated,2,48,48,48,48,1.0,1.0,2.0861154691864345,0.006894964969334106,267.0227800558636,0.8825555160747656,2.0861154691864345,0.006894964969334106,267.0227800558636,0.8825555160747656
5000,50.0,i64-o16,4,aggregated,2,48,48,48,48,1.0,1.0,6.392983453901225,0.06863458057990235,102.2877352624196,1.0981532892784376,6.392983453901225,0.06863458057990235,102.2877352624196,1.0981532892784376
5000,50.0,i64-o16,4,disaggregated,2,48,48,48,48,1.0,1.0,5.452132357974842,0.07364737973653392,87.23411772759748,1.1783580757845427,5.452132357974842,0.07364737973653392,87.23411772759748,1.1783580757845427
5000,50.0,i64-o16,16,aggregated,2,48,48,48,48,1.0,1.0,14.163707585966726,0.17480239892581195,226.61932137546762,2.7968383828129912,14.163707585966726,0.17480239892581195,226.61932137546762,2.7968383828129912
5000,50.0,i64-o16,16,disaggregated,2,48,48,48,48,1.0,1.0,7.540253997565884,0.0841225379849634,120.64406396105414,1.3459606077594144,7.540253997565884,0.0841225379849634,120.64406396105414,1.3459606077594144
5000,50.0,i704-o128,4,aggregated,2,48,48,48,48,1.0,1.0,0.7808407171858998,0.0025236890407505886,99.94761179979517,0.32303219721607535,0.7808407171858998,0.0025236890407505886,99.94761179979517,0.32303219721607535
5000,50.0,i704-o128,4,disaggregated,2,48,48,48,48,1.0,1.0,0.7184411802224362,0.0009679362431578787,91.96047106847183,0.12389583912420847,0.7184411802224362,0.0009679362431578787,91.96047106847183,0.12389583912420847
5000,50.0,i704-o128,16,aggregated,2,48,48,48,48,1.0,1.0,1.8232828824228693,0.01122489469352279,233.38020895012727,1.4367865207709172,1.8232828824228693,0.01122489469352279,233.38020895012727,1.4367865207709172
5000,50.0,i704-o128,16,disaggregated,2,48,11,11,48,0.20833333333333334,0.22916666666666666,0.23019483877663838,0.033210887838808954,29.464939363409712,4.250993643367546,1.0034638330171899,0.015910041296275407,128.4433706262003,2.036485285923252
5000,50.0,i704-o16,4,aggregated,2,48,48,48,48,1.0,1.0,3.120063704804352,0.017095521082855433,49.92101927686963,0.27352833732568693,3.120063704804352,0.017095521082855433,49.92101927686963,0.27352833732568693
5000,50.0,i704-o16,4,disaggregated,2,48,48,48,48,1.0,1.0,1.2593009528431662,0.03420359194832572,20.14881524549066,0.5472574711732116,1.2593009528431662,0.03420359194832572,20.14881524549066,0.5472574711732116
5000,50.0,i704-o16,16,aggregated,2,48,48,48,48,1.0,1.0,4.097374451797995,0.2810817093524028,65.55799122876792,4.497307349638445,4.097374451797995,0.2810817093524028,65.55799122876792,4.497307349638445
5000,50.0,i704-o16,16,disaggregated,2,48,12,12,48,0.25,0.25,0.3140699723724171,0.008803604962137338,5.025119557958674,0.1408576793941974,1.2562798894896685,0.03521441984854935,20.100478231834696,0.5634307175767896
5000,50.0,mixed,4,aggregated,2,48,48,48,48,1.0,1.0,1.0891470858617724,0.00996899316954475,98.74933578480069,0.9038553807053983,1.0891470858617724,0.00996899316954475,98.74933578480069,0.9038553807053983
5000,50.0,mixed,4,disaggregated,2,48,48,48,48,1.0,1.0,1.0312650920058606,0.00469960560794726,93.50136834186469,0.42609757512055835,1.0312650920058606,0.00469960560794726,93.50136834186469,0.42609757512055835
5000,50.0,mixed,16,aggregated,2,48,48,48,48,1.0,1.0,2.447971998515036,0.03597815712558686,221.9494611986966,3.262019579386533,2.447971998515036,0.03597815712558686,221.9494611986966,3.262019579386533
5000,50.0,mixed,16,disaggregated,2,48,42,42,48,0.875,0.875,1.6543085168010954,0.002588498860573075,158.81361761290515,0.2484958906150152,1.8906383049155375,0.002958284412083604,171.41787297900873,0.26821778669559687
5000,75.0,i64-o128,4,aggregated,2,48,48,48,48,1.0,1.0,0.9189739183493654,0.010099020917779925,117.62866154871877,1.2926746774758304,0.9189739183493654,0.010099020917779925,117.62866154871877,1.2926746774758304
5000,75.0,i64-o128,4,disaggregated,2,48,48,48,48,1.0,1.0,0.8799707426349497,0.004279038013622461,112.63625505727356,0.5477168657436751,0.8799707426349497,0.004279038013622461,112.63625505727356,0.5477168657436751
5000,75.0,i64-o128,16,aggregated,2,48,48,48,48,1.0,1.0,2.2771800142308054,0.018302242571233952,291.4790418215431,2.342687049117946,2.2771800142308054,0.018302242571233952,291.4790418215431,2.342687049117946
5000,75.0,i64-o128,16,disaggregated,2,48,48,48,48,1.0,1.0,2.0861154691864345,0.006894964969334106,267.0227800558636,0.8825555160747656,2.0861154691864345,0.006894964969334106,267.0227800558636,0.8825555160747656
5000,75.0,i64-o16,4,aggregated,2,48,48,48,48,1.0,1.0,6.392983453901225,0.06863458057990235,102.2877352624196,1.0981532892784376,6.392983453901225,0.06863458057990235,102.2877352624196,1.0981532892784376
5000,75.0,i64-o16,4,disaggregated,2,48,48,48,48,1.0,1.0,5.452132357974842,0.07364737973653392,87.23411772759748,1.1783580757845427,5.452132357974842,0.07364737973653392,87.23411772759748,1.1783580757845427
5000,75.0,i64-o16,16,aggregated,2,48,48,48,48,1.0,1.0,14.163707585966726,0.17480239892581195,226.61932137546762,2.7968383828129912,14.163707585966726,0.17480239892581195,226.61932137546762,2.7968383828129912
5000,75.0,i64-o16,16,disaggregated,2,48,48,48,48,1.0,1.0,7.540253997565884,0.0841225379849634,120.64406396105414,1.3459606077594144,7.540253997565884,0.0841225379849634,120.64406396105414,1.3459606077594144
5000,75.0,i704-o128,4,aggregated,2,48,48,48,48,1.0,1.0,0.7808407171858998,0.0025236890407505886,99.94761179979517,0.32303219721607535,0.7808407171858998,0.0025236890407505886,99.94761179979517,0.32303219721607535
5000,75.0,i704-o128,4,disaggregated,2,48,48,48,48,1.0,1.0,0.7184411802224362,0.0009679362431578787,91.96047106847183,0.12389583912420847,0.7184411802224362,0.0009679362431578787,91.96047106847183,0.12389583912420847
5000,75.0,i704-o128,16,aggregated,2,48,48,48,48,1.0,1.0,1.8232828824228693,0.01122489469352279,233.38020895012727,1.4367865207709172,1.8232828824228693,0.01122489469352279,233.38020895012727,1.4367865207709172
5000,75.0,i704-o128,16,disaggregated,2,48,11,11,48,0.20833333333333334,0.22916666666666666,0.23019483877663838,0.033210887838808954,29.464939363409712,4.250993643367546,1.0034638330171899,0.015910041296275407,128.4433706262003,2.036485285923252
5000,75.0,i704-o16,4,aggregated,2,48,48,48,48,1.0,1.0,3.120063704804352,0.017095521082855433,49.92101927686963,0.27352833732568693,3.120063704804352,0.017095521082855433,49.92101927686963,0.27352833732568693
5000,75.0,i704-o16,4,disaggregated,2,48,48,48,48,1.0,1.0,1.2593009528431662,0.03420359194832572,20.14881524549066,0.5472574711732116,1.2593009528431662,0.03420359194832572,20.14881524549066,0.5472574711732116
5000,75.0,i704-o16,16,aggregated,2,48,48,48,48,1.0,1.0,4.097374451797995,0.2810817093524028,65.55799122876792,4.497307349638445,4.097374451797995,0.2810817093524028,65.55799122876792,4.497307349638445
5000,75.0,i704-o16,16,disaggregated,2,48,12,12,48,0.25,0.25,0.3140699723724171,0.008803604962137338,5.025119557958674,0.1408576793941974,1.2562798894896685,0.03521441984854935,20.100478231834696,0.5634307175767896
5000,75.0,mixed,4,aggregated,2,48,48,48,48,1.0,1.0,1.0891470858617724,0.00996899316954475,98.74933578480069,0.9038553807053983,1.0891470858617724,0.00996899316954475,98.74933578480069,0.9038553807053983
5000,75.0,mixed,4,disaggregated,2,48,48,48,48,1.0,1.0,1.0312650920058606,0.00469960560794726,93.50136834186469,0.42609757512055835,1.0312650920058606,0.00469960560794726,93.50136834186469,0.42609757512055835
5000,75.0,mixed,16,aggregated,2,48,48,48,48,1.0,1.0,2.447971998515036,0.03597815712558686,221.9494611986966,3.262019579386533,2.447971998515036,0.03597815712558686,221.9494611986966,3.262019579386533
5000,75.0,mixed,16,disaggregated,2,48,42,42,48,0.875,0.875,1.6543085168010954,0.002588498860573075,158.81361761290515,0.2484958906150152,1.8906383049155375,0.002958284412083604,171.41787297900873,0.26821778669559687
10000,25.0,i64-o128,4,aggregated,2,48,0,48,0,0.0,0.0,0.0,0.0,0.0,0.0,0.9189739183493654,0.010099020917779925,117.62866154871877,1.2926746774758304
10000,25.0,i64-o128,4,disaggregated,2,48,0,48,0,0.0,0.0,0.0,0.0,0.0,0.0,0.8799707426349497,0.004279038013622461,112.63625505727356,0.5477168657436751
10000,25.0,i64-o128,16,aggregated,2,48,0,48,0,0.0,0.0,0.0,0.0,0.0,0.0,2.2771800142308054,0.018302242571233952,291.4790418215431,2.342687049117946
10000,25.0,i64-o128,16,disaggregated,2,48,0,48,0,0.0,0.0,0.0,0.0,0.0,0.0,2.0861154691864345,0.006894964969334106,267.0227800558636,0.8825555160747656
10000,25.0,i64-o16,4,aggregated,2,48,3,48,3,0.041666666666666664,0.0625,0.3985503830073277,0.18406542005821241,6.376806128117243,2.9450467209313986,6.392983453901225,0.06863458057990235,102.2877352624196,1.0981532892784376
10000,25.0,i64-o16,4,disaggregated,2,48,3,48,3,0.041666666666666664,0.0625,0.3396733440061709,0.15603202886024212,5.434773504098734,2.496512461763874,5.452132357974842,0.07364737973653392,87.23411772759748,1.1783580757845427
10000,25.0,i64-o16,16,aggregated,2,48,2,48,2,0.041666666666666664,0.041666666666666664,0.5901544827486136,0.007283433288575472,9.442471723977818,0.11653493261720756,14.163707585966726,0.17480239892581195,226.61932137546762,2.7968383828129912
10000,25.0,i64-o16,16,disaggregated,2,48,2,48,2,0.041666666666666664,0.041666666666666664,0.3141772498985785,0.0035051057493735013,5.026835998377256,0.05608169198997602,7.540253997565884,0.0841225379849634,120.64406396105414,1.3459606077594144
10000,25.0,i704-o128,4,aggregated,2,48,0,48,0,0.0,0.0,0.0,0.0,0.0,0.0,0.7808407171858998,0.0025236890407505886,99.94761179979517,0.32303219721607535
10000,25.0,i704-o128,4,disaggregated,2,48,0,48,0,0.0,0.0,0.0,0.0,0.0,0.0,0.7184411802224362,0.0009679362431578787,91.96047106847183,0.12389583912420847
10000,25.0,i704-o128,16,aggregated,2,48,0,48,0,0.0,0.0,0.0,0.0,0.0,0.0,1.8232828824228693,0.01122489469352279,233.38020895012727,1.4367865207709172
10000,25.0,i704-o128,16,disaggregated,2,48,0,39,0,0.0,0.0,0.0,0.0,0.0,0.0,1.0034638330171899,0.015910041296275407,128.4433706262003,2.036485285923252
10000,25.0,i704-o16,4,aggregated,2,48,9,48,9,0.16666666666666666,0.1875,0.5852637854609327,0.09513116867808458,9.364220567374923,1.5220986988493532,3.120063704804352,0.017095521082855433,49.92101927686963,0.27352833732568693
10000,25.0,i704-o16,4,disaggregated,2,48,11,48,11,0.20833333333333334,0.22916666666666666,0.28808593519723397,0.029264186983095526,4.6093749631557435,0.4682269917295284,1.2593009528431662,0.03420359194832572,20.14881524549066,0.5472574711732116
10000,25.0,i704-o16,16,aggregated,2,48,2,48,2,0.0,0.041666666666666664,0.17900538477285768,0.25315184288358966,2.864086156365723,4.050429486137435,4.097374451797995,0.2810817093524028,65.55799122876792,4.497307349638445
10000,25.0,i704-o16,16,disaggregated,2,48,7,25,12,0.125,0.14583333333333334,0.18372624128121123,0.04214893743318142,2.9396198604993797,0.6743829989309027,1.2562798894896685,0.03521441984854935,20.100478231834696,0.5634307175767896
10000,25.0,mixed,4,aggregated,2,48,2,48,2,0.041666666666666664,0.041666666666666664,0.04538112857757385,0.000415374715397698,0.7260980572411816,0.006645995446363168,1.0891470858617724,0.00996899316954475,98.74933578480069,0.9038553807053983
10000,25.0,mixed,4,disaggregated,2,48,1,48,1,0.0,0.020833333333333332,0.021415457687741224,0.0302860307064308,0.3426473230038596,0.4845764913028928,1.0312650920058606,0.00469960560794726,93.50136834186469,0.42609757512055835
10000,25.0,mixed,16,aggregated,2,48,0,48,0,0.0,0.0,0.0,0.0,0.0,0.0,2.447971998515036,0.03597815712558686,221.9494611986966,3.262019579386533
10000,25.0,mixed,16,disaggregated,2,48,0,48,0,0.0,0.0,0.0,0.0,0.0,0.0,1.8906383049155375,0.002958284412083604,171.41787297900873,0.26821778669559687
10000,30.0,i64-o128,4,aggregated,2,48,1,48,1,0.0,0.020833333333333332,0.018996517336980386,0.026865132455813293,2.4315542191334893,3.4387369543441015,0.9189739183493654,0.010099020917779925,117.62866154871877,1.2926746774758304
10000,30.0,i64-o128,4,disaggregated,2,48,4,48,4,0.041666666666666664,0.08333333333333333,0.07345696758609528,0.05220935978137979,9.402491851020196,6.682798052016613,0.8799707426349497,0.004279038013622461,112.63625505727356,0.5477168657436751
10000,30.0,i64-o128,16,aggregated,2,48,0,48,0,0.0,0.0,0.0,0.0,0.0,0.0,2.2771800142308054,0.018302242571233952,291.4790418215431,2.342687049117946
10000,30.0,i64-o128,16,disaggregated,2,48,0,48,0,0.0,0.0,0.0,0.0,0.0,0.0,2.0861154691864345,0.006894964969334106,267.0227800558636,0.8825555160747656
10000,30.0,i64-o16,4,aggregated,2,48,26,48,26,0.5416666666666666,0.5416666666666666,3.46286603752983,0.03717706448078057,55.40585660047728,0.5948330316924891,6.392983453901225,0.06863458057990235,102.2877352624196,1.0981532892784376
10000,30.0,i64-o16,4,disaggregated,2,48,34,48,34,0.625,0.7083333333333334,3.8662668003678737,0.6947068543551471,61.86026880588598,11.115309669682354,5.452132357974842,0.07364737973653392,87.23411772759748,1.1783580757845427
10000,30.0,i64-o16,16,aggregated,2,48,6,48,6,0.125,0.125,1.7704634482458408,0.021850299865726494,28.327415171933453,0.3496047978516239,14.163707585966726,0.17480239892581195,226.61932137546762,2.7968383828129912
10000,30.0,i64-o16,16,disaggregated,2,48,15,48,15,0.20833333333333334,0.3125,2.350133164128944,1.0844960263688257,37.6021306260631,17.35193642190121,7.540253997565884,0.0841225379849634,120.64406396105414,1.3459606077594144
10000,30.0,i704-o128,4,aggregated,2,48,0,48,0,0.0,0.0,0.0,0.0,0.0,0.0,0.7808407171858998,0.0025236890407505886,99.94761179979517,0.32303219721607535
10000,30.0,i704-o128,4,disaggregated,2,48,2,48,2,0.0,0.041666666666666664,0.02996356727098872,0.04237488321171084,3.8353366106865563,5.423985051098987,0.7184411802224362,0.0009679362431578787,91.96047106847183,0.12389583912420847
10000,30.0,i704-o128,16,aggregated,2,48,0,48,0,0.0,0.0,0.0,0.0,0.0,0.0,1.8232828824228693,0.01122489469352279,233.38020895012727,1.4367865207709172
10000,30.0,i704-o128,16,disaggregated,2,48,0,39,0,0.0,0.0,0.0,0.0,0.0,0.0,1.0034638330171899,0.015910041296275407,128.4433706262003,2.036485285923252
10000,30.0,i704-o16,4,aggregated,2,48,27,48,27,0.5,0.5625,1.7542803115220975,0.26616104481604114,28.06848498435356,4.258576717056658,3.120063704804352,0.017095521082855433,49.92101927686963,0.27352833732568693
10000,30.0,i704-o16,4,disaggregated,2,48,47,48,47,0.9583333333333334,0.9791666666666666,1.2325616498296088,0.003611493021851272,19.72098639727374,0.05778388834962035,1.2593009528431662,0.03420359194832572,20.14881524549066,0.5472574711732116
10000,30.0,i704-o16,16,aggregated,2,48,15,48,15,0.20833333333333334,0.3125,1.3011331393900598,0.6914382966573914,20.818130230240957,11.063012746518263,4.097374451797995,0.2810817093524028,65.55799122876792,4.497307349638445
10000,30.0,i704-o16,16,disaggregated,2,48,25,25,48,0.5,0.5208333333333334,0.6548311998398368,0.055354344876387386,10.47729919743739,0.8856695180221982,1.2562798894896685,0.03521441984854935,20.100478231834696,0.5634307175767896
10000,30.0,mixed,4,aggregated,2,48,9,48,9,0.16666666666666666,0.1875,0.20406822146008674,0.030220117535811435,3.265091543361388,0.48352188057298295,1.0891470858617724,0.00996899316954475,98.74933578480069,0.9038553807053983
10000,30.0,mixed,4,disaggregated,2,48,13,48,13,0.20833333333333334,0.2708333333333333,0.2790932672311113,0.08987900761763672,9.278062705058463,1.4161326290451004,1.0312650920058606,0.00469960560794726,93.50136834186469,0.42609757512055835
10000,30.0,mixed,16,aggregated,2,48,1,48,1,0.0,0.020833333333333332,0.05046940832576956,0.07137452173924891,0.8075105332123129,1.1419923478279825,2.447971998515036,0.03597815712558686,221.9494611986966,3.262019579386533
10000,30.0,mixed,16,disaggregated,2,48,2,48,2,0.041666666666666664,0.041666666666666664,0.0787765960381474,0.00012326185050348022,1.2604255366103585,0.0019721896080556836,1.8906383049155375,0.002958284412083604,171.41787297900873,0.26821778669559687
10000,35.0,i64-o128,4,aggregated,2,48,48,48,48,1.0,1.0,0.9189739183493654,0.010099020917779925,117.62866154871877,1.2926746774758304,0.9189739183493654,0.010099020917779925,117.62866154871877,1.2926746774758304
10000,35.0,i64-o128,4,disaggregated,2,48,47,48,47,0.9583333333333334,0.9791666666666666,0.8617010550133128,0.030116278028460966,110.29773504170404,3.8548835876430037,0.8799707426349497,0.004279038013622461,112.63625505727356,0.5477168657436751
10000,35.0,i64-o128,16,aggregated,2,48,11,48,11,0.20833333333333334,0.22916666666666666,0.5221233707577478,0.0712863235077862,66.83179145699172,9.124649408996634,2.2771800142308054,0.018302242571233952,291.4790418215431,2.342687049117946
10000,35.0,i64-o128,16,disaggregated,2,48,2,48,2,0.041666666666666664,0.041666666666666664,0.0869214778827681,0.00028729020705559104,11.125949168994318,0.03677314650311565,2.0861154691864345,0.006894964969334106,267.0227800558636,0.8825555160747656
10000,35.0,i64-o16,4,aggregated,2,48,48,48,48,1.0,1.0,6.392983453901225,0.06863458057990235,102.2877352624196,1.0981532892784376,6.392983453901225,0.06863458057990235,102.2877352624196,1.0981532892784376
10000,35.0,i64-o16,4,disaggregated,2,48,48,48,48,1.0,1.0,5.452132357974842,0.07364737973653392,87.23411772759748,1.1783580757845427,5.452132357974842,0.07364737973653392,87.23411772759748,1.1783580757845427
10000,35.0,i64-o16,16,aggregated,2,48,19,48,19,0.3333333333333333,0.3958333333333333,5.614192833714837,1.3210993263390196,89.82708533943739,21.137589221424314,14.163707585966726,0.17480239892581195,226.61932137546762,2.7968383828129912
10000,35.0,i64-o16,16,disaggregated,2,48,47,48,47,0.9583333333333334,0.9791666666666666,7.381926130594516,0.1397868787875483,118.11081808951225,2.236590060600773,7.540253997565884,0.0841225379849634,120.64406396105414,1.3459606077594144
10000,35.0,i704-o128,4,aggregated,2,48,47,48,47,0.9583333333333334,0.9791666666666666,0.7645360247938118,0.02053462807046158,97.86061117360791,2.6284323930190823,0.7808407171858998,0.0025236890407505886,99.94761179979517,0.32303219721607535
10000,35.0,i704-o128,4,disaggregated,2,48,48,48,48,1.0,1.0,0.7184411802224362,0.0009679362431578787,91.96047106847183,0.12389583912420847,0.7184411802224362,0.0009679362431578787,91.96047106847183,0.12389583912420847
10000,35.0,i704-o128,16,aggregated,2,48,3,48,3,0.041666666666666664,0.0625,0.11412053846717712,0.0544205430092854,14.607428923798672,6.965829505188531,1.8232828824228693,0.01122489469352279,233.38020895012727,1.4367865207709172
10000,35.0,i704-o128,16,disaggregated,2,48,23,39,30,0.3333333333333333,0.4791666666666667,0.4791857806826768,0.1993302955044223,61.33577992738263,25.514277824566054,1.0034638330171899,0.015910041296275407,128.4433706262003,2.036485285923252
10000,35.0,i704-o16,4,aggregated,2,48,48,48,48,1.0,1.0,3.120063704804352,0.017095521082855433,49.92101927686963,0.27352833732568693,3.120063704804352,0.017095521082855433,49.92101927686963,0.27352833732568693
10000,35.0,i704-o16,4,disaggregated,2,48,48,48,48,1.0,1.0,1.2593009528431662,0.03420359194832572,20.14881524549066,0.5472574711732116,1.2593009528431662,0.03420359194832572,20.14881524549066,0.5472574711732116
10000,35.0,i704-o16,16,aggregated,2,48,36,48,36,0.625,0.75,3.0978751866923195,0.9351315969960207,49.56600298707711,14.96210555193633,4.097374451797995,0.2810817093524028,65.55799122876792,4.497307349638445
10000,35.0,i704-o16,16,disaggregated,2,48,25,25,48,0.5,0.5208333333333334,0.6548311998398368,0.055354344876387386,10.47729919743739,0.8856695180221982,1.2562798894896685,0.03521441984854935,20.100478231834696,0.5634307175767896
10000,35.0,mixed,4,aggregated,2,48,48,48,48,1.0,1.0,1.0891470858617724,0.00996899316954475,98.74933578480069,0.9038553807053983,1.0891470858617724,0.00996899316954475,98.74933578480069,0.9038553807053983
10000,35.0,mixed,4,disaggregated,2,48,48,48,48,1.0,1.0,1.0312650920058606,0.00469960560794726,93.50136834186469,0.42609757512055835,1.0312650920058606,0.00469960560794726,93.50136834186469,0.42609757512055835
10000,35.0,mixed,16,aggregated,2,48,4,48,4,0.08333333333333333,0.08333333333333333,0.20399766654291968,0.0029981797604655648,14.687831991090217,0.21586894275352175,2.447971998515036,0.03597815712558686,221.9494611986966,3.262019579386533
10000,35.0,mixed,16,disaggregated,2,48,8,48,8,0.08333333333333333,0.16666666666666666,0.31493206557188436,0.22232081362745543,27.08171717905218,22.238984026373736,1.8906383049155375,0.002958284412083604,171.41787297900873,0.26821778669559687
10000,40.0,i64-o128,4,aggregated,2,48,48,48,48,1.0,1.0,0.9189739183493654,0.010099020917779925,117.62866154871877,1.2926746774758304,0.9189739183493654,0.010099020917779925,117.62866154871877,1.2926746774758304
10000,40.0,i64-o128,4,disaggregated,2,48,48,48,48,1.0,1.0,0.8799707426349497,0.004279038013622461,112.63625505727356,0.5477168657436751,0.8799707426349497,0.004279038013622461,112.63625505727356,0.5477168657436751
10000,40.0,i64-o128,16,aggregated,2,48,18,48,18,0.3333333333333333,0.375,0.8534032703435086,0.1273207782062106,109.2356186039691,16.297059610394957,2.2771800142308054,0.018302242571233952,291.4790418215431,2.342687049117946
10000,40.0,i64-o128,16,disaggregated,2,48,16,48,16,0.3333333333333333,0.3333333333333333,0.6953718230621448,0.0022983216564447283,89.00759335195454,0.2941851720249252,2.0861154691864345,0.006894964969334106,267.0227800558636,0.8825555160747656
10000,40.0,i64-o16,4,aggregated,2,48,48,48,48,1.0,1.0,6.392983453901225,0.06863458057990235,102.2877352624196,1.0981532892784376,6.392983453901225,0.06863458057990235,102.2877352624196,1.0981532892784376
10000,40.0,i64-o16,4,disaggregated,2,48,48,48,48,1.0,1.0,5.452132357974842,0.07364737973653392,87.23411772759748,1.1783580757845427,5.452132357974842,0.07364737973653392,87.23411772759748,1.1783580757845427
10000,40.0,i64-o16,16,aggregated,2,48,43,48,43,0.8333333333333334,0.8958333333333334,12.696046626698198,1.4085005258019256,203.13674602717117,22.53600841283081,14.163707585966726,0.17480239892581195,226.61932137546762,2.7968383828129912
10000,40.0,i64-o16,16,disaggregated,2,48,48,48,48,1.0,1.0,7.540253997565884,0.0841225379849634,120.64406396105414,1.3459606077594144,7.540253997565884,0.0841225379849634,120.64406396105414,1.3459606077594144
10000,40.0,i704-o128,4,aggregated,2,48,48,48,48,1.0,1.0,0.7808407171858998,0.0025236890407505886,99.94761179979517,0.32303219721607535,0.7808407171858998,0.0025236890407505886,99.94761179979517,0.32303219721607535
10000,40.0,i704-o128,4,disaggregated,2,48,48,48,48,1.0,1.0,0.7184411802224362,0.0009679362431578787,91.96047106847183,0.12389583912420847,0.7184411802224362,0.0009679362431578787,91.96047106847183,0.12389583912420847
10000,40.0,i704-o128,16,aggregated,2,48,16,48,16,0.3333333333333333,0.3333333333333333,0.6077609608076231,0.003741631564507623,77.79340298337576,0.47892884025697574,1.8232828824228693,0.01122489469352279,233.38020895012727,1.4367865207709172
10000,40.0,i704-o128,16,disaggregated,2,48,39,39,48,0.7916666666666666,0.8125,0.8155487413699991,0.04249174526163634,104.39023889535989,5.438943393489452,1.0034638330171899,0.015910041296275407,128.4433706262003,2.036485285923252
10000,40.0,i704-o16,4,aggregated,2,48,48,48,48,1.0,1.0,3.120063704804352,0.017095521082855433,49.92101927686963,0.27352833732568693,3.120063704804352,0.017095521082855433,49.92101927686963,0.27352833732568693
10000,40.0,i704-o16,4,disaggregated,2,48,48,48,48,1.0,1.0,1.2593009528431662,0.03420359194832572,20.14881524549066,0.5472574711732116,1.2593009528431662,0.03420359194832572,20.14881524549066,0.5472574711732116
10000,40.0,i704-o16,16,aggregated,2,48,48,48,48,1.0,1.0,4.097374451797995,0.2810817093524028,65.55799122876792,4.497307349638445,4.097374451797995,0.2810817093524028,65.55799122876792,4.497307349638445
10000,40.0,i704-o16,16,disaggregated,2,48,25,25,48,0.5,0.5208333333333334,0.6548311998398368,0.055354344876387386,10.47729919743739,0.8856695180221982,1.2562798894896685,0.03521441984854935,20.100478231834696,0.5634307175767896
10000,40.0,mixed,4,aggregated,2,48,48,48,48,1.0,1.0,1.0891470858617724,0.00996899316954475,98.74933578480069,0.9038553807053983,1.0891470858617724,0.00996899316954475,98.74933578480069,0.9038553807053983
10000,40.0,mixed,4,disaggregated,2,48,48,48,48,1.0,1.0,1.0312650920058606,0.00469960560794726,93.50136834186469,0.42609757512055835,1.0312650920058606,0.00469960560794726,93.50136834186469,0.42609757512055835
10000,40.0,mixed,16,aggregated,2,48,28,48,28,0.5416666666666666,0.5833333333333334,1.4290436824203585,0.16523539168198945,102.83178420355026,3.8190527330143325,2.447971998515036,0.03597815712558686,221.9494611986966,3.262019579386533
10000,40.0,mixed,16,disaggregated,2,48,39,48,39,0.7916666666666666,0.8125,1.536100043098698,0.05329985917254942,139.27632452112178,0.6733284924277259,1.8906383049155375,0.002958284412083604,171.41787297900873,0.26821778669559687
10000,50.0,i64-o128,4,aggregated,2,48,48,48,48,1.0,1.0,0.9189739183493654,0.010099020917779925,117.62866154871877,1.2926746774758304,0.9189739183493654,0.010099020917779925,117.62866154871877,1.2926746774758304
10000,50.0,i64-o128,4,disaggregated,2,48,48,48,48,1.0,1.0,0.8799707426349497,0.004279038013622461,112.63625505727356,0.5477168657436751,0.8799707426349497,0.004279038013622461,112.63625505727356,0.5477168657436751
10000,50.0,i64-o128,16,aggregated,2,48,48,48,48,1.0,1.0,2.2771800142308054,0.018302242571233952,291.4790418215431,2.342687049117946,2.2771800142308054,0.018302242571233952,291.4790418215431,2.342687049117946
10000,50.0,i64-o128,16,disaggregated,2,48,48,48,48,1.0,1.0,2.0861154691864345,0.006894964969334106,267.0227800558636,0.8825555160747656,2.0861154691864345,0.006894964969334106,267.0227800558636,0.8825555160747656
10000,50.0,i64-o16,4,aggregated,2,48,48,48,48,1.0,1.0,6.392983453901225,0.06863458057990235,102.2877352624196,1.0981532892784376,6.392983453901225,0.06863458057990235,102.2877352624196,1.0981532892784376
10000,50.0,i64-o16,4,disaggregated,2,48,48,48,48,1.0,1.0,5.452132357974842,0.07364737973653392,87.23411772759748,1.1783580757845427,5.452132357974842,0.07364737973653392,87.23411772759748,1.1783580757845427
10000,50.0,i64-o16,16,aggregated,2,48,48,48,48,1.0,1.0,14.163707585966726,0.17480239892581195,226.61932137546762,2.7968383828129912,14.163707585966726,0.17480239892581195,226.61932137546762,2.7968383828129912
10000,50.0,i64-o16,16,disaggregated,2,48,48,48,48,1.0,1.0,7.540253997565884,0.0841225379849634,120.64406396105414,1.3459606077594144,7.540253997565884,0.0841225379849634,120.64406396105414,1.3459606077594144
10000,50.0,i704-o128,4,aggregated,2,48,48,48,48,1.0,1.0,0.7808407171858998,0.0025236890407505886,99.94761179979517,0.32303219721607535,0.7808407171858998,0.0025236890407505886,99.94761179979517,0.32303219721607535
10000,50.0,i704-o128,4,disaggregated,2,48,48,48,48,1.0,1.0,0.7184411802224362,0.0009679362431578787,91.96047106847183,0.12389583912420847,0.7184411802224362,0.0009679362431578787,91.96047106847183,0.12389583912420847
10000,50.0,i704-o128,16,aggregated,2,48,48,48,48,1.0,1.0,1.8232828824228693,0.01122489469352279,233.38020895012727,1.4367865207709172,1.8232828824228693,0.01122489469352279,233.38020895012727,1.4367865207709172
10000,50.0,i704-o128,16,disaggregated,2,48,39,39,48,0.7916666666666666,0.8125,0.8155487413699991,0.04249174526163634,104.39023889535989,5.438943393489452,1.0034638330171899,0.015910041296275407,128.4433706262003,2.036485285923252
10000,50.0,i704-o16,4,aggregated,2,48,48,48,48,1.0,1.0,3.120063704804352,0.017095521082855433,49.92101927686963,0.27352833732568693,3.120063704804352,0.017095521082855433,49.92101927686963,0.27352833732568693
10000,50.0,i704-o16,4,disaggregated,2,48,48,48,48,1.0,1.0,1.2593009528431662,0.03420359194832572,20.14881524549066,0.5472574711732116,1.2593009528431662,0.03420359194832572,20.14881524549066,0.5472574711732116
10000,50.0,i704-o16,16,aggregated,2,48,48,48,48,1.0,1.0,4.097374451797995,0.2810817093524028,65.55799122876792,4.497307349638445,4.097374451797995,0.2810817093524028,65.55799122876792,4.497307349638445
10000,50.0,i704-o16,16,disaggregated,2,48,25,25,48,0.5,0.5208333333333334,0.6548311998398368,0.055354344876387386,10.47729919743739,0.8856695180221982,1.2562798894896685,0.03521441984854935,20.100478231834696,0.5634307175767896
10000,50.0,mixed,4,aggregated,2,48,48,48,48,1.0,1.0,1.0891470858617724,0.00996899316954475,98.74933578480069,0.9038553807053983,1.0891470858617724,0.00996899316954475,98.74933578480069,0.9038553807053983
10000,50.0,mixed,4,disaggregated,2,48,48,48,48,1.0,1.0,1.0312650920058606,0.00469960560794726,93.50136834186469,0.42609757512055835,1.0312650920058606,0.00469960560794726,93.50136834186469,0.42609757512055835
10000,50.0,mixed,16,aggregated,2,48,48,48,48,1.0,1.0,2.447971998515036,0.03597815712558686,221.9494611986966,3.262019579386533,2.447971998515036,0.03597815712558686,221.9494611986966,3.262019579386533
10000,50.0,mixed,16,disaggregated,2,48,48,48,48,1.0,1.0,1.8906383049155375,0.002958284412083604,171.41787297900873,0.26821778669559687,1.8906383049155375,0.002958284412083604,171.41787297900873,0.26821778669559687
10000,75.0,i64-o128,4,aggregated,2,48,48,48,48,1.0,1.0,0.9189739183493654,0.010099020917779925,117.62866154871877,1.2926746774758304,0.9189739183493654,0.010099020917779925,117.62866154871877,1.2926746774758304
10000,75.0,i64-o128,4,disaggregated,2,48,48,48,48,1.0,1.0,0.8799707426349497,0.004279038013622461,112.63625505727356,0.5477168657436751,0.8799707426349497,0.004279038013622461,112.63625505727356,0.5477168657436751
10000,75.0,i64-o128,16,aggregated,2,48,48,48,48,1.0,1.0,2.2771800142308054,0.018302242571233952,291.4790418215431,2.342687049117946,2.2771800142308054,0.018302242571233952,291.4790418215431,2.342687049117946
10000,75.0,i64-o128,16,disaggregated,2,48,48,48,48,1.0,1.0,2.0861154691864345,0.006894964969334106,267.0227800558636,0.8825555160747656,2.0861154691864345,0.006894964969334106,267.0227800558636,0.8825555160747656
10000,75.0,i64-o16,4,aggregated,2,48,48,48,48,1.0,1.0,6.392983453901225,0.06863458057990235,102.2877352624196,1.0981532892784376,6.392983453901225,0.06863458057990235,102.2877352624196,1.0981532892784376
10000,75.0,i64-o16,4,disaggregated,2,48,48,48,48,1.0,1.0,5.452132357974842,0.07364737973653392,87.23411772759748,1.1783580757845427,5.452132357974842,0.07364737973653392,87.23411772759748,1.1783580757845427
10000,75.0,i64-o16,16,aggregated,2,48,48,48,48,1.0,1.0,14.163707585966726,0.17480239892581195,226.61932137546762,2.7968383828129912,14.163707585966726,0.17480239892581195,226.61932137546762,2.7968383828129912
10000,75.0,i64-o16,16,disaggregated,2,48,48,48,48,1.0,1.0,7.540253997565884,0.0841225379849634,120.64406396105414,1.3459606077594144,7.540253997565884,0.0841225379849634,120.64406396105414,1.3459606077594144
10000,75.0,i704-o128,4,aggregated,2,48,48,48,48,1.0,1.0,0.7808407171858998,0.0025236890407505886,99.94761179979517,0.32303219721607535,0.7808407171858998,0.0025236890407505886,99.94761179979517,0.32303219721607535
10000,75.0,i704-o128,4,disaggregated,2,48,48,48,48,1.0,1.0,0.7184411802224362,0.0009679362431578787,91.96047106847183,0.12389583912420847,0.7184411802224362,0.0009679362431578787,91.96047106847183,0.12389583912420847
10000,75.0,i704-o128,16,aggregated,2,48,48,48,48,1.0,1.0,1.8232828824228693,0.01122489469352279,233.38020895012727,1.4367865207709172,1.8232828824228693,0.01122489469352279,233.38020895012727,1.4367865207709172
10000,75.0,i704-o128,16,disaggregated,2,48,39,39,48,0.7916666666666666,0.8125,0.8155487413699991,0.04249174526163634,104.39023889535989,5.438943393489452,1.0034638330171899,0.015910041296275407,128.4433706262003,2.036485285923252
10000,75.0,i704-o16,4,aggregated,2,48,48,48,48,1.0,1.0,3.120063704804352,0.017095521082855433,49.92101927686963,0.27352833732568693,3.120063704804352,0.017095521082855433,49.92101927686963,0.27352833732568693
10000,75.0,i704-o16,4,disaggregated,2,48,48,48,48,1.0,1.0,1.2593009528431662,0.03420359194832572,20.14881524549066,0.5472574711732116,1.2593009528431662,0.03420359194832572,20.14881524549066,0.5472574711732116
10000,75.0,i704-o16,16,aggregated,2,48,48,48,48,1.0,1.0,4.097374451797995,0.2810817093524028,65.55799122876792,4.497307349638445,4.097374451797995,0.2810817093524028,65.55799122876792,4.497307349638445
10000,75.0,i704-o16,16,disaggregated,2,48,25,25,48,0.5,0.5208333333333334,0.6548311998398368,0.055354344876387386,10.47729919743739,0.8856695180221982,1.2562798894896685,0.03521441984854935,20.100478231834696,0.5634307175767896
10000,75.0,mixed,4,aggregated,2,48,48,48,48,1.0,1.0,1.0891470858617724,0.00996899316954475,98.74933578480069,0.9038553807053983,1.0891470858617724,0.00996899316954475,98.74933578480069,0.9038553807053983
10000,75.0,mixed,4,disaggregated,2,48,48,48,48,1.0,1.0,1.0312650920058606,0.00469960560794726,93.50136834186469,0.42609757512055835,1.0312650920058606,0.00469960560794726,93.50136834186469,0.42609757512055835
10000,75.0,mixed,16,aggregated,2,48,48,48,48,1.0,1.0,2.447971998515036,0.03597815712558686,221.9494611986966,3.262019579386533,2.447971998515036,0.03597815712558686,221.9494611986966,3.262019579386533
10000,75.0,mixed,16,disaggregated,2,48,48,48,48,1.0,1.0,1.8906383049155375,0.002958284412083604,171.41787297900873,0.26821778669559687,1.8906383049155375,0.002958284412083604,171.41787297900873,0.26821778669559687
20000,25.0,i64-o128,4,aggregated,2,48,0,48,0,0.0,0.0,0.0,0.0,0.0,0.0,0.9189739183493654,0.010099020917779925,117.62866154871877,1.2926746774758304
20000,25.0,i64-o128,4,disaggregated,2,48,0,48,0,0.0,0.0,0.0,0.0,0.0,0.0,0.8799707426349497,0.004279038013622461,112.63625505727356,0.5477168657436751
20000,25.0,i64-o128,16,aggregated,2,48,0,48,0,0.0,0.0,0.0,0.0,0.0,0.0,2.2771800142308054,0.018302242571233952,291.4790418215431,2.342687049117946
20000,25.0,i64-o128,16,disaggregated,2,48,0,48,0,0.0,0.0,0.0,0.0,0.0,0.0,2.0861154691864345,0.006894964969334106,267.0227800558636,0.8825555160747656
20000,25.0,i64-o16,4,aggregated,2,48,3,48,3,0.041666666666666664,0.0625,0.3985503830073277,0.18406542005821241,6.376806128117243,2.9450467209313986,6.392983453901225,0.06863458057990235,102.2877352624196,1.0981532892784376
20000,25.0,i64-o16,4,disaggregated,2,48,3,48,3,0.041666666666666664,0.0625,0.3396733440061709,0.15603202886024212,5.434773504098734,2.496512461763874,5.452132357974842,0.07364737973653392,87.23411772759748,1.1783580757845427
20000,25.0,i64-o16,16,aggregated,2,48,2,48,2,0.041666666666666664,0.041666666666666664,0.5901544827486136,0.007283433288575472,9.442471723977818,0.11653493261720756,14.163707585966726,0.17480239892581195,226.61932137546762,2.7968383828129912
20000,25.0,i64-o16,16,disaggregated,2,48,2,48,2,0.041666666666666664,0.041666666666666664,0.3141772498985785,0.0035051057493735013,5.026835998377256,0.05608169198997602,7.540253997565884,0.0841225379849634,120.64406396105414,1.3459606077594144
20000,25.0,i704-o128,4,aggregated,2,48,0,48,0,0.0,0.0,0.0,0.0,0.0,0.0,0.7808407171858998,0.0025236890407505886,99.94761179979517,0.32303219721607535
20000,25.0,i704-o128,4,disaggregated,2,48,0,48,0,0.0,0.0,0.0,0.0,0.0,0.0,0.7184411802224362,0.0009679362431578787,91.96047106847183,0.12389583912420847
20000,25.0,i704-o128,16,aggregated,2,48,0,48,0,0.0,0.0,0.0,0.0,0.0,0.0,1.8232828824228693,0.01122489469352279,233.38020895012727,1.4367865207709172
20000,25.0,i704-o128,16,disaggregated,2,48,0,48,0,0.0,0.0,0.0,0.0,0.0,0.0,1.0034638330171899,0.015910041296275407,128.4433706262003,2.036485285923252
20000,25.0,i704-o16,4,aggregated,2,48,9,48,9,0.16666666666666666,0.1875,0.5852637854609327,0.09513116867808458,9.364220567374923,1.5220986988493532,3.120063704804352,0.017095521082855433,49.92101927686963,0.27352833732568693
20000,25.0,i704-o16,4,disaggregated,2,48,11,48,11,0.20833333333333334,0.22916666666666666,0.28808593519723397,0.029264186983095526,4.6093749631557435,0.4682269917295284,1.2593009528431662,0.03420359194832572,20.14881524549066,0.5472574711732116
20000,25.0,i704-o16,16,aggregated,2,48,2,48,2,0.0,0.041666666666666664,0.17900538477285768,0.25315184288358966,2.864086156365723,4.050429486137435,4.097374451797995,0.2810817093524028,65.55799122876792,4.497307349638445
20000,25.0,i704-o16,16,disaggregated,2,48,12,48,12,0.25,0.25,0.3140699723724171,0.008803604962137338,5.025119557958674,0.1408576793941974,1.2562798894896685,0.03521441984854935,20.100478231834696,0.5634307175767896
20000,25.0,mixed,4,aggregated,2,48,2,48,2,0.041666666666666664,0.041666666666666664,0.04538112857757385,0.000415374715397698,0.7260980572411816,0.006645995446363168,1.0891470858617724,0.00996899316954475,98.74933578480069,0.9038553807053983
20000,25.0,mixed,4,disaggregated,2,48,1,48,1,0.0,0.020833333333333332,0.021415457687741224,0.0302860307064308,0.3426473230038596,0.4845764913028928,1.0312650920058606,0.00469960560794726,93.50136834186469,0.42609757512055835
20000,25.0,mixed,16,aggregated,2,48,0,48,0,0.0,0.0,0.0,0.0,0.0,0.0,2.447971998515036,0.03597815712558686,221.9494611986966,3.262019579386533
20000,25.0,mixed,16,disaggregated,2,48,0,48,0,0.0,0.0,0.0,0.0,0.0,0.0,1.8906383049155375,0.002958284412083604,171.41787297900873,0.26821778669559687
20000,30.0,i64-o128,4,aggregated,2,48,1,48,1,0.0,0.020833333333333332,0.018996517336980386,0.026865132455813293,2.4315542191334893,3.4387369543441015,0.9189739183493654,0.010099020917779925,117.62866154871877,1.2926746774758304
20000,30.0,i64-o128,4,disaggregated,2,48,4,48,4,0.041666666666666664,0.08333333333333333,0.07345696758609528,0.05220935978137979,9.402491851020196,6.682798052016613,0.8799707426349497,0.004279038013622461,112.63625505727356,0.5477168657436751
20000,30.0,i64-o128,16,aggregated,2,48,0,48,0,0.0,0.0,0.0,0.0,0.0,0.0,2.2771800142308054,0.018302242571233952,291.4790418215431,2.342687049117946
20000,30.0,i64-o128,16,disaggregated,2,48,0,48,0,0.0,0.0,0.0,0.0,0.0,0.0,2.0861154691864345,0.006894964969334106,267.0227800558636,0.8825555160747656
20000,30.0,i64-o16,4,aggregated,2,48,26,48,26,0.5416666666666666,0.5416666666666666,3.46286603752983,0.03717706448078057,55.40585660047728,0.5948330316924891,6.392983453901225,0.06863458057990235,102.2877352624196,1.0981532892784376
20000,30.0,i64-o16,4,disaggregated,2,48,34,48,34,0.625,0.7083333333333334,3.8662668003678737,0.6947068543551471,61.86026880588598,11.115309669682354,5.452132357974842,0.07364737973653392,87.23411772759748,1.1783580757845427
20000,30.0,i64-o16,16,aggregated,2,48,6,48,6,0.125,0.125,1.7704634482458408,0.021850299865726494,28.327415171933453,0.3496047978516239,14.163707585966726,0.17480239892581195,226.61932137546762,2.7968383828129912
20000,30.0,i64-o16,16,disaggregated,2,48,15,48,15,0.20833333333333334,0.3125,2.350133164128944,1.0844960263688257,37.6021306260631,17.35193642190121,7.540253997565884,0.0841225379849634,120.64406396105414,1.3459606077594144
20000,30.0,i704-o128,4,aggregated,2,48,0,48,0,0.0,0.0,0.0,0.0,0.0,0.0,0.7808407171858998,0.0025236890407505886,99.94761179979517,0.32303219721607535
20000,30.0,i704-o128,4,disaggregated,2,48,2,48,2,0.0,0.041666666666666664,0.02996356727098872,0.04237488321171084,3.8353366106865563,5.423985051098987,0.7184411802224362,0.0009679362431578787,91.96047106847183,0.12389583912420847
20000,30.0,i704-o128,16,aggregated,2,48,0,48,0,0.0,0.0,0.0,0.0,0.0,0.0,1.8232828824228693,0.01122489469352279,233.38020895012727,1.4367865207709172
20000,30.0,i704-o128,16,disaggregated,2,48,0,48,0,0.0,0.0,0.0,0.0,0.0,0.0,1.0034638330171899,0.015910041296275407,128.4433706262003,2.036485285923252
20000,30.0,i704-o16,4,aggregated,2,48,27,48,27,0.5,0.5625,1.7542803115220975,0.26616104481604114,28.06848498435356,4.258576717056658,3.120063704804352,0.017095521082855433,49.92101927686963,0.27352833732568693
20000,30.0,i704-o16,4,disaggregated,2,48,47,48,47,0.9583333333333334,0.9791666666666666,1.2325616498296088,0.003611493021851272,19.72098639727374,0.05778388834962035,1.2593009528431662,0.03420359194832572,20.14881524549066,0.5472574711732116
20000,30.0,i704-o16,16,aggregated,2,48,15,48,15,0.20833333333333334,0.3125,1.3011331393900598,0.6914382966573914,20.818130230240957,11.063012746518263,4.097374451797995,0.2810817093524028,65.55799122876792,4.497307349638445
20000,30.0,i704-o16,16,disaggregated,2,48,48,48,48,1.0,1.0,1.2562798894896685,0.03521441984854935,20.100478231834696,0.5634307175767896,1.2562798894896685,0.03521441984854935,20.100478231834696,0.5634307175767896
20000,30.0,mixed,4,aggregated,2,48,9,48,9,0.16666666666666666,0.1875,0.20406822146008674,0.030220117535811435,3.265091543361388,0.48352188057298295,1.0891470858617724,0.00996899316954475,98.74933578480069,0.9038553807053983
20000,30.0,mixed,4,disaggregated,2,48,13,48,13,0.20833333333333334,0.2708333333333333,0.2790932672311113,0.08987900761763672,9.278062705058463,1.4161326290451004,1.0312650920058606,0.00469960560794726,93.50136834186469,0.42609757512055835
20000,30.0,mixed,16,aggregated,2,48,1,48,1,0.0,0.020833333333333332,0.05046940832576956,0.07137452173924891,0.8075105332123129,1.1419923478279825,2.447971998515036,0.03597815712558686,221.9494611986966,3.262019579386533
20000,30.0,mixed,16,disaggregated,2,48,2,48,2,0.041666666666666664,0.041666666666666664,0.0787765960381474,0.00012326185050348022,1.2604255366103585,0.0019721896080556836,1.8906383049155375,0.002958284412083604,171.41787297900873,0.26821778669559687
20000,35.0,i64-o128,4,aggregated,2,48,48,48,48,1.0,1.0,0.9189739183493654,0.010099020917779925,117.62866154871877,1.2926746774758304,0.9189739183493654,0.010099020917779925,117.62866154871877,1.2926746774758304
20000,35.0,i64-o128,4,disaggregated,2,48,47,48,47,0.9583333333333334,0.9791666666666666,0.8617010550133128,0.030116278028460966,110.29773504170404,3.8548835876430037,0.8799707426349497,0.004279038013622461,112.63625505727356,0.5477168657436751
20000,35.0,i64-o128,16,aggregated,2,48,11,48,11,0.20833333333333334,0.22916666666666666,0.5221233707577478,0.0712863235077862,66.83179145699172,9.124649408996634,2.2771800142308054,0.018302242571233952,291.4790418215431,2.342687049117946
20000,35.0,i64-o128,16,disaggregated,2,48,2,48,2,0.041666666666666664,0.041666666666666664,0.0869214778827681,0.00028729020705559104,11.125949168994318,0.03677314650311565,2.0861154691864345,0.006894964969334106,267.0227800558636,0.8825555160747656
20000,35.0,i64-o16,4,aggregated,2,48,48,48,48,1.0,1.0,6.392983453901225,0.06863458057990235,102.2877352624196,1.0981532892784376,6.392983453901225,0.06863458057990235,102.2877352624196,1.0981532892784376
20000,35.0,i64-o16,4,disaggregated,2,48,48,48,48,1.0,1.0,5.452132357974842,0.07364737973653392,87.23411772759748,1.1783580757845427,5.452132357974842,0.07364737973653392,87.23411772759748,1.1783580757845427
20000,35.0,i64-o16,16,aggregated,2,48,19,48,19,0.3333333333333333,0.3958333333333333,5.614192833714837,1.3210993263390196,89.82708533943739,21.137589221424314,14.163707585966726,0.17480239892581195,226.61932137546762,2.7968383828129912
20000,35.0,i64-o16,16,disaggregated,2,48,47,48,47,0.9583333333333334,0.9791666666666666,7.381926130594516,0.1397868787875483,118.11081808951225,2.236590060600773,7.540253997565884,0.0841225379849634,120.64406396105414,1.3459606077594144
20000,35.0,i704-o128,4,aggregated,2,48,47,48,47,0.9583333333333334,0.9791666666666666,0.7645360247938118,0.02053462807046158,97.86061117360791,2.6284323930190823,0.7808407171858998,0.0025236890407505886,99.94761179979517,0.32303219721607535
20000,35.0,i704-o128,4,disaggregated,2,48,48,48,48,1.0,1.0,0.7184411802224362,0.0009679362431578787,91.96047106847183,0.12389583912420847,0.7184411802224362,0.0009679362431578787,91.96047106847183,0.12389583912420847
20000,35.0,i704-o128,16,aggregated,2,48,3,48,3,0.041666666666666664,0.0625,0.11412053846717712,0.0544205430092854,14.607428923798672,6.965829505188531,1.8232828824228693,0.01122489469352279,233.38020895012727,1.4367865207709172
20000,35.0,i704-o128,16,disaggregated,2,48,30,48,30,0.4583333333333333,0.625,0.6252898792874846,0.22657491785712794,80.03710454879803,29.001589485712376,1.0034638330171899,0.015910041296275407,128.4433706262003,2.036485285923252
20000,35.0,i704-o16,4,aggregated,2,48,48,48,48,1.0,1.0,3.120063704804352,0.017095521082855433,49.92101927686963,0.27352833732568693,3.120063704804352,0.017095521082855433,49.92101927686963,0.27352833732568693
20000,35.0,i704-o16,4,disaggregated,2,48,48,48,48,1.0,1.0,1.2593009528431662,0.03420359194832572,20.14881524549066,0.5472574711732116,1.2593009528431662,0.03420359194832572,20.14881524549066,0.5472574711732116
20000,35.0,i704-o16,16,aggregated,2,48,36,48,36,0.625,0.75,3.0978751866923195,0.9351315969960207,49.56600298707711,14.96210555193633,4.097374451797995,0.2810817093524028,65.55799122876792,4.497307349638445
20000,35.0,i704-o16,16,disaggregated,2,48,48,48,48,1.0,1.0,1.2562798894896685,0.03521441984854935,20.100478231834696,0.5634307175767896,1.2562798894896685,0.03521441984854935,20.100478231834696,0.5634307175767896
20000,35.0,mixed,4,aggregated,2,48,48,48,48,1.0,1.0,1.0891470858617724,0.00996899316954475,98.74933578480069,0.9038553807053983,1.0891470858617724,0.00996899316954475,98.74933578480069,0.9038553807053983
20000,35.0,mixed,4,disaggregated,2,48,48,48,48,1.0,1.0,1.0312650920058606,0.00469960560794726,93.50136834186469,0.42609757512055835,1.0312650920058606,0.00469960560794726,93.50136834186469,0.42609757512055835
20000,35.0,mixed,16,aggregated,2,48,4,48,4,0.08333333333333333,0.08333333333333333,0.20399766654291968,0.0029981797604655648,14.687831991090217,0.21586894275352175,2.447971998515036,0.03597815712558686,221.9494611986966,3.262019579386533
20000,35.0,mixed,16,disaggregated,2,48,8,48,8,0.08333333333333333,0.16666666666666666,0.31493206557188436,0.22232081362745543,27.08171717905218,22.238984026373736,1.8906383049155375,0.002958284412083604,171.41787297900873,0.26821778669559687
20000,40.0,i64-o128,4,aggregated,2,48,48,48,48,1.0,1.0,0.9189739183493654,0.010099020917779925,117.62866154871877,1.2926746774758304,0.9189739183493654,0.010099020917779925,117.62866154871877,1.2926746774758304
20000,40.0,i64-o128,4,disaggregated,2,48,48,48,48,1.0,1.0,0.8799707426349497,0.004279038013622461,112.63625505727356,0.5477168657436751,0.8799707426349497,0.004279038013622461,112.63625505727356,0.5477168657436751
20000,40.0,i64-o128,16,aggregated,2,48,18,48,18,0.3333333333333333,0.375,0.8534032703435086,0.1273207782062106,109.2356186039691,16.297059610394957,2.2771800142308054,0.018302242571233952,291.4790418215431,2.342687049117946
20000,40.0,i64-o128,16,disaggregated,2,48,16,48,16,0.3333333333333333,0.3333333333333333,0.6953718230621448,0.0022983216564447283,89.00759335195454,0.2941851720249252,2.0861154691864345,0.006894964969334106,267.0227800558636,0.8825555160747656
20000,40.0,i64-o16,4,aggregated,2,48,48,48,48,1.0,1.0,6.392983453901225,0.06863458057990235,102.2877352624196,1.0981532892784376,6.392983453901225,0.06863458057990235,102.2877352624196,1.0981532892784376
20000,40.0,i64-o16,4,disaggregated,2,48,48,48,48,1.0,1.0,5.452132357974842,0.07364737973653392,87.23411772759748,1.1783580757845427,5.452132357974842,0.07364737973653392,87.23411772759748,1.1783580757845427
20000,40.0,i64-o16,16,aggregated,2,48,43,48,43,0.8333333333333334,0.8958333333333334,12.696046626698198,1.4085005258019256,203.13674602717117,22.53600841283081,14.163707585966726,0.17480239892581195,226.61932137546762,2.7968383828129912
20000,40.0,i64-o16,16,disaggregated,2,48,48,48,48,1.0,1.0,7.540253997565884,0.0841225379849634,120.64406396105414,1.3459606077594144,7.540253997565884,0.0841225379849634,120.64406396105414,1.3459606077594144
20000,40.0,i704-o128,4,aggregated,2,48,48,48,48,1.0,1.0,0.7808407171858998,0.0025236890407505886,99.94761179979517,0.32303219721607535,0.7808407171858998,0.0025236890407505886,99.94761179979517,0.32303219721607535
20000,40.0,i704-o128,4,disaggregated,2,48,48,48,48,1.0,1.0,0.7184411802224362,0.0009679362431578787,91.96047106847183,0.12389583912420847,0.7184411802224362,0.0009679362431578787,91.96047106847183,0.12389583912420847
20000,40.0,i704-o128,16,aggregated,2,48,16,48,16,0.3333333333333333,0.3333333333333333,0.6077609608076231,0.003741631564507623,77.79340298337576,0.47892884025697574,1.8232828824228693,0.01122489469352279,233.38020895012727,1.4367865207709172
20000,40.0,i704-o128,16,disaggregated,2,48,48,48,48,1.0,1.0,1.0034638330171899,0.015910041296275407,128.4433706262003,2.036485285923252,1.0034638330171899,0.015910041296275407,128.4433706262003,2.036485285923252
20000,40.0,i704-o16,4,aggregated,2,48,48,48,48,1.0,1.0,3.120063704804352,0.017095521082855433,49.92101927686963,0.27352833732568693,3.120063704804352,0.017095521082855433,49.92101927686963,0.27352833732568693
20000,40.0,i704-o16,4,disaggregated,2,48,48,48,48,1.0,1.0,1.2593009528431662,0.03420359194832572,20.14881524549066,0.5472574711732116,1.2593009528431662,0.03420359194832572,20.14881524549066,0.5472574711732116
20000,40.0,i704-o16,16,aggregated,2,48,48,48,48,1.0,1.0,4.097374451797995,0.2810817093524028,65.55799122876792,4.497307349638445,4.097374451797995,0.2810817093524028,65.55799122876792,4.497307349638445
20000,40.0,i704-o16,16,disaggregated,2,48,48,48,48,1.0,1.0,1.2562798894896685,0.03521441984854935,20.100478231834696,0.5634307175767896,1.2562798894896685,0.03521441984854935,20.100478231834696,0.5634307175767896
20000,40.0,mixed,4,aggregated,2,48,48,48,48,1.0,1.0,1.0891470858617724,0.00996899316954475,98.74933578480069,0.9038553807053983,1.0891470858617724,0.00996899316954475,98.74933578480069,0.9038553807053983
20000,40.0,mixed,4,disaggregated,2,48,48,48,48,1.0,1.0,1.0312650920058606,0.00469960560794726,93.50136834186469,0.42609757512055835,1.0312650920058606,0.00469960560794726,93.50136834186469,0.42609757512055835
20000,40.0,mixed,16,aggregated,2,48,28,48,28,0.5416666666666666,0.5833333333333334,1.4290436824203585,0.16523539168198945,102.83178420355026,3.8190527330143325,2.447971998515036,0.03597815712558686,221.9494611986966,3.262019579386533
20000,40.0,mixed,16,disaggregated,2,48,39,48,39,0.7916666666666666,0.8125,1.536100043098698,0.05329985917254942,139.27632452112178,0.6733284924277259,1.8906383049155375,0.002958284412083604,171.41787297900873,0.26821778669559687
20000,50.0,i64-o128,4,aggregated,2,48,48,48,48,1.0,1.0,0.9189739183493654,0.010099020917779925,117.62866154871877,1.2926746774758304,0.9189739183493654,0.010099020917779925,117.62866154871877,1.2926746774758304
20000,50.0,i64-o128,4,disaggregated,2,48,48,48,48,1.0,1.0,0.8799707426349497,0.004279038013622461,112.63625505727356,0.5477168657436751,0.8799707426349497,0.004279038013622461,112.63625505727356,0.5477168657436751
20000,50.0,i64-o128,16,aggregated,2,48,48,48,48,1.0,1.0,2.2771800142308054,0.018302242571233952,291.4790418215431,2.342687049117946,2.2771800142308054,0.018302242571233952,291.4790418215431,2.342687049117946
20000,50.0,i64-o128,16,disaggregated,2,48,48,48,48,1.0,1.0,2.0861154691864345,0.006894964969334106,267.0227800558636,0.8825555160747656,2.0861154691864345,0.006894964969334106,267.0227800558636,0.8825555160747656
20000,50.0,i64-o16,4,aggregated,2,48,48,48,48,1.0,1.0,6.392983453901225,0.06863458057990235,102.2877352624196,1.0981532892784376,6.392983453901225,0.06863458057990235,102.2877352624196,1.0981532892784376
20000,50.0,i64-o16,4,disaggregated,2,48,48,48,48,1.0,1.0,5.452132357974842,0.07364737973653392,87.23411772759748,1.1783580757845427,5.452132357974842,0.07364737973653392,87.23411772759748,1.1783580757845427
20000,50.0,i64-o16,16,aggregated,2,48,48,48,48,1.0,1.0,14.163707585966726,0.17480239892581195,226.61932137546762,2.7968383828129912,14.163707585966726,0.17480239892581195,226.61932137546762,2.7968383828129912
20000,50.0,i64-o16,16,disaggregated,2,48,48,48,48,1.0,1.0,7.540253997565884,0.0841225379849634,120.64406396105414,1.3459606077594144,7.540253997565884,0.0841225379849634,120.64406396105414,1.3459606077594144
20000,50.0,i704-o128,4,aggregated,2,48,48,48,48,1.0,1.0,0.7808407171858998,0.0025236890407505886,99.94761179979517,0.32303219721607535,0.7808407171858998,0.0025236890407505886,99.94761179979517,0.32303219721607535
20000,50.0,i704-o128,4,disaggregated,2,48,48,48,48,1.0,1.0,0.7184411802224362,0.0009679362431578787,91.96047106847183,0.12389583912420847,0.7184411802224362,0.0009679362431578787,91.96047106847183,0.12389583912420847
20000,50.0,i704-o128,16,aggregated,2,48,48,48,48,1.0,1.0,1.8232828824228693,0.01122489469352279,233.38020895012727,1.4367865207709172,1.8232828824228693,0.01122489469352279,233.38020895012727,1.4367865207709172
20000,50.0,i704-o128,16,disaggregated,2,48,48,48,48,1.0,1.0,1.0034638330171899,0.015910041296275407,128.4433706262003,2.036485285923252,1.0034638330171899,0.015910041296275407,128.4433706262003,2.036485285923252
20000,50.0,i704-o16,4,aggregated,2,48,48,48,48,1.0,1.0,3.120063704804352,0.017095521082855433,49.92101927686963,0.27352833732568693,3.120063704804352,0.017095521082855433,49.92101927686963,0.27352833732568693
20000,50.0,i704-o16,4,disaggregated,2,48,48,48,48,1.0,1.0,1.2593009528431662,0.03420359194832572,20.14881524549066,0.5472574711732116,1.2593009528431662,0.03420359194832572,20.14881524549066,0.5472574711732116
20000,50.0,i704-o16,16,aggregated,2,48,48,48,48,1.0,1.0,4.097374451797995,0.2810817093524028,65.55799122876792,4.497307349638445,4.097374451797995,0.2810817093524028,65.55799122876792,4.497307349638445
20000,50.0,i704-o16,16,disaggregated,2,48,48,48,48,1.0,1.0,1.2562798894896685,0.03521441984854935,20.100478231834696,0.5634307175767896,1.2562798894896685,0.03521441984854935,20.100478231834696,0.5634307175767896
20000,50.0,mixed,4,aggregated,2,48,48,48,48,1.0,1.0,1.0891470858617724,0.00996899316954475,98.74933578480069,0.9038553807053983,1.0891470858617724,0.00996899316954475,98.74933578480069,0.9038553807053983
20000,50.0,mixed,4,disaggregated,2,48,48,48,48,1.0,1.0,1.0312650920058606,0.00469960560794726,93.50136834186469,0.42609757512055835,1.0312650920058606,0.00469960560794726,93.50136834186469,0.42609757512055835
20000,50.0,mixed,16,aggregated,2,48,48,48,48,1.0,1.0,2.447971998515036,0.03597815712558686,221.9494611986966,3.262019579386533,2.447971998515036,0.03597815712558686,221.9494611986966,3.262019579386533
20000,50.0,mixed,16,disaggregated,2,48,48,48,48,1.0,1.0,1.8906383049155375,0.002958284412083604,171.41787297900873,0.26821778669559687,1.8906383049155375,0.002958284412083604,171.41787297900873,0.26821778669559687
20000,75.0,i64-o128,4,aggregated,2,48,48,48,48,1.0,1.0,0.9189739183493654,0.010099020917779925,117.62866154871877,1.2926746774758304,0.9189739183493654,0.010099020917779925,117.62866154871877,1.2926746774758304
20000,75.0,i64-o128,4,disaggregated,2,48,48,48,48,1.0,1.0,0.8799707426349497,0.004279038013622461,112.63625505727356,0.5477168657436751,0.8799707426349497,0.004279038013622461,112.63625505727356,0.5477168657436751
20000,75.0,i64-o128,16,aggregated,2,48,48,48,48,1.0,1.0,2.2771800142308054,0.018302242571233952,291.4790418215431,2.342687049117946,2.2771800142308054,0.018302242571233952,291.4790418215431,2.342687049117946
20000,75.0,i64-o128,16,disaggregated,2,48,48,48,48,1.0,1.0,2.0861154691864345,0.006894964969334106,267.0227800558636,0.8825555160747656,2.0861154691864345,0.006894964969334106,267.0227800558636,0.8825555160747656
20000,75.0,i64-o16,4,aggregated,2,48,48,48,48,1.0,1.0,6.392983453901225,0.06863458057990235,102.2877352624196,1.0981532892784376,6.392983453901225,0.06863458057990235,102.2877352624196,1.0981532892784376
20000,75.0,i64-o16,4,disaggregated,2,48,48,48,48,1.0,1.0,5.452132357974842,0.07364737973653392,87.23411772759748,1.1783580757845427,5.452132357974842,0.07364737973653392,87.23411772759748,1.1783580757845427
20000,75.0,i64-o16,16,aggregated,2,48,48,48,48,1.0,1.0,14.163707585966726,0.17480239892581195,226.61932137546762,2.7968383828129912,14.163707585966726,0.17480239892581195,226.61932137546762,2.7968383828129912
20000,75.0,i64-o16,16,disaggregated,2,48,48,48,48,1.0,1.0,7.540253997565884,0.0841225379849634,120.64406396105414,1.3459606077594144,7.540253997565884,0.0841225379849634,120.64406396105414,1.3459606077594144
20000,75.0,i704-o128,4,aggregated,2,48,48,48,48,1.0,1.0,0.7808407171858998,0.0025236890407505886,99.94761179979517,0.32303219721607535,0.7808407171858998,0.0025236890407505886,99.94761179979517,0.32303219721607535
20000,75.0,i704-o128,4,disaggregated,2,48,48,48,48,1.0,1.0,0.7184411802224362,0.0009679362431578787,91.96047106847183,0.12389583912420847,0.7184411802224362,0.0009679362431578787,91.96047106847183,0.12389583912420847
20000,75.0,i704-o128,16,aggregated,2,48,48,48,48,1.0,1.0,1.8232828824228693,0.01122489469352279,233.38020895012727,1.4367865207709172,1.8232828824228693,0.01122489469352279,233.38020895012727,1.4367865207709172
20000,75.0,i704-o128,16,disaggregated,2,48,48,48,48,1.0,1.0,1.0034638330171899,0.015910041296275407,128.4433706262003,2.036485285923252,1.0034638330171899,0.015910041296275407,128.4433706262003,2.036485285923252
20000,75.0,i704-o16,4,aggregated,2,48,48,48,48,1.0,1.0,3.120063704804352,0.017095521082855433,49.92101927686963,0.27352833732568693,3.120063704804352,0.017095521082855433,49.92101927686963,0.27352833732568693
20000,75.0,i704-o16,4,disaggregated,2,48,48,48,48,1.0,1.0,1.2593009528431662,0.03420359194832572,20.14881524549066,0.5472574711732116,1.2593009528431662,0.03420359194832572,20.14881524549066,0.5472574711732116
20000,75.0,i704-o16,16,aggregated,2,48,48,48,48,1.0,1.0,4.097374451797995,0.2810817093524028,65.55799122876792,4.497307349638445,4.097374451797995,0.2810817093524028,65.55799122876792,4.497307349638445
20000,75.0,i704-o16,16,disaggregated,2,48,48,48,48,1.0,1.0,1.2562798894896685,0.03521441984854935,20.100478231834696,0.5634307175767896,1.2562798894896685,0.03521441984854935,20.100478231834696,0.5634307175767896
20000,75.0,mixed,4,aggregated,2,48,48,48,48,1.0,1.0,1.0891470858617724,0.00996899316954475,98.74933578480069,0.9038553807053983,1.0891470858617724,0.00996899316954475,98.74933578480069,0.9038553807053983
20000,75.0,mixed,4,disaggregated,2,48,48,48,48,1.0,1.0,1.0312650920058606,0.00469960560794726,93.50136834186469,0.42609757512055835,1.0312650920058606,0.00469960560794726,93.50136834186469,0.42609757512055835
20000,75.0,mixed,16,aggregated,2,48,48,48,48,1.0,1.0,2.447971998515036,0.03597815712558686,221.9494611986966,3.262019579386533,2.447971998515036,0.03597815712558686,221.9494611986966,3.262019579386533
20000,75.0,mixed,16,disaggregated,2,48,48,48,48,1.0,1.0,1.8906383049155375,0.002958284412083604,171.41787297900873,0.26821778669559687,1.8906383049155375,0.002958284412083604,171.41787297900873,0.26821778669559687
