ttft_slo_ms,tpot_slo_ms,workload,concurrency,a_request_goodput,a_request_goodput_std,a_token_goodput,a_token_goodput_std,a_attainment,a_min_repetition_attainment,a_good_requests,a_requests,d_request_goodput,d_request_goodput_std,d_token_goodput,d_token_goodput_std,d_attainment,d_min_repetition_attainment,d_good_requests,d_requests,d_over_a_goodput,d_minus_a_goodput
100,25.0,i64-o128,4,0.0,0.0,0.0,0.0,0.0,0.0,0,48,0.0,0.0,0.0,0.0,0.0,0.0,0,48,,0.0
100,25.0,i64-o128,16,0.0,0.0,0.0,0.0,0.0,0.0,0,48,0.0,0.0,0.0,0.0,0.0,0.0,0,48,,0.0
100,25.0,i64-o16,4,0.0,0.0,0.0,0.0,0.0,0.0,0,48,0.0,0.0,0.0,0.0,0.0,0.0,0,48,,0.0
100,25.0,i64-o16,16,0.0,0.0,0.0,0.0,0.0,0.0,0,48,0.0,0.0,0.0,0.0,0.0,0.0,0,48,,0.0
100,25.0,i704-o128,4,0.0,0.0,0.0,0.0,0.0,0.0,0,48,0.0,0.0,0.0,0.0,0.0,0.0,0,48,,0.0
100,25.0,i704-o128,16,0.0,0.0,0.0,0.0,0.0,0.0,0,48,0.0,0.0,0.0,0.0,0.0,0.0,0,48,,0.0
100,25.0,i704-o16,4,0.0,0.0,0.0,0.0,0.0,0.0,0,48,0.0,0.0,0.0,0.0,0.0,0.0,0,48,,0.0
100,25.0,i704-o16,16,0.0,0.0,0.0,0.0,0.0,0.0,0,48,0.0,0.0,0.0,0.0,0.0,0.0,0,48,,0.0
100,25.0,mixed,4,0.0,0.0,0.0,0.0,0.0,0.0,0,48,0.0,0.0,0.0,0.0,0.0,0.0,0,48,,0.0
100,25.0,mixed,16,0.0,0.0,0.0,0.0,0.0,0.0,0,48,0.0,0.0,0.0,0.0,0.0,0.0,0,48,,0.0
100,30.0,i64-o128,4,0.0,0.0,0.0,0.0,0.0,0.0,0,48,0.0,0.0,0.0,0.0,0.0,0.0,0,48,,0.0
100,30.0,i64-o128,16,0.0,0.0,0.0,0.0,0.0,0.0,0,48,0.0,0.0,0.0,0.0,0.0,0.0,0,48,,0.0
100,30.0,i64-o16,4,1.8558005725276967,0.9076510759844931,29.692809160443147,14.52241721575189,0.25,0.16666666666666666,12,48,0.0,0.0,0.0,0.0,0.0,0.0,0,48,0.0,-1.8558005725276967
100,30.0,i64-o16,16,0.0,0.0,0.0,0.0,0.0,0.0,0,48,0.0,0.0,0.0,0.0,0.0,0.0,0,48,,0.0
100,30.0,i704-o128,4,0.0,0.0,0.0,0.0,0.0,0.0,0,48,0.0,0.0,0.0,0.0,0.0,0.0,0,48,,0.0
100,30.0,i704-o128,16,0.0,0.0,0.0,0.0,0.0,0.0,0,48,0.0,0.0,0.0,0.0,0.0,0.0,0,48,,0.0
100,30.0,i704-o16,4,0.0,0.0,0.0,0.0,0.0,0.0,0,48,0.0,0.0,0.0,0.0,0.0,0.0,0,48,,0.0
100,30.0,i704-o16,16,0.0,0.0,0.0,0.0,0.0,0.0,0,48,0.0,0.0,0.0,0.0,0.0,0.0,0,48,,0.0
100,30.0,mixed,4,0.0,0.0,0.0,0.0,0.0,0.0,0,48,0.0,0.0,0.0,0.0,0.0,0.0,0,48,,0.0
100,30.0,mixed,16,0.0,0.0,0.0,0.0,0.0,0.0,0,48,0.0,0.0,0.0,0.0,0.0,0.0,0,48,,0.0
100,35.0,i64-o128,4,0.5092692302282841,0.057713675734465564,65.18646146922036,7.387350494011592,0.5416666666666666,0.5,26,48,0.0,0.0,0.0,0.0,0.0,0.0,0,48,0.0,-0.5092692302282841
100,35.0,i64-o128,16,0.14760630564597882,0.07128218906583722,18.89360712268529,9.124120200427164,0.0625,0.041666666666666664,3,48,0.0,0.0,0.0,0.0,0.0,0.0,0,48,0.0,-0.14760630564597882
100,35.0,i64-o16,4,4.162497890722566,0.7361191821774642,66.59996625156106,11.777906914839427,0.5625,0.5,27,48,0.0,0.0,0.0,0.0,0.0,0.0,0,48,0.0,-4.162497890722566
100,35.0,i64-o16,16,0.0,0.0,0.0,0.0,0.0,0.0,0,48,0.0,0.0,0.0,0.0,0.0,0.0,0,48,,0.0
100,35.0,i704-o128,4,0.0,0.0,0.0,0.0,0.0,0.0,0,48,0.0,0.0,0.0,0.0,0.0,0.0,0,48,,0.0
100,35.0,i704-o128,16,0.0,0.0,0.0,0.0,0.0,0.0,0,48,0.0,0.0,0.0,0.0,0.0,0.0,0,48,,0.0
100,35.0,i704-o16,4,0.0,0.0,0.0,0.0,0.0,0.0,0,48,0.0,0.0,0.0,0.0,0.0,0.0,0,48,,0.0
100,35.0,i704-o16,16,0.0,0.0,0.0,0.0,0.0,0.0,0,48,0.0,0.0,0.0,0.0,0.0,0.0,0,48,,0.0
100,35.0,mixed,4,0.43849346053540394,0.04655631433435224,56.127162948531705,5.959208234797087,0.3541666666666667,0.3333333333333333,17,48,0.0,0.0,0.0,0.0,0.0,0.0,0,48,0.0,-0.43849346053540394
100,35.0,mixed,16,0.0,0.0,0.0,0.0,0.0,0.0,0,48,0.0,0.0,0.0,0.0,0.0,0.0,0,48,,0.0
100,40.0,i64-o128,4,0.5092692302282841,0.057713675734465564,65.18646146922036,7.387350494011592,0.5416666666666666,0.5,26,48,0.0,0.0,0.0,0.0,0.0,0.0,0,48,0.0,-0.5092692302282841
100,40.0,i64-o128,16,0.14760630564597882,0.07128218906583722,18.89360712268529,9.124120200427164,0.0625,0.041666666666666664,3,48,0.0,0.0,0.0,0.0,0.0,0.0,0,48,0.0,-0.14760630564597882
100,40.0,i64-o16,4,4.31424718344104,0.5215132743344728,69.02795493505664,8.344212389351565,0.5833333333333334,0.5416666666666666,28,48,0.0,0.0,0.0,0.0,0.0,0.0,0,48,0.0,-4.31424718344104
100,40.0,i64-o16,16,0.7196778727965374,0.012706215751607804,11.514845964744598,0.20329945202572486,0.041666666666666664,0.041666666666666664,2,48,0.0,0.0,0.0,0.0,0.0,0.0,0,48,0.0,-0.7196778727965374
100,40.0,i704-o128,4,0.0,0.0,0.0,0.0,0.0,0.0,0,48,0.0,0.0,0.0,0.0,0.0,0.0,0,48,,0.0
100,40.0,i704-o128,16,0.0,0.0,0.0,0.0,0.0,0.0,0,48,0.0,0.0,0.0,0.0,0.0,0.0,0,48,,0.0
100,40.0,i704-o16,4,0.0,0.0,0.0,0.0,0.0,0.0,0,48,0.0,0.0,0.0,0.0,0.0,0.0,0,48,,0.0
100,40.0,i704-o16,16,0.0,0.0,0.0,0.0,0.0,0.0,0,48,0.0,0.0,0.0,0.0,0.0,0.0,0,48,,0.0
100,40.0,mixed,4,0.46384178397056214,0.010708371548931804,59.371748348231954,1.370671558263271,0.375,0.375,18,48,0.0,0.0,0.0,0.0,0.0,0.0,0,48,0.0,-0.46384178397056214
100,40.0,mixed,16,0.26768763261552075,0.1941256094992296,34.26401697478666,24.84807801590139,0.08333333333333333,0.041666666666666664,4,48,0.0,0.0,0.0,0.0,0.0,0.0,0,48,0.0,-0.26768763261552075
100,50.0,i64-o128,4,0.5092692302282841,0.057713675734465564,65.18646146922036,7.387350494011592,0.5416666666666666,0.5,26,48,0.0,0.0,0.0,0.0,0.0,0.0,0,48,0.0,-0.5092692302282841
100,50.0,i64-o128,16,0.24571000506389418,0.07255712103113221,31.450880648178455,9.287311491984923,0.10416666666666667,0.08333333333333333,5,48,0.0,0.0,0.0,0.0,0.0,0.0,0,48,0.0,-0.24571000506389418
100,50.0,i64-o16,4,4.31424718344104,0.5215132743344728,69.02795493505664,8.344212389351565,0.5833333333333334,0.5416666666666666,28,48,0.0,0.0,0.0,0.0,0.0,0.0,0,48,0.0,-4.31424718344104
100,50.0,i64-o16,16,0.7196778727965374,0.012706215751607804,11.514845964744598,0.20329945202572486,0.041666666666666664,0.041666666666666664,2,48,0.0,0.0,0.0,0.0,0.0,0.0,0,48,0.0,-0.7196778727965374
100,50.0,i704-o128,4,0.0,0.0,0.0,0.0,0.0,0.0,0,48,0.0,0.0,0.0,0.0,0.0,0.0,0,48,,0.0
100,50.0,i704-o128,16,0.0,0.0,0.0,0.0,0.0,0.0,0,48,0.0,0.0,0.0,0.0,0.0,0.0,0,48,,0.0
100,50.0,i704-o16,4,0.0,0.0,0.0,0.0,0.0,0.0,0,48,0.0,0.0,0.0,0.0,0.0,0.0,0,48,,0.0
100,50.0,i704-o16,16,0.0,0.0,0.0,0.0,0.0,0.0,0,48,0.0,0.0,0.0,0.0,0.0,0.0,0,48,,0.0
100,50.0,mixed,4,0.46384178397056214,0.010708371548931804,59.371748348231954,1.370671558263271,0.375,0.375,18,48,0.0,0.0,0.0,0.0,0.0,0.0,0,48,0.0,-0.46384178397056214
100,50.0,mixed,16,0.26768763261552075,0.1941256094992296,34.26401697478666,24.84807801590139,0.08333333333333333,0.041666666666666664,4,48,0.0,0.0,0.0,0.0,0.0,0.0,0,48,0.0,-0.26768763261552075
100,75.0,i64-o128,4,0.5092692302282841,0.057713675734465564,65.18646146922036,7.387350494011592,0.5416666666666666,0.5,26,48,0.0,0.0,0.0,0.0,0.0,0.0,0,48,0.0,-0.5092692302282841
100,75.0,i64-o128,16,0.24571000506389418,0.07255712103113221,31.450880648178455,9.287311491984923,0.10416666666666667,0.08333333333333333,5,48,0.0,0.0,0.0,0.0,0.0,0.0,0,48,0.0,-0.24571000506389418
100,75.0,i64-o16,4,4.31424718344104,0.5215132743344728,69.02795493505664,8.344212389351565,0.5833333333333334,0.5416666666666666,28,48,0.0,0.0,0.0,0.0,0.0,0.0,0,48,0.0,-4.31424718344104
100,75.0,i64-o16,16,0.7196778727965374,0.012706215751607804,11.514845964744598,0.20329945202572486,0.041666666666666664,0.041666666666666664,2,48,0.0,0.0,0.0,0.0,0.0,0.0,0,48,0.0,-0.7196778727965374
100,75.0,i704-o128,4,0.0,0.0,0.0,0.0,0.0,0.0,0,48,0.0,0.0,0.0,0.0,0.0,0.0,0,48,,0.0
100,75.0,i704-o128,16,0.0,0.0,0.0,0.0,0.0,0.0,0,48,0.0,0.0,0.0,0.0,0.0,0.0,0,48,,0.0
100,75.0,i704-o16,4,0.0,0.0,0.0,0.0,0.0,0.0,0,48,0.0,0.0,0.0,0.0,0.0,0.0,0,48,,0.0
100,75.0,i704-o16,16,0.0,0.0,0.0,0.0,0.0,0.0,0,48,0.0,0.0,0.0,0.0,0.0,0.0,0,48,,0.0
100,75.0,mixed,4,0.46384178397056214,0.010708371548931804,59.371748348231954,1.370671558263271,0.375,0.375,18,48,0.0,0.0,0.0,0.0,0.0,0.0,0,48,0.0,-0.46384178397056214
100,75.0,mixed,16,0.26768763261552075,0.1941256094992296,34.26401697478666,24.84807801590139,0.08333333333333333,0.041666666666666664,4,48,0.0,0.0,0.0,0.0,0.0,0.0,0,48,0.0,-0.26768763261552075
250,25.0,i64-o128,4,0.0,0.0,0.0,0.0,0.0,0.0,0,48,0.0,0.0,0.0,0.0,0.0,0.0,0,48,,0.0
250,25.0,i64-o128,16,0.0,0.0,0.0,0.0,0.0,0.0,0,48,0.0,0.0,0.0,0.0,0.0,0.0,0,48,,0.0
250,25.0,i64-o16,4,0.3078497179251993,0.006153430576566014,4.925595486803188,0.09845488922505623,0.041666666666666664,0.041666666666666664,2,48,0.0,0.0,0.0,0.0,0.0,0.0,0,48,0.0,-0.3078497179251993
250,25.0,i64-o16,16,0.3643312620588593,0.5152422120001451,5.829300192941749,8.243875392002321,0.020833333333333332,0.0,1,48,0.0,0.0,0.0,0.0,0.0,0.0,0,48,0.0,-0.3643312620588593
250,25.0,i704-o128,4,0.0,0.0,0.0,0.0,0.0,0.0,0,48,0.0,0.0,0.0,0.0,0.0,0.0,0,48,,0.0
250,25.0,i704-o128,16,0.0,0.0,0.0,0.0,0.0,0.0,0,48,0.0,0.0,0.0,0.0,0.0,0.0,0,48,,0.0
250,25.0,i704-o16,4,0.2661095161567054,0.0013561801131616268,4.257752258507287,0.02169888181058603,0.041666666666666664,0.041666666666666664,2,48,0.0,0.0,0.0,0.0,0.0,0.0,0,48,0.0,-0.2661095161567054
250,25.0,i704-o16,16,0.0,0.0,0.0,0.0,0.0,0.0,0,48,0.0,0.0,0.0,0.0,0.0,0.0,0,48,,0.0
250,25.0,mixed,4,0.0,0.0,0.0,0.0,0.0,0.0,0,48,0.0,0.0,0.0,0.0,0.0,0.0,0,48,,0.0
250,25.0,mixed,16,0.0,0.0,0.0,0.0,0.0,0.0,0,48,0.0,0.0,0.0,0.0,0.0,0.0,0,48,,0.0
250,30.0,i64-o128,4,0.01964567720383308,0.027783183143664684,2.514646682090634,3.5562474423890795,0.020833333333333332,0.0,1,48,0.0,0.0,0.0,0.0,0.0,0.0,0,48,0.0,-0.01964567720383308
250,30.0,i64-o128,16,0.0,0.0,0.0,0.0,0.0,0.0,0,48,0.0,0.0,0.0,0.0,0.0,0.0,0,48,,0.0
250,30.0,i64-o16,4,4.778197326572965,0.7484260433305961,76.45115722516744,11.974816693289538,0.6458333333333334,0.5833333333333334,31,48,2.5371509073335274,0.3764752677545637,40.59441451733644,6.023604284073019,0.4166666666666667,0.375,20,48,0.5309849581187622,-2.2410464192394373
250,30.0,i64-o16,16,1.4483403969142559,1.0431906397518977,23.173446350628094,16.691050236030364,0.08333333333333333,0.041666666666666664,4,48,0.2694231099330036,0.38102181608399105,4.310769758928058,6.096349057343857,0.020833333333333332,0.0,1,48,0.18602195347655825,-1.1789172869812523
250,30.0,i704-o128,4,0.0,0.0,0.0,0.0,0.0,0.0,0,48,0.0,0.0,0.0,0.0,0.0,0.0,0,48,,0.0
250,30.0,i704-o128,16,0.0,0.0,0.0,0.0,0.0,0.0,0,48,0.0,0.0,0.0,0.0,0.0,0.0,0,48,,0.0
250,30.0,i704-o16,4,2.395944609564876,0.3885413078438095,38.335113753038016,6.216660925500952,0.375,0.3333333333333333,18,48,0.0,0.0,0.0,0.0,0.0,0.0,0,48,0.0,-2.395944609564876
250,30.0,i704-o16,16,0.0,0.0,0.0,0.0,0.0,0.0,0,48,0.0,0.0,0.0,0.0,0.0,0.0,0,48,,0.0
250,30.0,mixed,4,0.20615190398691652,0.004759276243969678,3.2984304637906643,0.07614841990351484,0.16666666666666666,0.16666666666666666,8,48,0.0,0.0,0.0,0.0,0.0,0.0,0,48,0.0,-0.20615190398691652
250,30.0,mixed,16,0.0,0.0,0.0,0.0,0.0,0.0,0,48,0.0,0.0,0.0,0.0,0.0,0.0,0,48,,0.0
250,35.0,i64-o128,4,0.9399557516412358,0.004294618894272414,120.31433621007818,0.549711218466869,1.0,1.0,48,48,0.6601375783766278,0.00813438934514475,84.49761003220836,1.041201836178528,0.75,0.75,36,48,0.702307079055558,-0.279818173264608
250,35.0,i64-o128,16,0.492321523166,0.2838538242980539,63.017154965248,36.3332895101509,0.20833333333333334,0.125,10,48,0.0,0.0,0.0,0.0,0.0,0.0,0,48,0.0,-0.492321523166
250,35.0,i64-o16,4,7.236643937486308,0.3622882416805757,115.78630299978093,5.7966118668892115,0.9791666666666666,0.9583333333333334,47,48,5.197941434143374,0.14272928950871933,83.16706294629398,2.283668632139509,0.8541666666666666,0.8333333333333334,41,48,0.7182806669839984,-2.0387025033429342
250,35.0,i64-o16,16,5.402076371634621,0.6041857222613998,86.43322194615394,9.666971556182396,0.3125,0.2916666666666667,15,48,1.078074272880048,0.7615036385514692,17.24918836608077,12.184058216823507,0.08333333333333333,0.041666666666666664,4,48,0.19956664784319447,-4.324002098754573
250,35.0,i704-o128,4,0.8345171646862564,0.012454393431045369,106.81819707984081,1.5941623591738072,0.9166666666666666,0.9166666666666666,44,48,0.0,0.0,0.0,0.0,0.0,0.0,0,48,0.0,-0.8345171646862564
250,35.0,i704-o128,16,0.0,0.0,0.0,0.0,0.0,0.0,0,48,0.0,0.0,0.0,0.0,0.0,0.0,0,48,,0.0
250,35.0,i704-o16,4,5.588299839290814,0.02847978237639365,89.41279742865302,0.4556765180222984,0.875,0.875,42,48,0.0,0.0,0.0,0.0,0.0,0.0,0,48,0.0,-5.588299839290814
250,35.0,i704-o16,16,0.0,0.0,0.0,0.0,0.0,0.0,0,48,0.0,0.0,0.0,0.0,0.0,0.0,0,48,,0.0
250,35.0,mixed,4,1.1346768010544537,0.0990617239736665,104.83285735353442,11.747082524811264,0.9166666666666666,0.875,44,48,0.4882209983548039,0.0651655523066426,62.4922877894149,8.341190695250253,0.4166666666666667,0.375,20,48,0.43027318254951613,-0.6464558026996498
250,35.0,mixed,16,0.0,0.0,0.0,0.0,0.0,0.0,0,48,0.0,0.0,0.0,0.0,0.0,0.0,0,48,,0.0
250,40.0,i64-o128,4,0.9399557516412358,0.004294618894272414,120.31433621007818,0.549711218466869,1.0,1.0,48,48,0.7701605081060657,0.009490120902668877,98.58054503757641,1.2147354755416162,0.875,0.875,42,48,0.819358258898151,-0.16979524353517006
250,40.0,i64-o128,16,0.7857311083815344,0.14893903795814947,100.5735818728364,19.064196858643133,0.3333333333333333,0.2916666666666667,16,48,0.5855569500657811,0.06764044293232137,74.95128960841998,8.657976695337135,0.2708333333333333,0.25,13,48,0.7452383440333981,-0.20017415831575325
250,40.0,i64-o16,4,7.388393230204782,0.14768233383758497,118.21429168327651,2.3629173414013596,1.0,1.0,48,48,5.197941434143374,0.14272928950871933,83.16706294629398,2.283668632139509,0.8541666666666666,0.8333333333333334,41,48,0.7035279894001126,-2.1904517960614083
250,40.0,i64-o16,16,12.598855099599994,0.7312478797774769,201.5816815935999,11.69996607643963,0.7291666666666666,0.7083333333333334,35,48,3.235368318084245,0.0032399616990767158,51.76589308934792,0.05183938718522745,0.25,0.25,12,48,0.25679859737310307,-9.36348678151575
250,40.0,i704-o128,4,0.8345171646862564,0.012454393431045369,106.81819707984081,1.5941623591738072,0.9166666666666666,0.9166666666666666,44,48,0.0,0.0,0.0,0.0,0.0,0.0,0,48,0.0,-0.8345171646862564
250,40.0,i704-o128,16,0.0,0.0,0.0,0.0,0.0,0.0,0,48,0.0,0.0,0.0,0.0,0.0,0.0,0,48,,0.0
250,40.0,i704-o16,4,5.588299839290814,0.02847978237639365,89.41279742865302,0.4556765180222984,0.875,0.875,42,48,0.0,0.0,0.0,0.0,0.0,0.0,0,48,0.0,-5.588299839290814
250,40.0,i704-o16,16,0.0,0.0,0.0,0.0,0.0,0.0,0,48,0.0,0.0,0.0,0.0,0.0,0.0,0,48,,0.0
250,40.0,mixed,4,1.18537344792477,0.027365838402825693,111.3220281529349,2.5700091717436213,0.9583333333333334,0.9583333333333334,46,48,0.586197694498454,0.004702210211184279,75.03330489580212,0.6018829070315878,0.5,0.5,24,48,0.4945257509561301,-0.5991757534263159
250,40.0,mixed,16,0.6635128839202744,0.016139564123405382,84.92964914179512,2.065864207795889,0.20833333333333334,0.20833333333333334,10,48,0.11280417105683496,0.0037222758528476997,14.438933895274875,0.47645130916450557,0.041666666666666664,0.041666666666666664,2,48,0.17001052095680053,-0.5507087128634395
250,50.0,i64-o128,4,0.9399557516412358,0.004294618894272414,120.31433621007818,0.549711218466869,1.0,1.0,48,48,0.7701605081060657,0.009490120902668877,98.58054503757641,1.2147354755416162,0.875,0.875,42,48,0.819358258898151,-0.16979524353517006
250,50.0,i64-o128,16,2.2563850866120534,0.02932343520178502,288.81729108634283,3.7533997058284827,0.9583333333333334,0.9583333333333334,46,48,0.8109038365613123,0.1328416869220083,103.79569107984797,17.00373592601706,0.375,0.3333333333333333,18,48,0.35938184548936136,-1.445481250050741
250,50.0,i64-o16,4,7.388393230204782,0.14768233383758497,118.21429168327651,2.3629173414013596,1.0,1.0,48,48,5.197941434143374,0.14272928950871933,83.16706294629398,2.283668632139509,0.8541666666666666,0.8333333333333334,41,48,0.7035279894001126,-2.1904517960614083
250,50.0,i64-o16,16,14.757888717989605,0.7693665270323014,236.12621948783368,12.309864432516822,0.8541666666666666,0.8333333333333334,41,48,4.582865700897297,1.1392854929363834,73.32585121435675,18.228567886982134,0.3541666666666667,0.2916666666666667,17,48,0.3105366755686987,-10.175023017092307
250,50.0,i704-o128,4,0.8345171646862564,0.012454393431045369,106.81819707984081,1.5941623591738072,0.9166666666666666,0.9166666666666666,44,48,0.0,0.0,0.0,0.0,0.0,0.0,0,48,0.0,-0.8345171646862564
250,50.0,i704-o128,16,0.22442887000529493,0.062416140225733975,28.72689536067775,7.989265948893949,0.10416666666666667,0.08333333333333333,5,48,0.0,0.0,0.0,0.0,0.0,0.0,0,48,0.0,-0.22442887000529493
250,50.0,i704-o16,4,5.588299839290814,0.02847978237639365,89.41279742865302,0.4556765180222984,0.875,0.875,42,48,0.0,0.0,0.0,0.0,0.0,0.0,0,48,0.0,-5.588299839290814
250,50.0,i704-o16,16,1.2856841064053737,0.37194085271824995,20.57094570248598,5.951053643491999,0.10416666666666667,0.08333333333333333,5,48,0.0,0.0,0.0,0.0,0.0,0.0,0,48,0.0,-1.2856841064053737
250,50.0,mixed,4,1.18537344792477,0.027365838402825693,111.3220281529349,2.5700091717436213,0.9583333333333334,0.9583333333333334,46,48,0.586197694498454,0.004702210211184279,75.03330489580212,0.6018829070315878,0.5,0.5,24,48,0.4945257509561301,-0.5991757534263159
250,50.0,mixed,16,1.9253286028925014,0.14063962788280948,231.32373491711598,3.378669658549841,0.6041666666666666,0.5833333333333334,29,48,0.6794570728380054,0.1818628437179167,86.97050532326469,23.278443995893337,0.25,0.20833333333333334,12,48,0.35290447138074443,-1.245871530054496
250,75.0,i64-o128,4,0.9399557516412358,0.004294618894272414,120.31433621007818,0.549711218466869,1.0,1.0,48,48,0.7701605081060657,0.009490120902668877,98.58054503757641,1.2147354755416162,0.875,0.875,42,48,0.819358258898151,-0.16979524353517006
250,75.0,i64-o128,16,2.2563850866120534,0.02932343520178502,288.81729108634283,3.7533997058284827,0.9583333333333334,0.9583333333333334,46,48,0.8109038365613123,0.1328416869220083,103.79569107984797,17.00373592601706,0.375,0.3333333333333333,18,48,0.35938184548936136,-1.445481250050741
250,75.0,i64-o16,4,7.388393230204782,0.14768233383758497,118.21429168327651,2.3629173414013596,1.0,1.0,48,48,5.197941434143374,0.14272928950871933,83.16706294629398,2.283668632139509,0.8541666666666666,0.8333333333333334,41,48,0.7035279894001126,-2.1904517960614083
250,75.0,i64-o16,16,14.757888717989605,0.7693665270323014,236.12621948783368,12.309864432516822,0.8541666666666666,0.8333333333333334,41,48,4.582865700897297,1.1392854929363834,73.32585121435675,18.228567886982134,0.3541666666666667,0.2916666666666667,17,48,0.3105366755686987,-10.175023017092307
250,75.0,i704-o128,4,0.8345171646862564,0.012454393431045369,106.81819707984081,1.5941623591738072,0.9166666666666666,0.9166666666666666,44,48,0.0,0.0,0.0,0.0,0.0,0.0,0,48,0.0,-0.8345171646862564
250,75.0,i704-o128,16,0.22442887000529493,0.062416140225733975,28.72689536067775,7.989265948893949,0.10416666666666667,0.08333333333333333,5,48,0.0,0.0,0.0,0.0,0.0,0.0,0,48,0.0,-0.22442887000529493
250,75.0,i704-o16,4,5.588299839290814,0.02847978237639365,89.41279742865302,0.4556765180222984,0.875,0.875,42,48,0.0,0.0,0.0,0.0,0.0,0.0,0,48,0.0,-5.588299839290814
250,75.0,i704-o16,16,1.5413546582173718,0.010368090846309238,24.66167453147795,0.1658894535409478,0.125,0.125,6,48,0.0,0.0,0.0,0.0,0.0,0.0,0,48,0.0,-1.5413546582173718
250,75.0,mixed,4,1.18537344792477,0.027365838402825693,111.3220281529349,2.5700091717436213,0.9583333333333334,0.9583333333333334,46,48,0.586197694498454,0.004702210211184279,75.03330489580212,0.6018829070315878,0.5,0.5,24,48,0.4945257509561301,-0.5991757534263159
250,75.0,mixed,16,1.9253286028925014,0.14063962788280948,231.32373491711598,3.378669658549841,0.6041666666666666,0.5833333333333334,29,48,0.6794570728380054,0.1818628437179167,86.97050532326469,23.278443995893337,0.25,0.20833333333333334,12,48,0.35290447138074443,-1.245871530054496
500,25.0,i64-o128,4,0.0,0.0,0.0,0.0,0.0,0.0,0,48,0.0,0.0,0.0,0.0,0.0,0.0,0,48,,0.0
500,25.0,i64-o128,16,0.0,0.0,0.0,0.0,0.0,0.0,0,48,0.0,0.0,0.0,0.0,0.0,0.0,0,48,,0.0
500,25.0,i64-o16,4,0.3078497179251993,0.006153430576566014,4.925595486803188,0.09845488922505623,0.041666666666666664,0.041666666666666664,2,48,0.3810143122026273,0.1819913905325773,6.096228995242037,2.9118622485212367,0.0625,0.041666666666666664,3,48,1.2376633468126337,0.07316459427742805
500,25.0,i64-o16,16,0.7196778727965374,0.012706215751607804,11.514845964744598,0.20329945202572486,0.041666666666666664,0.041666666666666664,2,48,0.5392280530140409,0.0005399936165127859,8.627648848224654,0.008639897864204575,0.041666666666666664,0.041666666666666664,2,48,0.7492630708773894,-0.18044981978249652
500,25.0,i704-o128,4,0.0,0.0,0.0,0.0,0.0,0.0,0,48,0.0,0.0,0.0,0.0,0.0,0.0,0,48,,0.0
500,25.0,i704-o128,16,0.0,0.0,0.0,0.0,0.0,0.0,0,48,0.0,0.0,0.0,0.0,0.0,0.0,0,48,,0.0
500,25.0,i704-o16,4,0.6647943083145003,0.18477739312977357,10.636708933032004,2.956438290076377,0.10416666666666667,0.08333333333333333,5,48,0.3792081614673041,0.27211416967870683,6.067330583476865,4.353826714859309,0.08333333333333333,0.041666666666666664,4,48,0.5704142720907722,-0.2855861468471962
500,25.0,i704-o16,16,0.2581143342604592,0.3650287921540438,4.129829348167347,5.840460674464701,0.020833333333333332,0.0,1,48,0.0,0.0,0.0,0.0,0.0,0.0,0,48,0.0,-0.2581143342604592
500,25.0,mixed,4,0.0,0.0,0.0,0.0,0.0,0.0,0,48,0.0,0.0,0.0,0.0,0.0,0.0,0,48,,0.0
500,25.0,mixed,16,0.0,0.0,0.0,0.0,0.0,0.0,0,48,0.0,0.0,0.0,0.0,0.0,0.0,0,48,,0.0
500,30.0,i64-o128,4,0.01964567720383308,0.027783183143664684,2.514646682090634,3.5562474423890795,0.020833333333333332,0.0,1,48,0.0,0.0,0.0,0.0,0.0,0.0,0,48,0.0,-0.01964567720383308
500,30.0,i64-o128,16,0.0,0.0,0.0,0.0,0.0,0.0,0,48,0.0,0.0,0.0,0.0,0.0,0.0,0,48,,0.0
500,30.0,i64-o16,4,4.778197326572965,0.7484260433305961,76.45115722516744,11.974816693289538,0.6458333333333334,0.5833333333333334,31,48,3.2991795317387824,0.7404580488197184,52.78687250782052,11.847328781115495,0.5416666666666666,0.4583333333333333,26,48,0.6904653169912159,-1.4790177948341823
500,30.0,i64-o16,16,1.8036870076519338,0.5406546435033605,28.85899212243094,8.650474296053767,0.10416666666666667,0.08333333333333333,5,48,0.8086511629470445,0.38048182246747825,12.938418607152713,6.087709159479652,0.0625,0.041666666666666664,3,48,0.44833231016048536,-0.9950358447048893
500,30.0,i704-o128,4,0.0,0.0,0.0,0.0,0.0,0.0,0,48,0.0,0.0,0.0,0.0,0.0,0.0,0,48,,0.0
500,30.0,i704-o128,16,0.0,0.0,0.0,0.0,0.0,0.0,0,48,0.0,0.0,0.0,0.0,0.0,0.0,0,48,,0.0
500,30.0,i704-o16,4,3.194273158034992,0.3926098481832946,51.108370528559874,6.281757570932713,0.5,0.4583333333333333,24,48,1.1338782258644344,0.28271018894242106,18.14205161383095,4.523363023078737,0.25,0.20833333333333334,12,48,0.3549722173923152,-2.0603949321705577
500,30.0,i704-o16,16,1.2856841064053737,0.37194085271824995,20.57094570248598,5.951053643491999,0.10416666666666667,0.08333333333333333,5,48,0.0,0.0,0.0,0.0,0.0,0.0,0,48,0.0,-1.2856841064053737
500,30.0,mixed,4,0.2576898799836456,0.0059490953049620866,4.12303807973833,0.09518552487939339,0.20833333333333334,0.20833333333333334,10,48,0.12198597949022405,0.033562403280651354,1.9517756718435848,0.5369984524904217,0.10416666666666667,0.08333333333333333,5,48,0.47338288759328045,-0.13570390049342157
500,30.0,mixed,16,0.0,0.0,0.0,0.0,0.0,0.0,0,48,0.0,0.0,0.0,0.0,0.0,0.0,0,48,,0.0
500,35.0,i64-o128,4,0.9399557516412358,0.004294618894272414,120.31433621007818,0.549711218466869,1.0,1.0,48,48,0.7701605081060657,0.009490120902668877,98.58054503757641,1.2147354755416162,0.875,0.875,42,48,0.819358258898151,-0.16979524353517006
500,35.0,i64-o128,16,0.5409226163558518,0.21512149916280668,69.23809489354903,27.535551892839255,0.22916666666666666,0.16666666666666666,11,48,0.0,0.0,0.0,0.0,0.0,0.0,0,48,0.0,-0.5409226163558518
500,35.0,i64-o16,4,7.236643937486308,0.3622882416805757,115.78630299978093,5.7966118668892115,0.9791666666666666,0.9583333333333334,47,48,6.086133541468364,0.04283138293511719,97.37813666349382,0.6853021269618751,1.0,1.0,48,48,0.8410160281538488,-1.1505103960179444
500,35.0,i64-o16,16,6.121754244431158,0.6168919380130071,97.94806791089853,9.870271008208114,0.3541666666666667,0.3333333333333333,17,48,2.1569122120561635,0.0021599744660511437,34.510595392898615,0.0345595914568183,0.16666666666666666,0.16666666666666666,8,48,0.35233564202912343,-3.9648420323749947
500,35.0,i704-o128,4,0.910382361475916,0.013586611015685842,116.52894226891725,1.7390862100077877,1.0,1.0,48,48,0.5548575663948058,0.05441063973199657,71.02176849853514,6.964561885695561,0.6666666666666666,0.625,32,48,0.6094775007451464,-0.35552479508111023
500,35.0,i704-o128,16,0.31426299284007553,0.06197366934066008,40.22566308352967,7.93262967560449,0.14583333333333334,0.125,7,48,0.0,0.0,0.0,0.0,0.0,0.0,0,48,0.0,-0.31426299284007553
500,35.0,i704-o16,4,6.386628387760931,0.0325483227158781,102.1860542041749,0.5207731634540496,1.0,1.0,48,48,3.681826257839119,0.45187983398088155,58.909220125425904,7.230077343694105,0.8125,0.75,39,48,0.5764898212795374,-2.704802129921812
500,35.0,i704-o16,16,3.0827093164347437,0.020736181692618476,49.3233490629559,0.3317789070818956,0.25,0.25,12,48,0.24151376533615387,0.01122497633588122,3.864220245378462,0.17959962137409952,0.041666666666666664,0.041666666666666664,2,48,0.0783446444491473,-2.84119555109859
500,35.0,mixed,4,1.1862147770511826,0.10025154303465894,105.65746496948208,11.766119629787141,0.9583333333333334,0.9166666666666666,46,48,1.0258459653722944,0.008228867869572292,87.53885571176914,0.7021967248701857,0.875,0.875,42,48,0.8648062603995291,-0.16036881167888817
500,35.0,mixed,16,0.06749252791573294,0.09544884833727425,1.079880446651727,1.527181573396388,0.020833333333333332,0.0,1,48,0.05771810877691526,0.08162573222683914,0.9234897404306441,1.3060117156294262,0.020833333333333332,0.0,1,48,0.8551777590695457,-0.009774419138817686
500,40.0,i64-o128,4,0.9399557516412358,0.004294618894272414,120.31433621007818,0.549711218466869,1.0,1.0,48,48,0.8801834378355037,0.010845852460193001,112.66348004294447,1.3882691149047042,1.0,1.0,48,48,0.9364094387407439,-0.059772313805732114
500,40.0,i64-o128,16,0.8343322015713863,0.08020671282290226,106.79452180113745,10.26645924133149,0.3541666666666667,0.3333333333333333,17,48,0.7204201271404997,0.004878397885269123,92.21377627398397,0.6244349293144478,0.3333333333333333,0.3333333333333333,16,48,0.8634691622637315,-0.11391207443088658
500,40.0,i64-o16,4,7.388393230204782,0.14768233383758497,118.21429168327651,2.3629173414013596,1.0,1.0,48,48,6.086133541468364,0.04283138293511719,97.37813666349382,0.6853021269618751,1.0,1.0,48,48,0.823742504200697,-1.3022596887364184
500,40.0,i64-o16,16,15.113235328727285,0.26683053078376406,241.81176525963656,4.269288492540225,0.875,0.875,42,48,4.853434310274402,0.7674435683331098,77.65494896439043,12.279097093329757,0.375,0.3333333333333333,18,48,0.3211380094802718,-10.259801018452883
500,40.0,i704-o128,4,0.910382361475916,0.013586611015685842,116.52894226891725,1.7390862100077877,1.0,1.0,48,48,0.6932742690191137,0.006735932559300397,88.73910643444655,0.8621993675904508,0.8333333333333334,0.8333333333333334,40,48,0.7615198825855702,-0.2171080924568023
500,40.0,i704-o128,16,0.6288388598434644,0.0030972961955171947,80.49137405996345,0.3964539130262009,0.2916666666666667,0.2916666666666667,14,48,0.19135495394715318,0.05417481770535783,24.493434105235607,6.934376666285802,0.10416666666666667,0.08333333333333333,5,48,0.30429886918055093,-0.43748390589631125
500,40.0,i704-o16,4,6.386628387760931,0.0325483227158781,102.1860542041749,0.5207731634540496,1.0,1.0,48,48,3.7752234512543907,0.3197962563654208,60.40357522007025,5.116740101846733,0.8333333333333334,0.7916666666666666,40,48,0.5911136866032588,-2.61140493650654
500,40.0,i704-o16,16,4.624063974652115,0.03110427253892787,73.98502359443384,0.4976683606228459,0.375,0.375,18,48,0.24151376533615387,0.01122497633588122,3.864220245378462,0.17959962137409952,0.041666666666666664,0.041666666666666664,2,48,0.0522297629660982,-4.382550209315961
500,40.0,mixed,4,1.2369114239214989,0.028555657463817986,112.14663576888258,2.5890462767195084,1.0,1.0,48,48,1.172395388996908,0.009404420422368559,106.29718193571966,0.8526674516280676,1.0,1.0,48,48,0.9478410226659162,-0.06451603492459079
500,40.0,mixed,16,1.266380677067049,0.49983963145913884,117.25302321182978,41.87587832649178,0.3958333333333333,0.2916666666666667,19,48,0.28332645089058517,0.08907028393253451,17.16729037261488,1.8420194384394948,0.10416666666666667,0.08333333333333333,5,48,0.2237292909007205,-0.9830542261764638
500,50.0,i64-o128,4,0.9399557516412358,0.004294618894272414,120.31433621007818,0.549711218466869,1.0,1.0,48,48,0.8801834378355037,0.010845852460193001,112.66348004294447,1.3882691149047042,1.0,1.0,48,48,0.9364094387407439,-0.059772313805732114
500,50.0,i64-o128,16,2.354488786029968,0.030598367167080226,301.3745646118359,3.916590997386269,1.0,1.0,48,48,1.3964607866270935,0.2004821298543296,178.74698068826797,25.661712621354187,0.6458333333333334,0.5833333333333334,31,48,0.5931057284760919,-0.9580279994028746
500,50.0,i64-o16,4,7.388393230204782,0.14768233383758497,118.21429168327651,2.3629173414013596,1.0,1.0,48,48,6.086133541468364,0.04283138293511719,97.37813666349382,0.6853021269618751,1.0,1.0,48,48,0.823742504200697,-1.3022596887364184
500,50.0,i64-o16,16,17.272268947116896,0.304949178038586,276.35630315387033,4.879186848617376,1.0,1.0,48,48,8.358225738291651,0.3896617139481959,133.73161181266642,6.234587423171134,0.6458333333333334,0.625,31,48,0.4839101199664225,-8.914043208825245
500,50.0,i704-o128,4,0.910382361475916,0.013586611015685842,116.52894226891725,1.7390862100077877,1.0,1.0,48,48,0.6932742690191137,0.006735932559300397,88.73910643444655,0.8621993675904508,0.8333333333333334,0.8333333333333334,40,48,0.7615198825855702,-0.2171080924568023
500,50.0,i704-o128,16,1.302751218185976,0.06993814527198994,166.75215592780492,8.952082594814712,0.6041666666666666,0.5833333333333334,29,48,0.34441768950012486,0.05402471587268095,44.08546425601598,6.9151636317031615,0.1875,0.16666666666666666,9,48,0.2643771770789141,-0.9583335286858511
500,50.0,i704-o16,4,6.386628387760931,0.0325483227158781,102.1860542041749,0.5207731634540496,1.0,1.0,48,48,3.7752234512543907,0.3197962563654208,60.40357522007025,5.116740101846733,0.8333333333333334,0.7916666666666666,40,48,0.5911136866032588,-2.61140493650654
500,50.0,i704-o16,16,6.165418632869487,0.04147236338523695,98.6466981259118,0.6635578141637912,0.5,0.5,24,48,0.24151376533615387,0.01122497633588122,3.864220245378462,0.17959962137409952,0.041666666666666664,0.041666666666666664,2,48,0.03917232222457365,-5.9239048675333335
500,50.0,mixed,4,1.2369114239214989,0.028555657463817986,112.14663576888258,2.5890462767195084,1.0,1.0,48,48,1.172395388996908,0.009404420422368559,106.29718193571966,0.8526674516280676,1.0,1.0,48,48,0.9478410226659162,-0.06451603492459079
500,50.0,mixed,16,3.119651793948995,0.16969084330493922,287.71744630021027,8.499473274707524,0.9791666666666666,0.9583333333333334,47,48,1.303828083396091,0.4416291438098249,141.62186035796861,55.694740616619704,0.4791666666666667,0.375,23,48,0.4179402604883819,-1.8158237105529043
500,75.0,i64-o128,4,0.9399557516412358,0.004294618894272414,120.31433621007818,0.549711218466869,1.0,1.0,48,48,0.8801834378355037,0.010845852460193001,112.66348004294447,1.3882691149047042,1.0,1.0,48,48,0.9364094387407439,-0.059772313805732114
500,75.0,i64-o128,16,2.354488786029968,0.030598367167080226,301.3745646118359,3.916590997386269,1.0,1.0,48,48,1.3964607866270935,0.2004821298543296,178.74698068826797,25.661712621354187,0.6458333333333334,0.5833333333333334,31,48,0.5931057284760919,-0.9580279994028746
500,75.0,i64-o16,4,7.388393230204782,0.14768233383758497,118.21429168327651,2.3629173414013596,1.0,1.0,48,48,6.086133541468364,0.04283138293511719,97.37813666349382,0.6853021269618751,1.0,1.0,48,48,0.823742504200697,-1.3022596887364184
500,75.0,i64-o16,16,17.272268947116896,0.304949178038586,276.35630315387033,4.879186848617376,1.0,1.0,48,48,8.358225738291651,0.3896617139481959,133.73161181266642,6.234587423171134,0.6458333333333334,0.625,31,48,0.4839101199664225,-8.914043208825245
500,75.0,i704-o128,4,0.910382361475916,0.013586611015685842,116.52894226891725,1.7390862100077877,1.0,1.0,48,48,0.6932742690191137,0.006735932559300397,88.73910643444655,0.8621993675904508,0.8333333333333334,0.8333333333333334,40,48,0.7615198825855702,-0.2171080924568023
500,75.0,i704-o128,16,1.302751218185976,0.06993814527198994,166.75215592780492,8.952082594814712,0.6041666666666666,0.5833333333333334,29,48,0.38269474531948433,0.0001072155947692206,48.984927400893994,0.013723596130460237,0.20833333333333334,0.20833333333333334,10,48,0.2937588850251624,-0.9200564728664916
500,75.0,i704-o16,4,6.386628387760931,0.0325483227158781,102.1860542041749,0.5207731634540496,1.0,1.0,48,48,3.7752234512543907,0.3197962563654208,60.40357522007025,5.116740101846733,0.8333333333333334,0.7916666666666666,40,48,0.5911136866032588,-2.61140493650654
500,75.0,i704-o16,16,7.70677329108686,0.051840454231546026,123.30837265738975,0.8294472677047364,0.625,0.625,30,48,0.24151376533615387,0.01122497633588122,3.864220245378462,0.17959962137409952,0.041666666666666664,0.041666666666666664,2,48,0.03133785777965891,-7.465259525750706
500,75.0,mixed,4,1.2369114239214989,0.028555657463817986,112.14663576888258,2.5890462767195084,1.0,1.0,48,48,1.172395388996908,0.009404420422368559,106.29718193571966,0.8526674516280676,1.0,1.0,48,48,0.9478410226659162,-0.06451603492459079
500,75.0,mixed,16,3.119651793948995,0.16969084330493922,287.71744630021027,8.499473274707524,0.9791666666666666,0.9583333333333334,47,48,1.303828083396091,0.4416291438098249,141.62186035796861,55.694740616619704,0.4791666666666667,0.375,23,48,0.4179402604883819,-1.8158237105529043
1000,25.0,i64-o128,4,0.0,0.0,0.0,0.0,0.0,0.0,0,48,0.0,0.0,0.0,0.0,0.0,0.0,0,48,,0.0
1000,25.0,i64-o128,16,0.0,0.0,0.0,0.0,0.0,0.0,0,48,0.0,0.0,0.0,0.0,0.0,0.0,0,48,,0.0
1000,25.0,i64-o16,4,0.3078497179251993,0.006153430576566014,4.925595486803188,0.09845488922505623,0.041666666666666664,0.041666666666666664,2,48,0.3810143122026273,0.1819913905325773,6.096228995242037,2.9118622485212367,0.0625,0.041666666666666664,3,48,1.2376633468126337,0.07316459427742805
1000,25.0,i64-o16,16,0.7196778727965374,0.012706215751607804,11.514845964744598,0.20329945202572486,0.041666666666666664,0.041666666666666664,2,48,0.5392280530140409,0.0005399936165127859,8.627648848224654,0.008639897864204575,0.041666666666666664,0.041666666666666664,2,48,0.7492630708773894,-0.18044981978249652
1000,25.0,i704-o128,4,0.0,0.0,0.0,0.0,0.0,0.0,0,48,0.0,0.0,0.0,0.0,0.0,0.0,0,48,,0.0
1000,25.0,i704-o128,16,0.0,0.0,0.0,0.0,0.0,0.0,0,48,0.0,0.0,0.0,0.0,0.0,0.0,0,48,,0.0
1000,25.0,i704-o16,4,0.6647943083145003,0.18477739312977357,10.636708933032004,2.956438290076377,0.10416666666666667,0.08333333333333333,5,48,0.943337580496413,0.013245024079642861,15.093401287942608,0.21192038527428578,0.20833333333333334,0.20833333333333334,10,48,1.4189916620798442,0.27854327218191277
1000,25.0,i704-o16,16,0.2581143342604592,0.3650287921540438,4.129829348167347,5.840460674464701,0.020833333333333332,0.0,1,48,0.0,0.0,0.0,0.0,0.0,0.0,0,48,0.0,-0.2581143342604592
1000,25.0,mixed,4,0.0,0.0,0.0,0.0,0.0,0.0,0,48,0.0,0.0,0.0,0.0,0.0,0.0,0,48,,0.0
1000,25.0,mixed,16,0.0,0.0,0.0,0.0,0.0,0.0,0,48,0.0,0.0,0.0,0.0,0.0,0.0,0,48,,0.0
1000,30.0,i64-o128,4,0.01964567720383308,0.027783183143664684,2.514646682090634,3.5562474423890795,0.020833333333333332,0.0,1,48,0.0,0.0,0.0,0.0,0.0,0.0,0,48,0.0,-0.01964567720383308
1000,30.0,i64-o128,16,0.0,0.0,0.0,0.0,0.0,0.0,0,48,0.0,0.0,0.0,0.0,0.0,0.0,0,48,,0.0
1000,30.0,i64-o16,4,4.778197326572965,0.7484260433305961,76.45115722516744,11.974816693289538,0.6458333333333334,0.5833333333333334,31,48,3.2991795317387824,0.7404580488197184,52.78687250782052,11.847328781115495,0.5416666666666666,0.4583333333333333,26,48,0.6904653169912159,-1.4790177948341823
1000,30.0,i64-o16,16,1.8036870076519338,0.5406546435033605,28.85899212243094,8.650474296053767,0.10416666666666667,0.08333333333333333,5,48,0.8086511629470445,0.38048182246747825,12.938418607152713,6.087709159479652,0.0625,0.041666666666666664,3,48,0.44833231016048536,-0.9950358447048893
1000,30.0,i704-o128,4,0.0,0.0,0.0,0.0,0.0,0.0,0,48,0.0,0.0,0.0,0.0,0.0,0.0,0,48,,0.0
1000,30.0,i704-o128,16,0.0,0.0,0.0,0.0,0.0,0.0,0,48,0.0,0.0,0.0,0.0,0.0,0.0,0,48,,0.0
1000,30.0,i704-o16,4,3.194273158034992,0.3926098481832946,51.108370528559874,6.281757570932713,0.5,0.4583333333333333,24,48,1.6980076448935433,0.023841043343357102,27.168122318296692,0.38145669349371364,0.375,0.375,18,48,0.5315787225717726,-1.4962655131414488
1000,30.0,i704-o16,16,1.2856841064053737,0.37194085271824995,20.57094570248598,5.951053643491999,0.10416666666666667,0.08333333333333333,5,48,0.249451022221914,0.3527770187740631,3.991216355550624,5.644432300385009,0.041666666666666664,0.0,2,48,0.19402201596732083,-1.0362330841834597
1000,30.0,mixed,4,0.2576898799836456,0.0059490953049620866,4.12303807973833,0.09518552487939339,0.20833333333333334,0.20833333333333334,10,48,0.12198597949022405,0.033562403280651354,1.9517756718435848,0.5369984524904217,0.10416666666666667,0.08333333333333333,5,48,0.47338288759328045,-0.13570390049342157
1000,30.0,mixed,16,0.0,0.0,0.0,0.0,0.0,0.0,0,48,0.0,0.0,0.0,0.0,0.0,0.0,0,48,,0.0
1000,35.0,i64-o128,4,0.9399557516412358,0.004294618894272414,120.31433621007818,0.549711218466869,1.0,1.0,48,48,0.7701605081060657,0.009490120902668877,98.58054503757641,1.2147354755416162,0.875,0.875,42,48,0.819358258898151,-0.16979524353517006
1000,35.0,i64-o128,16,0.5409226163558518,0.21512149916280668,69.23809489354903,27.535551892839255,0.22916666666666666,0.16666666666666666,11,48,0.0,0.0,0.0,0.0,0.0,0.0,0,48,0.0,-0.5409226163558518
1000,35.0,i64-o16,4,7.236643937486308,0.3622882416805757,115.78630299978093,5.7966118668892115,0.9791666666666666,0.9583333333333334,47,48,6.086133541468364,0.04283138293511719,97.37813666349382,0.6853021269618751,1.0,1.0,48,48,0.8410160281538488,-1.1505103960179444
1000,35.0,i64-o16,16,6.121754244431158,0.6168919380130071,97.94806791089853,9.870271008208114,0.3541666666666667,0.3333333333333333,17,48,2.1569122120561635,0.0021599744660511437,34.510595392898615,0.0345595914568183,0.16666666666666666,0.16666666666666666,8,48,0.35233564202912343,-3.9648420323749947
1000,35.0,i704-o128,4,0.910382361475916,0.013586611015685842,116.52894226891725,1.7390862100077877,1.0,1.0,48,48,0.6588487067476729,0.05542102961589156,84.33263446370214,7.093891790834119,0.7916666666666666,0.75,38,48,0.7237054831329821,-0.2515336547282431
1000,35.0,i704-o128,16,0.4040971156748562,0.061531198455586196,51.72443080638159,7.875993402315033,0.1875,0.16666666666666666,9,48,0.0,0.0,0.0,0.0,0.0,0.0,0,48,0.0,-0.4040971156748562
1000,35.0,i704-o16,4,6.386628387760931,0.0325483227158781,102.1860542041749,0.5207731634540496,1.0,1.0,48,48,4.434623192967511,0.19565969319774604,70.95397108748017,3.1305550911639366,0.9791666666666666,0.9583333333333334,47,48,0.6943606115342233,-1.9520051947934203
1000,35.0,i704-o16,16,3.338379868246742,0.3408365801793224,53.41407789194787,5.453385282869158,0.2708333333333333,0.25,13,48,0.7245412960084616,0.033674929007643656,11.592660736135386,0.5387988641222985,0.125,0.125,6,48,0.21703380819540405,-2.61383857223828
1000,35.0,mixed,4,1.1862147770511826,0.10025154303465894,105.65746496948208,11.766119629787141,0.9583333333333334,0.9166666666666666,46,48,1.0258459653722944,0.008228867869572292,87.53885571176914,0.7021967248701857,0.875,0.875,42,48,0.8648062603995291,-0.16036881167888817
1000,35.0,mixed,16,0.06749252791573294,0.09544884833727425,1.079880446651727,1.527181573396388,0.020833333333333332,0.0,1,48,0.05771810877691526,0.08162573222683914,0.9234897404306441,1.3060117156294262,0.020833333333333332,0.0,1,48,0.8551777590695457,-0.009774419138817686
1000,40.0,i64-o128,4,0.9399557516412358,0.004294618894272414,120.31433621007818,0.549711218466869,1.0,1.0,48,48,0.8801834378355037,0.010845852460193001,112.66348004294447,1.3882691149047042,1.0,1.0,48,48,0.9364094387407439,-0.059772313805732114
1000,40.0,i64-o128,16,0.8343322015713863,0.08020671282290226,106.79452180113745,10.26645924133149,0.3541666666666667,0.3333333333333333,17,48,0.7204201271404997,0.004878397885269123,92.21377627398397,0.6244349293144478,0.3333333333333333,0.3333333333333333,16,48,0.8634691622637315,-0.11391207443088658
1000,40.0,i64-o16,4,7.388393230204782,0.14768233383758497,118.21429168327651,2.3629173414013596,1.0,1.0,48,48,6.086133541468364,0.04283138293511719,97.37813666349382,0.6853021269618751,1.0,1.0,48,48,0.823742504200697,-1.3022596887364184
1000,40.0,i64-o16,16,15.113235328727285,0.26683053078376406,241.81176525963656,4.269288492540225,0.875,0.875,42,48,6.47073663616849,0.0064799233981534315,103.53178617869584,0.1036787743704549,0.5,0.5,24,48,0.4281503262156511,-8.642498692558796
1000,40.0,i704-o128,4,0.910382361475916,0.013586611015685842,116.52894226891725,1.7390862100077877,1.0,1.0,48,48,0.8319291228229364,0.008083119071160461,106.48692772133586,1.034639241108539,1.0,1.0,48,48,0.9138238591026843,-0.0784532386529796
1000,40.0,i704-o128,16,0.7186729826782451,0.003539767080591035,91.99014178281537,0.45309018631565245,0.3333333333333333,0.3333333333333333,16,48,0.42097180113884375,0.05423914706221935,53.884390545772,6.942610823964077,0.22916666666666666,0.20833333333333334,11,48,0.585762664362347,-0.29770118153940134
1000,40.0,i704-o16,4,6.386628387760931,0.0325483227158781,102.1860542041749,0.5207731634540496,1.0,1.0,48,48,4.528020386382782,0.06357611558228561,72.44832618212452,1.0172178493165698,1.0,1.0,48,48,0.7089844768579447,-1.8586080013781485
1000,40.0,i704-o16,16,5.65163374679703,0.03801633310313329,90.42613994875248,0.6082613296501327,0.4583333333333333,0.4583333333333333,22,48,1.0907805724555724,0.22128841473055638,17.452489159289158,3.540614635688902,0.1875,0.16666666666666666,9,48,0.19300269998454062,-4.5608531743414575
1000,40.0,mixed,4,1.2369114239214989,0.028555657463817986,112.14663576888258,2.5890462767195084,1.0,1.0,48,48,1.172395388996908,0.009404420422368559,106.29718193571966,0.8526674516280676,1.0,1.0,48,48,0.9478410226659162,-0.06451603492459079
1000,40.0,mixed,16,1.266380677067049,0.49983963145913884,117.25302321182978,41.87587832649178,0.3958333333333333,0.2916666666666667,19,48,0.3384125131705049,0.01116682755854309,18.048667369093593,0.595564136455631,0.125,0.125,6,48,0.26722810865550467,-0.927968163896544
1000,50.0,i64-o128,4,0.9399557516412358,0.004294618894272414,120.31433621007818,0.549711218466869,1.0,1.0,48,48,0.8801834378355037,0.010845852460193001,112.66348004294447,1.3882691149047042,1.0,1.0,48,48,0.9364094387407439,-0.059772313805732114
1000,50.0,i64-o128,16,2.354488786029968,0.030598367167080226,301.3745646118359,3.916590997386269,1.0,1.0,48,48,2.1612603814214992,0.01463519365580729,276.6413288219519,1.873304787943333,1.0,1.0,48,48,0.9179319070216164,-0.1932284046084689
1000,50.0,i64-o16,4,7.388393230204782,0.14768233383758497,118.21429168327651,2.3629173414013596,1.0,1.0,48,48,6.086133541468364,0.04283138293511719,97.37813666349382,0.6853021269618751,1.0,1.0,48,48,0.823742504200697,-1.3022596887364184
1000,50.0,i64-o16,16,17.272268947116896,0.304949178038586,276.35630315387033,4.879186848617376,1.0,1.0,48,48,12.94147327233698,0.012959846796306863,207.06357235739168,0.2073575487409098,1.0,1.0,48,48,0.7492630708773895,-4.330795674779916
1000,50.0,i704-o128,4,0.910382361475916,0.013586611015685842,116.52894226891725,1.7390862100077877,1.0,1.0,48,48,0.8319291228229364,0.008083119071160461,106.48692772133586,1.034639241108539,1.0,1.0,48,48,0.9138238591026843,-0.0784532386529796
1000,50.0,i704-o128,16,2.1560189480347356,0.010619301241773104,275.97042534844616,1.3592705589469574,1.0,1.0,48,48,0.8801903329474029,0.05387461404000401,112.66436261726757,6.895950597120513,0.4791666666666667,0.4583333333333333,23,48,0.40824795800135155,-1.2758286150873328
1000,50.0,i704-o16,4,6.386628387760931,0.0325483227158781,102.1860542041749,0.5207731634540496,1.0,1.0,48,48,4.528020386382782,0.06357611558228561,72.44832618212452,1.0172178493165698,1.0,1.0,48,48,0.7089844768579447,-1.8586080013781485
1000,50.0,i704-o16,16,8.990013615043772,0.30282024707618815,143.84021784070035,4.8451239532190105,0.7291666666666666,0.7083333333333334,35,48,1.0907805724555724,0.22128841473055638,17.452489159289158,3.540614635688902,0.1875,0.16666666666666666,9,48,0.12133247169173074,-7.899233042588199
1000,50.0,mixed,4,1.2369114239214989,0.028555657463817986,112.14663576888258,2.5890462767195084,1.0,1.0,48,48,1.172395388996908,0.009404420422368559,106.29718193571966,0.8526674516280676,1.0,1.0,48,48,0.9478410226659162,-0.06451603492459079
1000,50.0,mixed,16,3.184861842817317,0.07746990779234589,288.7608070821034,7.023938306506047,1.0,1.0,48,48,2.088193187799945,0.1486266975780978,216.75245940493085,17.356637707920726,0.7708333333333334,0.75,37,48,0.6556620948909787,-1.096668655017372
1000,75.0,i64-o128,4,0.9399557516412358,0.004294618894272414,120.31433621007818,0.549711218466869,1.0,1.0,48,48,0.8801834378355037,0.010845852460193001,112.66348004294447,1.3882691149047042,1.0,1.0,48,48,0.9364094387407439,-0.059772313805732114
1000,75.0,i64-o128,16,2.354488786029968,0.030598367167080226,301.3745646118359,3.916590997386269,1.0,1.0,48,48,2.1612603814214992,0.01463519365580729,276.6413288219519,1.873304787943333,1.0,1.0,48,48,0.9179319070216164,-0.1932284046084689
1000,75.0,i64-o16,4,7.388393230204782,0.14768233383758497,118.21429168327651,2.3629173414013596,1.0,1.0,48,48,6.086133541468364,0.04283138293511719,97.37813666349382,0.6853021269618751,1.0,1.0,48,48,0.823742504200697,-1.3022596887364184
1000,75.0,i64-o16,16,17.272268947116896,0.304949178038586,276.35630315387033,4.879186848617376,1.0,1.0,48,48,12.94147327233698,0.012959846796306863,207.06357235739168,0.2073575487409098,1.0,1.0,48,48,0.7492630708773895,-4.330795674779916
1000,75.0,i704-o128,4,0.910382361475916,0.013586611015685842,116.52894226891725,1.7390862100077877,1.0,1.0,48,48,0.8319291228229364,0.008083119071160461,106.48692772133586,1.034639241108539,1.0,1.0,48,48,0.9138238591026843,-0.0784532386529796
1000,75.0,i704-o128,16,2.1560189480347356,0.010619301241773104,275.97042534844616,1.3592705589469574,1.0,1.0,48,48,0.9950063378306593,0.00027876054639990294,127.36081124232439,0.035681349939187576,0.5416666666666666,0.5416666666666666,26,48,0.46150166664241615,-1.1610126102040763
1000,75.0,i704-o16,4,6.386628387760931,0.0325483227158781,102.1860542041749,0.5207731634540496,1.0,1.0,48,48,4.528020386382782,0.06357611558228561,72.44832618212452,1.0172178493165698,1.0,1.0,48,48,0.7089844768579447,-1.8586080013781485
1000,75.0,i704-o16,16,12.330837265738975,0.0829447267704739,197.2933962518236,1.3271156283275825,1.0,1.0,48,48,1.0907805724555724,0.22128841473055638,17.452489159289158,3.540614635688902,0.1875,0.16666666666666666,9,48,0.08845957082624778,-11.240056693283403
1000,75.0,mixed,4,1.2369114239214989,0.028555657463817986,112.14663576888258,2.5890462767195084,1.0,1.0,48,48,1.172395388996908,0.009404420422368559,106.29718193571966,0.8526674516280676,1.0,1.0,48,48,0.9478410226659162,-0.06451603492459079
1000,75.0,mixed,16,3.184861842817317,0.07746990779234589,288.7608070821034,7.023938306506047,1.0,1.0,48,48,2.088193187799945,0.1486266975780978,216.75245940493085,17.356637707920726,0.7708333333333334,0.75,37,48,0.6556620948909787,-1.096668655017372
2000,25.0,i64-o128,4,0.0,0.0,0.0,0.0,0.0,0.0,0,48,0.0,0.0,0.0,0.0,0.0,0.0,0,48,,0.0
2000,25.0,i64-o128,16,0.0,0.0,0.0,0.0,0.0,0.0,0,48,0.0,0.0,0.0,0.0,0.0,0.0,0,48,,0.0
2000,25.0,i64-o16,4,0.3078497179251993,0.006153430576566014,4.925595486803188,0.09845488922505623,0.041666666666666664,0.041666666666666664,2,48,0.3810143122026273,0.1819913905325773,6.096228995242037,2.9118622485212367,0.0625,0.041666666666666664,3,48,1.2376633468126337,0.07316459427742805
2000,25.0,i64-o16,16,0.7196778727965374,0.012706215751607804,11.514845964744598,0.20329945202572486,0.041666666666666664,0.041666666666666664,2,48,0.5392280530140409,0.0005399936165127859,8.627648848224654,0.008639897864204575,0.041666666666666664,0.041666666666666664,2,48,0.7492630708773894,-0.18044981978249652
2000,25.0,i704-o128,4,0.0,0.0,0.0,0.0,0.0,0.0,0,48,0.0,0.0,0.0,0.0,0.0,0.0,0,48,,0.0
2000,25.0,i704-o128,16,0.0,0.0,0.0,0.0,0.0,0.0,0,48,0.0,0.0,0.0,0.0,0.0,0.0,0,48,,0.0
2000,25.0,i704-o16,4,0.6647943083145003,0.18477739312977357,10.636708933032004,2.956438290076377,0.10416666666666667,0.08333333333333333,5,48,0.943337580496413,0.013245024079642861,15.093401287942608,0.21192038527428578,0.20833333333333334,0.20833333333333334,10,48,1.4189916620798442,0.27854327218191277
2000,25.0,i704-o16,16,0.2581143342604592,0.3650287921540438,4.129829348167347,5.840460674464701,0.020833333333333332,0.0,1,48,0.24151376533615387,0.01122497633588122,3.864220245378462,0.17959962137409952,0.041666666666666664,0.041666666666666664,2,48,0.9356852110834187,-0.016600568924305337
2000,25.0,mixed,4,0.0,0.0,0.0,0.0,0.0,0.0,0,48,0.0,0.0,0.0,0.0,0.0,0.0,0,48,,0.0
2000,25.0,mixed,16,0.0,0.0,0.0,0.0,0.0,0.0,0,48,0.0,0.0,0.0,0.0,0.0,0.0,0,48,,0.0
2000,30.0,i64-o128,4,0.01964567720383308,0.027783183143664684,2.514646682090634,3.5562474423890795,0.020833333333333332,0.0,1,48,0.0,0.0,0.0,0.0,0.0,0.0,0,48,0.0,-0.01964567720383308
2000,30.0,i64-o128,16,0.0,0.0,0.0,0.0,0.0,0.0,0,48,0.0,0.0,0.0,0.0,0.0,0.0,0,48,,0.0
2000,30.0,i64-o16,4,4.778197326572965,0.7484260433305961,76.45115722516744,11.974816693289538,0.6458333333333334,0.5833333333333334,31,48,3.2991795317387824,0.7404580488197184,52.78687250782052,11.847328781115495,0.5416666666666666,0.4583333333333333,26,48,0.6904653169912159,-1.4790177948341823
2000,30.0,i64-o16,16,1.8036870076519338,0.5406546435033605,28.85899212243094,8.650474296053767,0.10416666666666667,0.08333333333333333,5,48,0.8086511629470445,0.38048182246747825,12.938418607152713,6.087709159479652,0.0625,0.041666666666666664,3,48,0.44833231016048536,-0.9950358447048893
2000,30.0,i704-o128,4,0.0,0.0,0.0,0.0,0.0,0.0,0,48,0.0,0.0,0.0,0.0,0.0,0.0,0,48,,0.0
2000,30.0,i704-o128,16,0.0,0.0,0.0,0.0,0.0,0.0,0,48,0.0,0.0,0.0,0.0,0.0,0.0,0,48,,0.0
2000,30.0,i704-o16,4,3.194273158034992,0.3926098481832946,51.108370528559874,6.281757570932713,0.5,0.4583333333333333,24,48,1.6980076448935433,0.023841043343357102,27.168122318296692,0.38145669349371364,0.375,0.375,18,48,0.5315787225717726,-1.4962655131414488
2000,30.0,i704-o16,16,1.2856841064053737,0.37194085271824995,20.57094570248598,5.951053643491999,0.10416666666666667,0.08333333333333333,5,48,1.0987178293413327,0.5628404571687383,17.579485269461323,9.005447314699813,0.1875,0.125,9,48,0.8545783710535417,-0.186966277064041
2000,30.0,mixed,4,0.2576898799836456,0.0059490953049620866,4.12303807973833,0.09518552487939339,0.20833333333333334,0.20833333333333334,10,48,0.12198597949022405,0.033562403280651354,1.9517756718435848,0.5369984524904217,0.10416666666666667,0.08333333333333333,5,48,0.47338288759328045,-0.13570390049342157
2000,30.0,mixed,16,0.0,0.0,0.0,0.0,0.0,0.0,0,48,0.0,0.0,0.0,0.0,0.0,0.0,0,48,,0.0
2000,35.0,i64-o128,4,0.9399557516412358,0.004294618894272414,120.31433621007818,0.549711218466869,1.0,1.0,48,48,0.7701605081060657,0.009490120902668877,98.58054503757641,1.2147354755416162,0.875,0.875,42,48,0.819358258898151,-0.16979524353517006
2000,35.0,i64-o128,16,0.5409226163558518,0.21512149916280668,69.23809489354903,27.535551892839255,0.22916666666666666,0.16666666666666666,11,48,0.0,0.0,0.0,0.0,0.0,0.0,0,48,0.0,-0.5409226163558518
2000,35.0,i64-o16,4,7.236643937486308,0.3622882416805757,115.78630299978093,5.7966118668892115,0.9791666666666666,0.9583333333333334,47,48,6.086133541468364,0.04283138293511719,97.37813666349382,0.6853021269618751,1.0,1.0,48,48,0.8410160281538488,-1.1505103960179444
2000,35.0,i64-o16,16,6.121754244431158,0.6168919380130071,97.94806791089853,9.870271008208114,0.3541666666666667,0.3333333333333333,17,48,2.1569122120561635,0.0021599744660511437,34.510595392898615,0.0345595914568183,0.16666666666666666,0.16666666666666666,8,48,0.35233564202912343,-3.9648420323749947
2000,35.0,i704-o128,4,0.910382361475916,0.013586611015685842,116.52894226891725,1.7390862100077877,1.0,1.0,48,48,0.6588487067476729,0.05542102961589156,84.33263446370214,7.093891790834119,0.7916666666666666,0.75,38,48,0.7237054831329821,-0.2515336547282431
2000,35.0,i704-o128,16,0.4040971156748562,0.061531198455586196,51.72443080638159,7.875993402315033,0.1875,0.16666666666666666,9,48,0.0,0.0,0.0,0.0,0.0,0.0,0,48,0.0,-0.4040971156748562
2000,35.0,i704-o16,4,6.386628387760931,0.0325483227158781,102.1860542041749,0.5207731634540496,1.0,1.0,48,48,4.434623192967511,0.19565969319774604,70.95397108748017,3.1305550911639366,0.9791666666666666,0.9583333333333334,47,48,0.6943606115342233,-1.9520051947934203
2000,35.0,i704-o16,16,3.338379868246742,0.3408365801793224,53.41407789194787,5.453385282869158,0.2708333333333333,0.25,13,48,2.1815611449111447,0.44257682946111276,34.904978318578316,7.081229271377804,0.375,0.3333333333333333,18,48,0.65347900209357,-1.156818723335597
2000,35.0,mixed,4,1.1862147770511826,0.10025154303465894,105.65746496948208,11.766119629787141,0.9583333333333334,0.9166666666666666,46,48,1.0258459653722944,0.008228867869572292,87.53885571176914,0.7021967248701857,0.875,0.875,42,48,0.8648062603995291,-0.16036881167888817
2000,35.0,mixed,16,0.06749252791573294,0.09544884833727425,1.079880446651727,1.527181573396388,0.020833333333333332,0.0,1,48,0.05771810877691526,0.08162573222683914,0.9234897404306441,1.3060117156294262,0.020833333333333332,0.0,1,48,0.8551777590695457,-0.009774419138817686
2000,40.0,i64-o128,4,0.9399557516412358,0.004294618894272414,120.31433621007818,0.549711218466869,1.0,1.0,48,48,0.8801834378355037,0.010845852460193001,112.66348004294447,1.3882691149047042,1.0,1.0,48,48,0.9364094387407439,-0.059772313805732114
2000,40.0,i64-o128,16,0.8343322015713863,0.08020671282290226,106.79452180113745,10.26645924133149,0.3541666666666667,0.3333333333333333,17,48,0.7204201271404997,0.004878397885269123,92.21377627398397,0.6244349293144478,0.3333333333333333,0.3333333333333333,16,48,0.8634691622637315,-0.11391207443088658
2000,40.0,i64-o16,4,7.388393230204782,0.14768233383758497,118.21429168327651,2.3629173414013596,1.0,1.0,48,48,6.086133541468364,0.04283138293511719,97.37813666349382,0.6853021269618751,1.0,1.0,48,48,0.823742504200697,-1.3022596887364184
2000,40.0,i64-o16,16,15.113235328727285,0.26683053078376406,241.81176525963656,4.269288492540225,0.875,0.875,42,48,6.47073663616849,0.0064799233981534315,103.53178617869584,0.1036787743704549,0.5,0.5,24,48,0.4281503262156511,-8.642498692558796
2000,40.0,i704-o128,4,0.910382361475916,0.013586611015685842,116.52894226891725,1.7390862100077877,1.0,1.0,48,48,0.8319291228229364,0.008083119071160461,106.48692772133586,1.034639241108539,1.0,1.0,48,48,0.9138238591026843,-0.0784532386529796
2000,40.0,i704-o128,16,0.7186729826782451,0.003539767080591035,91.99014178281537,0.45309018631565245,0.3333333333333333,0.3333333333333333,16,48,0.42097180113884375,0.05423914706221935,53.884390545772,6.942610823964077,0.22916666666666666,0.20833333333333334,11,48,0.585762664362347,-0.29770118153940134
2000,40.0,i704-o16,4,6.386628387760931,0.0325483227158781,102.1860542041749,0.5207731634540496,1.0,1.0,48,48,4.528020386382782,0.06357611558228561,72.44832618212452,1.0172178493165698,1.0,1.0,48,48,0.7089844768579447,-1.8586080013781485
2000,40.0,i704-o16,16,5.65163374679703,0.03801633310313329,90.42613994875248,0.6082613296501327,0.4583333333333333,0.4583333333333333,22,48,4.35518503293653,0.543601616484044,69.68296052698447,8.697625863744705,0.75,0.7083333333333334,36,48,0.7706063818103498,-1.2964487138605003
2000,40.0,mixed,4,1.2369114239214989,0.028555657463817986,112.14663576888258,2.5890462767195084,1.0,1.0,48,48,1.172395388996908,0.009404420422368559,106.29718193571966,0.8526674516280676,1.0,1.0,48,48,0.9478410226659162,-0.06451603492459079
2000,40.0,mixed,16,1.266380677067049,0.49983963145913884,117.25302321182978,41.87587832649178,0.3958333333333333,0.2916666666666667,19,48,0.3384125131705049,0.01116682755854309,18.048667369093593,0.595564136455631,0.125,0.125,6,48,0.26722810865550467,-0.927968163896544
2000,50.0,i64-o128,4,0.9399557516412358,0.004294618894272414,120.31433621007818,0.549711218466869,1.0,1.0,48,48,0.8801834378355037,0.010845852460193001,112.66348004294447,1.3882691149047042,1.0,1.0,48,48,0.9364094387407439,-0.059772313805732114
2000,50.0,i64-o128,16,2.354488786029968,0.030598367167080226,301.3745646118359,3.916590997386269,1.0,1.0,48,48,2.1612603814214992,0.01463519365580729,276.6413288219519,1.873304787943333,1.0,1.0,48,48,0.9179319070216164,-0.1932284046084689
2000,50.0,i64-o16,4,7.388393230204782,0.14768233383758497,118.21429168327651,2.3629173414013596,1.0,1.0,48,48,6.086133541468364,0.04283138293511719,97.37813666349382,0.6853021269618751,1.0,1.0,48,48,0.823742504200697,-1.3022596887364184
2000,50.0,i64-o16,16,17.272268947116896,0.304949178038586,276.35630315387033,4.879186848617376,1.0,1.0,48,48,12.94147327233698,0.012959846796306863,207.06357235739168,0.2073575487409098,1.0,1.0,48,48,0.7492630708773895,-4.330795674779916
2000,50.0,i704-o128,4,0.910382361475916,0.013586611015685842,116.52894226891725,1.7390862100077877,1.0,1.0,48,48,0.8319291228229364,0.008083119071160461,106.48692772133586,1.034639241108539,1.0,1.0,48,48,0.9138238591026843,-0.0784532386529796
2000,50.0,i704-o128,16,2.1560189480347356,0.010619301241773104,275.97042534844616,1.3592705589469574,1.0,1.0,48,48,1.1863461292029904,0.05378884156418857,151.85230453798277,6.884971720216137,0.6458333333333334,0.625,31,48,0.5502484708144028,-0.9696728188317452
2000,50.0,i704-o16,4,6.386628387760931,0.0325483227158781,102.1860542041749,0.5207731634540496,1.0,1.0,48,48,4.528020386382782,0.06357611558228561,72.44832618212452,1.0172178493165698,1.0,1.0,48,48,0.7089844768579447,-1.8586080013781485
2000,50.0,i704-o16,16,8.990013615043772,0.30282024707618815,143.84021784070035,4.8451239532190105,0.7291666666666666,0.7083333333333334,35,48,4.4799105440474865,0.7199901258710754,71.67856870475978,11.519842013937206,0.7708333333333334,0.7083333333333334,37,48,0.49832077412550996,-4.510103070996285
2000,50.0,mixed,4,1.2369114239214989,0.028555657463817986,112.14663576888258,2.5890462767195084,1.0,1.0,48,48,1.172395388996908,0.009404420422368559,106.29718193571966,0.8526674516280676,1.0,1.0,48,48,0.9478410226659162,-0.06451603492459079
2000,50.0,mixed,16,3.184861842817317,0.07746990779234589,288.7608070821034,7.023938306506047,1.0,1.0,48,48,2.7073001053640393,0.08933462046834471,245.4618762196729,8.099672255796575,1.0,1.0,48,48,0.8500526047840027,-0.4775617374532777
2000,75.0,i64-o128,4,0.9399557516412358,0.004294618894272414,120.31433621007818,0.549711218466869,1.0,1.0,48,48,0.8801834378355037,0.010845852460193001,112.66348004294447,1.3882691149047042,1.0,1.0,48,48,0.9364094387407439,-0.059772313805732114
2000,75.0,i64-o128,16,2.354488786029968,0.030598367167080226,301.3745646118359,3.916590997386269,1.0,1.0,48,48,2.1612603814214992,0.01463519365580729,276.6413288219519,1.873304787943333,1.0,1.0,48,48,0.9179319070216164,-0.1932284046084689
2000,75.0,i64-o16,4,7.388393230204782,0.14768233383758497,118.21429168327651,2.3629173414013596,1.0,1.0,48,48,6.086133541468364,0.04283138293511719,97.37813666349382,0.6853021269618751,1.0,1.0,48,48,0.823742504200697,-1.3022596887364184
2000,75.0,i64-o16,16,17.272268947116896,0.304949178038586,276.35630315387033,4.879186848617376,1.0,1.0,48,48,12.94147327233698,0.012959846796306863,207.06357235739168,0.2073575487409098,1.0,1.0,48,48,0.7492630708773895,-4.330795674779916
2000,75.0,i704-o128,4,0.910382361475916,0.013586611015685842,116.52894226891725,1.7390862100077877,1.0,1.0,48,48,0.8319291228229364,0.008083119071160461,106.48692772133586,1.034639241108539,1.0,1.0,48,48,0.9138238591026843,-0.0784532386529796
2000,75.0,i704-o128,16,2.1560189480347356,0.010619301241773104,275.97042534844616,1.3592705589469574,1.0,1.0,48,48,1.4542400322140403,0.00040741926012290483,186.14272412339716,0.05214966529573182,0.7916666666666666,0.7916666666666666,38,48,0.6745024358619928,-0.7017789158206953
2000,75.0,i704-o16,4,6.386628387760931,0.0325483227158781,102.1860542041749,0.5207731634540496,1.0,1.0,48,48,4.528020386382782,0.06357611558228561,72.44832618212452,1.0172178493165698,1.0,1.0,48,48,0.7089844768579447,-1.8586080013781485
2000,75.0,i704-o16,16,12.330837265738975,0.0829447267704739,197.2933962518236,1.3271156283275825,1.0,1.0,48,48,4.4799105440474865,0.7199901258710754,71.67856870475978,11.519842013937206,0.7708333333333334,0.7083333333333334,37,48,0.36330951804017747,-7.850926721691488
2000,75.0,mixed,4,1.2369114239214989,0.028555657463817986,112.14663576888258,2.5890462767195084,1.0,1.0,48,48,1.172395388996908,0.009404420422368559,106.29718193571966,0.8526674516280676,1.0,1.0,48,48,0.9478410226659162,-0.06451603492459079
2000,75.0,mixed,16,3.184861842817317,0.07746990779234589,288.7608070821034,7.023938306506047,1.0,1.0,48,48,2.7073001053640393,0.08933462046834471,245.4618762196729,8.099672255796575,1.0,1.0,48,48,0.8500526047840027,-0.4775617374532777
5000,25.0,i64-o128,4,0.0,0.0,0.0,0.0,0.0,0.0,0,48,0.0,0.0,0.0,0.0,0.0,0.0,0,48,,0.0
5000,25.0,i64-o128,16,0.0,0.0,0.0,0.0,0.0,0.0,0,48,0.0,0.0,0.0,0.0,0.0,0.0,0,48,,0.0
5000,25.0,i64-o16,4,0.3078497179251993,0.006153430576566014,4.925595486803188,0.09845488922505623,0.041666666666666664,0.041666666666666664,2,48,0.3810143122026273,0.1819913905325773,6.096228995242037,2.9118622485212367,0.0625,0.041666666666666664,3,48,1.2376633468126337,0.07316459427742805
5000,25.0,i64-o16,16,0.7196778727965374,0.012706215751607804,11.514845964744598,0.20329945202572486,0.041666666666666664,0.041666666666666664,2,48,0.5392280530140409,0.0005399936165127859,8.627648848224654,0.008639897864204575,0.041666666666666664,0.041666666666666664,2,48,0.7492630708773894,-0.18044981978249652
5000,25.0,i704-o128,4,0.0,0.0,0.0,0.0,0.0,0.0,0,48,0.0,0.0,0.0,0.0,0.0,0.0,0,48,,0.0
5000,25.0,i704-o128,16,0.0,0.0,0.0,0.0,0.0,0.0,0,48,0.0,0.0,0.0,0.0,0.0,0.0,0,48,,0.0
5000,25.0,i704-o16,4,0.6647943083145003,0.18477739312977357,10.636708933032004,2.956438290076377,0.10416666666666667,0.08333333333333333,5,48,0.943337580496413,0.013245024079642861,15.093401287942608,0.21192038527428578,0.20833333333333334,0.20833333333333334,10,48,1.4189916620798442,0.27854327218191277
5000,25.0,i704-o16,16,0.2581143342604592,0.3650287921540438,4.129829348167347,5.840460674464701,0.020833333333333332,0.0,1,48,0.24151376533615387,0.01122497633588122,3.864220245378462,0.17959962137409952,0.041666666666666664,0.041666666666666664,2,48,0.9356852110834187,-0.016600568924305337
5000,25.0,mixed,4,0.0,0.0,0.0,0.0,0.0,0.0,0,48,0.0,0.0,0.0,0.0,0.0,0.0,0,48,,0.0
5000,25.0,mixed,16,0.0,0.0,0.0,0.0,0.0,0.0,0,48,0.0,0.0,0.0,0.0,0.0,0.0,0,48,,0.0
5000,30.0,i64-o128,4,0.01964567720383308,0.027783183143664684,2.514646682090634,3.5562474423890795,0.020833333333333332,0.0,1,48,0.0,0.0,0.0,0.0,0.0,0.0,0,48,0.0,-0.01964567720383308
5000,30.0,i64-o128,16,0.0,0.0,0.0,0.0,0.0,0.0,0,48,0.0,0.0,0.0,0.0,0.0,0.0,0,48,,0.0
5000,30.0,i64-o16,4,4.778197326572965,0.7484260433305961,76.45115722516744,11.974816693289538,0.6458333333333334,0.5833333333333334,31,48,3.2991795317387824,0.7404580488197184,52.78687250782052,11.847328781115495,0.5416666666666666,0.4583333333333333,26,48,0.6904653169912159,-1.4790177948341823
5000,30.0,i64-o16,16,1.8036870076519338,0.5406546435033605,28.85899212243094,8.650474296053767,0.10416666666666667,0.08333333333333333,5,48,0.8086511629470445,0.38048182246747825,12.938418607152713,6.087709159479652,0.0625,0.041666666666666664,3,48,0.44833231016048536,-0.9950358447048893
5000,30.0,i704-o128,4,0.0,0.0,0.0,0.0,0.0,0.0,0,48,0.0,0.0,0.0,0.0,0.0,0.0,0,48,,0.0
5000,30.0,i704-o128,16,0.0,0.0,0.0,0.0,0.0,0.0,0,48,0.0,0.0,0.0,0.0,0.0,0.0,0,48,,0.0
5000,30.0,i704-o16,4,3.194273158034992,0.3926098481832946,51.108370528559874,6.281757570932713,0.5,0.4583333333333333,24,48,1.6980076448935433,0.023841043343357102,27.168122318296692,0.38145669349371364,0.375,0.375,18,48,0.5315787225717726,-1.4962655131414488
5000,30.0,i704-o16,16,1.2856841064053737,0.37194085271824995,20.57094570248598,5.951053643491999,0.10416666666666667,0.08333333333333333,5,48,1.2155060835665294,0.3976769241175879,19.44809733706447,6.362830785881407,0.20833333333333334,0.16666666666666666,10,48,0.9454158121040681,-0.07017802283884422
5000,30.0,mixed,4,0.2576898799836456,0.0059490953049620866,4.12303807973833,0.09518552487939339,0.20833333333333334,0.20833333333333334,10,48,0.12198597949022405,0.033562403280651354,1.9517756718435848,0.5369984524904217,0.10416666666666667,0.08333333333333333,5,48,0.47338288759328045,-0.13570390049342157
5000,30.0,mixed,16,0.0,0.0,0.0,0.0,0.0,0.0,0,48,0.0,0.0,0.0,0.0,0.0,0.0,0,48,,0.0
5000,35.0,i64-o128,4,0.9399557516412358,0.004294618894272414,120.31433621007818,0.549711218466869,1.0,1.0,48,48,0.7701605081060657,0.009490120902668877,98.58054503757641,1.2147354755416162,0.875,0.875,42,48,0.819358258898151,-0.16979524353517006
5000,35.0,i64-o128,16,0.5409226163558518,0.21512149916280668,69.23809489354903,27.535551892839255,0.22916666666666666,0.16666666666666666,11,48,0.0,0.0,0.0,0.0,0.0,0.0,0,48,0.0,-0.5409226163558518
5000,35.0,i64-o16,4,7.236643937486308,0.3622882416805757,115.78630299978093,5.7966118668892115,0.9791666666666666,0.9583333333333334,47,48,6.086133541468364,0.04283138293511719,97.37813666349382,0.6853021269618751,1.0,1.0,48,48,0.8410160281538488,-1.1505103960179444
5000,35.0,i64-o16,16,6.121754244431158,0.6168919380130071,97.94806791089853,9.870271008208114,0.3541666666666667,0.3333333333333333,17,48,2.1569122120561635,0.0021599744660511437,34.510595392898615,0.0345595914568183,0.16666666666666666,0.16666666666666666,8,48,0.35233564202912343,-3.9648420323749947
5000,35.0,i704-o128,4,0.910382361475916,0.013586611015685842,116.52894226891725,1.7390862100077877,1.0,1.0,48,48,0.6588487067476729,0.05542102961589156,84.33263446370214,7.093891790834119,0.7916666666666666,0.75,38,48,0.7237054831329821,-0.2515336547282431
5000,35.0,i704-o128,16,0.4040971156748562,0.061531198455586196,51.72443080638159,7.875993402315033,0.1875,0.16666666666666666,9,48,0.0,0.0,0.0,0.0,0.0,0.0,0,48,0.0,-0.4040971156748562
5000,35.0,i704-o16,4,6.386628387760931,0.0325483227158781,102.1860542041749,0.5207731634540496,1.0,1.0,48,48,4.434623192967511,0.19565969319774604,70.95397108748017,3.1305550911639366,0.9791666666666666,0.9583333333333334,47,48,0.6943606115342233,-1.9520051947934203
5000,35.0,i704-o16,16,3.338379868246742,0.3408365801793224,53.41407789194787,5.453385282869158,0.2708333333333333,0.25,13,48,2.5398631644724956,0.288638272745844,40.63781063155993,4.618212363933504,0.4375,0.4166666666666667,21,48,0.7608071174375931,-0.7985167037742462
5000,35.0,mixed,4,1.1862147770511826,0.10025154303465894,105.65746496948208,11.766119629787141,0.9583333333333334,0.9166666666666666,46,48,1.0258459653722944,0.008228867869572292,87.53885571176914,0.7021967248701857,0.875,0.875,42,48,0.8648062603995291,-0.16036881167888817
5000,35.0,mixed,16,0.06749252791573294,0.09544884833727425,1.079880446651727,1.527181573396388,0.020833333333333332,0.0,1,48,0.05771810877691526,0.08162573222683914,0.9234897404306441,1.3060117156294262,0.020833333333333332,0.0,1,48,0.8551777590695457,-0.009774419138817686
5000,40.0,i64-o128,4,0.9399557516412358,0.004294618894272414,120.31433621007818,0.549711218466869,1.0,1.0,48,48,0.8801834378355037,0.010845852460193001,112.66348004294447,1.3882691149047042,1.0,1.0,48,48,0.9364094387407439,-0.059772313805732114
5000,40.0,i64-o128,16,0.8343322015713863,0.08020671282290226,106.79452180113745,10.26645924133149,0.3541666666666667,0.3333333333333333,17,48,0.7204201271404997,0.004878397885269123,92.21377627398397,0.6244349293144478,0.3333333333333333,0.3333333333333333,16,48,0.8634691622637315,-0.11391207443088658
5000,40.0,i64-o16,4,7.388393230204782,0.14768233383758497,118.21429168327651,2.3629173414013596,1.0,1.0,48,48,6.086133541468364,0.04283138293511719,97.37813666349382,0.6853021269618751,1.0,1.0,48,48,0.823742504200697,-1.3022596887364184
5000,40.0,i64-o16,16,15.113235328727285,0.26683053078376406,241.81176525963656,4.269288492540225,0.875,0.875,42,48,6.47073663616849,0.0064799233981534315,103.53178617869584,0.1036787743704549,0.5,0.5,24,48,0.4281503262156511,-8.642498692558796
5000,40.0,i704-o128,4,0.910382361475916,0.013586611015685842,116.52894226891725,1.7390862100077877,1.0,1.0,48,48,0.8319291228229364,0.008083119071160461,106.48692772133586,1.034639241108539,1.0,1.0,48,48,0.9138238591026843,-0.0784532386529796
5000,40.0,i704-o128,16,0.7186729826782451,0.003539767080591035,91.99014178281537,0.45309018631565245,0.3333333333333333,0.3333333333333333,16,48,0.42097180113884375,0.05423914706221935,53.884390545772,6.942610823964077,0.22916666666666666,0.20833333333333334,11,48,0.585762664362347,-0.29770118153940134
5000,40.0,i704-o16,4,6.386628387760931,0.0325483227158781,102.1860542041749,0.5207731634540496,1.0,1.0,48,48,4.528020386382782,0.06357611558228561,72.44832618212452,1.0172178493165698,1.0,1.0,48,48,0.7089844768579447,-1.8586080013781485
5000,40.0,i704-o16,16,5.65163374679703,0.03801633310313329,90.42613994875248,0.6082613296501327,0.4583333333333333,0.4583333333333333,22,48,5.671604856956735,0.09301092267411791,90.74567771130776,1.4881747627858866,0.9791666666666666,0.9583333333333334,47,48,1.0035336879660723,0.01997111015970532
5000,40.0,mixed,4,1.2369114239214989,0.028555657463817986,112.14663576888258,2.5890462767195084,1.0,1.0,48,48,1.172395388996908,0.009404420422368559,106.29718193571966,0.8526674516280676,1.0,1.0,48,48,0.9478410226659162,-0.06451603492459079
5000,40.0,mixed,16,1.266380677067049,0.49983963145913884,117.25302321182978,41.87587832649178,0.3958333333333333,0.2916666666666667,19,48,0.3384125131705049,0.01116682755854309,18.048667369093593,0.595564136455631,0.125,0.125,6,48,0.26722810865550467,-0.927968163896544
5000,50.0,i64-o128,4,0.9399557516412358,0.004294618894272414,120.31433621007818,0.549711218466869,1.0,1.0,48,48,0.8801834378355037,0.010845852460193001,112.66348004294447,1.3882691149047042,1.0,1.0,48,48,0.9364094387407439,-0.059772313805732114
5000,50.0,i64-o128,16,2.354488786029968,0.030598367167080226,301.3745646118359,3.916590997386269,1.0,1.0,48,48,2.1612603814214992,0.01463519365580729,276.6413288219519,1.873304787943333,1.0,1.0,48,48,0.9179319070216164,-0.1932284046084689
5000,50.0,i64-o16,4,7.388393230204782,0.14768233383758497,118.21429168327651,2.3629173414013596,1.0,1.0,48,48,6.086133541468364,0.04283138293511719,97.37813666349382,0.6853021269618751,1.0,1.0,48,48,0.823742504200697,-1.3022596887364184
5000,50.0,i64-o16,16,17.272268947116896,0.304949178038586,276.35630315387033,4.879186848617376,1.0,1.0,48,48,12.94147327233698,0.012959846796306863,207.06357235739168,0.2073575487409098,1.0,1.0,48,48,0.7492630708773895,-4.330795674779916
5000,50.0,i704-o128,4,0.910382361475916,0.013586611015685842,116.52894226891725,1.7390862100077877,1.0,1.0,48,48,0.8319291228229364,0.008083119071160461,106.48692772133586,1.034639241108539,1.0,1.0,48,48,0.9138238591026843,-0.0784532386529796
5000,50.0,i704-o128,16,2.1560189480347356,0.010619301241773104,275.97042534844616,1.3592705589469574,1.0,1.0,48,48,1.415962976394681,0.05372451220732726,181.24326097851917,6.8767375625378895,0.7708333333333334,0.75,37,48,0.656748855424191,-0.7400559716400545
5000,50.0,i704-o16,4,6.386628387760931,0.0325483227158781,102.1860542041749,0.5207731634540496,1.0,1.0,48,48,4.528020386382782,0.06357611558228561,72.44832618212452,1.0172178493165698,1.0,1.0,48,48,0.7089844768579447,-1.8586080013781485
5000,50.0,i704-o16,16,8.990013615043772,0.30282024707618815,143.84021784070035,4.8451239532190105,0.7291666666666666,0.7083333333333334,35,48,5.796330368067693,0.26939943206114925,92.74128588908309,4.310390912978388,1.0,1.0,48,48,0.6447521234415251,-3.1936832469760787
5000,50.0,mixed,4,1.2369114239214989,0.028555657463817986,112.14663576888258,2.5890462767195084,1.0,1.0,48,48,1.172395388996908,0.009404420422368559,106.29718193571966,0.8526674516280676,1.0,1.0,48,48,0.9478410226659162,-0.06451603492459079
5000,50.0,mixed,16,3.184861842817317,0.07746990779234589,288.7608070821034,7.023938306506047,1.0,1.0,48,48,2.7073001053640393,0.08933462046834471,245.4618762196729,8.099672255796575,1.0,1.0,48,48,0.8500526047840027,-0.4775617374532777
5000,75.0,i64-o128,4,0.9399557516412358,0.004294618894272414,120.31433621007818,0.549711218466869,1.0,1.0,48,48,0.8801834378355037,0.010845852460193001,112.66348004294447,1.3882691149047042,1.0,1.0,48,48,0.9364094387407439,-0.059772313805732114
5000,75.0,i64-o128,16,2.354488786029968,0.030598367167080226,301.3745646118359,3.916590997386269,1.0,1.0,48,48,2.1612603814214992,0.01463519365580729,276.6413288219519,1.873304787943333,1.0,1.0,48,48,0.9179319070216164,-0.1932284046084689
5000,75.0,i64-o16,4,7.388393230204782,0.14768233383758497,118.21429168327651,2.3629173414013596,1.0,1.0,48,48,6.086133541468364,0.04283138293511719,97.37813666349382,0.6853021269618751,1.0,1.0,48,48,0.823742504200697,-1.3022596887364184
5000,75.0,i64-o16,16,17.272268947116896,0.304949178038586,276.35630315387033,4.879186848617376,1.0,1.0,48,48,12.94147327233698,0.012959846796306863,207.06357235739168,0.2073575487409098,1.0,1.0,48,48,0.7492630708773895,-4.330795674779916
5000,75.0,i704-o128,4,0.910382361475916,0.013586611015685842,116.52894226891725,1.7390862100077877,1.0,1.0,48,48,0.8319291228229364,0.008083119071160461,106.48692772133586,1.034639241108539,1.0,1.0,48,48,0.9138238591026843,-0.0784532386529796
5000,75.0,i704-o128,16,2.1560189480347356,0.010619301241773104,275.97042534844616,1.3592705589469574,1.0,1.0,48,48,1.8369347775335245,0.0005146348548921647,235.12765152429114,0.06587326142619708,1.0,1.0,48,48,0.8520030768783066,-0.3190841705012111
5000,75.0,i704-o16,4,6.386628387760931,0.0325483227158781,102.1860542041749,0.5207731634540496,1.0,1.0,48,48,4.528020386382782,0.06357611558228561,72.44832618212452,1.0172178493165698,1.0,1.0,48,48,0.7089844768579447,-1.8586080013781485
5000,75.0,i704-o16,16,12.330837265738975,0.0829447267704739,197.2933962518236,1.3271156283275825,1.0,1.0,48,48,5.796330368067693,0.26939943206114925,92.74128588908309,4.310390912978388,1.0,1.0,48,48,0.4700678666948837,-6.534506897671282
5000,75.0,mixed,4,1.2369114239214989,0.028555657463817986,112.14663576888258,2.5890462767195084,1.0,1.0,48,48,1.172395388996908,0.009404420422368559,106.29718193571966,0.8526674516280676,1.0,1.0,48,48,0.9478410226659162,-0.06451603492459079
5000,75.0,mixed,16,3.184861842817317,0.07746990779234589,288.7608070821034,7.023938306506047,1.0,1.0,48,48,2.7073001053640393,0.08933462046834471,245.4618762196729,8.099672255796575,1.0,1.0,48,48,0.8500526047840027,-0.4775617374532777
10000,25.0,i64-o128,4,0.0,0.0,0.0,0.0,0.0,0.0,0,48,0.0,0.0,0.0,0.0,0.0,0.0,0,48,,0.0
10000,25.0,i64-o128,16,0.0,0.0,0.0,0.0,0.0,0.0,0,48,0.0,0.0,0.0,0.0,0.0,0.0,0,48,,0.0
10000,25.0,i64-o16,4,0.3078497179251993,0.006153430576566014,4.925595486803188,0.09845488922505623,0.041666666666666664,0.041666666666666664,2,48,0.3810143122026273,0.1819913905325773,6.096228995242037,2.9118622485212367,0.0625,0.041666666666666664,3,48,1.2376633468126337,0.07316459427742805
10000,25.0,i64-o16,16,0.7196778727965374,0.012706215751607804,11.514845964744598,0.20329945202572486,0.041666666666666664,0.041666666666666664,2,48,0.5392280530140409,0.0005399936165127859,8.627648848224654,0.008639897864204575,0.041666666666666664,0.041666666666666664,2,48,0.7492630708773894,-0.18044981978249652
10000,25.0,i704-o128,4,0.0,0.0,0.0,0.0,0.0,0.0,0,48,0.0,0.0,0.0,0.0,0.0,0.0,0,48,,0.0
10000,25.0,i704-o128,16,0.0,0.0,0.0,0.0,0.0,0.0,0,48,0.0,0.0,0.0,0.0,0.0,0.0,0,48,,0.0
10000,25.0,i704-o16,4,0.6647943083145003,0.18477739312977357,10.636708933032004,2.956438290076377,0.10416666666666667,0.08333333333333333,5,48,0.943337580496413,0.013245024079642861,15.093401287942608,0.21192038527428578,0.20833333333333334,0.20833333333333334,10,48,1.4189916620798442,0.27854327218191277
10000,25.0,i704-o16,16,0.2581143342604592,0.3650287921540438,4.129829348167347,5.840460674464701,0.020833333333333332,0.0,1,48,0.24151376533615387,0.01122497633588122,3.864220245378462,0.17959962137409952,0.041666666666666664,0.041666666666666664,2,48,0.9356852110834187,-0.016600568924305337
10000,25.0,mixed,4,0.0,0.0,0.0,0.0,0.0,0.0,0,48,0.0,0.0,0.0,0.0,0.0,0.0,0,48,,0.0
10000,25.0,mixed,16,0.0,0.0,0.0,0.0,0.0,0.0,0,48,0.0,0.0,0.0,0.0,0.0,0.0,0,48,,0.0
10000,30.0,i64-o128,4,0.01964567720383308,0.027783183143664684,2.514646682090634,3.5562474423890795,0.020833333333333332,0.0,1,48,0.0,0.0,0.0,0.0,0.0,0.0,0,48,0.0,-0.01964567720383308
10000,30.0,i64-o128,16,0.0,0.0,0.0,0.0,0.0,0.0,0,48,0.0,0.0,0.0,0.0,0.0,0.0,0,48,,0.0
10000,30.0,i64-o16,4,4.778197326572965,0.7484260433305961,76.45115722516744,11.974816693289538,0.6458333333333334,0.5833333333333334,31,48,3.2991795317387824,0.7404580488197184,52.78687250782052,11.847328781115495,0.5416666666666666,0.4583333333333333,26,48,0.6904653169912159,-1.4790177948341823
10000,30.0,i64-o16,16,1.8036870076519338,0.5406546435033605,28.85899212243094,8.650474296053767,0.10416666666666667,0.08333333333333333,5,48,0.8086511629470445,0.38048182246747825,12.938418607152713,6.087709159479652,0.0625,0.041666666666666664,3,48,0.44833231016048536,-0.9950358447048893
10000,30.0,i704-o128,4,0.0,0.0,0.0,0.0,0.0,0.0,0,48,0.0,0.0,0.0,0.0,0.0,0.0,0,48,,0.0
10000,30.0,i704-o128,16,0.0,0.0,0.0,0.0,0.0,0.0,0,48,0.0,0.0,0.0,0.0,0.0,0.0,0,48,,0.0
10000,30.0,i704-o16,4,3.194273158034992,0.3926098481832946,51.108370528559874,6.281757570932713,0.5,0.4583333333333333,24,48,1.6980076448935433,0.023841043343357102,27.168122318296692,0.38145669349371364,0.375,0.375,18,48,0.5315787225717726,-1.4962655131414488
10000,30.0,i704-o16,16,1.2856841064053737,0.37194085271824995,20.57094570248598,5.951053643491999,0.10416666666666667,0.08333333333333333,5,48,1.2155060835665294,0.3976769241175879,19.44809733706447,6.362830785881407,0.20833333333333334,0.16666666666666666,10,48,0.9454158121040681,-0.07017802283884422
10000,30.0,mixed,4,0.2576898799836456,0.0059490953049620866,4.12303807973833,0.09518552487939339,0.20833333333333334,0.20833333333333334,10,48,0.12198597949022405,0.033562403280651354,1.9517756718435848,0.5369984524904217,0.10416666666666667,0.08333333333333333,5,48,0.47338288759328045,-0.13570390049342157
10000,30.0,mixed,16,0.0,0.0,0.0,0.0,0.0,0.0,0,48,0.0,0.0,0.0,0.0,0.0,0.0,0,48,,0.0
10000,35.0,i64-o128,4,0.9399557516412358,0.004294618894272414,120.31433621007818,0.549711218466869,1.0,1.0,48,48,0.7701605081060657,0.009490120902668877,98.58054503757641,1.2147354755416162,0.875,0.875,42,48,0.819358258898151,-0.16979524353517006
10000,35.0,i64-o128,16,0.5409226163558518,0.21512149916280668,69.23809489354903,27.535551892839255,0.22916666666666666,0.16666666666666666,11,48,0.0,0.0,0.0,0.0,0.0,0.0,0,48,0.0,-0.5409226163558518
10000,35.0,i64-o16,4,7.236643937486308,0.3622882416805757,115.78630299978093,5.7966118668892115,0.9791666666666666,0.9583333333333334,47,48,6.086133541468364,0.04283138293511719,97.37813666349382,0.6853021269618751,1.0,1.0,48,48,0.8410160281538488,-1.1505103960179444
10000,35.0,i64-o16,16,6.121754244431158,0.6168919380130071,97.94806791089853,9.870271008208114,0.3541666666666667,0.3333333333333333,17,48,2.1569122120561635,0.0021599744660511437,34.510595392898615,0.0345595914568183,0.16666666666666666,0.16666666666666666,8,48,0.35233564202912343,-3.9648420323749947
10000,35.0,i704-o128,4,0.910382361475916,0.013586611015685842,116.52894226891725,1.7390862100077877,1.0,1.0,48,48,0.6588487067476729,0.05542102961589156,84.33263446370214,7.093891790834119,0.7916666666666666,0.75,38,48,0.7237054831329821,-0.2515336547282431
10000,35.0,i704-o128,16,0.4040971156748562,0.061531198455586196,51.72443080638159,7.875993402315033,0.1875,0.16666666666666666,9,48,0.0,0.0,0.0,0.0,0.0,0.0,0,48,0.0,-0.4040971156748562
10000,35.0,i704-o16,4,6.386628387760931,0.0325483227158781,102.1860542041749,0.5207731634540496,1.0,1.0,48,48,4.434623192967511,0.19565969319774604,70.95397108748017,3.1305550911639366,0.9791666666666666,0.9583333333333334,47,48,0.6943606115342233,-1.9520051947934203
10000,35.0,i704-o16,16,3.338379868246742,0.3408365801793224,53.41407789194787,5.453385282869158,0.2708333333333333,0.25,13,48,2.5398631644724956,0.288638272745844,40.63781063155993,4.618212363933504,0.4375,0.4166666666666667,21,48,0.7608071174375931,-0.7985167037742462
10000,35.0,mixed,4,1.1862147770511826,0.10025154303465894,105.65746496948208,11.766119629787141,0.9583333333333334,0.9166666666666666,46,48,1.0258459653722944,0.008228867869572292,87.53885571176914,0.7021967248701857,0.875,0.875,42,48,0.8648062603995291,-0.16036881167888817
10000,35.0,mixed,16,0.06749252791573294,0.09544884833727425,1.079880446651727,1.527181573396388,0.020833333333333332,0.0,1,48,0.05771810877691526,0.08162573222683914,0.9234897404306441,1.3060117156294262,0.020833333333333332,0.0,1,48,0.8551777590695457,-0.009774419138817686
10000,40.0,i64-o128,4,0.9399557516412358,0.004294618894272414,120.31433621007818,0.549711218466869,1.0,1.0,48,48,0.8801834378355037,0.010845852460193001,112.66348004294447,1.3882691149047042,1.0,1.0,48,48,0.9364094387407439,-0.059772313805732114
10000,40.0,i64-o128,16,0.8343322015713863,0.08020671282290226,106.79452180113745,10.26645924133149,0.3541666666666667,0.3333333333333333,17,48,0.7204201271404997,0.004878397885269123,92.21377627398397,0.6244349293144478,0.3333333333333333,0.3333333333333333,16,48,0.8634691622637315,-0.11391207443088658
10000,40.0,i64-o16,4,7.388393230204782,0.14768233383758497,118.21429168327651,2.3629173414013596,1.0,1.0,48,48,6.086133541468364,0.04283138293511719,97.37813666349382,0.6853021269618751,1.0,1.0,48,48,0.823742504200697,-1.3022596887364184
10000,40.0,i64-o16,16,15.113235328727285,0.26683053078376406,241.81176525963656,4.269288492540225,0.875,0.875,42,48,6.47073663616849,0.0064799233981534315,103.53178617869584,0.1036787743704549,0.5,0.5,24,48,0.4281503262156511,-8.642498692558796
10000,40.0,i704-o128,4,0.910382361475916,0.013586611015685842,116.52894226891725,1.7390862100077877,1.0,1.0,48,48,0.8319291228229364,0.008083119071160461,106.48692772133586,1.034639241108539,1.0,1.0,48,48,0.9138238591026843,-0.0784532386529796
10000,40.0,i704-o128,16,0.7186729826782451,0.003539767080591035,91.99014178281537,0.45309018631565245,0.3333333333333333,0.3333333333333333,16,48,0.42097180113884375,0.05423914706221935,53.884390545772,6.942610823964077,0.22916666666666666,0.20833333333333334,11,48,0.585762664362347,-0.29770118153940134
10000,40.0,i704-o16,4,6.386628387760931,0.0325483227158781,102.1860542041749,0.5207731634540496,1.0,1.0,48,48,4.528020386382782,0.06357611558228561,72.44832618212452,1.0172178493165698,1.0,1.0,48,48,0.7089844768579447,-1.8586080013781485
10000,40.0,i704-o16,16,5.65163374679703,0.03801633310313329,90.42613994875248,0.6082613296501327,0.4583333333333333,0.4583333333333333,22,48,5.671604856956735,0.09301092267411791,90.74567771130776,1.4881747627858866,0.9791666666666666,0.9583333333333334,47,48,1.0035336879660723,0.01997111015970532
10000,40.0,mixed,4,1.2369114239214989,0.028555657463817986,112.14663576888258,2.5890462767195084,1.0,1.0,48,48,1.172395388996908,0.009404420422368559,106.29718193571966,0.8526674516280676,1.0,1.0,48,48,0.9478410226659162,-0.06451603492459079
10000,40.0,mixed,16,1.266380677067049,0.49983963145913884,117.25302321182978,41.87587832649178,0.3958333333333333,0.2916666666666667,19,48,0.3384125131705049,0.01116682755854309,18.048667369093593,0.595564136455631,0.125,0.125,6,48,0.26722810865550467,-0.927968163896544
10000,50.0,i64-o128,4,0.9399557516412358,0.004294618894272414,120.31433621007818,0.549711218466869,1.0,1.0,48,48,0.8801834378355037,0.010845852460193001,112.66348004294447,1.3882691149047042,1.0,1.0,48,48,0.9364094387407439,-0.059772313805732114
10000,50.0,i64-o128,16,2.354488786029968,0.030598367167080226,301.3745646118359,3.916590997386269,1.0,1.0,48,48,2.1612603814214992,0.01463519365580729,276.6413288219519,1.873304787943333,1.0,1.0,48,48,0.9179319070216164,-0.1932284046084689
10000,50.0,i64-o16,4,7.388393230204782,0.14768233383758497,118.21429168327651,2.3629173414013596,1.0,1.0,48,48,6.086133541468364,0.04283138293511719,97.37813666349382,0.6853021269618751,1.0,1.0,48,48,0.823742504200697,-1.3022596887364184
10000,50.0,i64-o16,16,17.272268947116896,0.304949178038586,276.35630315387033,4.879186848617376,1.0,1.0,48,48,12.94147327233698,0.012959846796306863,207.06357235739168,0.2073575487409098,1.0,1.0,48,48,0.7492630708773895,-4.330795674779916
10000,50.0,i704-o128,4,0.910382361475916,0.013586611015685842,116.52894226891725,1.7390862100077877,1.0,1.0,48,48,0.8319291228229364,0.008083119071160461,106.48692772133586,1.034639241108539,1.0,1.0,48,48,0.9138238591026843,-0.0784532386529796
10000,50.0,i704-o128,16,2.1560189480347356,0.010619301241773104,275.97042534844616,1.3592705589469574,1.0,1.0,48,48,1.415962976394681,0.05372451220732726,181.24326097851917,6.8767375625378895,0.7708333333333334,0.75,37,48,0.656748855424191,-0.7400559716400545
10000,50.0,i704-o16,4,6.386628387760931,0.0325483227158781,102.1860542041749,0.5207731634540496,1.0,1.0,48,48,4.528020386382782,0.06357611558228561,72.44832618212452,1.0172178493165698,1.0,1.0,48,48,0.7089844768579447,-1.8586080013781485
10000,50.0,i704-o16,16,8.990013615043772,0.30282024707618815,143.84021784070035,4.8451239532190105,0.7291666666666666,0.7083333333333334,35,48,5.796330368067693,0.26939943206114925,92.74128588908309,4.310390912978388,1.0,1.0,48,48,0.6447521234415251,-3.1936832469760787
10000,50.0,mixed,4,1.2369114239214989,0.028555657463817986,112.14663576888258,2.5890462767195084,1.0,1.0,48,48,1.172395388996908,0.009404420422368559,106.29718193571966,0.8526674516280676,1.0,1.0,48,48,0.9478410226659162,-0.06451603492459079
10000,50.0,mixed,16,3.184861842817317,0.07746990779234589,288.7608070821034,7.023938306506047,1.0,1.0,48,48,2.7073001053640393,0.08933462046834471,245.4618762196729,8.099672255796575,1.0,1.0,48,48,0.8500526047840027,-0.4775617374532777
10000,75.0,i64-o128,4,0.9399557516412358,0.004294618894272414,120.31433621007818,0.549711218466869,1.0,1.0,48,48,0.8801834378355037,0.010845852460193001,112.66348004294447,1.3882691149047042,1.0,1.0,48,48,0.9364094387407439,-0.059772313805732114
10000,75.0,i64-o128,16,2.354488786029968,0.030598367167080226,301.3745646118359,3.916590997386269,1.0,1.0,48,48,2.1612603814214992,0.01463519365580729,276.6413288219519,1.873304787943333,1.0,1.0,48,48,0.9179319070216164,-0.1932284046084689
10000,75.0,i64-o16,4,7.388393230204782,0.14768233383758497,118.21429168327651,2.3629173414013596,1.0,1.0,48,48,6.086133541468364,0.04283138293511719,97.37813666349382,0.6853021269618751,1.0,1.0,48,48,0.823742504200697,-1.3022596887364184
10000,75.0,i64-o16,16,17.272268947116896,0.304949178038586,276.35630315387033,4.879186848617376,1.0,1.0,48,48,12.94147327233698,0.012959846796306863,207.06357235739168,0.2073575487409098,1.0,1.0,48,48,0.7492630708773895,-4.330795674779916
10000,75.0,i704-o128,4,0.910382361475916,0.013586611015685842,116.52894226891725,1.7390862100077877,1.0,1.0,48,48,0.8319291228229364,0.008083119071160461,106.48692772133586,1.034639241108539,1.0,1.0,48,48,0.9138238591026843,-0.0784532386529796
10000,75.0,i704-o128,16,2.1560189480347356,0.010619301241773104,275.97042534844616,1.3592705589469574,1.0,1.0,48,48,1.8369347775335245,0.0005146348548921647,235.12765152429114,0.06587326142619708,1.0,1.0,48,48,0.8520030768783066,-0.3190841705012111
10000,75.0,i704-o16,4,6.386628387760931,0.0325483227158781,102.1860542041749,0.5207731634540496,1.0,1.0,48,48,4.528020386382782,0.06357611558228561,72.44832618212452,1.0172178493165698,1.0,1.0,48,48,0.7089844768579447,-1.8586080013781485
10000,75.0,i704-o16,16,12.330837265738975,0.0829447267704739,197.2933962518236,1.3271156283275825,1.0,1.0,48,48,5.796330368067693,0.26939943206114925,92.74128588908309,4.310390912978388,1.0,1.0,48,48,0.4700678666948837,-6.534506897671282
10000,75.0,mixed,4,1.2369114239214989,0.028555657463817986,112.14663576888258,2.5890462767195084,1.0,1.0,48,48,1.172395388996908,0.009404420422368559,106.29718193571966,0.8526674516280676,1.0,1.0,48,48,0.9478410226659162,-0.06451603492459079
10000,75.0,mixed,16,3.184861842817317,0.07746990779234589,288.7608070821034,7.023938306506047,1.0,1.0,48,48,2.7073001053640393,0.08933462046834471,245.4618762196729,8.099672255796575,1.0,1.0,48,48,0.8500526047840027,-0.4775617374532777
20000,25.0,i64-o128,4,0.0,0.0,0.0,0.0,0.0,0.0,0,48,0.0,0.0,0.0,0.0,0.0,0.0,0,48,,0.0
20000,25.0,i64-o128,16,0.0,0.0,0.0,0.0,0.0,0.0,0,48,0.0,0.0,0.0,0.0,0.0,0.0,0,48,,0.0
20000,25.0,i64-o16,4,0.3078497179251993,0.006153430576566014,4.925595486803188,0.09845488922505623,0.041666666666666664,0.041666666666666664,2,48,0.3810143122026273,0.1819913905325773,6.096228995242037,2.9118622485212367,0.0625,0.041666666666666664,3,48,1.2376633468126337,0.07316459427742805
20000,25.0,i64-o16,16,0.7196778727965374,0.012706215751607804,11.514845964744598,0.20329945202572486,0.041666666666666664,0.041666666666666664,2,48,0.5392280530140409,0.0005399936165127859,8.627648848224654,0.008639897864204575,0.041666666666666664,0.041666666666666664,2,48,0.7492630708773894,-0.18044981978249652
20000,25.0,i704-o128,4,0.0,0.0,0.0,0.0,0.0,0.0,0,48,0.0,0.0,0.0,0.0,0.0,0.0,0,48,,0.0
20000,25.0,i704-o128,16,0.0,0.0,0.0,0.0,0.0,0.0,0,48,0.0,0.0,0.0,0.0,0.0,0.0,0,48,,0.0
20000,25.0,i704-o16,4,0.6647943083145003,0.18477739312977357,10.636708933032004,2.956438290076377,0.10416666666666667,0.08333333333333333,5,48,0.943337580496413,0.013245024079642861,15.093401287942608,0.21192038527428578,0.20833333333333334,0.20833333333333334,10,48,1.4189916620798442,0.27854327218191277
20000,25.0,i704-o16,16,0.2581143342604592,0.3650287921540438,4.129829348167347,5.840460674464701,0.020833333333333332,0.0,1,48,0.24151376533615387,0.01122497633588122,3.864220245378462,0.17959962137409952,0.041666666666666664,0.041666666666666664,2,48,0.9356852110834187,-0.016600568924305337
20000,25.0,mixed,4,0.0,0.0,0.0,0.0,0.0,0.0,0,48,0.0,0.0,0.0,0.0,0.0,0.0,0,48,,0.0
20000,25.0,mixed,16,0.0,0.0,0.0,0.0,0.0,0.0,0,48,0.0,0.0,0.0,0.0,0.0,0.0,0,48,,0.0
20000,30.0,i64-o128,4,0.01964567720383308,0.027783183143664684,2.514646682090634,3.5562474423890795,0.020833333333333332,0.0,1,48,0.0,0.0,0.0,0.0,0.0,0.0,0,48,0.0,-0.01964567720383308
20000,30.0,i64-o128,16,0.0,0.0,0.0,0.0,0.0,0.0,0,48,0.0,0.0,0.0,0.0,0.0,0.0,0,48,,0.0
20000,30.0,i64-o16,4,4.778197326572965,0.7484260433305961,76.45115722516744,11.974816693289538,0.6458333333333334,0.5833333333333334,31,48,3.2991795317387824,0.7404580488197184,52.78687250782052,11.847328781115495,0.5416666666666666,0.4583333333333333,26,48,0.6904653169912159,-1.4790177948341823
20000,30.0,i64-o16,16,1.8036870076519338,0.5406546435033605,28.85899212243094,8.650474296053767,0.10416666666666667,0.08333333333333333,5,48,0.8086511629470445,0.38048182246747825,12.938418607152713,6.087709159479652,0.0625,0.041666666666666664,3,48,0.44833231016048536,-0.9950358447048893
20000,30.0,i704-o128,4,0.0,0.0,0.0,0.0,0.0,0.0,0,48,0.0,0.0,0.0,0.0,0.0,0.0,0,48,,0.0
20000,30.0,i704-o128,16,0.0,0.0,0.0,0.0,0.0,0.0,0,48,0.0,0.0,0.0,0.0,0.0,0.0,0,48,,0.0
20000,30.0,i704-o16,4,3.194273158034992,0.3926098481832946,51.108370528559874,6.281757570932713,0.5,0.4583333333333333,24,48,1.6980076448935433,0.023841043343357102,27.168122318296692,0.38145669349371364,0.375,0.375,18,48,0.5315787225717726,-1.4962655131414488
20000,30.0,i704-o16,16,1.2856841064053737,0.37194085271824995,20.57094570248598,5.951053643491999,0.10416666666666667,0.08333333333333333,5,48,1.2155060835665294,0.3976769241175879,19.44809733706447,6.362830785881407,0.20833333333333334,0.16666666666666666,10,48,0.9454158121040681,-0.07017802283884422
20000,30.0,mixed,4,0.2576898799836456,0.0059490953049620866,4.12303807973833,0.09518552487939339,0.20833333333333334,0.20833333333333334,10,48,0.12198597949022405,0.033562403280651354,1.9517756718435848,0.5369984524904217,0.10416666666666667,0.08333333333333333,5,48,0.47338288759328045,-0.13570390049342157
20000,30.0,mixed,16,0.0,0.0,0.0,0.0,0.0,0.0,0,48,0.0,0.0,0.0,0.0,0.0,0.0,0,48,,0.0
20000,35.0,i64-o128,4,0.9399557516412358,0.004294618894272414,120.31433621007818,0.549711218466869,1.0,1.0,48,48,0.7701605081060657,0.009490120902668877,98.58054503757641,1.2147354755416162,0.875,0.875,42,48,0.819358258898151,-0.16979524353517006
20000,35.0,i64-o128,16,0.5409226163558518,0.21512149916280668,69.23809489354903,27.535551892839255,0.22916666666666666,0.16666666666666666,11,48,0.0,0.0,0.0,0.0,0.0,0.0,0,48,0.0,-0.5409226163558518
20000,35.0,i64-o16,4,7.236643937486308,0.3622882416805757,115.78630299978093,5.7966118668892115,0.9791666666666666,0.9583333333333334,47,48,6.086133541468364,0.04283138293511719,97.37813666349382,0.6853021269618751,1.0,1.0,48,48,0.8410160281538488,-1.1505103960179444
20000,35.0,i64-o16,16,6.121754244431158,0.6168919380130071,97.94806791089853,9.870271008208114,0.3541666666666667,0.3333333333333333,17,48,2.1569122120561635,0.0021599744660511437,34.510595392898615,0.0345595914568183,0.16666666666666666,0.16666666666666666,8,48,0.35233564202912343,-3.9648420323749947
20000,35.0,i704-o128,4,0.910382361475916,0.013586611015685842,116.52894226891725,1.7390862100077877,1.0,1.0,48,48,0.6588487067476729,0.05542102961589156,84.33263446370214,7.093891790834119,0.7916666666666666,0.75,38,48,0.7237054831329821,-0.2515336547282431
20000,35.0,i704-o128,16,0.4040971156748562,0.061531198455586196,51.72443080638159,7.875993402315033,0.1875,0.16666666666666666,9,48,0.0,0.0,0.0,0.0,0.0,0.0,0,48,0.0,-0.4040971156748562
20000,35.0,i704-o16,4,6.386628387760931,0.0325483227158781,102.1860542041749,0.5207731634540496,1.0,1.0,48,48,4.434623192967511,0.19565969319774604,70.95397108748017,3.1305550911639366,0.9791666666666666,0.9583333333333334,47,48,0.6943606115342233,-1.9520051947934203
20000,35.0,i704-o16,16,3.338379868246742,0.3408365801793224,53.41407789194787,5.453385282869158,0.2708333333333333,0.25,13,48,2.5398631644724956,0.288638272745844,40.63781063155993,4.618212363933504,0.4375,0.4166666666666667,21,48,0.7608071174375931,-0.7985167037742462
20000,35.0,mixed,4,1.1862147770511826,0.10025154303465894,105.65746496948208,11.766119629787141,0.9583333333333334,0.9166666666666666,46,48,1.0258459653722944,0.008228867869572292,87.53885571176914,0.7021967248701857,0.875,0.875,42,48,0.8648062603995291,-0.16036881167888817
20000,35.0,mixed,16,0.06749252791573294,0.09544884833727425,1.079880446651727,1.527181573396388,0.020833333333333332,0.0,1,48,0.05771810877691526,0.08162573222683914,0.9234897404306441,1.3060117156294262,0.020833333333333332,0.0,1,48,0.8551777590695457,-0.009774419138817686
20000,40.0,i64-o128,4,0.9399557516412358,0.004294618894272414,120.31433621007818,0.549711218466869,1.0,1.0,48,48,0.8801834378355037,0.010845852460193001,112.66348004294447,1.3882691149047042,1.0,1.0,48,48,0.9364094387407439,-0.059772313805732114
20000,40.0,i64-o128,16,0.8343322015713863,0.08020671282290226,106.79452180113745,10.26645924133149,0.3541666666666667,0.3333333333333333,17,48,0.7204201271404997,0.004878397885269123,92.21377627398397,0.6244349293144478,0.3333333333333333,0.3333333333333333,16,48,0.8634691622637315,-0.11391207443088658
20000,40.0,i64-o16,4,7.388393230204782,0.14768233383758497,118.21429168327651,2.3629173414013596,1.0,1.0,48,48,6.086133541468364,0.04283138293511719,97.37813666349382,0.6853021269618751,1.0,1.0,48,48,0.823742504200697,-1.3022596887364184
20000,40.0,i64-o16,16,15.113235328727285,0.26683053078376406,241.81176525963656,4.269288492540225,0.875,0.875,42,48,6.47073663616849,0.0064799233981534315,103.53178617869584,0.1036787743704549,0.5,0.5,24,48,0.4281503262156511,-8.642498692558796
20000,40.0,i704-o128,4,0.910382361475916,0.013586611015685842,116.52894226891725,1.7390862100077877,1.0,1.0,48,48,0.8319291228229364,0.008083119071160461,106.48692772133586,1.034639241108539,1.0,1.0,48,48,0.9138238591026843,-0.0784532386529796
20000,40.0,i704-o128,16,0.7186729826782451,0.003539767080591035,91.99014178281537,0.45309018631565245,0.3333333333333333,0.3333333333333333,16,48,0.42097180113884375,0.05423914706221935,53.884390545772,6.942610823964077,0.22916666666666666,0.20833333333333334,11,48,0.585762664362347,-0.29770118153940134
20000,40.0,i704-o16,4,6.386628387760931,0.0325483227158781,102.1860542041749,0.5207731634540496,1.0,1.0,48,48,4.528020386382782,0.06357611558228561,72.44832618212452,1.0172178493165698,1.0,1.0,48,48,0.7089844768579447,-1.8586080013781485
20000,40.0,i704-o16,16,5.65163374679703,0.03801633310313329,90.42613994875248,0.6082613296501327,0.4583333333333333,0.4583333333333333,22,48,5.671604856956735,0.09301092267411791,90.74567771130776,1.4881747627858866,0.9791666666666666,0.9583333333333334,47,48,1.0035336879660723,0.01997111015970532
20000,40.0,mixed,4,1.2369114239214989,0.028555657463817986,112.14663576888258,2.5890462767195084,1.0,1.0,48,48,1.172395388996908,0.009404420422368559,106.29718193571966,0.8526674516280676,1.0,1.0,48,48,0.9478410226659162,-0.06451603492459079
20000,40.0,mixed,16,1.266380677067049,0.49983963145913884,117.25302321182978,41.87587832649178,0.3958333333333333,0.2916666666666667,19,48,0.3384125131705049,0.01116682755854309,18.048667369093593,0.595564136455631,0.125,0.125,6,48,0.26722810865550467,-0.927968163896544
20000,50.0,i64-o128,4,0.9399557516412358,0.004294618894272414,120.31433621007818,0.549711218466869,1.0,1.0,48,48,0.8801834378355037,0.010845852460193001,112.66348004294447,1.3882691149047042,1.0,1.0,48,48,0.9364094387407439,-0.059772313805732114
20000,50.0,i64-o128,16,2.354488786029968,0.030598367167080226,301.3745646118359,3.916590997386269,1.0,1.0,48,48,2.1612603814214992,0.01463519365580729,276.6413288219519,1.873304787943333,1.0,1.0,48,48,0.9179319070216164,-0.1932284046084689
20000,50.0,i64-o16,4,7.388393230204782,0.14768233383758497,118.21429168327651,2.3629173414013596,1.0,1.0,48,48,6.086133541468364,0.04283138293511719,97.37813666349382,0.6853021269618751,1.0,1.0,48,48,0.823742504200697,-1.3022596887364184
20000,50.0,i64-o16,16,17.272268947116896,0.304949178038586,276.35630315387033,4.879186848617376,1.0,1.0,48,48,12.94147327233698,0.012959846796306863,207.06357235739168,0.2073575487409098,1.0,1.0,48,48,0.7492630708773895,-4.330795674779916
20000,50.0,i704-o128,4,0.910382361475916,0.013586611015685842,116.52894226891725,1.7390862100077877,1.0,1.0,48,48,0.8319291228229364,0.008083119071160461,106.48692772133586,1.034639241108539,1.0,1.0,48,48,0.9138238591026843,-0.0784532386529796
20000,50.0,i704-o128,16,2.1560189480347356,0.010619301241773104,275.97042534844616,1.3592705589469574,1.0,1.0,48,48,1.415962976394681,0.05372451220732726,181.24326097851917,6.8767375625378895,0.7708333333333334,0.75,37,48,0.656748855424191,-0.7400559716400545
20000,50.0,i704-o16,4,6.386628387760931,0.0325483227158781,102.1860542041749,0.5207731634540496,1.0,1.0,48,48,4.528020386382782,0.06357611558228561,72.44832618212452,1.0172178493165698,1.0,1.0,48,48,0.7089844768579447,-1.8586080013781485
20000,50.0,i704-o16,16,8.990013615043772,0.30282024707618815,143.84021784070035,4.8451239532190105,0.7291666666666666,0.7083333333333334,35,48,5.796330368067693,0.26939943206114925,92.74128588908309,4.310390912978388,1.0,1.0,48,48,0.6447521234415251,-3.1936832469760787
20000,50.0,mixed,4,1.2369114239214989,0.028555657463817986,112.14663576888258,2.5890462767195084,1.0,1.0,48,48,1.172395388996908,0.009404420422368559,106.29718193571966,0.8526674516280676,1.0,1.0,48,48,0.9478410226659162,-0.06451603492459079
20000,50.0,mixed,16,3.184861842817317,0.07746990779234589,288.7608070821034,7.023938306506047,1.0,1.0,48,48,2.7073001053640393,0.08933462046834471,245.4618762196729,8.099672255796575,1.0,1.0,48,48,0.8500526047840027,-0.4775617374532777
20000,75.0,i64-o128,4,0.9399557516412358,0.004294618894272414,120.31433621007818,0.549711218466869,1.0,1.0,48,48,0.8801834378355037,0.010845852460193001,112.66348004294447,1.3882691149047042,1.0,1.0,48,48,0.9364094387407439,-0.059772313805732114
20000,75.0,i64-o128,16,2.354488786029968,0.030598367167080226,301.3745646118359,3.916590997386269,1.0,1.0,48,48,2.1612603814214992,0.01463519365580729,276.6413288219519,1.873304787943333,1.0,1.0,48,48,0.9179319070216164,-0.1932284046084689
20000,75.0,i64-o16,4,7.388393230204782,0.14768233383758497,118.21429168327651,2.3629173414013596,1.0,1.0,48,48,6.086133541468364,0.04283138293511719,97.37813666349382,0.6853021269618751,1.0,1.0,48,48,0.823742504200697,-1.3022596887364184
20000,75.0,i64-o16,16,17.272268947116896,0.304949178038586,276.35630315387033,4.879186848617376,1.0,1.0,48,48,12.94147327233698,0.012959846796306863,207.06357235739168,0.2073575487409098,1.0,1.0,48,48,0.7492630708773895,-4.330795674779916
20000,75.0,i704-o128,4,0.910382361475916,0.013586611015685842,116.52894226891725,1.7390862100077877,1.0,1.0,48,48,0.8319291228229364,0.008083119071160461,106.48692772133586,1.034639241108539,1.0,1.0,48,48,0.9138238591026843,-0.0784532386529796
20000,75.0,i704-o128,16,2.1560189480347356,0.010619301241773104,275.97042534844616,1.3592705589469574,1.0,1.0,48,48,1.8369347775335245,0.0005146348548921647,235.12765152429114,0.06587326142619708,1.0,1.0,48,48,0.8520030768783066,-0.3190841705012111
20000,75.0,i704-o16,4,6.386628387760931,0.0325483227158781,102.1860542041749,0.5207731634540496,1.0,1.0,48,48,4.528020386382782,0.06357611558228561,72.44832618212452,1.0172178493165698,1.0,1.0,48,48,0.7089844768579447,-1.8586080013781485
20000,75.0,i704-o16,16,12.330837265738975,0.0829447267704739,197.2933962518236,1.3271156283275825,1.0,1.0,48,48,5.796330368067693,0.26939943206114925,92.74128588908309,4.310390912978388,1.0,1.0,48,48,0.4700678666948837,-6.534506897671282
20000,75.0,mixed,4,1.2369114239214989,0.028555657463817986,112.14663576888258,2.5890462767195084,1.0,1.0,48,48,1.172395388996908,0.009404420422368559,106.29718193571966,0.8526674516280676,1.0,1.0,48,48,0.9478410226659162,-0.06451603492459079
20000,75.0,mixed,16,3.184861842817317,0.07746990779234589,288.7608070821034,7.023938306506047,1.0,1.0,48,48,2.7073001053640393,0.08933462046834471,245.4618762196729,8.099672255796575,1.0,1.0,48,48,0.8500526047840027,-0.4775617374532777
