repetition,workload,concurrency,mode,exported_benchmark_duration_seconds,ttft_slo_ms,tpot_slo_ms,requests,good_requests,ttft_pass,tpot_pass,good_output_tokens,attainment,duration_seconds,request_goodput,token_goodput,request_throughput,token_throughput
1,i64-o128,16,aggregated,10.096391424,100,25.0,24,0,3,0,0,0.0,10.1004783,0.0,0.0,2.3761250989470466,304.14401266522196
1,i64-o128,16,aggregated,10.096391424,100,30.0,24,0,3,0,0,0.0,10.1004783,0.0,0.0,2.3761250989470466,304.14401266522196
1,i64-o128,16,aggregated,10.096391424,100,35.0,24,2,3,7,256,0.08333333333333333,10.1004783,0.1980104249122539,25.3453343887685,2.3761250989470466,304.14401266522196
1,i64-o128,16,aggregated,10.096391424,100,40.0,24,2,3,9,256,0.08333333333333333,10.1004783,0.1980104249122539,25.3453343887685,2.3761250989470466,304.14401266522196
1,i64-o128,16,aggregated,10.096391424,100,50.0,24,3,3,24,384,0.125,10.1004783,0.2970156373683808,38.018001583152746,2.3761250989470466,304.14401266522196
1,i64-o128,16,aggregated,10.096391424,100,75.0,24,3,3,24,384,0.125,10.1004783,0.2970156373683808,38.018001583152746,2.3761250989470466,304.14401266522196
1,i64-o128,16,aggregated,10.096391424,250,25.0,24,0,23,0,0,0.0,10.1004783,0.0,0.0,2.3761250989470466,304.14401266522196
1,i64-o128,16,aggregated,10.096391424,250,30.0,24,0,23,0,0,0.0,10.1004783,0.0,0.0,2.3761250989470466,304.14401266522196
1,i64-o128,16,aggregated,10.096391424,250,35.0,24,7,23,7,896,0.2916666666666667,10.1004783,0.6930364871928887,88.70867036068975,2.3761250989470466,304.14401266522196
1,i64-o128,16,aggregated,10.096391424,250,40.0,24,9,23,9,1152,0.375,10.1004783,0.8910469121051425,114.05400474945824,2.3761250989470466,304.14401266522196
1,i64-o128,16,aggregated,10.096391424,250,50.0,24,23,23,24,2944,0.9583333333333334,10.1004783,2.2771198864909197,291.4713454708377,2.3761250989470466,304.14401266522196
1,i64-o128,16,aggregated,10.096391424,250,75.0,24,23,23,24,2944,0.9583333333333334,10.1004783,2.2771198864909197,291.4713454708377,2.3761250989470466,304.14401266522196
1,i64-o128,16,aggregated,10.096391424,500,25.0,24,0,24,0,0,0.0,10.1004783,0.0,0.0,2.3761250989470466,304.14401266522196
1,i64-o128,16,aggregated,10.096391424,500,30.0,24,0,24,0,0,0.0,10.1004783,0.0,0.0,2.3761250989470466,304.14401266522196
1,i64-o128,16,aggregated,10.096391424,500,35.0,24,7,24,7,896,0.2916666666666667,10.1004783,0.6930364871928887,88.70867036068975,2.3761250989470466,304.14401266522196
1,i64-o128,16,aggregated,10.096391424,500,40.0,24,9,24,9,1152,0.375,10.1004783,0.8910469121051425,114.05400474945824,2.3761250989470466,304.14401266522196
1,i64-o128,16,aggregated,10.096391424,500,50.0,24,24,24,24,3072,1.0,10.1004783,2.3761250989470466,304.14401266522196,2.3761250989470466,304.14401266522196
1,i64-o128,16,aggregated,10.096391424,500,75.0,24,24,24,24,3072,1.0,10.1004783,2.3761250989470466,304.14401266522196,2.3761250989470466,304.14401266522196
1,i64-o128,16,aggregated,10.096391424,1000,25.0,24,0,24,0,0,0.0,10.1004783,0.0,0.0,2.3761250989470466,304.14401266522196
1,i64-o128,16,aggregated,10.096391424,1000,30.0,24,0,24,0,0,0.0,10.1004783,0.0,0.0,2.3761250989470466,304.14401266522196
1,i64-o128,16,aggregated,10.096391424,1000,35.0,24,7,24,7,896,0.2916666666666667,10.1004783,0.6930364871928887,88.70867036068975,2.3761250989470466,304.14401266522196
1,i64-o128,16,aggregated,10.096391424,1000,40.0,24,9,24,9,1152,0.375,10.1004783,0.8910469121051425,114.05400474945824,2.3761250989470466,304.14401266522196
1,i64-o128,16,aggregated,10.096391424,1000,50.0,24,24,24,24,3072,1.0,10.1004783,2.3761250989470466,304.14401266522196,2.3761250989470466,304.14401266522196
1,i64-o128,16,aggregated,10.096391424,1000,75.0,24,24,24,24,3072,1.0,10.1004783,2.3761250989470466,304.14401266522196,2.3761250989470466,304.14401266522196
1,i64-o128,16,aggregated,10.096391424,2000,25.0,24,0,24,0,0,0.0,10.1004783,0.0,0.0,2.3761250989470466,304.14401266522196
1,i64-o128,16,aggregated,10.096391424,2000,30.0,24,0,24,0,0,0.0,10.1004783,0.0,0.0,2.3761250989470466,304.14401266522196
1,i64-o128,16,aggregated,10.096391424,2000,35.0,24,7,24,7,896,0.2916666666666667,10.1004783,0.6930364871928887,88.70867036068975,2.3761250989470466,304.14401266522196
1,i64-o128,16,aggregated,10.096391424,2000,40.0,24,9,24,9,1152,0.375,10.1004783,0.8910469121051425,114.05400474945824,2.3761250989470466,304.14401266522196
1,i64-o128,16,aggregated,10.096391424,2000,50.0,24,24,24,24,3072,1.0,10.1004783,2.3761250989470466,304.14401266522196,2.3761250989470466,304.14401266522196
1,i64-o128,16,aggregated,10.096391424,2000,75.0,24,24,24,24,3072,1.0,10.1004783,2.3761250989470466,304.14401266522196,2.3761250989470466,304.14401266522196
1,i64-o128,16,aggregated,10.096391424,5000,25.0,24,0,24,0,0,0.0,10.1004783,0.0,0.0,2.3761250989470466,304.14401266522196
1,i64-o128,16,aggregated,10.096391424,5000,30.0,24,0,24,0,0,0.0,10.1004783,0.0,0.0,2.3761250989470466,304.14401266522196
1,i64-o128,16,aggregated,10.096391424,5000,35.0,24,7,24,7,896,0.2916666666666667,10.1004783,0.6930364871928887,88.70867036068975,2.3761250989470466,304.14401266522196
1,i64-o128,16,aggregated,10.096391424,5000,40.0,24,9,24,9,1152,0.375,10.1004783,0.8910469121051425,114.05400474945824,2.3761250989470466,304.14401266522196
1,i64-o128,16,aggregated,10.096391424,5000,50.0,24,24,24,24,3072,1.0,10.1004783,2.3761250989470466,304.14401266522196,2.3761250989470466,304.14401266522196
1,i64-o128,16,aggregated,10.096391424,5000,75.0,24,24,24,24,3072,1.0,10.1004783,2.3761250989470466,304.14401266522196,2.3761250989470466,304.14401266522196
1,i64-o128,16,aggregated,10.096391424,10000,25.0,24,0,24,0,0,0.0,10.1004783,0.0,0.0,2.3761250989470466,304.14401266522196
1,i64-o128,16,aggregated,10.096391424,10000,30.0,24,0,24,0,0,0.0,10.1004783,0.0,0.0,2.3761250989470466,304.14401266522196
1,i64-o128,16,aggregated,10.096391424,10000,35.0,24,7,24,7,896,0.2916666666666667,10.1004783,0.6930364871928887,88.70867036068975,2.3761250989470466,304.14401266522196
1,i64-o128,16,aggregated,10.096391424,10000,40.0,24,9,24,9,1152,0.375,10.1004783,0.8910469121051425,114.05400474945824,2.3761250989470466,304.14401266522196
1,i64-o128,16,aggregated,10.096391424,10000,50.0,24,24,24,24,3072,1.0,10.1004783,2.3761250989470466,304.14401266522196,2.3761250989470466,304.14401266522196
1,i64-o128,16,aggregated,10.096391424,10000,75.0,24,24,24,24,3072,1.0,10.1004783,2.3761250989470466,304.14401266522196,2.3761250989470466,304.14401266522196
1,i64-o128,16,aggregated,10.096391424,20000,25.0,24,0,24,0,0,0.0,10.1004783,0.0,0.0,2.3761250989470466,304.14401266522196
1,i64-o128,16,aggregated,10.096391424,20000,30.0,24,0,24,0,0,0.0,10.1004783,0.0,0.0,2.3761250989470466,304.14401266522196
1,i64-o128,16,aggregated,10.096391424,20000,35.0,24,7,24,7,896,0.2916666666666667,10.1004783,0.6930364871928887,88.70867036068975,2.3761250989470466,304.14401266522196
1,i64-o128,16,aggregated,10.096391424,20000,40.0,24,9,24,9,1152,0.375,10.1004783,0.8910469121051425,114.05400474945824,2.3761250989470466,304.14401266522196
1,i64-o128,16,aggregated,10.096391424,20000,50.0,24,24,24,24,3072,1.0,10.1004783,2.3761250989470466,304.14401266522196,2.3761250989470466,304.14401266522196
1,i64-o128,16,aggregated,10.096391424,20000,75.0,24,24,24,24,3072,1.0,10.1004783,2.3761250989470466,304.14401266522196,2.3761250989470466,304.14401266522196
1,i64-o128,4,aggregated,25.447920384000003,100,25.0,24,0,14,0,0,0.0,25.450891553,0.0,0.0,0.9429925057839877,120.70304074035043
1,i64-o128,4,aggregated,25.447920384000003,100,30.0,24,0,14,1,0,0.0,25.450891553,0.0,0.0,0.9429925057839877,120.70304074035043
1,i64-o128,4,aggregated,25.447920384000003,100,35.0,24,14,14,24,1792,0.5833333333333334,25.450891553,0.5500789617073262,70.41010709853775,0.9429925057839877,120.70304074035043
1,i64-o128,4,aggregated,25.447920384000003,100,40.0,24,14,14,24,1792,0.5833333333333334,25.450891553,0.5500789617073262,70.41010709853775,0.9429925057839877,120.70304074035043
1,i64-o128,4,aggregated,25.447920384000003,100,50.0,24,14,14,24,1792,0.5833333333333334,25.450891553,0.5500789617073262,70.41010709853775,0.9429925057839877,120.70304074035043
1,i64-o128,4,aggregated,25.447920384000003,100,75.0,24,14,14,24,1792,0.5833333333333334,25.450891553,0.5500789617073262,70.41010709853775,0.9429925057839877,120.70304074035043
1,i64-o128,4,aggregated,25.447920384000003,250,25.0,24,0,24,0,0,0.0,25.450891553,0.0,0.0,0.9429925057839877,120.70304074035043
1,i64-o128,4,aggregated,25.447920384000003,250,30.0,24,1,24,1,128,0.041666666666666664,25.450891553,0.03929135440766616,5.029293364181268,0.9429925057839877,120.70304074035043
1,i64-o128,4,aggregated,25.447920384000003,250,35.0,24,24,24,24,3072,1.0,25.450891553,0.9429925057839877,120.70304074035043,0.9429925057839877,120.70304074035043
1,i64-o128,4,aggregated,25.447920384000003,250,40.0,24,24,24,24,3072,1.0,25.450891553,0.9429925057839877,120.70304074035043,0.9429925057839877,120.70304074035043
1,i64-o128,4,aggregated,25.447920384000003,250,50.0,24,24,24,24,3072,1.0,25.450891553,0.9429925057839877,120.70304074035043,0.9429925057839877,120.70304074035043
1,i64-o128,4,aggregated,25.447920384000003,250,75.0,24,24,24,24,3072,1.0,25.450891553,0.9429925057839877,120.70304074035043,0.9429925057839877,120.70304074035043
1,i64-o128,4,aggregated,25.447920384000003,500,25.0,24,0,24,0,0,0.0,25.450891553,0.0,0.0,0.9429925057839877,120.70304074035043
1,i64-o128,4,aggregated,25.447920384000003,500,30.0,24,1,24,1,128,0.041666666666666664,25.450891553,0.03929135440766616,5.029293364181268,0.9429925057839877,120.70304074035043
1,i64-o128,4,aggregated,25.447920384000003,500,35.0,24,24,24,24,3072,1.0,25.450891553,0.9429925057839877,120.70304074035043,0.9429925057839877,120.70304074035043
1,i64-o128,4,aggregated,25.447920384000003,500,40.0,24,24,24,24,3072,1.0,25.450891553,0.9429925057839877,120.70304074035043,0.9429925057839877,120.70304074035043
1,i64-o128,4,aggregated,25.447920384000003,500,50.0,24,24,24,24,3072,1.0,25.450891553,0.9429925057839877,120.70304074035043,0.9429925057839877,120.70304074035043
1,i64-o128,4,aggregated,25.447920384000003,500,75.0,24,24,24,24,3072,1.0,25.450891553,0.9429925057839877,120.70304074035043,0.9429925057839877,120.70304074035043
1,i64-o128,4,aggregated,25.447920384000003,1000,25.0,24,0,24,0,0,0.0,25.450891553,0.0,0.0,0.9429925057839877,120.70304074035043
1,i64-o128,4,aggregated,25.447920384000003,1000,30.0,24,1,24,1,128,0.041666666666666664,25.450891553,0.03929135440766616,5.029293364181268,0.9429925057839877,120.70304074035043
1,i64-o128,4,aggregated,25.447920384000003,1000,35.0,24,24,24,24,3072,1.0,25.450891553,0.9429925057839877,120.70304074035043,0.9429925057839877,120.70304074035043
1,i64-o128,4,aggregated,25.447920384000003,1000,40.0,24,24,24,24,3072,1.0,25.450891553,0.9429925057839877,120.70304074035043,0.9429925057839877,120.70304074035043
1,i64-o128,4,aggregated,25.447920384000003,1000,50.0,24,24,24,24,3072,1.0,25.450891553,0.9429925057839877,120.70304074035043,0.9429925057839877,120.70304074035043
1,i64-o128,4,aggregated,25.447920384000003,1000,75.0,24,24,24,24,3072,1.0,25.450891553,0.9429925057839877,120.70304074035043,0.9429925057839877,120.70304074035043
1,i64-o128,4,aggregated,25.447920384000003,2000,25.0,24,0,24,0,0,0.0,25.450891553,0.0,0.0,0.9429925057839877,120.70304074035043
1,i64-o128,4,aggregated,25.447920384000003,2000,30.0,24,1,24,1,128,0.041666666666666664,25.450891553,0.03929135440766616,5.029293364181268,0.9429925057839877,120.70304074035043
1,i64-o128,4,aggregated,25.447920384000003,2000,35.0,24,24,24,24,3072,1.0,25.450891553,0.9429925057839877,120.70304074035043,0.9429925057839877,120.70304074035043
1,i64-o128,4,aggregated,25.447920384000003,2000,40.0,24,24,24,24,3072,1.0,25.450891553,0.9429925057839877,120.70304074035043,0.9429925057839877,120.70304074035043
1,i64-o128,4,aggregated,25.447920384000003,2000,50.0,24,24,24,24,3072,1.0,25.450891553,0.9429925057839877,120.70304074035043,0.9429925057839877,120.70304074035043
1,i64-o128,4,aggregated,25.447920384000003,2000,75.0,24,24,24,24,3072,1.0,25.450891553,0.9429925057839877,120.70304074035043,0.9429925057839877,120.70304074035043
1,i64-o128,4,aggregated,25.447920384000003,5000,25.0,24,0,24,0,0,0.0,25.450891553,0.0,0.0,0.9429925057839877,120.70304074035043
1,i64-o128,4,aggregated,25.447920384000003,5000,30.0,24,1,24,1,128,0.041666666666666664,25.450891553,0.03929135440766616,5.029293364181268,0.9429925057839877,120.70304074035043
1,i64-o128,4,aggregated,25.447920384000003,5000,35.0,24,24,24,24,3072,1.0,25.450891553,0.9429925057839877,120.70304074035043,0.9429925057839877,120.70304074035043
1,i64-o128,4,aggregated,25.447920384000003,5000,40.0,24,24,24,24,3072,1.0,25.450891553,0.9429925057839877,120.70304074035043,0.9429925057839877,120.70304074035043
1,i64-o128,4,aggregated,25.447920384000003,5000,50.0,24,24,24,24,3072,1.0,25.450891553,0.9429925057839877,120.70304074035043,0.9429925057839877,120.70304074035043
1,i64-o128,4,aggregated,25.447920384000003,5000,75.0,24,24,24,24,3072,1.0,25.450891553,0.9429925057839877,120.70304074035043,0.9429925057839877,120.70304074035043
1,i64-o128,4,aggregated,25.447920384000003,10000,25.0,24,0,24,0,0,0.0,25.450891553,0.0,0.0,0.9429925057839877,120.70304074035043
1,i64-o128,4,aggregated,25.447920384000003,10000,30.0,24,1,24,1,128,0.041666666666666664,25.450891553,0.03929135440766616,5.029293364181268,0.9429925057839877,120.70304074035043
1,i64-o128,4,aggregated,25.447920384000003,10000,35.0,24,24,24,24,3072,1.0,25.450891553,0.9429925057839877,120.70304074035043,0.9429925057839877,120.70304074035043
1,i64-o128,4,aggregated,25.447920384000003,10000,40.0,24,24,24,24,3072,1.0,25.450891553,0.9429925057839877,120.70304074035043,0.9429925057839877,120.70304074035043
1,i64-o128,4,aggregated,25.447920384000003,10000,50.0,24,24,24,24,3072,1.0,25.450891553,0.9429925057839877,120.70304074035043,0.9429925057839877,120.70304074035043
1,i64-o128,4,aggregated,25.447920384000003,10000,75.0,24,24,24,24,3072,1.0,25.450891553,0.9429925057839877,120.70304074035043,0.9429925057839877,120.70304074035043
1,i64-o128,4,aggregated,25.447920384000003,20000,25.0,24,0,24,0,0,0.0,25.450891553,0.0,0.0,0.9429925057839877,120.70304074035043
1,i64-o128,4,aggregated,25.447920384000003,20000,30.0,24,1,24,1,128,0.041666666666666664,25.450891553,0.03929135440766616,5.029293364181268,0.9429925057839877,120.70304074035043
1,i64-o128,4,aggregated,25.447920384000003,20000,35.0,24,24,24,24,3072,1.0,25.450891553,0.9429925057839877,120.70304074035043,0.9429925057839877,120.70304074035043
1,i64-o128,4,aggregated,25.447920384000003,20000,40.0,24,24,24,24,3072,1.0,25.450891553,0.9429925057839877,120.70304074035043,0.9429925057839877,120.70304074035043
1,i64-o128,4,aggregated,25.447920384000003,20000,50.0,24,24,24,24,3072,1.0,25.450891553,0.9429925057839877,120.70304074035043,0.9429925057839877,120.70304074035043
1,i64-o128,4,aggregated,25.447920384000003,20000,75.0,24,24,24,24,3072,1.0,25.450891553,0.9429925057839877,120.70304074035043,0.9429925057839877,120.70304074035043
1,i64-o16,16,aggregated,1.3692249600000002,100,25.0,24,0,1,1,0,0.0,1.372377427,0.0,0.0,17.487900578825244,279.8064092612039
1,i64-o16,16,aggregated,1.3692249600000002,100,30.0,24,0,1,3,0,0.0,1.372377427,0.0,0.0,17.487900578825244,279.8064092612039
1,i64-o16,16,aggregated,1.3692249600000002,100,35.0,24,0,1,9,0,0.0,1.372377427,0.0,0.0,17.487900578825244,279.8064092612039
1,i64-o16,16,aggregated,1.3692249600000002,100,40.0,24,1,1,21,16,0.041666666666666664,1.372377427,0.7286625241177186,11.658600385883497,17.487900578825244,279.8064092612039
1,i64-o16,16,aggregated,1.3692249600000002,100,50.0,24,1,1,24,16,0.041666666666666664,1.372377427,0.7286625241177186,11.658600385883497,17.487900578825244,279.8064092612039
1,i64-o16,16,aggregated,1.3692249600000002,100,75.0,24,1,1,24,16,0.041666666666666664,1.372377427,0.7286625241177186,11.658600385883497,17.487900578825244,279.8064092612039
1,i64-o16,16,aggregated,1.3692249600000002,250,25.0,24,1,21,1,16,0.041666666666666664,1.372377427,0.7286625241177186,11.658600385883497,17.487900578825244,279.8064092612039
1,i64-o16,16,aggregated,1.3692249600000002,250,30.0,24,3,21,3,48,0.125,1.372377427,2.1859875723531554,34.97580115765049,17.487900578825244,279.8064092612039
1,i64-o16,16,aggregated,1.3692249600000002,250,35.0,24,8,21,9,128,0.3333333333333333,1.372377427,5.829300192941749,93.26880308706798,17.487900578825244,279.8064092612039
1,i64-o16,16,aggregated,1.3692249600000002,250,40.0,24,18,21,21,288,0.75,1.372377427,13.115925434118934,209.85480694590294,17.487900578825244,279.8064092612039
1,i64-o16,16,aggregated,1.3692249600000002,250,50.0,24,21,21,24,336,0.875,1.372377427,15.30191300647209,244.83060810355343,17.487900578825244,279.8064092612039
1,i64-o16,16,aggregated,1.3692249600000002,250,75.0,24,21,21,24,336,0.875,1.372377427,15.30191300647209,244.83060810355343,17.487900578825244,279.8064092612039
1,i64-o16,16,aggregated,1.3692249600000002,500,25.0,24,1,24,1,16,0.041666666666666664,1.372377427,0.7286625241177186,11.658600385883497,17.487900578825244,279.8064092612039
1,i64-o16,16,aggregated,1.3692249600000002,500,30.0,24,3,24,3,48,0.125,1.372377427,2.1859875723531554,34.97580115765049,17.487900578825244,279.8064092612039
1,i64-o16,16,aggregated,1.3692249600000002,500,35.0,24,9,24,9,144,0.375,1.372377427,6.557962717059467,104.92740347295147,17.487900578825244,279.8064092612039
1,i64-o16,16,aggregated,1.3692249600000002,500,40.0,24,21,24,21,336,0.875,1.372377427,15.30191300647209,244.83060810355343,17.487900578825244,279.8064092612039
1,i64-o16,16,aggregated,1.3692249600000002,500,50.0,24,24,24,24,384,1.0,1.372377427,17.487900578825244,279.8064092612039,17.487900578825244,279.8064092612039
1,i64-o16,16,aggregated,1.3692249600000002,500,75.0,24,24,24,24,384,1.0,1.372377427,17.487900578825244,279.8064092612039,17.487900578825244,279.8064092612039
1,i64-o16,16,aggregated,1.3692249600000002,1000,25.0,24,1,24,1,16,0.041666666666666664,1.372377427,0.7286625241177186,11.658600385883497,17.487900578825244,279.8064092612039
1,i64-o16,16,aggregated,1.3692249600000002,1000,30.0,24,3,24,3,48,0.125,1.372377427,2.1859875723531554,34.97580115765049,17.487900578825244,279.8064092612039
1,i64-o16,16,aggregated,1.3692249600000002,1000,35.0,24,9,24,9,144,0.375,1.372377427,6.557962717059467,104.92740347295147,17.487900578825244,279.8064092612039
1,i64-o16,16,aggregated,1.3692249600000002,1000,40.0,24,21,24,21,336,0.875,1.372377427,15.30191300647209,244.83060810355343,17.487900578825244,279.8064092612039
1,i64-o16,16,aggregated,1.3692249600000002,1000,50.0,24,24,24,24,384,1.0,1.372377427,17.487900578825244,279.8064092612039,17.487900578825244,279.8064092612039
1,i64-o16,16,aggregated,1.3692249600000002,1000,75.0,24,24,24,24,384,1.0,1.372377427,17.487900578825244,279.8064092612039,17.487900578825244,279.8064092612039
1,i64-o16,16,aggregated,1.3692249600000002,2000,25.0,24,1,24,1,16,0.041666666666666664,1.372377427,0.7286625241177186,11.658600385883497,17.487900578825244,279.8064092612039
1,i64-o16,16,aggregated,1.3692249600000002,2000,30.0,24,3,24,3,48,0.125,1.372377427,2.1859875723531554,34.97580115765049,17.487900578825244,279.8064092612039
1,i64-o16,16,aggregated,1.3692249600000002,2000,35.0,24,9,24,9,144,0.375,1.372377427,6.557962717059467,104.92740347295147,17.487900578825244,279.8064092612039
1,i64-o16,16,aggregated,1.3692249600000002,2000,40.0,24,21,24,21,336,0.875,1.372377427,15.30191300647209,244.83060810355343,17.487900578825244,279.8064092612039
1,i64-o16,16,aggregated,1.3692249600000002,2000,50.0,24,24,24,24,384,1.0,1.372377427,17.487900578825244,279.8064092612039,17.487900578825244,279.8064092612039
1,i64-o16,16,aggregated,1.3692249600000002,2000,75.0,24,24,24,24,384,1.0,1.372377427,17.487900578825244,279.8064092612039,17.487900578825244,279.8064092612039
1,i64-o16,16,aggregated,1.3692249600000002,5000,25.0,24,1,24,1,16,0.041666666666666664,1.372377427,0.7286625241177186,11.658600385883497,17.487900578825244,279.8064092612039
1,i64-o16,16,aggregated,1.3692249600000002,5000,30.0,24,3,24,3,48,0.125,1.372377427,2.1859875723531554,34.97580115765049,17.487900578825244,279.8064092612039
1,i64-o16,16,aggregated,1.3692249600000002,5000,35.0,24,9,24,9,144,0.375,1.372377427,6.557962717059467,104.92740347295147,17.487900578825244,279.8064092612039
1,i64-o16,16,aggregated,1.3692249600000002,5000,40.0,24,21,24,21,336,0.875,1.372377427,15.30191300647209,244.83060810355343,17.487900578825244,279.8064092612039
1,i64-o16,16,aggregated,1.3692249600000002,5000,50.0,24,24,24,24,384,1.0,1.372377427,17.487900578825244,279.8064092612039,17.487900578825244,279.8064092612039
1,i64-o16,16,aggregated,1.3692249600000002,5000,75.0,24,24,24,24,384,1.0,1.372377427,17.487900578825244,279.8064092612039,17.487900578825244,279.8064092612039
1,i64-o16,16,aggregated,1.3692249600000002,10000,25.0,24,1,24,1,16,0.041666666666666664,1.372377427,0.7286625241177186,11.658600385883497,17.487900578825244,279.8064092612039
1,i64-o16,16,aggregated,1.3692249600000002,10000,30.0,24,3,24,3,48,0.125,1.372377427,2.1859875723531554,34.97580115765049,17.487900578825244,279.8064092612039
1,i64-o16,16,aggregated,1.3692249600000002,10000,35.0,24,9,24,9,144,0.375,1.372377427,6.557962717059467,104.92740347295147,17.487900578825244,279.8064092612039
1,i64-o16,16,aggregated,1.3692249600000002,10000,40.0,24,21,24,21,336,0.875,1.372377427,15.30191300647209,244.83060810355343,17.487900578825244,279.8064092612039
1,i64-o16,16,aggregated,1.3692249600000002,10000,50.0,24,24,24,24,384,1.0,1.372377427,17.487900578825244,279.8064092612039,17.487900578825244,279.8064092612039
1,i64-o16,16,aggregated,1.3692249600000002,10000,75.0,24,24,24,24,384,1.0,1.372377427,17.487900578825244,279.8064092612039,17.487900578825244,279.8064092612039
1,i64-o16,16,aggregated,1.3692249600000002,20000,25.0,24,1,24,1,16,0.041666666666666664,1.372377427,0.7286625241177186,11.658600385883497,17.487900578825244,279.8064092612039
1,i64-o16,16,aggregated,1.3692249600000002,20000,30.0,24,3,24,3,48,0.125,1.372377427,2.1859875723531554,34.97580115765049,17.487900578825244,279.8064092612039
1,i64-o16,16,aggregated,1.3692249600000002,20000,35.0,24,9,24,9,144,0.375,1.372377427,6.557962717059467,104.92740347295147,17.487900578825244,279.8064092612039
1,i64-o16,16,aggregated,1.3692249600000002,20000,40.0,24,21,24,21,336,0.875,1.372377427,15.30191300647209,244.83060810355343,17.487900578825244,279.8064092612039
1,i64-o16,16,aggregated,1.3692249600000002,20000,50.0,24,24,24,24,384,1.0,1.372377427,17.487900578825244,279.8064092612039,17.487900578825244,279.8064092612039
1,i64-o16,16,aggregated,1.3692249600000002,20000,75.0,24,24,24,24,384,1.0,1.372377427,17.487900578825244,279.8064092612039,17.487900578825244,279.8064092612039
1,i64-o16,4,aggregated,3.2005616640000003,100,25.0,24,0,15,1,0,0.0,3.2030662270000003,0.0,0.0,7.492820409922794,119.88512655876471
1,i64-o16,4,aggregated,3.2005616640000003,100,30.0,24,8,15,17,128,0.3333333333333333,3.2030662270000003,2.497606803307598,39.96170885292157,7.492820409922794,119.88512655876471
1,i64-o16,4,aggregated,3.2005616640000003,100,35.0,24,15,15,24,240,0.625,3.2030662270000003,4.683012756201746,74.92820409922794,7.492820409922794,119.88512655876471
1,i64-o16,4,aggregated,3.2005616640000003,100,40.0,24,15,15,24,240,0.625,3.2030662270000003,4.683012756201746,74.92820409922794,7.492820409922794,119.88512655876471
1,i64-o16,4,aggregated,3.2005616640000003,100,50.0,24,15,15,24,240,0.625,3.2030662270000003,4.683012756201746,74.92820409922794,7.492820409922794,119.88512655876471
1,i64-o16,4,aggregated,3.2005616640000003,100,75.0,24,15,15,24,240,0.625,3.2030662270000003,4.683012756201746,74.92820409922794,7.492820409922794,119.88512655876471
1,i64-o16,4,aggregated,3.2005616640000003,250,25.0,24,1,24,1,16,0.041666666666666664,3.2030662270000003,0.31220085041344975,4.995213606615196,7.492820409922794,119.88512655876471
1,i64-o16,4,aggregated,3.2005616640000003,250,30.0,24,17,24,17,272,0.7083333333333334,3.2030662270000003,5.307414457028646,84.91863131245833,7.492820409922794,119.88512655876471
1,i64-o16,4,aggregated,3.2005616640000003,250,35.0,24,24,24,24,384,1.0,3.2030662270000003,7.492820409922794,119.88512655876471,7.492820409922794,119.88512655876471
1,i64-o16,4,aggregated,3.2005616640000003,250,40.0,24,24,24,24,384,1.0,3.2030662270000003,7.492820409922794,119.88512655876471,7.492820409922794,119.88512655876471
1,i64-o16,4,aggregated,3.2005616640000003,250,50.0,24,24,24,24,384,1.0,3.2030662270000003,7.492820409922794,119.88512655876471,7.492820409922794,119.88512655876471
1,i64-o16,4,aggregated,3.2005616640000003,250,75.0,24,24,24,24,384,1.0,3.2030662270000003,7.492820409922794,119.88512655876471,7.492820409922794,119.88512655876471
1,i64-o16,4,aggregated,3.2005616640000003,500,25.0,24,1,24,1,16,0.041666666666666664,3.2030662270000003,0.31220085041344975,4.995213606615196,7.492820409922794,119.88512655876471
1,i64-o16,4,aggregated,3.2005616640000003,500,30.0,24,17,24,17,272,0.7083333333333334,3.2030662270000003,5.307414457028646,84.91863131245833,7.492820409922794,119.88512655876471
1,i64-o16,4,aggregated,3.2005616640000003,500,35.0,24,24,24,24,384,1.0,3.2030662270000003,7.492820409922794,119.88512655876471,7.492820409922794,119.88512655876471
1,i64-o16,4,aggregated,3.2005616640000003,500,40.0,24,24,24,24,384,1.0,3.2030662270000003,7.492820409922794,119.88512655876471,7.492820409922794,119.88512655876471
1,i64-o16,4,aggregated,3.2005616640000003,500,50.0,24,24,24,24,384,1.0,3.2030662270000003,7.492820409922794,119.88512655876471,7.492820409922794,119.88512655876471
1,i64-o16,4,aggregated,3.2005616640000003,500,75.0,24,24,24,24,384,1.0,3.2030662270000003,7.492820409922794,119.88512655876471,7.492820409922794,119.88512655876471
1,i64-o16,4,aggregated,3.2005616640000003,1000,25.0,24,1,24,1,16,0.041666666666666664,3.2030662270000003,0.31220085041344975,4.995213606615196,7.492820409922794,119.88512655876471
1,i64-o16,4,aggregated,3.2005616640000003,1000,30.0,24,17,24,17,272,0.7083333333333334,3.2030662270000003,5.307414457028646,84.91863131245833,7.492820409922794,119.88512655876471
1,i64-o16,4,aggregated,3.2005616640000003,1000,35.0,24,24,24,24,384,1.0,3.2030662270000003,7.492820409922794,119.88512655876471,7.492820409922794,119.88512655876471
1,i64-o16,4,aggregated,3.2005616640000003,1000,40.0,24,24,24,24,384,1.0,3.2030662270000003,7.492820409922794,119.88512655876471,7.492820409922794,119.88512655876471
1,i64-o16,4,aggregated,3.2005616640000003,1000,50.0,24,24,24,24,384,1.0,3.2030662270000003,7.492820409922794,119.88512655876471,7.492820409922794,119.88512655876471
1,i64-o16,4,aggregated,3.2005616640000003,1000,75.0,24,24,24,24,384,1.0,3.2030662270000003,7.492820409922794,119.88512655876471,7.492820409922794,119.88512655876471
1,i64-o16,4,aggregated,3.2005616640000003,2000,25.0,24,1,24,1,16,0.041666666666666664,3.2030662270000003,0.31220085041344975,4.995213606615196,7.492820409922794,119.88512655876471
1,i64-o16,4,aggregated,3.2005616640000003,2000,30.0,24,17,24,17,272,0.7083333333333334,3.2030662270000003,5.307414457028646,84.91863131245833,7.492820409922794,119.88512655876471
1,i64-o16,4,aggregated,3.2005616640000003,2000,35.0,24,24,24,24,384,1.0,3.2030662270000003,7.492820409922794,119.88512655876471,7.492820409922794,119.88512655876471
1,i64-o16,4,aggregated,3.2005616640000003,2000,40.0,24,24,24,24,384,1.0,3.2030662270000003,7.492820409922794,119.88512655876471,7.492820409922794,119.88512655876471
1,i64-o16,4,aggregated,3.2005616640000003,2000,50.0,24,24,24,24,384,1.0,3.2030662270000003,7.492820409922794,119.88512655876471,7.492820409922794,119.88512655876471
1,i64-o16,4,aggregated,3.2005616640000003,2000,75.0,24,24,24,24,384,1.0,3.2030662270000003,7.492820409922794,119.88512655876471,7.492820409922794,119.88512655876471
1,i64-o16,4,aggregated,3.2005616640000003,5000,25.0,24,1,24,1,16,0.041666666666666664,3.2030662270000003,0.31220085041344975,4.995213606615196,7.492820409922794,119.88512655876471
1,i64-o16,4,aggregated,3.2005616640000003,5000,30.0,24,17,24,17,272,0.7083333333333334,3.2030662270000003,5.307414457028646,84.91863131245833,7.492820409922794,119.88512655876471
1,i64-o16,4,aggregated,3.2005616640000003,5000,35.0,24,24,24,24,384,1.0,3.2030662270000003,7.492820409922794,119.88512655876471,7.492820409922794,119.88512655876471
1,i64-o16,4,aggregated,3.2005616640000003,5000,40.0,24,24,24,24,384,1.0,3.2030662270000003,7.492820409922794,119.88512655876471,7.492820409922794,119.88512655876471
1,i64-o16,4,aggregated,3.2005616640000003,5000,50.0,24,24,24,24,384,1.0,3.2030662270000003,7.492820409922794,119.88512655876471,7.492820409922794,119.88512655876471
1,i64-o16,4,aggregated,3.2005616640000003,5000,75.0,24,24,24,24,384,1.0,3.2030662270000003,7.492820409922794,119.88512655876471,7.492820409922794,119.88512655876471
1,i64-o16,4,aggregated,3.2005616640000003,10000,25.0,24,1,24,1,16,0.041666666666666664,3.2030662270000003,0.31220085041344975,4.995213606615196,7.492820409922794,119.88512655876471
1,i64-o16,4,aggregated,3.2005616640000003,10000,30.0,24,17,24,17,272,0.7083333333333334,3.2030662270000003,5.307414457028646,84.91863131245833,7.492820409922794,119.88512655876471
1,i64-o16,4,aggregated,3.2005616640000003,10000,35.0,24,24,24,24,384,1.0,3.2030662270000003,7.492820409922794,119.88512655876471,7.492820409922794,119.88512655876471
1,i64-o16,4,aggregated,3.2005616640000003,10000,40.0,24,24,24,24,384,1.0,3.2030662270000003,7.492820409922794,119.88512655876471,7.492820409922794,119.88512655876471
1,i64-o16,4,aggregated,3.2005616640000003,10000,50.0,24,24,24,24,384,1.0,3.2030662270000003,7.492820409922794,119.88512655876471,7.492820409922794,119.88512655876471
1,i64-o16,4,aggregated,3.2005616640000003,10000,75.0,24,24,24,24,384,1.0,3.2030662270000003,7.492820409922794,119.88512655876471,7.492820409922794,119.88512655876471
1,i64-o16,4,aggregated,3.2005616640000003,20000,25.0,24,1,24,1,16,0.041666666666666664,3.2030662270000003,0.31220085041344975,4.995213606615196,7.492820409922794,119.88512655876471
1,i64-o16,4,aggregated,3.2005616640000003,20000,30.0,24,17,24,17,272,0.7083333333333334,3.2030662270000003,5.307414457028646,84.91863131245833,7.492820409922794,119.88512655876471
1,i64-o16,4,aggregated,3.2005616640000003,20000,35.0,24,24,24,24,384,1.0,3.2030662270000003,7.492820409922794,119.88512655876471,7.492820409922794,119.88512655876471
1,i64-o16,4,aggregated,3.2005616640000003,20000,40.0,24,24,24,24,384,1.0,3.2030662270000003,7.492820409922794,119.88512655876471,7.492820409922794,119.88512655876471
1,i64-o16,4,aggregated,3.2005616640000003,20000,50.0,24,24,24,24,384,1.0,3.2030662270000003,7.492820409922794,119.88512655876471,7.492820409922794,119.88512655876471
1,i64-o16,4,aggregated,3.2005616640000003,20000,75.0,24,24,24,24,384,1.0,3.2030662270000003,7.492820409922794,119.88512655876471,7.492820409922794,119.88512655876471
1,i704-o128,16,aggregated,11.167372288000001,100,25.0,24,0,0,0,0,0.0,11.170532302000002,0.0,0.0,2.148509968115215,275.0092759187475
1,i704-o128,16,aggregated,11.167372288000001,100,30.0,24,0,0,0,0,0.0,11.170532302000002,0.0,0.0,2.148509968115215,275.0092759187475
1,i704-o128,16,aggregated,11.167372288000001,100,35.0,24,0,0,5,0,0.0,11.170532302000002,0.0,0.0,2.148509968115215,275.0092759187475
1,i704-o128,16,aggregated,11.167372288000001,100,40.0,24,0,0,8,0,0.0,11.170532302000002,0.0,0.0,2.148509968115215,275.0092759187475
1,i704-o128,16,aggregated,11.167372288000001,100,50.0,24,0,0,24,0,0.0,11.170532302000002,0.0,0.0,2.148509968115215,275.0092759187475
1,i704-o128,16,aggregated,11.167372288000001,100,75.0,24,0,0,24,0,0.0,11.170532302000002,0.0,0.0,2.148509968115215,275.0092759187475
1,i704-o128,16,aggregated,11.167372288000001,250,25.0,24,0,3,0,0,0.0,11.170532302000002,0.0,0.0,2.148509968115215,275.0092759187475
1,i704-o128,16,aggregated,11.167372288000001,250,30.0,24,0,3,0,0,0.0,11.170532302000002,0.0,0.0,2.148509968115215,275.0092759187475
1,i704-o128,16,aggregated,11.167372288000001,250,35.0,24,0,3,5,0,0.0,11.170532302000002,0.0,0.0,2.148509968115215,275.0092759187475
1,i704-o128,16,aggregated,11.167372288000001,250,40.0,24,0,3,8,0,0.0,11.170532302000002,0.0,0.0,2.148509968115215,275.0092759187475
1,i704-o128,16,aggregated,11.167372288000001,250,50.0,24,3,3,24,384,0.125,11.170532302000002,0.26856374601440186,34.37615948984344,2.148509968115215,275.0092759187475
1,i704-o128,16,aggregated,11.167372288000001,250,75.0,24,3,3,24,384,0.125,11.170532302000002,0.26856374601440186,34.37615948984344,2.148509968115215,275.0092759187475
1,i704-o128,16,aggregated,11.167372288000001,500,25.0,24,0,14,0,0,0.0,11.170532302000002,0.0,0.0,2.148509968115215,275.0092759187475
1,i704-o128,16,aggregated,11.167372288000001,500,30.0,24,0,14,0,0,0.0,11.170532302000002,0.0,0.0,2.148509968115215,275.0092759187475
1,i704-o128,16,aggregated,11.167372288000001,500,35.0,24,4,14,5,512,0.16666666666666666,11.170532302000002,0.35808499468586913,45.83487931979125,2.148509968115215,275.0092759187475
1,i704-o128,16,aggregated,11.167372288000001,500,40.0,24,7,14,8,896,0.2916666666666667,11.170532302000002,0.626648740700271,80.21103880963469,2.148509968115215,275.0092759187475
1,i704-o128,16,aggregated,11.167372288000001,500,50.0,24,14,14,24,1792,0.5833333333333334,11.170532302000002,1.253297481400542,160.42207761926937,2.148509968115215,275.0092759187475
1,i704-o128,16,aggregated,11.167372288000001,500,75.0,24,14,14,24,1792,0.5833333333333334,11.170532302000002,1.253297481400542,160.42207761926937,2.148509968115215,275.0092759187475
1,i704-o128,16,aggregated,11.167372288000001,1000,25.0,24,0,24,0,0,0.0,11.170532302000002,0.0,0.0,2.148509968115215,275.0092759187475
1,i704-o128,16,aggregated,11.167372288000001,1000,30.0,24,0,24,0,0,0.0,11.170532302000002,0.0,0.0,2.148509968115215,275.0092759187475
1,i704-o128,16,aggregated,11.167372288000001,1000,35.0,24,5,24,5,640,0.20833333333333334,11.170532302000002,0.4476062433573364,57.29359914973906,2.148509968115215,275.0092759187475
1,i704-o128,16,aggregated,11.167372288000001,1000,40.0,24,8,24,8,1024,0.3333333333333333,11.170532302000002,0.7161699893717383,91.6697586395825,2.148509968115215,275.0092759187475
1,i704-o128,16,aggregated,11.167372288000001,1000,50.0,24,24,24,24,3072,1.0,11.170532302000002,2.148509968115215,275.0092759187475,2.148509968115215,275.0092759187475
1,i704-o128,16,aggregated,11.167372288000001,1000,75.0,24,24,24,24,3072,1.0,11.170532302000002,2.148509968115215,275.0092759187475,2.148509968115215,275.0092759187475
1,i704-o128,16,aggregated,11.167372288000001,2000,25.0,24,0,24,0,0,0.0,11.170532302000002,0.0,0.0,2.148509968115215,275.0092759187475
1,i704-o128,16,aggregated,11.167372288000001,2000,30.0,24,0,24,0,0,0.0,11.170532302000002,0.0,0.0,2.148509968115215,275.0092759187475
1,i704-o128,16,aggregated,11.167372288000001,2000,35.0,24,5,24,5,640,0.20833333333333334,11.170532302000002,0.4476062433573364,57.29359914973906,2.148509968115215,275.0092759187475
1,i704-o128,16,aggregated,11.167372288000001,2000,40.0,24,8,24,8,1024,0.3333333333333333,11.170532302000002,0.7161699893717383,91.6697586395825,2.148509968115215,275.0092759187475
1,i704-o128,16,aggregated,11.167372288000001,2000,50.0,24,24,24,24,3072,1.0,11.170532302000002,2.148509968115215,275.0092759187475,2.148509968115215,275.0092759187475
1,i704-o128,16,aggregated,11.167372288000001,2000,75.0,24,24,24,24,3072,1.0,11.170532302000002,2.148509968115215,275.0092759187475,2.148509968115215,275.0092759187475
1,i704-o128,16,aggregated,11.167372288000001,5000,25.0,24,0,24,0,0,0.0,11.170532302000002,0.0,0.0,2.148509968115215,275.0092759187475
1,i704-o128,16,aggregated,11.167372288000001,5000,30.0,24,0,24,0,0,0.0,11.170532302000002,0.0,0.0,2.148509968115215,275.0092759187475
1,i704-o128,16,aggregated,11.167372288000001,5000,35.0,24,5,24,5,640,0.20833333333333334,11.170532302000002,0.4476062433573364,57.29359914973906,2.148509968115215,275.0092759187475
1,i704-o128,16,aggregated,11.167372288000001,5000,40.0,24,8,24,8,1024,0.3333333333333333,11.170532302000002,0.7161699893717383,91.6697586395825,2.148509968115215,275.0092759187475
1,i704-o128,16,aggregated,11.167372288000001,5000,50.0,24,24,24,24,3072,1.0,11.170532302000002,2.148509968115215,275.0092759187475,2.148509968115215,275.0092759187475
1,i704-o128,16,aggregated,11.167372288000001,5000,75.0,24,24,24,24,3072,1.0,11.170532302000002,2.148509968115215,275.0092759187475,2.148509968115215,275.0092759187475
1,i704-o128,16,aggregated,11.167372288000001,10000,25.0,24,0,24,0,0,0.0,11.170532302000002,0.0,0.0,2.148509968115215,275.0092759187475
1,i704-o128,16,aggregated,11.167372288000001,10000,30.0,24,0,24,0,0,0.0,11.170532302000002,0.0,0.0,2.148509968115215,275.0092759187475
1,i704-o128,16,aggregated,11.167372288000001,10000,35.0,24,5,24,5,640,0.20833333333333334,11.170532302000002,0.4476062433573364,57.29359914973906,2.148509968115215,275.0092759187475
1,i704-o128,16,aggregated,11.167372288000001,10000,40.0,24,8,24,8,1024,0.3333333333333333,11.170532302000002,0.7161699893717383,91.6697586395825,2.148509968115215,275.0092759187475
1,i704-o128,16,aggregated,11.167372288000001,10000,50.0,24,24,24,24,3072,1.0,11.170532302000002,2.148509968115215,275.0092759187475,2.148509968115215,275.0092759187475
1,i704-o128,16,aggregated,11.167372288000001,10000,75.0,24,24,24,24,3072,1.0,11.170532302000002,2.148509968115215,275.0092759187475,2.148509968115215,275.0092759187475
1,i704-o128,16,aggregated,11.167372288000001,20000,25.0,24,0,24,0,0,0.0,11.170532302000002,0.0,0.0,2.148509968115215,275.0092759187475
1,i704-o128,16,aggregated,11.167372288000001,20000,30.0,24,0,24,0,0,0.0,11.170532302000002,0.0,0.0,2.148509968115215,275.0092759187475
1,i704-o128,16,aggregated,11.167372288000001,20000,35.0,24,5,24,5,640,0.20833333333333334,11.170532302000002,0.4476062433573364,57.29359914973906,2.148509968115215,275.0092759187475
1,i704-o128,16,aggregated,11.167372288000001,20000,40.0,24,8,24,8,1024,0.3333333333333333,11.170532302000002,0.7161699893717383,91.6697586395825,2.148509968115215,275.0092759187475
1,i704-o128,16,aggregated,11.167372288000001,20000,50.0,24,24,24,24,3072,1.0,11.170532302000002,2.148509968115215,275.0092759187475,2.148509968115215,275.0092759187475
1,i704-o128,16,aggregated,11.167372288000001,20000,75.0,24,24,24,24,3072,1.0,11.170532302000002,2.148509968115215,275.0092759187475,2.148509968115215,275.0092759187475
1,i704-o128,4,aggregated,26.084202496000003,100,25.0,24,0,0,0,0,0.0,26.087252945000003,0.0,0.0,0.9199895462584513,117.75866192108177
1,i704-o128,4,aggregated,26.084202496000003,100,30.0,24,0,0,0,0,0.0,26.087252945000003,0.0,0.0,0.9199895462584513,117.75866192108177
1,i704-o128,4,aggregated,26.084202496000003,100,35.0,24,0,0,24,0,0.0,26.087252945000003,0.0,0.0,0.9199895462584513,117.75866192108177
1,i704-o128,4,aggregated,26.084202496000003,100,40.0,24,0,0,24,0,0.0,26.087252945000003,0.0,0.0,0.9199895462584513,117.75866192108177
1,i704-o128,4,aggregated,26.084202496000003,100,50.0,24,0,0,24,0,0.0,26.087252945000003,0.0,0.0,0.9199895462584513,117.75866192108177
1,i704-o128,4,aggregated,26.084202496000003,100,75.0,24,0,0,24,0,0.0,26.087252945000003,0.0,0.0,0.9199895462584513,117.75866192108177
1,i704-o128,4,aggregated,26.084202496000003,250,25.0,24,0,22,0,0,0.0,26.087252945000003,0.0,0.0,0.9199895462584513,117.75866192108177
1,i704-o128,4,aggregated,26.084202496000003,250,30.0,24,0,22,0,0,0.0,26.087252945000003,0.0,0.0,0.9199895462584513,117.75866192108177
1,i704-o128,4,aggregated,26.084202496000003,250,35.0,24,22,22,24,2816,0.9166666666666666,26.087252945000003,0.8433237507369137,107.94544009432495,0.9199895462584513,117.75866192108177
1,i704-o128,4,aggregated,26.084202496000003,250,40.0,24,22,22,24,2816,0.9166666666666666,26.087252945000003,0.8433237507369137,107.94544009432495,0.9199895462584513,117.75866192108177
1,i704-o128,4,aggregated,26.084202496000003,250,50.0,24,22,22,24,2816,0.9166666666666666,26.087252945000003,0.8433237507369137,107.94544009432495,0.9199895462584513,117.75866192108177
1,i704-o128,4,aggregated,26.084202496000003,250,75.0,24,22,22,24,2816,0.9166666666666666,26.087252945000003,0.8433237507369137,107.94544009432495,0.9199895462584513,117.75866192108177
1,i704-o128,4,aggregated,26.084202496000003,500,25.0,24,0,24,0,0,0.0,26.087252945000003,0.0,0.0,0.9199895462584513,117.75866192108177
1,i704-o128,4,aggregated,26.084202496000003,500,30.0,24,0,24,0,0,0.0,26.087252945000003,0.0,0.0,0.9199895462584513,117.75866192108177
1,i704-o128,4,aggregated,26.084202496000003,500,35.0,24,24,24,24,3072,1.0,26.087252945000003,0.9199895462584513,117.75866192108177,0.9199895462584513,117.75866192108177
1,i704-o128,4,aggregated,26.084202496000003,500,40.0,24,24,24,24,3072,1.0,26.087252945000003,0.9199895462584513,117.75866192108177,0.9199895462584513,117.75866192108177
1,i704-o128,4,aggregated,26.084202496000003,500,50.0,24,24,24,24,3072,1.0,26.087252945000003,0.9199895462584513,117.75866192108177,0.9199895462584513,117.75866192108177
1,i704-o128,4,aggregated,26.084202496000003,500,75.0,24,24,24,24,3072,1.0,26.087252945000003,0.9199895462584513,117.75866192108177,0.9199895462584513,117.75866192108177
1,i704-o128,4,aggregated,26.084202496000003,1000,25.0,24,0,24,0,0,0.0,26.087252945000003,0.0,0.0,0.9199895462584513,117.75866192108177
1,i704-o128,4,aggregated,26.084202496000003,1000,30.0,24,0,24,0,0,0.0,26.087252945000003,0.0,0.0,0.9199895462584513,117.75866192108177
1,i704-o128,4,aggregated,26.084202496000003,1000,35.0,24,24,24,24,3072,1.0,26.087252945000003,0.9199895462584513,117.75866192108177,0.9199895462584513,117.75866192108177
1,i704-o128,4,aggregated,26.084202496000003,1000,40.0,24,24,24,24,3072,1.0,26.087252945000003,0.9199895462584513,117.75866192108177,0.9199895462584513,117.75866192108177
1,i704-o128,4,aggregated,26.084202496000003,1000,50.0,24,24,24,24,3072,1.0,26.087252945000003,0.9199895462584513,117.75866192108177,0.9199895462584513,117.75866192108177
1,i704-o128,4,aggregated,26.084202496000003,1000,75.0,24,24,24,24,3072,1.0,26.087252945000003,0.9199895462584513,117.75866192108177,0.9199895462584513,117.75866192108177
1,i704-o128,4,aggregated,26.084202496000003,2000,25.0,24,0,24,0,0,0.0,26.087252945000003,0.0,0.0,0.9199895462584513,117.75866192108177
1,i704-o128,4,aggregated,26.084202496000003,2000,30.0,24,0,24,0,0,0.0,26.087252945000003,0.0,0.0,0.9199895462584513,117.75866192108177
1,i704-o128,4,aggregated,26.084202496000003,2000,35.0,24,24,24,24,3072,1.0,26.087252945000003,0.9199895462584513,117.75866192108177,0.9199895462584513,117.75866192108177
1,i704-o128,4,aggregated,26.084202496000003,2000,40.0,24,24,24,24,3072,1.0,26.087252945000003,0.9199895462584513,117.75866192108177,0.9199895462584513,117.75866192108177
1,i704-o128,4,aggregated,26.084202496000003,2000,50.0,24,24,24,24,3072,1.0,26.087252945000003,0.9199895462584513,117.75866192108177,0.9199895462584513,117.75866192108177
1,i704-o128,4,aggregated,26.084202496000003,2000,75.0,24,24,24,24,3072,1.0,26.087252945000003,0.9199895462584513,117.75866192108177,0.9199895462584513,117.75866192108177
1,i704-o128,4,aggregated,26.084202496000003,5000,25.0,24,0,24,0,0,0.0,26.087252945000003,0.0,0.0,0.9199895462584513,117.75866192108177
1,i704-o128,4,aggregated,26.084202496000003,5000,30.0,24,0,24,0,0,0.0,26.087252945000003,0.0,0.0,0.9199895462584513,117.75866192108177
1,i704-o128,4,aggregated,26.084202496000003,5000,35.0,24,24,24,24,3072,1.0,26.087252945000003,0.9199895462584513,117.75866192108177,0.9199895462584513,117.75866192108177
1,i704-o128,4,aggregated,26.084202496000003,5000,40.0,24,24,24,24,3072,1.0,26.087252945000003,0.9199895462584513,117.75866192108177,0.9199895462584513,117.75866192108177
1,i704-o128,4,aggregated,26.084202496000003,5000,50.0,24,24,24,24,3072,1.0,26.087252945000003,0.9199895462584513,117.75866192108177,0.9199895462584513,117.75866192108177
1,i704-o128,4,aggregated,26.084202496000003,5000,75.0,24,24,24,24,3072,1.0,26.087252945000003,0.9199895462584513,117.75866192108177,0.9199895462584513,117.75866192108177
1,i704-o128,4,aggregated,26.084202496000003,10000,25.0,24,0,24,0,0,0.0,26.087252945000003,0.0,0.0,0.9199895462584513,117.75866192108177
1,i704-o128,4,aggregated,26.084202496000003,10000,30.0,24,0,24,0,0,0.0,26.087252945000003,0.0,0.0,0.9199895462584513,117.75866192108177
1,i704-o128,4,aggregated,26.084202496000003,10000,35.0,24,24,24,24,3072,1.0,26.087252945000003,0.9199895462584513,117.75866192108177,0.9199895462584513,117.75866192108177
1,i704-o128,4,aggregated,26.084202496000003,10000,40.0,24,24,24,24,3072,1.0,26.087252945000003,0.9199895462584513,117.75866192108177,0.9199895462584513,117.75866192108177
1,i704-o128,4,aggregated,26.084202496000003,10000,50.0,24,24,24,24,3072,1.0,26.087252945000003,0.9199895462584513,117.75866192108177,0.9199895462584513,117.75866192108177
1,i704-o128,4,aggregated,26.084202496000003,10000,75.0,24,24,24,24,3072,1.0,26.087252945000003,0.9199895462584513,117.75866192108177,0.9199895462584513,117.75866192108177
1,i704-o128,4,aggregated,26.084202496000003,20000,25.0,24,0,24,0,0,0.0,26.087252945000003,0.0,0.0,0.9199895462584513,117.75866192108177
1,i704-o128,4,aggregated,26.084202496000003,20000,30.0,24,0,24,0,0,0.0,26.087252945000003,0.0,0.0,0.9199895462584513,117.75866192108177
1,i704-o128,4,aggregated,26.084202496000003,20000,35.0,24,24,24,24,3072,1.0,26.087252945000003,0.9199895462584513,117.75866192108177,0.9199895462584513,117.75866192108177
1,i704-o128,4,aggregated,26.084202496000003,20000,40.0,24,24,24,24,3072,1.0,26.087252945000003,0.9199895462584513,117.75866192108177,0.9199895462584513,117.75866192108177
1,i704-o128,4,aggregated,26.084202496000003,20000,50.0,24,24,24,24,3072,1.0,26.087252945000003,0.9199895462584513,117.75866192108177,0.9199895462584513,117.75866192108177
1,i704-o128,4,aggregated,26.084202496000003,20000,75.0,24,24,24,24,3072,1.0,26.087252945000003,0.9199895462584513,117.75866192108177,0.9199895462584513,117.75866192108177
1,i704-o16,16,aggregated,1.9344683520000001,100,25.0,24,0,0,1,0,0.0,1.937126047,0.0,0.0,12.389488044502041,198.23180871203266
1,i704-o16,16,aggregated,1.9344683520000001,100,30.0,24,0,0,3,0,0.0,1.937126047,0.0,0.0,12.389488044502041,198.23180871203266
1,i704-o16,16,aggregated,1.9344683520000001,100,35.0,24,0,0,6,0,0.0,1.937126047,0.0,0.0,12.389488044502041,198.23180871203266
1,i704-o16,16,aggregated,1.9344683520000001,100,40.0,24,0,0,11,0,0.0,1.937126047,0.0,0.0,12.389488044502041,198.23180871203266
1,i704-o16,16,aggregated,1.9344683520000001,100,50.0,24,0,0,17,0,0.0,1.937126047,0.0,0.0,12.389488044502041,198.23180871203266
1,i704-o16,16,aggregated,1.9344683520000001,100,75.0,24,0,0,24,0,0.0,1.937126047,0.0,0.0,12.389488044502041,198.23180871203266
1,i704-o16,16,aggregated,1.9344683520000001,250,25.0,24,0,3,1,0,0.0,1.937126047,0.0,0.0,12.389488044502041,198.23180871203266
1,i704-o16,16,aggregated,1.9344683520000001,250,30.0,24,0,3,3,0,0.0,1.937126047,0.0,0.0,12.389488044502041,198.23180871203266
1,i704-o16,16,aggregated,1.9344683520000001,250,35.0,24,0,3,6,0,0.0,1.937126047,0.0,0.0,12.389488044502041,198.23180871203266
1,i704-o16,16,aggregated,1.9344683520000001,250,40.0,24,0,3,11,0,0.0,1.937126047,0.0,0.0,12.389488044502041,198.23180871203266
1,i704-o16,16,aggregated,1.9344683520000001,250,50.0,24,3,3,17,48,0.125,1.937126047,1.5486860055627552,24.778976089004082,12.389488044502041,198.23180871203266
1,i704-o16,16,aggregated,1.9344683520000001,250,75.0,24,3,3,24,48,0.125,1.937126047,1.5486860055627552,24.778976089004082,12.389488044502041,198.23180871203266
1,i704-o16,16,aggregated,1.9344683520000001,500,25.0,24,1,15,1,16,0.041666666666666664,1.937126047,0.5162286685209184,8.259658696334695,12.389488044502041,198.23180871203266
1,i704-o16,16,aggregated,1.9344683520000001,500,30.0,24,3,15,3,48,0.125,1.937126047,1.5486860055627552,24.778976089004082,12.389488044502041,198.23180871203266
1,i704-o16,16,aggregated,1.9344683520000001,500,35.0,24,6,15,6,96,0.25,1.937126047,3.0973720111255103,49.557952178008165,12.389488044502041,198.23180871203266
1,i704-o16,16,aggregated,1.9344683520000001,500,40.0,24,9,15,11,144,0.375,1.937126047,4.646058016688266,74.33692826701225,12.389488044502041,198.23180871203266
1,i704-o16,16,aggregated,1.9344683520000001,500,50.0,24,12,15,17,192,0.5,1.937126047,6.194744022251021,99.11590435601633,12.389488044502041,198.23180871203266
1,i704-o16,16,aggregated,1.9344683520000001,500,75.0,24,15,15,24,240,0.625,1.937126047,7.743430027813776,123.89488044502042,12.389488044502041,198.23180871203266
1,i704-o16,16,aggregated,1.9344683520000001,1000,25.0,24,1,24,1,16,0.041666666666666664,1.937126047,0.5162286685209184,8.259658696334695,12.389488044502041,198.23180871203266
1,i704-o16,16,aggregated,1.9344683520000001,1000,30.0,24,3,24,3,48,0.125,1.937126047,1.5486860055627552,24.778976089004082,12.389488044502041,198.23180871203266
1,i704-o16,16,aggregated,1.9344683520000001,1000,35.0,24,6,24,6,96,0.25,1.937126047,3.0973720111255103,49.557952178008165,12.389488044502041,198.23180871203266
1,i704-o16,16,aggregated,1.9344683520000001,1000,40.0,24,11,24,11,176,0.4583333333333333,1.937126047,5.678515353730102,90.85624565968163,12.389488044502041,198.23180871203266
1,i704-o16,16,aggregated,1.9344683520000001,1000,50.0,24,17,24,17,272,0.7083333333333334,1.937126047,8.775887364855613,140.4141978376898,12.389488044502041,198.23180871203266
1,i704-o16,16,aggregated,1.9344683520000001,1000,75.0,24,24,24,24,384,1.0,1.937126047,12.389488044502041,198.23180871203266,12.389488044502041,198.23180871203266
1,i704-o16,16,aggregated,1.9344683520000001,2000,25.0,24,1,24,1,16,0.041666666666666664,1.937126047,0.5162286685209184,8.259658696334695,12.389488044502041,198.23180871203266
1,i704-o16,16,aggregated,1.9344683520000001,2000,30.0,24,3,24,3,48,0.125,1.937126047,1.5486860055627552,24.778976089004082,12.389488044502041,198.23180871203266
1,i704-o16,16,aggregated,1.9344683520000001,2000,35.0,24,6,24,6,96,0.25,1.937126047,3.0973720111255103,49.557952178008165,12.389488044502041,198.23180871203266
1,i704-o16,16,aggregated,1.9344683520000001,2000,40.0,24,11,24,11,176,0.4583333333333333,1.937126047,5.678515353730102,90.85624565968163,12.389488044502041,198.23180871203266
1,i704-o16,16,aggregated,1.9344683520000001,2000,50.0,24,17,24,17,272,0.7083333333333334,1.937126047,8.775887364855613,140.4141978376898,12.389488044502041,198.23180871203266
1,i704-o16,16,aggregated,1.9344683520000001,2000,75.0,24,24,24,24,384,1.0,1.937126047,12.389488044502041,198.23180871203266,12.389488044502041,198.23180871203266
1,i704-o16,16,aggregated,1.9344683520000001,5000,25.0,24,1,24,1,16,0.041666666666666664,1.937126047,0.5162286685209184,8.259658696334695,12.389488044502041,198.23180871203266
1,i704-o16,16,aggregated,1.9344683520000001,5000,30.0,24,3,24,3,48,0.125,1.937126047,1.5486860055627552,24.778976089004082,12.389488044502041,198.23180871203266
1,i704-o16,16,aggregated,1.9344683520000001,5000,35.0,24,6,24,6,96,0.25,1.937126047,3.0973720111255103,49.557952178008165,12.389488044502041,198.23180871203266
1,i704-o16,16,aggregated,1.9344683520000001,5000,40.0,24,11,24,11,176,0.4583333333333333,1.937126047,5.678515353730102,90.85624565968163,12.389488044502041,198.23180871203266
1,i704-o16,16,aggregated,1.9344683520000001,5000,50.0,24,17,24,17,272,0.7083333333333334,1.937126047,8.775887364855613,140.4141978376898,12.389488044502041,198.23180871203266
1,i704-o16,16,aggregated,1.9344683520000001,5000,75.0,24,24,24,24,384,1.0,1.937126047,12.389488044502041,198.23180871203266,12.389488044502041,198.23180871203266
1,i704-o16,16,aggregated,1.9344683520000001,10000,25.0,24,1,24,1,16,0.041666666666666664,1.937126047,0.5162286685209184,8.259658696334695,12.389488044502041,198.23180871203266
1,i704-o16,16,aggregated,1.9344683520000001,10000,30.0,24,3,24,3,48,0.125,1.937126047,1.5486860055627552,24.778976089004082,12.389488044502041,198.23180871203266
1,i704-o16,16,aggregated,1.9344683520000001,10000,35.0,24,6,24,6,96,0.25,1.937126047,3.0973720111255103,49.557952178008165,12.389488044502041,198.23180871203266
1,i704-o16,16,aggregated,1.9344683520000001,10000,40.0,24,11,24,11,176,0.4583333333333333,1.937126047,5.678515353730102,90.85624565968163,12.389488044502041,198.23180871203266
1,i704-o16,16,aggregated,1.9344683520000001,10000,50.0,24,17,24,17,272,0.7083333333333334,1.937126047,8.775887364855613,140.4141978376898,12.389488044502041,198.23180871203266
1,i704-o16,16,aggregated,1.9344683520000001,10000,75.0,24,24,24,24,384,1.0,1.937126047,12.389488044502041,198.23180871203266,12.389488044502041,198.23180871203266
1,i704-o16,16,aggregated,1.9344683520000001,20000,25.0,24,1,24,1,16,0.041666666666666664,1.937126047,0.5162286685209184,8.259658696334695,12.389488044502041,198.23180871203266
1,i704-o16,16,aggregated,1.9344683520000001,20000,30.0,24,3,24,3,48,0.125,1.937126047,1.5486860055627552,24.778976089004082,12.389488044502041,198.23180871203266
1,i704-o16,16,aggregated,1.9344683520000001,20000,35.0,24,6,24,6,96,0.25,1.937126047,3.0973720111255103,49.557952178008165,12.389488044502041,198.23180871203266
1,i704-o16,16,aggregated,1.9344683520000001,20000,40.0,24,11,24,11,176,0.4583333333333333,1.937126047,5.678515353730102,90.85624565968163,12.389488044502041,198.23180871203266
1,i704-o16,16,aggregated,1.9344683520000001,20000,50.0,24,17,24,17,272,0.7083333333333334,1.937126047,8.775887364855613,140.4141978376898,12.389488044502041,198.23180871203266
1,i704-o16,16,aggregated,1.9344683520000001,20000,75.0,24,24,24,24,384,1.0,1.937126047,12.389488044502041,198.23180871203266,12.389488044502041,198.23180871203266
1,i704-o16,4,aggregated,3.741774592,100,25.0,24,0,0,2,0,0.0,3.7443579970000003,0.0,0.0,6.409643527469576,102.55429643951322
1,i704-o16,4,aggregated,3.741774592,100,30.0,24,0,0,13,0,0.0,3.7443579970000003,0.0,0.0,6.409643527469576,102.55429643951322
1,i704-o16,4,aggregated,3.741774592,100,35.0,24,0,0,24,0,0.0,3.7443579970000003,0.0,0.0,6.409643527469576,102.55429643951322
1,i704-o16,4,aggregated,3.741774592,100,40.0,24,0,0,24,0,0.0,3.7443579970000003,0.0,0.0,6.409643527469576,102.55429643951322
1,i704-o16,4,aggregated,3.741774592,100,50.0,24,0,0,24,0,0.0,3.7443579970000003,0.0,0.0,6.409643527469576,102.55429643951322
1,i704-o16,4,aggregated,3.741774592,100,75.0,24,0,0,24,0,0.0,3.7443579970000003,0.0,0.0,6.409643527469576,102.55429643951322
1,i704-o16,4,aggregated,3.741774592,250,25.0,24,1,21,2,16,0.041666666666666664,3.7443579970000003,0.26706848031123237,4.273095684979718,6.409643527469576,102.55429643951322
1,i704-o16,4,aggregated,3.741774592,250,30.0,24,10,21,13,160,0.4166666666666667,3.7443579970000003,2.6706848031123234,42.730956849797174,6.409643527469576,102.55429643951322
1,i704-o16,4,aggregated,3.741774592,250,35.0,24,21,21,24,336,0.875,3.7443579970000003,5.608438086535879,89.73500938457407,6.409643527469576,102.55429643951322
1,i704-o16,4,aggregated,3.741774592,250,40.0,24,21,21,24,336,0.875,3.7443579970000003,5.608438086535879,89.73500938457407,6.409643527469576,102.55429643951322
1,i704-o16,4,aggregated,3.741774592,250,50.0,24,21,21,24,336,0.875,3.7443579970000003,5.608438086535879,89.73500938457407,6.409643527469576,102.55429643951322
1,i704-o16,4,aggregated,3.741774592,250,75.0,24,21,21,24,336,0.875,3.7443579970000003,5.608438086535879,89.73500938457407,6.409643527469576,102.55429643951322
1,i704-o16,4,aggregated,3.741774592,500,25.0,24,2,24,2,32,0.08333333333333333,3.7443579970000003,0.5341369606224647,8.546191369959436,6.409643527469576,102.55429643951322
1,i704-o16,4,aggregated,3.741774592,500,30.0,24,13,24,13,208,0.5416666666666666,3.7443579970000003,3.471890244046021,55.550243904736334,6.409643527469576,102.55429643951322
1,i704-o16,4,aggregated,3.741774592,500,35.0,24,24,24,24,384,1.0,3.7443579970000003,6.409643527469576,102.55429643951322,6.409643527469576,102.55429643951322
1,i704-o16,4,aggregated,3.741774592,500,40.0,24,24,24,24,384,1.0,3.7443579970000003,6.409643527469576,102.55429643951322,6.409643527469576,102.55429643951322
1,i704-o16,4,aggregated,3.741774592,500,50.0,24,24,24,24,384,1.0,3.7443579970000003,6.409643527469576,102.55429643951322,6.409643527469576,102.55429643951322
1,i704-o16,4,aggregated,3.741774592,500,75.0,24,24,24,24,384,1.0,3.7443579970000003,6.409643527469576,102.55429643951322,6.409643527469576,102.55429643951322
1,i704-o16,4,aggregated,3.741774592,1000,25.0,24,2,24,2,32,0.08333333333333333,3.7443579970000003,0.5341369606224647,8.546191369959436,6.409643527469576,102.55429643951322
1,i704-o16,4,aggregated,3.741774592,1000,30.0,24,13,24,13,208,0.5416666666666666,3.7443579970000003,3.471890244046021,55.550243904736334,6.409643527469576,102.55429643951322
1,i704-o16,4,aggregated,3.741774592,1000,35.0,24,24,24,24,384,1.0,3.7443579970000003,6.409643527469576,102.55429643951322,6.409643527469576,102.55429643951322
1,i704-o16,4,aggregated,3.741774592,1000,40.0,24,24,24,24,384,1.0,3.7443579970000003,6.409643527469576,102.55429643951322,6.409643527469576,102.55429643951322
1,i704-o16,4,aggregated,3.741774592,1000,50.0,24,24,24,24,384,1.0,3.7443579970000003,6.409643527469576,102.55429643951322,6.409643527469576,102.55429643951322
1,i704-o16,4,aggregated,3.741774592,1000,75.0,24,24,24,24,384,1.0,3.7443579970000003,6.409643527469576,102.55429643951322,6.409643527469576,102.55429643951322
1,i704-o16,4,aggregated,3.741774592,2000,25.0,24,2,24,2,32,0.08333333333333333,3.7443579970000003,0.5341369606224647,8.546191369959436,6.409643527469576,102.55429643951322
1,i704-o16,4,aggregated,3.741774592,2000,30.0,24,13,24,13,208,0.5416666666666666,3.7443579970000003,3.471890244046021,55.550243904736334,6.409643527469576,102.55429643951322
1,i704-o16,4,aggregated,3.741774592,2000,35.0,24,24,24,24,384,1.0,3.7443579970000003,6.409643527469576,102.55429643951322,6.409643527469576,102.55429643951322
1,i704-o16,4,aggregated,3.741774592,2000,40.0,24,24,24,24,384,1.0,3.7443579970000003,6.409643527469576,102.55429643951322,6.409643527469576,102.55429643951322
1,i704-o16,4,aggregated,3.741774592,2000,50.0,24,24,24,24,384,1.0,3.7443579970000003,6.409643527469576,102.55429643951322,6.409643527469576,102.55429643951322
1,i704-o16,4,aggregated,3.741774592,2000,75.0,24,24,24,24,384,1.0,3.7443579970000003,6.409643527469576,102.55429643951322,6.409643527469576,102.55429643951322
1,i704-o16,4,aggregated,3.741774592,5000,25.0,24,2,24,2,32,0.08333333333333333,3.7443579970000003,0.5341369606224647,8.546191369959436,6.409643527469576,102.55429643951322
1,i704-o16,4,aggregated,3.741774592,5000,30.0,24,13,24,13,208,0.5416666666666666,3.7443579970000003,3.471890244046021,55.550243904736334,6.409643527469576,102.55429643951322
1,i704-o16,4,aggregated,3.741774592,5000,35.0,24,24,24,24,384,1.0,3.7443579970000003,6.409643527469576,102.55429643951322,6.409643527469576,102.55429643951322
1,i704-o16,4,aggregated,3.741774592,5000,40.0,24,24,24,24,384,1.0,3.7443579970000003,6.409643527469576,102.55429643951322,6.409643527469576,102.55429643951322
1,i704-o16,4,aggregated,3.741774592,5000,50.0,24,24,24,24,384,1.0,3.7443579970000003,6.409643527469576,102.55429643951322,6.409643527469576,102.55429643951322
1,i704-o16,4,aggregated,3.741774592,5000,75.0,24,24,24,24,384,1.0,3.7443579970000003,6.409643527469576,102.55429643951322,6.409643527469576,102.55429643951322
1,i704-o16,4,aggregated,3.741774592,10000,25.0,24,2,24,2,32,0.08333333333333333,3.7443579970000003,0.5341369606224647,8.546191369959436,6.409643527469576,102.55429643951322
1,i704-o16,4,aggregated,3.741774592,10000,30.0,24,13,24,13,208,0.5416666666666666,3.7443579970000003,3.471890244046021,55.550243904736334,6.409643527469576,102.55429643951322
1,i704-o16,4,aggregated,3.741774592,10000,35.0,24,24,24,24,384,1.0,3.7443579970000003,6.409643527469576,102.55429643951322,6.409643527469576,102.55429643951322
1,i704-o16,4,aggregated,3.741774592,10000,40.0,24,24,24,24,384,1.0,3.7443579970000003,6.409643527469576,102.55429643951322,6.409643527469576,102.55429643951322
1,i704-o16,4,aggregated,3.741774592,10000,50.0,24,24,24,24,384,1.0,3.7443579970000003,6.409643527469576,102.55429643951322,6.409643527469576,102.55429643951322
1,i704-o16,4,aggregated,3.741774592,10000,75.0,24,24,24,24,384,1.0,3.7443579970000003,6.409643527469576,102.55429643951322,6.409643527469576,102.55429643951322
1,i704-o16,4,aggregated,3.741774592,20000,25.0,24,2,24,2,32,0.08333333333333333,3.7443579970000003,0.5341369606224647,8.546191369959436,6.409643527469576,102.55429643951322
1,i704-o16,4,aggregated,3.741774592,20000,30.0,24,13,24,13,208,0.5416666666666666,3.7443579970000003,3.471890244046021,55.550243904736334,6.409643527469576,102.55429643951322
1,i704-o16,4,aggregated,3.741774592,20000,35.0,24,24,24,24,384,1.0,3.7443579970000003,6.409643527469576,102.55429643951322,6.409643527469576,102.55429643951322
1,i704-o16,4,aggregated,3.741774592,20000,40.0,24,24,24,24,384,1.0,3.7443579970000003,6.409643527469576,102.55429643951322,6.409643527469576,102.55429643951322
1,i704-o16,4,aggregated,3.741774592,20000,50.0,24,24,24,24,384,1.0,3.7443579970000003,6.409643527469576,102.55429643951322,6.409643527469576,102.55429643951322
1,i704-o16,4,aggregated,3.741774592,20000,75.0,24,24,24,24,384,1.0,3.7443579970000003,6.409643527469576,102.55429643951322,6.409643527469576,102.55429643951322
1,mixed,16,aggregated,7.402138880000001,100,25.0,24,0,3,0,0,0.0,7.408227480000001,0.0,0.0,3.2396413399551816,293.7274814892698
1,mixed,16,aggregated,7.402138880000001,100,30.0,24,0,3,0,0,0.0,7.408227480000001,0.0,0.0,3.2396413399551816,293.7274814892698
1,mixed,16,aggregated,7.402138880000001,100,35.0,24,0,3,1,0,0.0,7.408227480000001,0.0,0.0,3.2396413399551816,293.7274814892698
1,mixed,16,aggregated,7.402138880000001,100,40.0,24,3,3,12,384,0.125,7.408227480000001,0.4049551674943977,51.834261439282905,3.2396413399551816,293.7274814892698
1,mixed,16,aggregated,7.402138880000001,100,50.0,24,3,3,24,384,0.125,7.408227480000001,0.4049551674943977,51.834261439282905,3.2396413399551816,293.7274814892698
1,mixed,16,aggregated,7.402138880000001,100,75.0,24,3,3,24,384,0.125,7.408227480000001,0.4049551674943977,51.834261439282905,3.2396413399551816,293.7274814892698
1,mixed,16,aggregated,7.402138880000001,250,25.0,24,0,15,0,0,0.0,7.408227480000001,0.0,0.0,3.2396413399551816,293.7274814892698
1,mixed,16,aggregated,7.402138880000001,250,30.0,24,0,15,0,0,0.0,7.408227480000001,0.0,0.0,3.2396413399551816,293.7274814892698
1,mixed,16,aggregated,7.402138880000001,250,35.0,24,0,15,1,0,0.0,7.408227480000001,0.0,0.0,3.2396413399551816,293.7274814892698
1,mixed,16,aggregated,7.402138880000001,250,40.0,24,5,15,12,640,0.20833333333333334,7.408227480000001,0.6749252791573295,86.39043573213817,3.2396413399551816,293.7274814892698
1,mixed,16,aggregated,7.402138880000001,250,50.0,24,15,15,24,1696,0.625,7.408227480000001,2.0247758374719886,228.93465469016616,3.2396413399551816,293.7274814892698
1,mixed,16,aggregated,7.402138880000001,250,75.0,24,15,15,24,1696,0.625,7.408227480000001,2.0247758374719886,228.93465469016616,3.2396413399551816,293.7274814892698
1,mixed,16,aggregated,7.402138880000001,500,25.0,24,0,24,0,0,0.0,7.408227480000001,0.0,0.0,3.2396413399551816,293.7274814892698
1,mixed,16,aggregated,7.402138880000001,500,30.0,24,0,24,0,0,0.0,7.408227480000001,0.0,0.0,3.2396413399551816,293.7274814892698
1,mixed,16,aggregated,7.402138880000001,500,35.0,24,1,24,1,16,0.041666666666666664,7.408227480000001,0.1349850558314659,2.159760893303454,3.2396413399551816,293.7274814892698
1,mixed,16,aggregated,7.402138880000001,500,40.0,24,12,24,12,1088,0.5,7.408227480000001,1.6198206699775908,146.8637407446349,3.2396413399551816,293.7274814892698
1,mixed,16,aggregated,7.402138880000001,500,50.0,24,24,24,24,2176,1.0,7.408227480000001,3.2396413399551816,293.7274814892698,3.2396413399551816,293.7274814892698
1,mixed,16,aggregated,7.402138880000001,500,75.0,24,24,24,24,2176,1.0,7.408227480000001,3.2396413399551816,293.7274814892698,3.2396413399551816,293.7274814892698
1,mixed,16,aggregated,7.402138880000001,1000,25.0,24,0,24,0,0,0.0,7.408227480000001,0.0,0.0,3.2396413399551816,293.7274814892698
1,mixed,16,aggregated,7.402138880000001,1000,30.0,24,0,24,0,0,0.0,7.408227480000001,0.0,0.0,3.2396413399551816,293.7274814892698
1,mixed,16,aggregated,7.402138880000001,1000,35.0,24,1,24,1,16,0.041666666666666664,7.408227480000001,0.1349850558314659,2.159760893303454,3.2396413399551816,293.7274814892698
1,mixed,16,aggregated,7.402138880000001,1000,40.0,24,12,24,12,1088,0.5,7.408227480000001,1.6198206699775908,146.8637407446349,3.2396413399551816,293.7274814892698
1,mixed,16,aggregated,7.402138880000001,1000,50.0,24,24,24,24,2176,1.0,7.408227480000001,3.2396413399551816,293.7274814892698,3.2396413399551816,293.7274814892698
1,mixed,16,aggregated,7.402138880000001,1000,75.0,24,24,24,24,2176,1.0,7.408227480000001,3.2396413399551816,293.7274814892698,3.2396413399551816,293.7274814892698
1,mixed,16,aggregated,7.402138880000001,2000,25.0,24,0,24,0,0,0.0,7.408227480000001,0.0,0.0,3.2396413399551816,293.7274814892698
1,mixed,16,aggregated,7.402138880000001,2000,30.0,24,0,24,0,0,0.0,7.408227480000001,0.0,0.0,3.2396413399551816,293.7274814892698
1,mixed,16,aggregated,7.402138880000001,2000,35.0,24,1,24,1,16,0.041666666666666664,7.408227480000001,0.1349850558314659,2.159760893303454,3.2396413399551816,293.7274814892698
1,mixed,16,aggregated,7.402138880000001,2000,40.0,24,12,24,12,1088,0.5,7.408227480000001,1.6198206699775908,146.8637407446349,3.2396413399551816,293.7274814892698
1,mixed,16,aggregated,7.402138880000001,2000,50.0,24,24,24,24,2176,1.0,7.408227480000001,3.2396413399551816,293.7274814892698,3.2396413399551816,293.7274814892698
1,mixed,16,aggregated,7.402138880000001,2000,75.0,24,24,24,24,2176,1.0,7.408227480000001,3.2396413399551816,293.7274814892698,3.2396413399551816,293.7274814892698
1,mixed,16,aggregated,7.402138880000001,5000,25.0,24,0,24,0,0,0.0,7.408227480000001,0.0,0.0,3.2396413399551816,293.7274814892698
1,mixed,16,aggregated,7.402138880000001,5000,30.0,24,0,24,0,0,0.0,7.408227480000001,0.0,0.0,3.2396413399551816,293.7274814892698
1,mixed,16,aggregated,7.402138880000001,5000,35.0,24,1,24,1,16,0.041666666666666664,7.408227480000001,0.1349850558314659,2.159760893303454,3.2396413399551816,293.7274814892698
1,mixed,16,aggregated,7.402138880000001,5000,40.0,24,12,24,12,1088,0.5,7.408227480000001,1.6198206699775908,146.8637407446349,3.2396413399551816,293.7274814892698
1,mixed,16,aggregated,7.402138880000001,5000,50.0,24,24,24,24,2176,1.0,7.408227480000001,3.2396413399551816,293.7274814892698,3.2396413399551816,293.7274814892698
1,mixed,16,aggregated,7.402138880000001,5000,75.0,24,24,24,24,2176,1.0,7.408227480000001,3.2396413399551816,293.7274814892698,3.2396413399551816,293.7274814892698
1,mixed,16,aggregated,7.402138880000001,10000,25.0,24,0,24,0,0,0.0,7.408227480000001,0.0,0.0,3.2396413399551816,293.7274814892698
1,mixed,16,aggregated,7.402138880000001,10000,30.0,24,0,24,0,0,0.0,7.408227480000001,0.0,0.0,3.2396413399551816,293.7274814892698
1,mixed,16,aggregated,7.402138880000001,10000,35.0,24,1,24,1,16,0.041666666666666664,7.408227480000001,0.1349850558314659,2.159760893303454,3.2396413399551816,293.7274814892698
1,mixed,16,aggregated,7.402138880000001,10000,40.0,24,12,24,12,1088,0.5,7.408227480000001,1.6198206699775908,146.8637407446349,3.2396413399551816,293.7274814892698
1,mixed,16,aggregated,7.402138880000001,10000,50.0,24,24,24,24,2176,1.0,7.408227480000001,3.2396413399551816,293.7274814892698,3.2396413399551816,293.7274814892698
1,mixed,16,aggregated,7.402138880000001,10000,75.0,24,24,24,24,2176,1.0,7.408227480000001,3.2396413399551816,293.7274814892698,3.2396413399551816,293.7274814892698
1,mixed,16,aggregated,7.402138880000001,20000,25.0,24,0,24,0,0,0.0,7.408227480000001,0.0,0.0,3.2396413399551816,293.7274814892698
1,mixed,16,aggregated,7.402138880000001,20000,30.0,24,0,24,0,0,0.0,7.408227480000001,0.0,0.0,3.2396413399551816,293.7274814892698
1,mixed,16,aggregated,7.402138880000001,20000,35.0,24,1,24,1,16,0.041666666666666664,7.408227480000001,0.1349850558314659,2.159760893303454,3.2396413399551816,293.7274814892698
1,mixed,16,aggregated,7.402138880000001,20000,40.0,24,12,24,12,1088,0.5,7.408227480000001,1.6198206699775908,146.8637407446349,3.2396413399551816,293.7274814892698
1,mixed,16,aggregated,7.402138880000001,20000,50.0,24,24,24,24,2176,1.0,7.408227480000001,3.2396413399551816,293.7274814892698,3.2396413399551816,293.7274814892698
1,mixed,16,aggregated,7.402138880000001,20000,75.0,24,24,24,24,2176,1.0,7.408227480000001,3.2396413399551816,293.7274814892698,3.2396413399551816,293.7274814892698
1,mixed,4,aggregated,19.088781056000002,100,25.0,24,0,9,0,0,0.0,19.091509474000002,0.0,0.0,1.257103322955405,113.97736794795672
1,mixed,4,aggregated,19.088781056000002,100,30.0,24,0,9,5,0,0.0,19.091509474000002,0.0,0.0,1.257103322955405,113.97736794795672
1,mixed,4,aggregated,19.088781056000002,100,35.0,24,9,9,24,1152,0.375,19.091509474000002,0.4714137461082769,60.340959501859444,1.257103322955405,113.97736794795672
1,mixed,4,aggregated,19.088781056000002,100,40.0,24,9,9,24,1152,0.375,19.091509474000002,0.4714137461082769,60.340959501859444,1.257103322955405,113.97736794795672
1,mixed,4,aggregated,19.088781056000002,100,50.0,24,9,9,24,1152,0.375,19.091509474000002,0.4714137461082769,60.340959501859444,1.257103322955405,113.97736794795672
1,mixed,4,aggregated,19.088781056000002,100,75.0,24,9,9,24,1152,0.375,19.091509474000002,0.4714137461082769,60.340959501859444,1.257103322955405,113.97736794795672
1,mixed,4,aggregated,19.088781056000002,250,25.0,24,0,23,0,0,0.0,19.091509474000002,0.0,0.0,1.257103322955405,113.97736794795672
1,mixed,4,aggregated,19.088781056000002,250,30.0,24,4,23,5,64,0.16666666666666666,19.091509474000002,0.20951722049256752,3.3522755278810803,1.257103322955405,113.97736794795672
1,mixed,4,aggregated,19.088781056000002,250,35.0,24,23,23,24,2160,0.9583333333333334,19.091509474000002,1.2047240178322631,113.13929906598645,1.257103322955405,113.97736794795672
1,mixed,4,aggregated,19.088781056000002,250,40.0,24,23,23,24,2160,0.9583333333333334,19.091509474000002,1.2047240178322631,113.13929906598645,1.257103322955405,113.97736794795672
1,mixed,4,aggregated,19.088781056000002,250,50.0,24,23,23,24,2160,0.9583333333333334,19.091509474000002,1.2047240178322631,113.13929906598645,1.257103322955405,113.97736794795672
1,mixed,4,aggregated,19.088781056000002,250,75.0,24,23,23,24,2160,0.9583333333333334,19.091509474000002,1.2047240178322631,113.13929906598645,1.257103322955405,113.97736794795672
1,mixed,4,aggregated,19.088781056000002,500,25.0,24,0,24,0,0,0.0,19.091509474000002,0.0,0.0,1.257103322955405,113.97736794795672
1,mixed,4,aggregated,19.088781056000002,500,30.0,24,5,24,5,80,0.20833333333333334,19.091509474000002,0.26189652561570936,4.19034440985135,1.257103322955405,113.97736794795672
1,mixed,4,aggregated,19.088781056000002,500,35.0,24,24,24,24,2176,1.0,19.091509474000002,1.257103322955405,113.97736794795672,1.257103322955405,113.97736794795672
1,mixed,4,aggregated,19.088781056000002,500,40.0,24,24,24,24,2176,1.0,19.091509474000002,1.257103322955405,113.97736794795672,1.257103322955405,113.97736794795672
1,mixed,4,aggregated,19.088781056000002,500,50.0,24,24,24,24,2176,1.0,19.091509474000002,1.257103322955405,113.97736794795672,1.257103322955405,113.97736794795672
1,mixed,4,aggregated,19.088781056000002,500,75.0,24,24,24,24,2176,1.0,19.091509474000002,1.257103322955405,113.97736794795672,1.257103322955405,113.97736794795672
1,mixed,4,aggregated,19.088781056000002,1000,25.0,24,0,24,0,0,0.0,19.091509474000002,0.0,0.0,1.257103322955405,113.97736794795672
1,mixed,4,aggregated,19.088781056000002,1000,30.0,24,5,24,5,80,0.20833333333333334,19.091509474000002,0.26189652561570936,4.19034440985135,1.257103322955405,113.97736794795672
1,mixed,4,aggregated,19.088781056000002,1000,35.0,24,24,24,24,2176,1.0,19.091509474000002,1.257103322955405,113.97736794795672,1.257103322955405,113.97736794795672
1,mixed,4,aggregated,19.088781056000002,1000,40.0,24,24,24,24,2176,1.0,19.091509474000002,1.257103322955405,113.97736794795672,1.257103322955405,113.97736794795672
1,mixed,4,aggregated,19.088781056000002,1000,50.0,24,24,24,24,2176,1.0,19.091509474000002,1.257103322955405,113.97736794795672,1.257103322955405,113.97736794795672
1,mixed,4,aggregated,19.088781056000002,1000,75.0,24,24,24,24,2176,1.0,19.091509474000002,1.257103322955405,113.97736794795672,1.257103322955405,113.97736794795672
1,mixed,4,aggregated,19.088781056000002,2000,25.0,24,0,24,0,0,0.0,19.091509474000002,0.0,0.0,1.257103322955405,113.97736794795672
1,mixed,4,aggregated,19.088781056000002,2000,30.0,24,5,24,5,80,0.20833333333333334,19.091509474000002,0.26189652561570936,4.19034440985135,1.257103322955405,113.97736794795672
1,mixed,4,aggregated,19.088781056000002,2000,35.0,24,24,24,24,2176,1.0,19.091509474000002,1.257103322955405,113.97736794795672,1.257103322955405,113.97736794795672
1,mixed,4,aggregated,19.088781056000002,2000,40.0,24,24,24,24,2176,1.0,19.091509474000002,1.257103322955405,113.97736794795672,1.257103322955405,113.97736794795672
1,mixed,4,aggregated,19.088781056000002,2000,50.0,24,24,24,24,2176,1.0,19.091509474000002,1.257103322955405,113.97736794795672,1.257103322955405,113.97736794795672
1,mixed,4,aggregated,19.088781056000002,2000,75.0,24,24,24,24,2176,1.0,19.091509474000002,1.257103322955405,113.97736794795672,1.257103322955405,113.97736794795672
1,mixed,4,aggregated,19.088781056000002,5000,25.0,24,0,24,0,0,0.0,19.091509474000002,0.0,0.0,1.257103322955405,113.97736794795672
1,mixed,4,aggregated,19.088781056000002,5000,30.0,24,5,24,5,80,0.20833333333333334,19.091509474000002,0.26189652561570936,4.19034440985135,1.257103322955405,113.97736794795672
1,mixed,4,aggregated,19.088781056000002,5000,35.0,24,24,24,24,2176,1.0,19.091509474000002,1.257103322955405,113.97736794795672,1.257103322955405,113.97736794795672
1,mixed,4,aggregated,19.088781056000002,5000,40.0,24,24,24,24,2176,1.0,19.091509474000002,1.257103322955405,113.97736794795672,1.257103322955405,113.97736794795672
1,mixed,4,aggregated,19.088781056000002,5000,50.0,24,24,24,24,2176,1.0,19.091509474000002,1.257103322955405,113.97736794795672,1.257103322955405,113.97736794795672
1,mixed,4,aggregated,19.088781056000002,5000,75.0,24,24,24,24,2176,1.0,19.091509474000002,1.257103322955405,113.97736794795672,1.257103322955405,113.97736794795672
1,mixed,4,aggregated,19.088781056000002,10000,25.0,24,0,24,0,0,0.0,19.091509474000002,0.0,0.0,1.257103322955405,113.97736794795672
1,mixed,4,aggregated,19.088781056000002,10000,30.0,24,5,24,5,80,0.20833333333333334,19.091509474000002,0.26189652561570936,4.19034440985135,1.257103322955405,113.97736794795672
1,mixed,4,aggregated,19.088781056000002,10000,35.0,24,24,24,24,2176,1.0,19.091509474000002,1.257103322955405,113.97736794795672,1.257103322955405,113.97736794795672
1,mixed,4,aggregated,19.088781056000002,10000,40.0,24,24,24,24,2176,1.0,19.091509474000002,1.257103322955405,113.97736794795672,1.257103322955405,113.97736794795672
1,mixed,4,aggregated,19.088781056000002,10000,50.0,24,24,24,24,2176,1.0,19.091509474000002,1.257103322955405,113.97736794795672,1.257103322955405,113.97736794795672
1,mixed,4,aggregated,19.088781056000002,10000,75.0,24,24,24,24,2176,1.0,19.091509474000002,1.257103322955405,113.97736794795672,1.257103322955405,113.97736794795672
1,mixed,4,aggregated,19.088781056000002,20000,25.0,24,0,24,0,0,0.0,19.091509474000002,0.0,0.0,1.257103322955405,113.97736794795672
1,mixed,4,aggregated,19.088781056000002,20000,30.0,24,5,24,5,80,0.20833333333333334,19.091509474000002,0.26189652561570936,4.19034440985135,1.257103322955405,113.97736794795672
1,mixed,4,aggregated,19.088781056000002,20000,35.0,24,24,24,24,2176,1.0,19.091509474000002,1.257103322955405,113.97736794795672,1.257103322955405,113.97736794795672
1,mixed,4,aggregated,19.088781056000002,20000,40.0,24,24,24,24,2176,1.0,19.091509474000002,1.257103322955405,113.97736794795672,1.257103322955405,113.97736794795672
1,mixed,4,aggregated,19.088781056000002,20000,50.0,24,24,24,24,2176,1.0,19.091509474000002,1.257103322955405,113.97736794795672,1.257103322955405,113.97736794795672
1,mixed,4,aggregated,19.088781056000002,20000,75.0,24,24,24,24,2176,1.0,19.091509474000002,1.257103322955405,113.97736794795672,1.257103322955405,113.97736794795672
1,i64-o128,16,disaggregated,11.155193856,100,25.0,24,0,0,0,0,0.0,11.158058971,0.0,0.0,2.1509117367435,275.316702303168
1,i64-o128,16,disaggregated,11.155193856,100,30.0,24,0,0,0,0,0.0,11.158058971,0.0,0.0,2.1509117367435,275.316702303168
1,i64-o128,16,disaggregated,11.155193856,100,35.0,24,0,0,0,0,0.0,11.158058971,0.0,0.0,2.1509117367435,275.316702303168
1,i64-o128,16,disaggregated,11.155193856,100,40.0,24,0,0,8,0,0.0,11.158058971,0.0,0.0,2.1509117367435,275.316702303168
1,i64-o128,16,disaggregated,11.155193856,100,50.0,24,0,0,24,0,0.0,11.158058971,0.0,0.0,2.1509117367435,275.316702303168
1,i64-o128,16,disaggregated,11.155193856,100,75.0,24,0,0,24,0,0.0,11.158058971,0.0,0.0,2.1509117367435,275.316702303168
1,i64-o128,16,disaggregated,11.155193856,250,25.0,24,0,8,0,0,0.0,11.158058971,0.0,0.0,2.1509117367435,275.316702303168
1,i64-o128,16,disaggregated,11.155193856,250,30.0,24,0,8,0,0,0.0,11.158058971,0.0,0.0,2.1509117367435,275.316702303168
1,i64-o128,16,disaggregated,11.155193856,250,35.0,24,0,8,0,0,0.0,11.158058971,0.0,0.0,2.1509117367435,275.316702303168
1,i64-o128,16,disaggregated,11.155193856,250,40.0,24,6,8,8,768,0.25,11.158058971,0.537727934185875,68.829175575792,2.1509117367435,275.316702303168
1,i64-o128,16,disaggregated,11.155193856,250,50.0,24,8,8,24,1024,0.3333333333333333,11.158058971,0.7169705789144999,91.77223410105599,2.1509117367435,275.316702303168
1,i64-o128,16,disaggregated,11.155193856,250,75.0,24,8,8,24,1024,0.3333333333333333,11.158058971,0.7169705789144999,91.77223410105599,2.1509117367435,275.316702303168
1,i64-o128,16,disaggregated,11.155193856,500,25.0,24,0,14,0,0,0.0,11.158058971,0.0,0.0,2.1509117367435,275.316702303168
1,i64-o128,16,disaggregated,11.155193856,500,30.0,24,0,14,0,0,0.0,11.158058971,0.0,0.0,2.1509117367435,275.316702303168
1,i64-o128,16,disaggregated,11.155193856,500,35.0,24,0,14,0,0,0.0,11.158058971,0.0,0.0,2.1509117367435,275.316702303168
1,i64-o128,16,disaggregated,11.155193856,500,40.0,24,8,14,8,1024,0.3333333333333333,11.158058971,0.7169705789144999,91.77223410105599,2.1509117367435,275.316702303168
1,i64-o128,16,disaggregated,11.155193856,500,50.0,24,14,14,24,1792,0.5833333333333334,11.158058971,1.254698513100375,160.601409676848,2.1509117367435,275.316702303168
1,i64-o128,16,disaggregated,11.155193856,500,75.0,24,14,14,24,1792,0.5833333333333334,11.158058971,1.254698513100375,160.601409676848,2.1509117367435,275.316702303168
1,i64-o128,16,disaggregated,11.155193856,1000,25.0,24,0,24,0,0,0.0,11.158058971,0.0,0.0,2.1509117367435,275.316702303168
1,i64-o128,16,disaggregated,11.155193856,1000,30.0,24,0,24,0,0,0.0,11.158058971,0.0,0.0,2.1509117367435,275.316702303168
1,i64-o128,16,disaggregated,11.155193856,1000,35.0,24,0,24,0,0,0.0,11.158058971,0.0,0.0,2.1509117367435,275.316702303168
1,i64-o128,16,disaggregated,11.155193856,1000,40.0,24,8,24,8,1024,0.3333333333333333,11.158058971,0.7169705789144999,91.77223410105599,2.1509117367435,275.316702303168
1,i64-o128,16,disaggregated,11.155193856,1000,50.0,24,24,24,24,3072,1.0,11.158058971,2.1509117367435,275.316702303168,2.1509117367435,275.316702303168
1,i64-o128,16,disaggregated,11.155193856,1000,75.0,24,24,24,24,3072,1.0,11.158058971,2.1509117367435,275.316702303168,2.1509117367435,275.316702303168
1,i64-o128,16,disaggregated,11.155193856,2000,25.0,24,0,24,0,0,0.0,11.158058971,0.0,0.0,2.1509117367435,275.316702303168
1,i64-o128,16,disaggregated,11.155193856,2000,30.0,24,0,24,0,0,0.0,11.158058971,0.0,0.0,2.1509117367435,275.316702303168
1,i64-o128,16,disaggregated,11.155193856,2000,35.0,24,0,24,0,0,0.0,11.158058971,0.0,0.0,2.1509117367435,275.316702303168
1,i64-o128,16,disaggregated,11.155193856,2000,40.0,24,8,24,8,1024,0.3333333333333333,11.158058971,0.7169705789144999,91.77223410105599,2.1509117367435,275.316702303168
1,i64-o128,16,disaggregated,11.155193856,2000,50.0,24,24,24,24,3072,1.0,11.158058971,2.1509117367435,275.316702303168,2.1509117367435,275.316702303168
1,i64-o128,16,disaggregated,11.155193856,2000,75.0,24,24,24,24,3072,1.0,11.158058971,2.1509117367435,275.316702303168,2.1509117367435,275.316702303168
1,i64-o128,16,disaggregated,11.155193856,5000,25.0,24,0,24,0,0,0.0,11.158058971,0.0,0.0,2.1509117367435,275.316702303168
1,i64-o128,16,disaggregated,11.155193856,5000,30.0,24,0,24,0,0,0.0,11.158058971,0.0,0.0,2.1509117367435,275.316702303168
1,i64-o128,16,disaggregated,11.155193856,5000,35.0,24,0,24,0,0,0.0,11.158058971,0.0,0.0,2.1509117367435,275.316702303168
1,i64-o128,16,disaggregated,11.155193856,5000,40.0,24,8,24,8,1024,0.3333333333333333,11.158058971,0.7169705789144999,91.77223410105599,2.1509117367435,275.316702303168
1,i64-o128,16,disaggregated,11.155193856,5000,50.0,24,24,24,24,3072,1.0,11.158058971,2.1509117367435,275.316702303168,2.1509117367435,275.316702303168
1,i64-o128,16,disaggregated,11.155193856,5000,75.0,24,24,24,24,3072,1.0,11.158058971,2.1509117367435,275.316702303168,2.1509117367435,275.316702303168
1,i64-o128,16,disaggregated,11.155193856,10000,25.0,24,0,24,0,0,0.0,11.158058971,0.0,0.0,2.1509117367435,275.316702303168
1,i64-o128,16,disaggregated,11.155193856,10000,30.0,24,0,24,0,0,0.0,11.158058971,0.0,0.0,2.1509117367435,275.316702303168
1,i64-o128,16,disaggregated,11.155193856,10000,35.0,24,0,24,0,0,0.0,11.158058971,0.0,0.0,2.1509117367435,275.316702303168
1,i64-o128,16,disaggregated,11.155193856,10000,40.0,24,8,24,8,1024,0.3333333333333333,11.158058971,0.7169705789144999,91.77223410105599,2.1509117367435,275.316702303168
1,i64-o128,16,disaggregated,11.155193856,10000,50.0,24,24,24,24,3072,1.0,11.158058971,2.1509117367435,275.316702303168,2.1509117367435,275.316702303168
1,i64-o128,16,disaggregated,11.155193856,10000,75.0,24,24,24,24,3072,1.0,11.158058971,2.1509117367435,275.316702303168,2.1509117367435,275.316702303168
1,i64-o128,16,disaggregated,11.155193856,20000,25.0,24,0,24,0,0,0.0,11.158058971,0.0,0.0,2.1509117367435,275.316702303168
1,i64-o128,16,disaggregated,11.155193856,20000,30.0,24,0,24,0,0,0.0,11.158058971,0.0,0.0,2.1509117367435,275.316702303168
1,i64-o128,16,disaggregated,11.155193856,20000,35.0,24,0,24,0,0,0.0,11.158058971,0.0,0.0,2.1509117367435,275.316702303168
1,i64-o128,16,disaggregated,11.155193856,20000,40.0,24,8,24,8,1024,0.3333333333333333,11.158058971,0.7169705789144999,91.77223410105599,2.1509117367435,275.316702303168
1,i64-o128,16,disaggregated,11.155193856,20000,50.0,24,24,24,24,3072,1.0,11.158058971,2.1509117367435,275.316702303168,2.1509117367435,275.316702303168
1,i64-o128,16,disaggregated,11.155193856,20000,75.0,24,24,24,24,3072,1.0,11.158058971,2.1509117367435,275.316702303168,2.1509117367435,275.316702303168
1,i64-o128,4,disaggregated,27.503908352000003,100,25.0,24,0,0,0,0,0.0,27.506713695000002,0.0,0.0,0.8725142620131524,111.68182553768351
1,i64-o128,4,disaggregated,27.503908352000003,100,30.0,24,0,0,0,0,0.0,27.506713695000002,0.0,0.0,0.8725142620131524,111.68182553768351
1,i64-o128,4,disaggregated,27.503908352000003,100,35.0,24,0,0,21,0,0.0,27.506713695000002,0.0,0.0,0.8725142620131524,111.68182553768351
1,i64-o128,4,disaggregated,27.503908352000003,100,40.0,24,0,0,24,0,0.0,27.506713695000002,0.0,0.0,0.8725142620131524,111.68182553768351
1,i64-o128,4,disaggregated,27.503908352000003,100,50.0,24,0,0,24,0,0.0,27.506713695000002,0.0,0.0,0.8725142620131524,111.68182553768351
1,i64-o128,4,disaggregated,27.503908352000003,100,75.0,24,0,0,24,0,0.0,27.506713695000002,0.0,0.0,0.8725142620131524,111.68182553768351
1,i64-o128,4,disaggregated,27.503908352000003,250,25.0,24,0,21,0,0,0.0,27.506713695000002,0.0,0.0,0.8725142620131524,111.68182553768351
1,i64-o128,4,disaggregated,27.503908352000003,250,30.0,24,0,21,0,0,0.0,27.506713695000002,0.0,0.0,0.8725142620131524,111.68182553768351
1,i64-o128,4,disaggregated,27.503908352000003,250,35.0,24,18,21,21,2304,0.75,27.506713695000002,0.6543856965098643,83.76136915326263,0.8725142620131524,111.68182553768351
1,i64-o128,4,disaggregated,27.503908352000003,250,40.0,24,21,21,24,2688,0.875,27.506713695000002,0.7634499792615084,97.72159734547307,0.8725142620131524,111.68182553768351
1,i64-o128,4,disaggregated,27.503908352000003,250,50.0,24,21,21,24,2688,0.875,27.506713695000002,0.7634499792615084,97.72159734547307,0.8725142620131524,111.68182553768351
1,i64-o128,4,disaggregated,27.503908352000003,250,75.0,24,21,21,24,2688,0.875,27.506713695000002,0.7634499792615084,97.72159734547307,0.8725142620131524,111.68182553768351
1,i64-o128,4,disaggregated,27.503908352000003,500,25.0,24,0,24,0,0,0.0,27.506713695000002,0.0,0.0,0.8725142620131524,111.68182553768351
1,i64-o128,4,disaggregated,27.503908352000003,500,30.0,24,0,24,0,0,0.0,27.506713695000002,0.0,0.0,0.8725142620131524,111.68182553768351
1,i64-o128,4,disaggregated,27.503908352000003,500,35.0,24,21,24,21,2688,0.875,27.506713695000002,0.7634499792615084,97.72159734547307,0.8725142620131524,111.68182553768351
1,i64-o128,4,disaggregated,27.503908352000003,500,40.0,24,24,24,24,3072,1.0,27.506713695000002,0.8725142620131524,111.68182553768351,0.8725142620131524,111.68182553768351
1,i64-o128,4,disaggregated,27.503908352000003,500,50.0,24,24,24,24,3072,1.0,27.506713695000002,0.8725142620131524,111.68182553768351,0.8725142620131524,111.68182553768351
1,i64-o128,4,disaggregated,27.503908352000003,500,75.0,24,24,24,24,3072,1.0,27.506713695000002,0.8725142620131524,111.68182553768351,0.8725142620131524,111.68182553768351
1,i64-o128,4,disaggregated,27.503908352000003,1000,25.0,24,0,24,0,0,0.0,27.506713695000002,0.0,0.0,0.8725142620131524,111.68182553768351
1,i64-o128,4,disaggregated,27.503908352000003,1000,30.0,24,0,24,0,0,0.0,27.506713695000002,0.0,0.0,0.8725142620131524,111.68182553768351
1,i64-o128,4,disaggregated,27.503908352000003,1000,35.0,24,21,24,21,2688,0.875,27.506713695000002,0.7634499792615084,97.72159734547307,0.8725142620131524,111.68182553768351
1,i64-o128,4,disaggregated,27.503908352000003,1000,40.0,24,24,24,24,3072,1.0,27.506713695000002,0.8725142620131524,111.68182553768351,0.8725142620131524,111.68182553768351
1,i64-o128,4,disaggregated,27.503908352000003,1000,50.0,24,24,24,24,3072,1.0,27.506713695000002,0.8725142620131524,111.68182553768351,0.8725142620131524,111.68182553768351
1,i64-o128,4,disaggregated,27.503908352000003,1000,75.0,24,24,24,24,3072,1.0,27.506713695000002,0.8725142620131524,111.68182553768351,0.8725142620131524,111.68182553768351
1,i64-o128,4,disaggregated,27.503908352000003,2000,25.0,24,0,24,0,0,0.0,27.506713695000002,0.0,0.0,0.8725142620131524,111.68182553768351
1,i64-o128,4,disaggregated,27.503908352000003,2000,30.0,24,0,24,0,0,0.0,27.506713695000002,0.0,0.0,0.8725142620131524,111.68182553768351
1,i64-o128,4,disaggregated,27.503908352000003,2000,35.0,24,21,24,21,2688,0.875,27.506713695000002,0.7634499792615084,97.72159734547307,0.8725142620131524,111.68182553768351
1,i64-o128,4,disaggregated,27.503908352000003,2000,40.0,24,24,24,24,3072,1.0,27.506713695000002,0.8725142620131524,111.68182553768351,0.8725142620131524,111.68182553768351
1,i64-o128,4,disaggregated,27.503908352000003,2000,50.0,24,24,24,24,3072,1.0,27.506713695000002,0.8725142620131524,111.68182553768351,0.8725142620131524,111.68182553768351
1,i64-o128,4,disaggregated,27.503908352000003,2000,75.0,24,24,24,24,3072,1.0,27.506713695000002,0.8725142620131524,111.68182553768351,0.8725142620131524,111.68182553768351
1,i64-o128,4,disaggregated,27.503908352000003,5000,25.0,24,0,24,0,0,0.0,27.506713695000002,0.0,0.0,0.8725142620131524,111.68182553768351
1,i64-o128,4,disaggregated,27.503908352000003,5000,30.0,24,0,24,0,0,0.0,27.506713695000002,0.0,0.0,0.8725142620131524,111.68182553768351
1,i64-o128,4,disaggregated,27.503908352000003,5000,35.0,24,21,24,21,2688,0.875,27.506713695000002,0.7634499792615084,97.72159734547307,0.8725142620131524,111.68182553768351
1,i64-o128,4,disaggregated,27.503908352000003,5000,40.0,24,24,24,24,3072,1.0,27.506713695000002,0.8725142620131524,111.68182553768351,0.8725142620131524,111.68182553768351
1,i64-o128,4,disaggregated,27.503908352000003,5000,50.0,24,24,24,24,3072,1.0,27.506713695000002,0.8725142620131524,111.68182553768351,0.8725142620131524,111.68182553768351
1,i64-o128,4,disaggregated,27.503908352000003,5000,75.0,24,24,24,24,3072,1.0,27.506713695000002,0.8725142620131524,111.68182553768351,0.8725142620131524,111.68182553768351
1,i64-o128,4,disaggregated,27.503908352000003,10000,25.0,24,0,24,0,0,0.0,27.506713695000002,0.0,0.0,0.8725142620131524,111.68182553768351
1,i64-o128,4,disaggregated,27.503908352000003,10000,30.0,24,0,24,0,0,0.0,27.506713695000002,0.0,0.0,0.8725142620131524,111.68182553768351
1,i64-o128,4,disaggregated,27.503908352000003,10000,35.0,24,21,24,21,2688,0.875,27.506713695000002,0.7634499792615084,97.72159734547307,0.8725142620131524,111.68182553768351
1,i64-o128,4,disaggregated,27.503908352000003,10000,40.0,24,24,24,24,3072,1.0,27.506713695000002,0.8725142620131524,111.68182553768351,0.8725142620131524,111.68182553768351
1,i64-o128,4,disaggregated,27.503908352000003,10000,50.0,24,24,24,24,3072,1.0,27.506713695000002,0.8725142620131524,111.68182553768351,0.8725142620131524,111.68182553768351
1,i64-o128,4,disaggregated,27.503908352000003,10000,75.0,24,24,24,24,3072,1.0,27.506713695000002,0.8725142620131524,111.68182553768351,0.8725142620131524,111.68182553768351
1,i64-o128,4,disaggregated,27.503908352000003,20000,25.0,24,0,24,0,0,0.0,27.506713695000002,0.0,0.0,0.8725142620131524,111.68182553768351
1,i64-o128,4,disaggregated,27.503908352000003,20000,30.0,24,0,24,0,0,0.0,27.506713695000002,0.0,0.0,0.8725142620131524,111.68182553768351
1,i64-o128,4,disaggregated,27.503908352000003,20000,35.0,24,21,24,21,2688,0.875,27.506713695000002,0.7634499792615084,97.72159734547307,0.8725142620131524,111.68182553768351
1,i64-o128,4,disaggregated,27.503908352000003,20000,40.0,24,24,24,24,3072,1.0,27.506713695000002,0.8725142620131524,111.68182553768351,0.8725142620131524,111.68182553768351
1,i64-o128,4,disaggregated,27.503908352000003,20000,50.0,24,24,24,24,3072,1.0,27.506713695000002,0.8725142620131524,111.68182553768351,0.8725142620131524,111.68182553768351
1,i64-o128,4,disaggregated,27.503908352000003,20000,75.0,24,24,24,24,3072,1.0,27.506713695000002,0.8725142620131524,111.68182553768351,0.8725142620131524,111.68182553768351
1,i64-o16,16,disaggregated,1.850388992,100,25.0,24,0,0,1,0,0.0,1.8531906580000002,0.0,0.0,12.950637267889787,207.2101962862366
1,i64-o16,16,disaggregated,1.850388992,100,30.0,24,0,0,1,0,0.0,1.8531906580000002,0.0,0.0,12.950637267889787,207.2101962862366
1,i64-o16,16,disaggregated,1.850388992,100,35.0,24,0,0,4,0,0.0,1.8531906580000002,0.0,0.0,12.950637267889787,207.2101962862366
1,i64-o16,16,disaggregated,1.850388992,100,40.0,24,0,0,12,0,0.0,1.8531906580000002,0.0,0.0,12.950637267889787,207.2101962862366
1,i64-o16,16,disaggregated,1.850388992,100,50.0,24,0,0,24,0,0.0,1.8531906580000002,0.0,0.0,12.950637267889787,207.2101962862366
1,i64-o16,16,disaggregated,1.850388992,100,75.0,24,0,0,24,0,0.0,1.8531906580000002,0.0,0.0,12.950637267889787,207.2101962862366
1,i64-o16,16,disaggregated,1.850388992,250,25.0,24,0,7,1,0,0.0,1.8531906580000002,0.0,0.0,12.950637267889787,207.2101962862366
1,i64-o16,16,disaggregated,1.850388992,250,30.0,24,0,7,1,0,0.0,1.8531906580000002,0.0,0.0,12.950637267889787,207.2101962862366
1,i64-o16,16,disaggregated,1.850388992,250,35.0,24,1,7,4,16,0.041666666666666664,1.8531906580000002,0.5396098861620745,8.633758178593192,12.950637267889787,207.2101962862366
1,i64-o16,16,disaggregated,1.850388992,250,40.0,24,6,7,12,96,0.25,1.8531906580000002,3.237659316972447,51.80254907155915,12.950637267889787,207.2101962862366
1,i64-o16,16,disaggregated,1.850388992,250,50.0,24,7,7,24,112,0.2916666666666667,1.8531906580000002,3.7772692031345216,60.436307250152346,12.950637267889787,207.2101962862366
1,i64-o16,16,disaggregated,1.850388992,250,75.0,24,7,7,24,112,0.2916666666666667,1.8531906580000002,3.7772692031345216,60.436307250152346,12.950637267889787,207.2101962862366
1,i64-o16,16,disaggregated,1.850388992,500,25.0,24,1,16,1,16,0.041666666666666664,1.8531906580000002,0.5396098861620745,8.633758178593192,12.950637267889787,207.2101962862366
1,i64-o16,16,disaggregated,1.850388992,500,30.0,24,1,16,1,16,0.041666666666666664,1.8531906580000002,0.5396098861620745,8.633758178593192,12.950637267889787,207.2101962862366
1,i64-o16,16,disaggregated,1.850388992,500,35.0,24,4,16,4,64,0.16666666666666666,1.8531906580000002,2.158439544648298,34.53503271437277,12.950637267889787,207.2101962862366
1,i64-o16,16,disaggregated,1.850388992,500,40.0,24,10,16,12,160,0.4166666666666667,1.8531906580000002,5.396098861620745,86.33758178593192,12.950637267889787,207.2101962862366
1,i64-o16,16,disaggregated,1.850388992,500,50.0,24,16,16,24,256,0.6666666666666666,1.8531906580000002,8.633758178593192,138.14013085749107,12.950637267889787,207.2101962862366
1,i64-o16,16,disaggregated,1.850388992,500,75.0,24,16,16,24,256,0.6666666666666666,1.8531906580000002,8.633758178593192,138.14013085749107,12.950637267889787,207.2101962862366
1,i64-o16,16,disaggregated,1.850388992,1000,25.0,24,1,24,1,16,0.041666666666666664,1.8531906580000002,0.5396098861620745,8.633758178593192,12.950637267889787,207.2101962862366
1,i64-o16,16,disaggregated,1.850388992,1000,30.0,24,1,24,1,16,0.041666666666666664,1.8531906580000002,0.5396098861620745,8.633758178593192,12.950637267889787,207.2101962862366
1,i64-o16,16,disaggregated,1.850388992,1000,35.0,24,4,24,4,64,0.16666666666666666,1.8531906580000002,2.158439544648298,34.53503271437277,12.950637267889787,207.2101962862366
1,i64-o16,16,disaggregated,1.850388992,1000,40.0,24,12,24,12,192,0.5,1.8531906580000002,6.475318633944894,103.6050981431183,12.950637267889787,207.2101962862366
1,i64-o16,16,disaggregated,1.850388992,1000,50.0,24,24,24,24,384,1.0,1.8531906580000002,12.950637267889787,207.2101962862366,12.950637267889787,207.2101962862366
1,i64-o16,16,disaggregated,1.850388992,1000,75.0,24,24,24,24,384,1.0,1.8531906580000002,12.950637267889787,207.2101962862366,12.950637267889787,207.2101962862366
1,i64-o16,16,disaggregated,1.850388992,2000,25.0,24,1,24,1,16,0.041666666666666664,1.8531906580000002,0.5396098861620745,8.633758178593192,12.950637267889787,207.2101962862366
1,i64-o16,16,disaggregated,1.850388992,2000,30.0,24,1,24,1,16,0.041666666666666664,1.8531906580000002,0.5396098861620745,8.633758178593192,12.950637267889787,207.2101962862366
1,i64-o16,16,disaggregated,1.850388992,2000,35.0,24,4,24,4,64,0.16666666666666666,1.8531906580000002,2.158439544648298,34.53503271437277,12.950637267889787,207.2101962862366
1,i64-o16,16,disaggregated,1.850388992,2000,40.0,24,12,24,12,192,0.5,1.8531906580000002,6.475318633944894,103.6050981431183,12.950637267889787,207.2101962862366
1,i64-o16,16,disaggregated,1.850388992,2000,50.0,24,24,24,24,384,1.0,1.8531906580000002,12.950637267889787,207.2101962862366,12.950637267889787,207.2101962862366
1,i64-o16,16,disaggregated,1.850388992,2000,75.0,24,24,24,24,384,1.0,1.8531906580000002,12.950637267889787,207.2101962862366,12.950637267889787,207.2101962862366
1,i64-o16,16,disaggregated,1.850388992,5000,25.0,24,1,24,1,16,0.041666666666666664,1.8531906580000002,0.5396098861620745,8.633758178593192,12.950637267889787,207.2101962862366
1,i64-o16,16,disaggregated,1.850388992,5000,30.0,24,1,24,1,16,0.041666666666666664,1.8531906580000002,0.5396098861620745,8.633758178593192,12.950637267889787,207.2101962862366
1,i64-o16,16,disaggregated,1.850388992,5000,35.0,24,4,24,4,64,0.16666666666666666,1.8531906580000002,2.158439544648298,34.53503271437277,12.950637267889787,207.2101962862366
1,i64-o16,16,disaggregated,1.850388992,5000,40.0,24,12,24,12,192,0.5,1.8531906580000002,6.475318633944894,103.6050981431183,12.950637267889787,207.2101962862366
1,i64-o16,16,disaggregated,1.850388992,5000,50.0,24,24,24,24,384,1.0,1.8531906580000002,12.950637267889787,207.2101962862366,12.950637267889787,207.2101962862366
1,i64-o16,16,disaggregated,1.850388992,5000,75.0,24,24,24,24,384,1.0,1.8531906580000002,12.950637267889787,207.2101962862366,12.950637267889787,207.2101962862366
1,i64-o16,16,disaggregated,1.850388992,10000,25.0,24,1,24,1,16,0.041666666666666664,1.8531906580000002,0.5396098861620745,8.633758178593192,12.950637267889787,207.2101962862366
1,i64-o16,16,disaggregated,1.850388992,10000,30.0,24,1,24,1,16,0.041666666666666664,1.8531906580000002,0.5396098861620745,8.633758178593192,12.950637267889787,207.2101962862366
1,i64-o16,16,disaggregated,1.850388992,10000,35.0,24,4,24,4,64,0.16666666666666666,1.8531906580000002,2.158439544648298,34.53503271437277,12.950637267889787,207.2101962862366
1,i64-o16,16,disaggregated,1.850388992,10000,40.0,24,12,24,12,192,0.5,1.8531906580000002,6.475318633944894,103.6050981431183,12.950637267889787,207.2101962862366
1,i64-o16,16,disaggregated,1.850388992,10000,50.0,24,24,24,24,384,1.0,1.8531906580000002,12.950637267889787,207.2101962862366,12.950637267889787,207.2101962862366
1,i64-o16,16,disaggregated,1.850388992,10000,75.0,24,24,24,24,384,1.0,1.8531906580000002,12.950637267889787,207.2101962862366,12.950637267889787,207.2101962862366
1,i64-o16,16,disaggregated,1.850388992,20000,25.0,24,1,24,1,16,0.041666666666666664,1.8531906580000002,0.5396098861620745,8.633758178593192,12.950637267889787,207.2101962862366
1,i64-o16,16,disaggregated,1.850388992,20000,30.0,24,1,24,1,16,0.041666666666666664,1.8531906580000002,0.5396098861620745,8.633758178593192,12.950637267889787,207.2101962862366
1,i64-o16,16,disaggregated,1.850388992,20000,35.0,24,4,24,4,64,0.16666666666666666,1.8531906580000002,2.158439544648298,34.53503271437277,12.950637267889787,207.2101962862366
1,i64-o16,16,disaggregated,1.850388992,20000,40.0,24,12,24,12,192,0.5,1.8531906580000002,6.475318633944894,103.6050981431183,12.950637267889787,207.2101962862366
1,i64-o16,16,disaggregated,1.850388992,20000,50.0,24,24,24,24,384,1.0,1.8531906580000002,12.950637267889787,207.2101962862366,12.950637267889787,207.2101962862366
1,i64-o16,16,disaggregated,1.850388992,20000,75.0,24,24,24,24,384,1.0,1.8531906580000002,12.950637267889787,207.2101962862366,12.950637267889787,207.2101962862366
1,i64-o16,4,disaggregated,3.9604008960000003,100,25.0,24,0,0,1,0,0.0,3.9631118960000005,0.0,0.0,6.055847180147345,96.89355488235752
1,i64-o16,4,disaggregated,3.9604008960000003,100,30.0,24,0,0,11,0,0.0,3.9631118960000005,0.0,0.0,6.055847180147345,96.89355488235752
1,i64-o16,4,disaggregated,3.9604008960000003,100,35.0,24,0,0,24,0,0.0,3.9631118960000005,0.0,0.0,6.055847180147345,96.89355488235752
1,i64-o16,4,disaggregated,3.9604008960000003,100,40.0,24,0,0,24,0,0.0,3.9631118960000005,0.0,0.0,6.055847180147345,96.89355488235752
1,i64-o16,4,disaggregated,3.9604008960000003,100,50.0,24,0,0,24,0,0.0,3.9631118960000005,0.0,0.0,6.055847180147345,96.89355488235752
1,i64-o16,4,disaggregated,3.9604008960000003,100,75.0,24,0,0,24,0,0.0,3.9631118960000005,0.0,0.0,6.055847180147345,96.89355488235752
1,i64-o16,4,disaggregated,3.9604008960000003,250,25.0,24,0,21,1,0,0.0,3.9631118960000005,0.0,0.0,6.055847180147345,96.89355488235752
1,i64-o16,4,disaggregated,3.9604008960000003,250,30.0,24,9,21,11,144,0.375,3.9631118960000005,2.2709426925552543,36.33508308088407,6.055847180147345,96.89355488235752
1,i64-o16,4,disaggregated,3.9604008960000003,250,35.0,24,21,21,24,336,0.875,3.9631118960000005,5.298866282628927,84.78186052206283,6.055847180147345,96.89355488235752
1,i64-o16,4,disaggregated,3.9604008960000003,250,40.0,24,21,21,24,336,0.875,3.9631118960000005,5.298866282628927,84.78186052206283,6.055847180147345,96.89355488235752
1,i64-o16,4,disaggregated,3.9604008960000003,250,50.0,24,21,21,24,336,0.875,3.9631118960000005,5.298866282628927,84.78186052206283,6.055847180147345,96.89355488235752
1,i64-o16,4,disaggregated,3.9604008960000003,250,75.0,24,21,21,24,336,0.875,3.9631118960000005,5.298866282628927,84.78186052206283,6.055847180147345,96.89355488235752
1,i64-o16,4,disaggregated,3.9604008960000003,500,25.0,24,1,24,1,16,0.041666666666666664,3.9631118960000005,0.25232696583947267,4.037231453431563,6.055847180147345,96.89355488235752
1,i64-o16,4,disaggregated,3.9604008960000003,500,30.0,24,11,24,11,176,0.4583333333333333,3.9631118960000005,2.7755966242341996,44.409545987747194,6.055847180147345,96.89355488235752
1,i64-o16,4,disaggregated,3.9604008960000003,500,35.0,24,24,24,24,384,1.0,3.9631118960000005,6.055847180147345,96.89355488235752,6.055847180147345,96.89355488235752
1,i64-o16,4,disaggregated,3.9604008960000003,500,40.0,24,24,24,24,384,1.0,3.9631118960000005,6.055847180147345,96.89355488235752,6.055847180147345,96.89355488235752
1,i64-o16,4,disaggregated,3.9604008960000003,500,50.0,24,24,24,24,384,1.0,3.9631118960000005,6.055847180147345,96.89355488235752,6.055847180147345,96.89355488235752
1,i64-o16,4,disaggregated,3.9604008960000003,500,75.0,24,24,24,24,384,1.0,3.9631118960000005,6.055847180147345,96.89355488235752,6.055847180147345,96.89355488235752
1,i64-o16,4,disaggregated,3.9604008960000003,1000,25.0,24,1,24,1,16,0.041666666666666664,3.9631118960000005,0.25232696583947267,4.037231453431563,6.055847180147345,96.89355488235752
1,i64-o16,4,disaggregated,3.9604008960000003,1000,30.0,24,11,24,11,176,0.4583333333333333,3.9631118960000005,2.7755966242341996,44.409545987747194,6.055847180147345,96.89355488235752
1,i64-o16,4,disaggregated,3.9604008960000003,1000,35.0,24,24,24,24,384,1.0,3.9631118960000005,6.055847180147345,96.89355488235752,6.055847180147345,96.89355488235752
1,i64-o16,4,disaggregated,3.9604008960000003,1000,40.0,24,24,24,24,384,1.0,3.9631118960000005,6.055847180147345,96.89355488235752,6.055847180147345,96.89355488235752
1,i64-o16,4,disaggregated,3.9604008960000003,1000,50.0,24,24,24,24,384,1.0,3.9631118960000005,6.055847180147345,96.89355488235752,6.055847180147345,96.89355488235752
1,i64-o16,4,disaggregated,3.9604008960000003,1000,75.0,24,24,24,24,384,1.0,3.9631118960000005,6.055847180147345,96.89355488235752,6.055847180147345,96.89355488235752
1,i64-o16,4,disaggregated,3.9604008960000003,2000,25.0,24,1,24,1,16,0.041666666666666664,3.9631118960000005,0.25232696583947267,4.037231453431563,6.055847180147345,96.89355488235752
1,i64-o16,4,disaggregated,3.9604008960000003,2000,30.0,24,11,24,11,176,0.4583333333333333,3.9631118960000005,2.7755966242341996,44.409545987747194,6.055847180147345,96.89355488235752
1,i64-o16,4,disaggregated,3.9604008960000003,2000,35.0,24,24,24,24,384,1.0,3.9631118960000005,6.055847180147345,96.89355488235752,6.055847180147345,96.89355488235752
1,i64-o16,4,disaggregated,3.9604008960000003,2000,40.0,24,24,24,24,384,1.0,3.9631118960000005,6.055847180147345,96.89355488235752,6.055847180147345,96.89355488235752
1,i64-o16,4,disaggregated,3.9604008960000003,2000,50.0,24,24,24,24,384,1.0,3.9631118960000005,6.055847180147345,96.89355488235752,6.055847180147345,96.89355488235752
1,i64-o16,4,disaggregated,3.9604008960000003,2000,75.0,24,24,24,24,384,1.0,3.9631118960000005,6.055847180147345,96.89355488235752,6.055847180147345,96.89355488235752
1,i64-o16,4,disaggregated,3.9604008960000003,5000,25.0,24,1,24,1,16,0.041666666666666664,3.9631118960000005,0.25232696583947267,4.037231453431563,6.055847180147345,96.89355488235752
1,i64-o16,4,disaggregated,3.9604008960000003,5000,30.0,24,11,24,11,176,0.4583333333333333,3.9631118960000005,2.7755966242341996,44.409545987747194,6.055847180147345,96.89355488235752
1,i64-o16,4,disaggregated,3.9604008960000003,5000,35.0,24,24,24,24,384,1.0,3.9631118960000005,6.055847180147345,96.89355488235752,6.055847180147345,96.89355488235752
1,i64-o16,4,disaggregated,3.9604008960000003,5000,40.0,24,24,24,24,384,1.0,3.9631118960000005,6.055847180147345,96.89355488235752,6.055847180147345,96.89355488235752
1,i64-o16,4,disaggregated,3.9604008960000003,5000,50.0,24,24,24,24,384,1.0,3.9631118960000005,6.055847180147345,96.89355488235752,6.055847180147345,96.89355488235752
1,i64-o16,4,disaggregated,3.9604008960000003,5000,75.0,24,24,24,24,384,1.0,3.9631118960000005,6.055847180147345,96.89355488235752,6.055847180147345,96.89355488235752
1,i64-o16,4,disaggregated,3.9604008960000003,10000,25.0,24,1,24,1,16,0.041666666666666664,3.9631118960000005,0.25232696583947267,4.037231453431563,6.055847180147345,96.89355488235752
1,i64-o16,4,disaggregated,3.9604008960000003,10000,30.0,24,11,24,11,176,0.4583333333333333,3.9631118960000005,2.7755966242341996,44.409545987747194,6.055847180147345,96.89355488235752
1,i64-o16,4,disaggregated,3.9604008960000003,10000,35.0,24,24,24,24,384,1.0,3.9631118960000005,6.055847180147345,96.89355488235752,6.055847180147345,96.89355488235752
1,i64-o16,4,disaggregated,3.9604008960000003,10000,40.0,24,24,24,24,384,1.0,3.9631118960000005,6.055847180147345,96.89355488235752,6.055847180147345,96.89355488235752
1,i64-o16,4,disaggregated,3.9604008960000003,10000,50.0,24,24,24,24,384,1.0,3.9631118960000005,6.055847180147345,96.89355488235752,6.055847180147345,96.89355488235752
1,i64-o16,4,disaggregated,3.9604008960000003,10000,75.0,24,24,24,24,384,1.0,3.9631118960000005,6.055847180147345,96.89355488235752,6.055847180147345,96.89355488235752
1,i64-o16,4,disaggregated,3.9604008960000003,20000,25.0,24,1,24,1,16,0.041666666666666664,3.9631118960000005,0.25232696583947267,4.037231453431563,6.055847180147345,96.89355488235752
1,i64-o16,4,disaggregated,3.9604008960000003,20000,30.0,24,11,24,11,176,0.4583333333333333,3.9631118960000005,2.7755966242341996,44.409545987747194,6.055847180147345,96.89355488235752
1,i64-o16,4,disaggregated,3.9604008960000003,20000,35.0,24,24,24,24,384,1.0,3.9631118960000005,6.055847180147345,96.89355488235752,6.055847180147345,96.89355488235752
1,i64-o16,4,disaggregated,3.9604008960000003,20000,40.0,24,24,24,24,384,1.0,3.9631118960000005,6.055847180147345,96.89355488235752,6.055847180147345,96.89355488235752
1,i64-o16,4,disaggregated,3.9604008960000003,20000,50.0,24,24,24,24,384,1.0,3.9631118960000005,6.055847180147345,96.89355488235752,6.055847180147345,96.89355488235752
1,i64-o16,4,disaggregated,3.9604008960000003,20000,75.0,24,24,24,24,384,1.0,3.9631118960000005,6.055847180147345,96.89355488235752,6.055847180147345,96.89355488235752
1,i704-o128,16,disaggregated,13.059636224,100,25.0,24,0,0,0,0,0.0,13.062655664000001,0.0,0.0,1.8372986793292538,235.1742309541445
1,i704-o128,16,disaggregated,13.059636224,100,30.0,24,0,0,0,0,0.0,13.062655664000001,0.0,0.0,1.8372986793292538,235.1742309541445
1,i704-o128,16,disaggregated,13.059636224,100,35.0,24,0,0,0,0,0.0,13.062655664000001,0.0,0.0,1.8372986793292538,235.1742309541445
1,i704-o128,16,disaggregated,13.059636224,100,40.0,24,0,0,6,0,0.0,13.062655664000001,0.0,0.0,1.8372986793292538,235.1742309541445
1,i704-o128,16,disaggregated,13.059636224,100,50.0,24,0,0,18,0,0.0,13.062655664000001,0.0,0.0,1.8372986793292538,235.1742309541445
1,i704-o128,16,disaggregated,13.059636224,100,75.0,24,0,0,24,0,0.0,13.062655664000001,0.0,0.0,1.8372986793292538,235.1742309541445
1,i704-o128,16,disaggregated,13.059636224,250,25.0,24,0,0,0,0,0.0,13.062655664000001,0.0,0.0,1.8372986793292538,235.1742309541445
1,i704-o128,16,disaggregated,13.059636224,250,30.0,24,0,0,0,0,0.0,13.062655664000001,0.0,0.0,1.8372986793292538,235.1742309541445
1,i704-o128,16,disaggregated,13.059636224,250,35.0,24,0,0,0,0,0.0,13.062655664000001,0.0,0.0,1.8372986793292538,235.1742309541445
1,i704-o128,16,disaggregated,13.059636224,250,40.0,24,0,0,6,0,0.0,13.062655664000001,0.0,0.0,1.8372986793292538,235.1742309541445
1,i704-o128,16,disaggregated,13.059636224,250,50.0,24,0,0,18,0,0.0,13.062655664000001,0.0,0.0,1.8372986793292538,235.1742309541445
1,i704-o128,16,disaggregated,13.059636224,250,75.0,24,0,0,24,0,0.0,13.062655664000001,0.0,0.0,1.8372986793292538,235.1742309541445
1,i704-o128,16,disaggregated,13.059636224,500,25.0,24,0,5,0,0,0.0,13.062655664000001,0.0,0.0,1.8372986793292538,235.1742309541445
1,i704-o128,16,disaggregated,13.059636224,500,30.0,24,0,5,0,0,0.0,13.062655664000001,0.0,0.0,1.8372986793292538,235.1742309541445
1,i704-o128,16,disaggregated,13.059636224,500,35.0,24,0,5,0,0,0.0,13.062655664000001,0.0,0.0,1.8372986793292538,235.1742309541445
1,i704-o128,16,disaggregated,13.059636224,500,40.0,24,3,5,6,384,0.125,13.062655664000001,0.22966233491615673,29.39677886926806,1.8372986793292538,235.1742309541445
1,i704-o128,16,disaggregated,13.059636224,500,50.0,24,4,5,18,512,0.16666666666666666,13.062655664000001,0.3062164465548756,39.19570515902408,1.8372986793292538,235.1742309541445
1,i704-o128,16,disaggregated,13.059636224,500,75.0,24,5,5,24,640,0.20833333333333334,13.062655664000001,0.38277055819359457,48.994631448780105,1.8372986793292538,235.1742309541445
1,i704-o128,16,disaggregated,13.059636224,1000,25.0,24,0,13,0,0,0.0,13.062655664000001,0.0,0.0,1.8372986793292538,235.1742309541445
1,i704-o128,16,disaggregated,13.059636224,1000,30.0,24,0,13,0,0,0.0,13.062655664000001,0.0,0.0,1.8372986793292538,235.1742309541445
1,i704-o128,16,disaggregated,13.059636224,1000,35.0,24,0,13,0,0,0.0,13.062655664000001,0.0,0.0,1.8372986793292538,235.1742309541445
1,i704-o128,16,disaggregated,13.059636224,1000,40.0,24,6,13,6,768,0.25,13.062655664000001,0.45932466983231346,58.79355773853612,1.8372986793292538,235.1742309541445
1,i704-o128,16,disaggregated,13.059636224,1000,50.0,24,11,13,18,1408,0.4583333333333333,13.062655664000001,0.8420952280259081,107.78818918731623,1.8372986793292538,235.1742309541445
1,i704-o128,16,disaggregated,13.059636224,1000,75.0,24,13,13,24,1664,0.5416666666666666,13.062655664000001,0.9952034513033459,127.38604176682827,1.8372986793292538,235.1742309541445
1,i704-o128,16,disaggregated,13.059636224,2000,25.0,24,0,19,0,0,0.0,13.062655664000001,0.0,0.0,1.8372986793292538,235.1742309541445
1,i704-o128,16,disaggregated,13.059636224,2000,30.0,24,0,19,0,0,0.0,13.062655664000001,0.0,0.0,1.8372986793292538,235.1742309541445
1,i704-o128,16,disaggregated,13.059636224,2000,35.0,24,0,19,0,0,0.0,13.062655664000001,0.0,0.0,1.8372986793292538,235.1742309541445
1,i704-o128,16,disaggregated,13.059636224,2000,40.0,24,6,19,6,768,0.25,13.062655664000001,0.45932466983231346,58.79355773853612,1.8372986793292538,235.1742309541445
1,i704-o128,16,disaggregated,13.059636224,2000,50.0,24,15,19,18,1920,0.625,13.062655664000001,1.1483116745807838,146.98389434634032,1.8372986793292538,235.1742309541445
1,i704-o128,16,disaggregated,13.059636224,2000,75.0,24,19,19,24,2432,0.7916666666666666,13.062655664000001,1.4545281211356593,186.1795995053644,1.8372986793292538,235.1742309541445
1,i704-o128,16,disaggregated,13.059636224,5000,25.0,24,0,24,0,0,0.0,13.062655664000001,0.0,0.0,1.8372986793292538,235.1742309541445
1,i704-o128,16,disaggregated,13.059636224,5000,30.0,24,0,24,0,0,0.0,13.062655664000001,0.0,0.0,1.8372986793292538,235.1742309541445
1,i704-o128,16,disaggregated,13.059636224,5000,35.0,24,0,24,0,0,0.0,13.062655664000001,0.0,0.0,1.8372986793292538,235.1742309541445
1,i704-o128,16,disaggregated,13.059636224,5000,40.0,24,6,24,6,768,0.25,13.062655664000001,0.45932466983231346,58.79355773853612,1.8372986793292538,235.1742309541445
1,i704-o128,16,disaggregated,13.059636224,5000,50.0,24,18,24,18,2304,0.75,13.062655664000001,1.3779740094969404,176.38067321560837,1.8372986793292538,235.1742309541445
1,i704-o128,16,disaggregated,13.059636224,5000,75.0,24,24,24,24,3072,1.0,13.062655664000001,1.8372986793292538,235.1742309541445,1.8372986793292538,235.1742309541445
1,i704-o128,16,disaggregated,13.059636224,10000,25.0,24,0,24,0,0,0.0,13.062655664000001,0.0,0.0,1.8372986793292538,235.1742309541445
1,i704-o128,16,disaggregated,13.059636224,10000,30.0,24,0,24,0,0,0.0,13.062655664000001,0.0,0.0,1.8372986793292538,235.1742309541445
1,i704-o128,16,disaggregated,13.059636224,10000,35.0,24,0,24,0,0,0.0,13.062655664000001,0.0,0.0,1.8372986793292538,235.1742309541445
1,i704-o128,16,disaggregated,13.059636224,10000,40.0,24,6,24,6,768,0.25,13.062655664000001,0.45932466983231346,58.79355773853612,1.8372986793292538,235.1742309541445
1,i704-o128,16,disaggregated,13.059636224,10000,50.0,24,18,24,18,2304,0.75,13.062655664000001,1.3779740094969404,176.38067321560837,1.8372986793292538,235.1742309541445
1,i704-o128,16,disaggregated,13.059636224,10000,75.0,24,24,24,24,3072,1.0,13.062655664000001,1.8372986793292538,235.1742309541445,1.8372986793292538,235.1742309541445
1,i704-o128,16,disaggregated,13.059636224,20000,25.0,24,0,24,0,0,0.0,13.062655664000001,0.0,0.0,1.8372986793292538,235.1742309541445
1,i704-o128,16,disaggregated,13.059636224,20000,30.0,24,0,24,0,0,0.0,13.062655664000001,0.0,0.0,1.8372986793292538,235.1742309541445
1,i704-o128,16,disaggregated,13.059636224,20000,35.0,24,0,24,0,0,0.0,13.062655664000001,0.0,0.0,1.8372986793292538,235.1742309541445
1,i704-o128,16,disaggregated,13.059636224,20000,40.0,24,6,24,6,768,0.25,13.062655664000001,0.45932466983231346,58.79355773853612,1.8372986793292538,235.1742309541445
1,i704-o128,16,disaggregated,13.059636224,20000,50.0,24,18,24,18,2304,0.75,13.062655664000001,1.3779740094969404,176.38067321560837,1.8372986793292538,235.1742309541445
1,i704-o128,16,disaggregated,13.059636224,20000,75.0,24,24,24,24,3072,1.0,13.062655664000001,1.8372986793292538,235.1742309541445,1.8372986793292538,235.1742309541445
1,i704-o128,4,disaggregated,29.045095936000003,100,25.0,24,0,0,0,0,0.0,29.048182049,0.0,0.0,0.8262134945145806,105.75532729786632
1,i704-o128,4,disaggregated,29.045095936000003,100,30.0,24,0,0,0,0,0.0,29.048182049,0.0,0.0,0.8262134945145806,105.75532729786632
1,i704-o128,4,disaggregated,29.045095936000003,100,35.0,24,0,0,18,0,0.0,29.048182049,0.0,0.0,0.8262134945145806,105.75532729786632
1,i704-o128,4,disaggregated,29.045095936000003,100,40.0,24,0,0,24,0,0.0,29.048182049,0.0,0.0,0.8262134945145806,105.75532729786632
1,i704-o128,4,disaggregated,29.045095936000003,100,50.0,24,0,0,24,0,0.0,29.048182049,0.0,0.0,0.8262134945145806,105.75532729786632
1,i704-o128,4,disaggregated,29.045095936000003,100,75.0,24,0,0,24,0,0.0,29.048182049,0.0,0.0,0.8262134945145806,105.75532729786632
1,i704-o128,4,disaggregated,29.045095936000003,250,25.0,24,0,0,0,0,0.0,29.048182049,0.0,0.0,0.8262134945145806,105.75532729786632
1,i704-o128,4,disaggregated,29.045095936000003,250,30.0,24,0,0,0,0,0.0,29.048182049,0.0,0.0,0.8262134945145806,105.75532729786632
1,i704-o128,4,disaggregated,29.045095936000003,250,35.0,24,0,0,18,0,0.0,29.048182049,0.0,0.0,0.8262134945145806,105.75532729786632
1,i704-o128,4,disaggregated,29.045095936000003,250,40.0,24,0,0,24,0,0.0,29.048182049,0.0,0.0,0.8262134945145806,105.75532729786632
1,i704-o128,4,disaggregated,29.045095936000003,250,50.0,24,0,0,24,0,0.0,29.048182049,0.0,0.0,0.8262134945145806,105.75532729786632
1,i704-o128,4,disaggregated,29.045095936000003,250,75.0,24,0,0,24,0,0.0,29.048182049,0.0,0.0,0.8262134945145806,105.75532729786632
1,i704-o128,4,disaggregated,29.045095936000003,500,25.0,24,0,20,0,0,0.0,29.048182049,0.0,0.0,0.8262134945145806,105.75532729786632
1,i704-o128,4,disaggregated,29.045095936000003,500,30.0,24,0,20,0,0,0.0,29.048182049,0.0,0.0,0.8262134945145806,105.75532729786632
1,i704-o128,4,disaggregated,29.045095936000003,500,35.0,24,15,20,18,1920,0.625,29.048182049,0.5163834340716128,66.09707956116644,0.8262134945145806,105.75532729786632
1,i704-o128,4,disaggregated,29.045095936000003,500,40.0,24,20,20,24,2560,0.8333333333333334,29.048182049,0.6885112454288171,88.1294394148886,0.8262134945145806,105.75532729786632
1,i704-o128,4,disaggregated,29.045095936000003,500,50.0,24,20,20,24,2560,0.8333333333333334,29.048182049,0.6885112454288171,88.1294394148886,0.8262134945145806,105.75532729786632
1,i704-o128,4,disaggregated,29.045095936000003,500,75.0,24,20,20,24,2560,0.8333333333333334,29.048182049,0.6885112454288171,88.1294394148886,0.8262134945145806,105.75532729786632
1,i704-o128,4,disaggregated,29.045095936000003,1000,25.0,24,0,24,0,0,0.0,29.048182049,0.0,0.0,0.8262134945145806,105.75532729786632
1,i704-o128,4,disaggregated,29.045095936000003,1000,30.0,24,0,24,0,0,0.0,29.048182049,0.0,0.0,0.8262134945145806,105.75532729786632
1,i704-o128,4,disaggregated,29.045095936000003,1000,35.0,24,18,24,18,2304,0.75,29.048182049,0.6196601208859355,79.31649547339974,0.8262134945145806,105.75532729786632
1,i704-o128,4,disaggregated,29.045095936000003,1000,40.0,24,24,24,24,3072,1.0,29.048182049,0.8262134945145806,105.75532729786632,0.8262134945145806,105.75532729786632
1,i704-o128,4,disaggregated,29.045095936000003,1000,50.0,24,24,24,24,3072,1.0,29.048182049,0.8262134945145806,105.75532729786632,0.8262134945145806,105.75532729786632
1,i704-o128,4,disaggregated,29.045095936000003,1000,75.0,24,24,24,24,3072,1.0,29.048182049,0.8262134945145806,105.75532729786632,0.8262134945145806,105.75532729786632
1,i704-o128,4,disaggregated,29.045095936000003,2000,25.0,24,0,24,0,0,0.0,29.048182049,0.0,0.0,0.8262134945145806,105.75532729786632
1,i704-o128,4,disaggregated,29.045095936000003,2000,30.0,24,0,24,0,0,0.0,29.048182049,0.0,0.0,0.8262134945145806,105.75532729786632
1,i704-o128,4,disaggregated,29.045095936000003,2000,35.0,24,18,24,18,2304,0.75,29.048182049,0.6196601208859355,79.31649547339974,0.8262134945145806,105.75532729786632
1,i704-o128,4,disaggregated,29.045095936000003,2000,40.0,24,24,24,24,3072,1.0,29.048182049,0.8262134945145806,105.75532729786632,0.8262134945145806,105.75532729786632
1,i704-o128,4,disaggregated,29.045095936000003,2000,50.0,24,24,24,24,3072,1.0,29.048182049,0.8262134945145806,105.75532729786632,0.8262134945145806,105.75532729786632
1,i704-o128,4,disaggregated,29.045095936000003,2000,75.0,24,24,24,24,3072,1.0,29.048182049,0.8262134945145806,105.75532729786632,0.8262134945145806,105.75532729786632
1,i704-o128,4,disaggregated,29.045095936000003,5000,25.0,24,0,24,0,0,0.0,29.048182049,0.0,0.0,0.8262134945145806,105.75532729786632
1,i704-o128,4,disaggregated,29.045095936000003,5000,30.0,24,0,24,0,0,0.0,29.048182049,0.0,0.0,0.8262134945145806,105.75532729786632
1,i704-o128,4,disaggregated,29.045095936000003,5000,35.0,24,18,24,18,2304,0.75,29.048182049,0.6196601208859355,79.31649547339974,0.8262134945145806,105.75532729786632
1,i704-o128,4,disaggregated,29.045095936000003,5000,40.0,24,24,24,24,3072,1.0,29.048182049,0.8262134945145806,105.75532729786632,0.8262134945145806,105.75532729786632
1,i704-o128,4,disaggregated,29.045095936000003,5000,50.0,24,24,24,24,3072,1.0,29.048182049,0.8262134945145806,105.75532729786632,0.8262134945145806,105.75532729786632
1,i704-o128,4,disaggregated,29.045095936000003,5000,75.0,24,24,24,24,3072,1.0,29.048182049,0.8262134945145806,105.75532729786632,0.8262134945145806,105.75532729786632
1,i704-o128,4,disaggregated,29.045095936000003,10000,25.0,24,0,24,0,0,0.0,29.048182049,0.0,0.0,0.8262134945145806,105.75532729786632
1,i704-o128,4,disaggregated,29.045095936000003,10000,30.0,24,0,24,0,0,0.0,29.048182049,0.0,0.0,0.8262134945145806,105.75532729786632
1,i704-o128,4,disaggregated,29.045095936000003,10000,35.0,24,18,24,18,2304,0.75,29.048182049,0.6196601208859355,79.31649547339974,0.8262134945145806,105.75532729786632
1,i704-o128,4,disaggregated,29.045095936000003,10000,40.0,24,24,24,24,3072,1.0,29.048182049,0.8262134945145806,105.75532729786632,0.8262134945145806,105.75532729786632
1,i704-o128,4,disaggregated,29.045095936000003,10000,50.0,24,24,24,24,3072,1.0,29.048182049,0.8262134945145806,105.75532729786632,0.8262134945145806,105.75532729786632
1,i704-o128,4,disaggregated,29.045095936000003,10000,75.0,24,24,24,24,3072,1.0,29.048182049,0.8262134945145806,105.75532729786632,0.8262134945145806,105.75532729786632
1,i704-o128,4,disaggregated,29.045095936000003,20000,25.0,24,0,24,0,0,0.0,29.048182049,0.0,0.0,0.8262134945145806,105.75532729786632
1,i704-o128,4,disaggregated,29.045095936000003,20000,30.0,24,0,24,0,0,0.0,29.048182049,0.0,0.0,0.8262134945145806,105.75532729786632
1,i704-o128,4,disaggregated,29.045095936000003,20000,35.0,24,18,24,18,2304,0.75,29.048182049,0.6196601208859355,79.31649547339974,0.8262134945145806,105.75532729786632
1,i704-o128,4,disaggregated,29.045095936000003,20000,40.0,24,24,24,24,3072,1.0,29.048182049,0.8262134945145806,105.75532729786632,0.8262134945145806,105.75532729786632
1,i704-o128,4,disaggregated,29.045095936000003,20000,50.0,24,24,24,24,3072,1.0,29.048182049,0.8262134945145806,105.75532729786632,0.8262134945145806,105.75532729786632
1,i704-o128,4,disaggregated,29.045095936000003,20000,75.0,24,24,24,24,3072,1.0,29.048182049,0.8262134945145806,105.75532729786632,0.8262134945145806,105.75532729786632
1,i704-o16,16,disaggregated,4.278312448,100,25.0,24,0,0,1,0,0.0,4.2812524540000005,0.0,0.0,5.605836202809449,89.69337924495119
1,i704-o16,16,disaggregated,4.278312448,100,30.0,24,0,0,4,0,0.0,4.2812524540000005,0.0,0.0,5.605836202809449,89.69337924495119
1,i704-o16,16,disaggregated,4.278312448,100,35.0,24,0,0,10,0,0.0,4.2812524540000005,0.0,0.0,5.605836202809449,89.69337924495119
1,i704-o16,16,disaggregated,4.278312448,100,40.0,24,0,0,24,0,0.0,4.2812524540000005,0.0,0.0,5.605836202809449,89.69337924495119
1,i704-o16,16,disaggregated,4.278312448,100,50.0,24,0,0,24,0,0.0,4.2812524540000005,0.0,0.0,5.605836202809449,89.69337924495119
1,i704-o16,16,disaggregated,4.278312448,100,75.0,24,0,0,24,0,0.0,4.2812524540000005,0.0,0.0,5.605836202809449,89.69337924495119
1,i704-o16,16,disaggregated,4.278312448,250,25.0,24,0,0,1,0,0.0,4.2812524540000005,0.0,0.0,5.605836202809449,89.69337924495119
1,i704-o16,16,disaggregated,4.278312448,250,30.0,24,0,0,4,0,0.0,4.2812524540000005,0.0,0.0,5.605836202809449,89.69337924495119
1,i704-o16,16,disaggregated,4.278312448,250,35.0,24,0,0,10,0,0.0,4.2812524540000005,0.0,0.0,5.605836202809449,89.69337924495119
1,i704-o16,16,disaggregated,4.278312448,250,40.0,24,0,0,24,0,0.0,4.2812524540000005,0.0,0.0,5.605836202809449,89.69337924495119
1,i704-o16,16,disaggregated,4.278312448,250,50.0,24,0,0,24,0,0.0,4.2812524540000005,0.0,0.0,5.605836202809449,89.69337924495119
1,i704-o16,16,disaggregated,4.278312448,250,75.0,24,0,0,24,0,0.0,4.2812524540000005,0.0,0.0,5.605836202809449,89.69337924495119
1,i704-o16,16,disaggregated,4.278312448,500,25.0,24,0,1,1,0,0.0,4.2812524540000005,0.0,0.0,5.605836202809449,89.69337924495119
1,i704-o16,16,disaggregated,4.278312448,500,30.0,24,0,1,4,0,0.0,4.2812524540000005,0.0,0.0,5.605836202809449,89.69337924495119
1,i704-o16,16,disaggregated,4.278312448,500,35.0,24,1,1,10,16,0.041666666666666664,4.2812524540000005,0.23357650845039374,3.7372241352063,5.605836202809449,89.69337924495119
1,i704-o16,16,disaggregated,4.278312448,500,40.0,24,1,1,24,16,0.041666666666666664,4.2812524540000005,0.23357650845039374,3.7372241352063,5.605836202809449,89.69337924495119
1,i704-o16,16,disaggregated,4.278312448,500,50.0,24,1,1,24,16,0.041666666666666664,4.2812524540000005,0.23357650845039374,3.7372241352063,5.605836202809449,89.69337924495119
1,i704-o16,16,disaggregated,4.278312448,500,75.0,24,1,1,24,16,0.041666666666666664,4.2812524540000005,0.23357650845039374,3.7372241352063,5.605836202809449,89.69337924495119
1,i704-o16,16,disaggregated,4.278312448,1000,25.0,24,0,4,1,0,0.0,4.2812524540000005,0.0,0.0,5.605836202809449,89.69337924495119
1,i704-o16,16,disaggregated,4.278312448,1000,30.0,24,0,4,4,0,0.0,4.2812524540000005,0.0,0.0,5.605836202809449,89.69337924495119
1,i704-o16,16,disaggregated,4.278312448,1000,35.0,24,3,4,10,48,0.125,4.2812524540000005,0.7007295253511812,11.211672405618899,5.605836202809449,89.69337924495119
1,i704-o16,16,disaggregated,4.278312448,1000,40.0,24,4,4,24,64,0.16666666666666666,4.2812524540000005,0.934306033801575,14.9488965408252,5.605836202809449,89.69337924495119
1,i704-o16,16,disaggregated,4.278312448,1000,50.0,24,4,4,24,64,0.16666666666666666,4.2812524540000005,0.934306033801575,14.9488965408252,5.605836202809449,89.69337924495119
1,i704-o16,16,disaggregated,4.278312448,1000,75.0,24,4,4,24,64,0.16666666666666666,4.2812524540000005,0.934306033801575,14.9488965408252,5.605836202809449,89.69337924495119
1,i704-o16,16,disaggregated,4.278312448,2000,25.0,24,1,17,1,16,0.041666666666666664,4.2812524540000005,0.23357650845039374,3.7372241352063,5.605836202809449,89.69337924495119
1,i704-o16,16,disaggregated,4.278312448,2000,30.0,24,3,17,4,48,0.125,4.2812524540000005,0.7007295253511812,11.211672405618899,5.605836202809449,89.69337924495119
1,i704-o16,16,disaggregated,4.278312448,2000,35.0,24,8,17,10,128,0.3333333333333333,4.2812524540000005,1.86861206760315,29.8977930816504,5.605836202809449,89.69337924495119
1,i704-o16,16,disaggregated,4.278312448,2000,40.0,24,17,17,24,272,0.7083333333333334,4.2812524540000005,3.9708006436566934,63.532810298507094,5.605836202809449,89.69337924495119
1,i704-o16,16,disaggregated,4.278312448,2000,50.0,24,17,17,24,272,0.7083333333333334,4.2812524540000005,3.9708006436566934,63.532810298507094,5.605836202809449,89.69337924495119
1,i704-o16,16,disaggregated,4.278312448,2000,75.0,24,17,17,24,272,0.7083333333333334,4.2812524540000005,3.9708006436566934,63.532810298507094,5.605836202809449,89.69337924495119
1,i704-o16,16,disaggregated,4.278312448,5000,25.0,24,1,24,1,16,0.041666666666666664,4.2812524540000005,0.23357650845039374,3.7372241352063,5.605836202809449,89.69337924495119
1,i704-o16,16,disaggregated,4.278312448,5000,30.0,24,4,24,4,64,0.16666666666666666,4.2812524540000005,0.934306033801575,14.9488965408252,5.605836202809449,89.69337924495119
1,i704-o16,16,disaggregated,4.278312448,5000,35.0,24,10,24,10,160,0.4166666666666667,4.2812524540000005,2.335765084503937,37.37224135206299,5.605836202809449,89.69337924495119
1,i704-o16,16,disaggregated,4.278312448,5000,40.0,24,24,24,24,384,1.0,4.2812524540000005,5.605836202809449,89.69337924495119,5.605836202809449,89.69337924495119
1,i704-o16,16,disaggregated,4.278312448,5000,50.0,24,24,24,24,384,1.0,4.2812524540000005,5.605836202809449,89.69337924495119,5.605836202809449,89.69337924495119
1,i704-o16,16,disaggregated,4.278312448,5000,75.0,24,24,24,24,384,1.0,4.2812524540000005,5.605836202809449,89.69337924495119,5.605836202809449,89.69337924495119
1,i704-o16,16,disaggregated,4.278312448,10000,25.0,24,1,24,1,16,0.041666666666666664,4.2812524540000005,0.23357650845039374,3.7372241352063,5.605836202809449,89.69337924495119
1,i704-o16,16,disaggregated,4.278312448,10000,30.0,24,4,24,4,64,0.16666666666666666,4.2812524540000005,0.934306033801575,14.9488965408252,5.605836202809449,89.69337924495119
1,i704-o16,16,disaggregated,4.278312448,10000,35.0,24,10,24,10,160,0.4166666666666667,4.2812524540000005,2.335765084503937,37.37224135206299,5.605836202809449,89.69337924495119
1,i704-o16,16,disaggregated,4.278312448,10000,40.0,24,24,24,24,384,1.0,4.2812524540000005,5.605836202809449,89.69337924495119,5.605836202809449,89.69337924495119
1,i704-o16,16,disaggregated,4.278312448,10000,50.0,24,24,24,24,384,1.0,4.2812524540000005,5.605836202809449,89.69337924495119,5.605836202809449,89.69337924495119
1,i704-o16,16,disaggregated,4.278312448,10000,75.0,24,24,24,24,384,1.0,4.2812524540000005,5.605836202809449,89.69337924495119,5.605836202809449,89.69337924495119
1,i704-o16,16,disaggregated,4.278312448,20000,25.0,24,1,24,1,16,0.041666666666666664,4.2812524540000005,0.23357650845039374,3.7372241352063,5.605836202809449,89.69337924495119
1,i704-o16,16,disaggregated,4.278312448,20000,30.0,24,4,24,4,64,0.16666666666666666,4.2812524540000005,0.934306033801575,14.9488965408252,5.605836202809449,89.69337924495119
1,i704-o16,16,disaggregated,4.278312448,20000,35.0,24,10,24,10,160,0.4166666666666667,4.2812524540000005,2.335765084503937,37.37224135206299,5.605836202809449,89.69337924495119
1,i704-o16,16,disaggregated,4.278312448,20000,40.0,24,24,24,24,384,1.0,4.2812524540000005,5.605836202809449,89.69337924495119,5.605836202809449,89.69337924495119
1,i704-o16,16,disaggregated,4.278312448,20000,50.0,24,24,24,24,384,1.0,4.2812524540000005,5.605836202809449,89.69337924495119,5.605836202809449,89.69337924495119
1,i704-o16,16,disaggregated,4.278312448,20000,75.0,24,24,24,24,384,1.0,4.2812524540000005,5.605836202809449,89.69337924495119,5.605836202809449,89.69337924495119
1,i704-o16,4,disaggregated,5.350733568000001,100,25.0,24,0,0,5,0,0.0,5.353479925,0.0,0.0,4.4830652839330485,71.72904454292878
1,i704-o16,4,disaggregated,5.350733568000001,100,30.0,24,0,0,9,0,0.0,5.353479925,0.0,0.0,4.4830652839330485,71.72904454292878
1,i704-o16,4,disaggregated,5.350733568000001,100,35.0,24,0,0,23,0,0.0,5.353479925,0.0,0.0,4.4830652839330485,71.72904454292878
1,i704-o16,4,disaggregated,5.350733568000001,100,40.0,24,0,0,24,0,0.0,5.353479925,0.0,0.0,4.4830652839330485,71.72904454292878
1,i704-o16,4,disaggregated,5.350733568000001,100,50.0,24,0,0,24,0,0.0,5.353479925,0.0,0.0,4.4830652839330485,71.72904454292878
1,i704-o16,4,disaggregated,5.350733568000001,100,75.0,24,0,0,24,0,0.0,5.353479925,0.0,0.0,4.4830652839330485,71.72904454292878
1,i704-o16,4,disaggregated,5.350733568000001,250,25.0,24,0,0,5,0,0.0,5.353479925,0.0,0.0,4.4830652839330485,71.72904454292878
1,i704-o16,4,disaggregated,5.350733568000001,250,30.0,24,0,0,9,0,0.0,5.353479925,0.0,0.0,4.4830652839330485,71.72904454292878
1,i704-o16,4,disaggregated,5.350733568000001,250,35.0,24,0,0,23,0,0.0,5.353479925,0.0,0.0,4.4830652839330485,71.72904454292878
1,i704-o16,4,disaggregated,5.350733568000001,250,40.0,24,0,0,24,0,0.0,5.353479925,0.0,0.0,4.4830652839330485,71.72904454292878
1,i704-o16,4,disaggregated,5.350733568000001,250,50.0,24,0,0,24,0,0.0,5.353479925,0.0,0.0,4.4830652839330485,71.72904454292878
1,i704-o16,4,disaggregated,5.350733568000001,250,75.0,24,0,0,24,0,0.0,5.353479925,0.0,0.0,4.4830652839330485,71.72904454292878
1,i704-o16,4,disaggregated,5.350733568000001,500,25.0,24,1,19,5,16,0.041666666666666664,5.353479925,0.18679438683054367,2.9887101892886987,4.4830652839330485,71.72904454292878
1,i704-o16,4,disaggregated,5.350733568000001,500,30.0,24,5,19,9,80,0.20833333333333334,5.353479925,0.9339719341527184,14.943550946443494,4.4830652839330485,71.72904454292878
1,i704-o16,4,disaggregated,5.350733568000001,500,35.0,24,18,19,23,288,0.75,5.353479925,3.362298962949786,53.79678340719658,4.4830652839330485,71.72904454292878
1,i704-o16,4,disaggregated,5.350733568000001,500,40.0,24,19,19,24,304,0.7916666666666666,5.353479925,3.54909334978033,56.78549359648528,4.4830652839330485,71.72904454292878
1,i704-o16,4,disaggregated,5.350733568000001,500,50.0,24,19,19,24,304,0.7916666666666666,5.353479925,3.54909334978033,56.78549359648528,4.4830652839330485,71.72904454292878
1,i704-o16,4,disaggregated,5.350733568000001,500,75.0,24,19,19,24,304,0.7916666666666666,5.353479925,3.54909334978033,56.78549359648528,4.4830652839330485,71.72904454292878
1,i704-o16,4,disaggregated,5.350733568000001,1000,25.0,24,5,24,5,80,0.20833333333333334,5.353479925,0.9339719341527184,14.943550946443494,4.4830652839330485,71.72904454292878
1,i704-o16,4,disaggregated,5.350733568000001,1000,30.0,24,9,24,9,144,0.375,5.353479925,1.681149481474893,26.89839170359829,4.4830652839330485,71.72904454292878
1,i704-o16,4,disaggregated,5.350733568000001,1000,35.0,24,23,24,23,368,0.9583333333333334,5.353479925,4.296270897102505,68.74033435364008,4.4830652839330485,71.72904454292878
1,i704-o16,4,disaggregated,5.350733568000001,1000,40.0,24,24,24,24,384,1.0,5.353479925,4.4830652839330485,71.72904454292878,4.4830652839330485,71.72904454292878
1,i704-o16,4,disaggregated,5.350733568000001,1000,50.0,24,24,24,24,384,1.0,5.353479925,4.4830652839330485,71.72904454292878,4.4830652839330485,71.72904454292878
1,i704-o16,4,disaggregated,5.350733568000001,1000,75.0,24,24,24,24,384,1.0,5.353479925,4.4830652839330485,71.72904454292878,4.4830652839330485,71.72904454292878
1,i704-o16,4,disaggregated,5.350733568000001,2000,25.0,24,5,24,5,80,0.20833333333333334,5.353479925,0.9339719341527184,14.943550946443494,4.4830652839330485,71.72904454292878
1,i704-o16,4,disaggregated,5.350733568000001,2000,30.0,24,9,24,9,144,0.375,5.353479925,1.681149481474893,26.89839170359829,4.4830652839330485,71.72904454292878
1,i704-o16,4,disaggregated,5.350733568000001,2000,35.0,24,23,24,23,368,0.9583333333333334,5.353479925,4.296270897102505,68.74033435364008,4.4830652839330485,71.72904454292878
1,i704-o16,4,disaggregated,5.350733568000001,2000,40.0,24,24,24,24,384,1.0,5.353479925,4.4830652839330485,71.72904454292878,4.4830652839330485,71.72904454292878
1,i704-o16,4,disaggregated,5.350733568000001,2000,50.0,24,24,24,24,384,1.0,5.353479925,4.4830652839330485,71.72904454292878,4.4830652839330485,71.72904454292878
1,i704-o16,4,disaggregated,5.350733568000001,2000,75.0,24,24,24,24,384,1.0,5.353479925,4.4830652839330485,71.72904454292878,4.4830652839330485,71.72904454292878
1,i704-o16,4,disaggregated,5.350733568000001,5000,25.0,24,5,24,5,80,0.20833333333333334,5.353479925,0.9339719341527184,14.943550946443494,4.4830652839330485,71.72904454292878
1,i704-o16,4,disaggregated,5.350733568000001,5000,30.0,24,9,24,9,144,0.375,5.353479925,1.681149481474893,26.89839170359829,4.4830652839330485,71.72904454292878
1,i704-o16,4,disaggregated,5.350733568000001,5000,35.0,24,23,24,23,368,0.9583333333333334,5.353479925,4.296270897102505,68.74033435364008,4.4830652839330485,71.72904454292878
1,i704-o16,4,disaggregated,5.350733568000001,5000,40.0,24,24,24,24,384,1.0,5.353479925,4.4830652839330485,71.72904454292878,4.4830652839330485,71.72904454292878
1,i704-o16,4,disaggregated,5.350733568000001,5000,50.0,24,24,24,24,384,1.0,5.353479925,4.4830652839330485,71.72904454292878,4.4830652839330485,71.72904454292878
1,i704-o16,4,disaggregated,5.350733568000001,5000,75.0,24,24,24,24,384,1.0,5.353479925,4.4830652839330485,71.72904454292878,4.4830652839330485,71.72904454292878
1,i704-o16,4,disaggregated,5.350733568000001,10000,25.0,24,5,24,5,80,0.20833333333333334,5.353479925,0.9339719341527184,14.943550946443494,4.4830652839330485,71.72904454292878
1,i704-o16,4,disaggregated,5.350733568000001,10000,30.0,24,9,24,9,144,0.375,5.353479925,1.681149481474893,26.89839170359829,4.4830652839330485,71.72904454292878
1,i704-o16,4,disaggregated,5.350733568000001,10000,35.0,24,23,24,23,368,0.9583333333333334,5.353479925,4.296270897102505,68.74033435364008,4.4830652839330485,71.72904454292878
1,i704-o16,4,disaggregated,5.350733568000001,10000,40.0,24,24,24,24,384,1.0,5.353479925,4.4830652839330485,71.72904454292878,4.4830652839330485,71.72904454292878
1,i704-o16,4,disaggregated,5.350733568000001,10000,50.0,24,24,24,24,384,1.0,5.353479925,4.4830652839330485,71.72904454292878,4.4830652839330485,71.72904454292878
1,i704-o16,4,disaggregated,5.350733568000001,10000,75.0,24,24,24,24,384,1.0,5.353479925,4.4830652839330485,71.72904454292878,4.4830652839330485,71.72904454292878
1,i704-o16,4,disaggregated,5.350733568000001,20000,25.0,24,5,24,5,80,0.20833333333333334,5.353479925,0.9339719341527184,14.943550946443494,4.4830652839330485,71.72904454292878
1,i704-o16,4,disaggregated,5.350733568000001,20000,30.0,24,9,24,9,144,0.375,5.353479925,1.681149481474893,26.89839170359829,4.4830652839330485,71.72904454292878
1,i704-o16,4,disaggregated,5.350733568000001,20000,35.0,24,23,24,23,368,0.9583333333333334,5.353479925,4.296270897102505,68.74033435364008,4.4830652839330485,71.72904454292878
1,i704-o16,4,disaggregated,5.350733568000001,20000,40.0,24,24,24,24,384,1.0,5.353479925,4.4830652839330485,71.72904454292878,4.4830652839330485,71.72904454292878
1,i704-o16,4,disaggregated,5.350733568000001,20000,50.0,24,24,24,24,384,1.0,5.353479925,4.4830652839330485,71.72904454292878,4.4830652839330485,71.72904454292878
1,i704-o16,4,disaggregated,5.350733568000001,20000,75.0,24,24,24,24,384,1.0,5.353479925,4.4830652839330485,71.72904454292878,4.4830652839330485,71.72904454292878
1,mixed,16,disaggregated,9.07015808,100,25.0,24,0,0,0,0,0.0,9.076706145000001,0.0,0.0,2.644130989436146,239.7345430422106
1,mixed,16,disaggregated,9.07015808,100,30.0,24,0,0,0,0,0.0,9.076706145000001,0.0,0.0,2.644130989436146,239.7345430422106
1,mixed,16,disaggregated,9.07015808,100,35.0,24,0,0,0,0,0.0,9.076706145000001,0.0,0.0,2.644130989436146,239.7345430422106
1,mixed,16,disaggregated,9.07015808,100,40.0,24,0,0,3,0,0.0,9.076706145000001,0.0,0.0,2.644130989436146,239.7345430422106
1,mixed,16,disaggregated,9.07015808,100,50.0,24,0,0,24,0,0.0,9.076706145000001,0.0,0.0,2.644130989436146,239.7345430422106
1,mixed,16,disaggregated,9.07015808,100,75.0,24,0,0,24,0,0.0,9.076706145000001,0.0,0.0,2.644130989436146,239.7345430422106
1,mixed,16,disaggregated,9.07015808,250,25.0,24,0,5,0,0,0.0,9.076706145000001,0.0,0.0,2.644130989436146,239.7345430422106
1,mixed,16,disaggregated,9.07015808,250,30.0,24,0,5,0,0,0.0,9.076706145000001,0.0,0.0,2.644130989436146,239.7345430422106
1,mixed,16,disaggregated,9.07015808,250,35.0,24,0,5,0,0,0.0,9.076706145000001,0.0,0.0,2.644130989436146,239.7345430422106
1,mixed,16,disaggregated,9.07015808,250,40.0,24,1,5,3,128,0.041666666666666664,9.076706145000001,0.11017212455983942,14.102031943659446,2.644130989436146,239.7345430422106
1,mixed,16,disaggregated,9.07015808,250,50.0,24,5,5,24,640,0.20833333333333334,9.076706145000001,0.5508606227991971,70.51015971829723,2.644130989436146,239.7345430422106
1,mixed,16,disaggregated,9.07015808,250,75.0,24,5,5,24,640,0.20833333333333334,9.076706145000001,0.5508606227991971,70.51015971829723,2.644130989436146,239.7345430422106
1,mixed,16,disaggregated,9.07015808,500,25.0,24,0,9,0,0,0.0,9.076706145000001,0.0,0.0,2.644130989436146,239.7345430422106
1,mixed,16,disaggregated,9.07015808,500,30.0,24,0,9,0,0,0.0,9.076706145000001,0.0,0.0,2.644130989436146,239.7345430422106
1,mixed,16,disaggregated,9.07015808,500,35.0,24,0,9,0,0,0.0,9.076706145000001,0.0,0.0,2.644130989436146,239.7345430422106
1,mixed,16,disaggregated,9.07015808,500,40.0,24,2,9,3,144,0.08333333333333333,9.076706145000001,0.22034424911967884,15.864785936616876,2.644130989436146,239.7345430422106
1,mixed,16,disaggregated,9.07015808,500,50.0,24,9,9,24,928,0.375,9.076706145000001,0.9915491210385547,102.23973159153098,2.644130989436146,239.7345430422106
1,mixed,16,disaggregated,9.07015808,500,75.0,24,9,9,24,928,0.375,9.076706145000001,0.9915491210385547,102.23973159153098,2.644130989436146,239.7345430422106
1,mixed,16,disaggregated,9.07015808,1000,25.0,24,0,18,0,0,0.0,9.076706145000001,0.0,0.0,2.644130989436146,239.7345430422106
1,mixed,16,disaggregated,9.07015808,1000,30.0,24,0,18,0,0,0.0,9.076706145000001,0.0,0.0,2.644130989436146,239.7345430422106
1,mixed,16,disaggregated,9.07015808,1000,35.0,24,0,18,0,0,0.0,9.076706145000001,0.0,0.0,2.644130989436146,239.7345430422106
1,mixed,16,disaggregated,9.07015808,1000,40.0,24,3,18,3,160,0.125,9.076706145000001,0.33051637367951825,17.627539929574308,2.644130989436146,239.7345430422106
1,mixed,16,disaggregated,9.07015808,1000,50.0,24,18,18,24,1856,0.75,9.076706145000001,1.9830982420771095,204.47946318306197,2.644130989436146,239.7345430422106
1,mixed,16,disaggregated,9.07015808,1000,75.0,24,18,18,24,1856,0.75,9.076706145000001,1.9830982420771095,204.47946318306197,2.644130989436146,239.7345430422106
1,mixed,16,disaggregated,9.07015808,2000,25.0,24,0,24,0,0,0.0,9.076706145000001,0.0,0.0,2.644130989436146,239.7345430422106
1,mixed,16,disaggregated,9.07015808,2000,30.0,24,0,24,0,0,0.0,9.076706145000001,0.0,0.0,2.644130989436146,239.7345430422106
1,mixed,16,disaggregated,9.07015808,2000,35.0,24,0,24,0,0,0.0,9.076706145000001,0.0,0.0,2.644130989436146,239.7345430422106
1,mixed,16,disaggregated,9.07015808,2000,40.0,24,3,24,3,160,0.125,9.076706145000001,0.33051637367951825,17.627539929574308,2.644130989436146,239.7345430422106
1,mixed,16,disaggregated,9.07015808,2000,50.0,24,24,24,24,2176,1.0,9.076706145000001,2.644130989436146,239.7345430422106,2.644130989436146,239.7345430422106
1,mixed,16,disaggregated,9.07015808,2000,75.0,24,24,24,24,2176,1.0,9.076706145000001,2.644130989436146,239.7345430422106,2.644130989436146,239.7345430422106
1,mixed,16,disaggregated,9.07015808,5000,25.0,24,0,24,0,0,0.0,9.076706145000001,0.0,0.0,2.644130989436146,239.7345430422106
1,mixed,16,disaggregated,9.07015808,5000,30.0,24,0,24,0,0,0.0,9.076706145000001,0.0,0.0,2.644130989436146,239.7345430422106
1,mixed,16,disaggregated,9.07015808,5000,35.0,24,0,24,0,0,0.0,9.076706145000001,0.0,0.0,2.644130989436146,239.7345430422106
1,mixed,16,disaggregated,9.07015808,5000,40.0,24,3,24,3,160,0.125,9.076706145000001,0.33051637367951825,17.627539929574308,2.644130989436146,239.7345430422106
1,mixed,16,disaggregated,9.07015808,5000,50.0,24,24,24,24,2176,1.0,9.076706145000001,2.644130989436146,239.7345430422106,2.644130989436146,239.7345430422106
1,mixed,16,disaggregated,9.07015808,5000,75.0,24,24,24,24,2176,1.0,9.076706145000001,2.644130989436146,239.7345430422106,2.644130989436146,239.7345430422106
1,mixed,16,disaggregated,9.07015808,10000,25.0,24,0,24,0,0,0.0,9.076706145000001,0.0,0.0,2.644130989436146,239.7345430422106
1,mixed,16,disaggregated,9.07015808,10000,30.0,24,0,24,0,0,0.0,9.076706145000001,0.0,0.0,2.644130989436146,239.7345430422106
1,mixed,16,disaggregated,9.07015808,10000,35.0,24,0,24,0,0,0.0,9.076706145000001,0.0,0.0,2.644130989436146,239.7345430422106
1,mixed,16,disaggregated,9.07015808,10000,40.0,24,3,24,3,160,0.125,9.076706145000001,0.33051637367951825,17.627539929574308,2.644130989436146,239.7345430422106
1,mixed,16,disaggregated,9.07015808,10000,50.0,24,24,24,24,2176,1.0,9.076706145000001,2.644130989436146,239.7345430422106,2.644130989436146,239.7345430422106
1,mixed,16,disaggregated,9.07015808,10000,75.0,24,24,24,24,2176,1.0,9.076706145000001,2.644130989436146,239.7345430422106,2.644130989436146,239.7345430422106
1,mixed,16,disaggregated,9.07015808,20000,25.0,24,0,24,0,0,0.0,9.076706145000001,0.0,0.0,2.644130989436146,239.7345430422106
1,mixed,16,disaggregated,9.07015808,20000,30.0,24,0,24,0,0,0.0,9.076706145000001,0.0,0.0,2.644130989436146,239.7345430422106
1,mixed,16,disaggregated,9.07015808,20000,35.0,24,0,24,0,0,0.0,9.076706145000001,0.0,0.0,2.644130989436146,239.7345430422106
1,mixed,16,disaggregated,9.07015808,20000,40.0,24,3,24,3,160,0.125,9.076706145000001,0.33051637367951825,17.627539929574308,2.644130989436146,239.7345430422106
1,mixed,16,disaggregated,9.07015808,20000,50.0,24,24,24,24,2176,1.0,9.076706145000001,2.644130989436146,239.7345430422106,2.644130989436146,239.7345430422106
1,mixed,16,disaggregated,9.07015808,20000,75.0,24,24,24,24,2176,1.0,9.076706145000001,2.644130989436146,239.7345430422106,2.644130989436146,239.7345430422106
1,mixed,4,disaggregated,20.584948992,100,25.0,24,0,0,0,0,0.0,20.587684732999996,0.0,0.0,1.165745459543122,105.69425499857641
1,mixed,4,disaggregated,20.584948992,100,30.0,24,0,0,3,0,0.0,20.587684732999996,0.0,0.0,1.165745459543122,105.69425499857641
1,mixed,4,disaggregated,20.584948992,100,35.0,24,0,0,21,0,0.0,20.587684732999996,0.0,0.0,1.165745459543122,105.69425499857641
1,mixed,4,disaggregated,20.584948992,100,40.0,24,0,0,24,0,0.0,20.587684732999996,0.0,0.0,1.165745459543122,105.69425499857641
1,mixed,4,disaggregated,20.584948992,100,50.0,24,0,0,24,0,0.0,20.587684732999996,0.0,0.0,1.165745459543122,105.69425499857641
1,mixed,4,disaggregated,20.584948992,100,75.0,24,0,0,24,0,0.0,20.587684732999996,0.0,0.0,1.165745459543122,105.69425499857641
1,mixed,4,disaggregated,20.584948992,250,25.0,24,0,12,0,0,0.0,20.587684732999996,0.0,0.0,1.165745459543122,105.69425499857641
1,mixed,4,disaggregated,20.584948992,250,30.0,24,0,12,3,0,0.0,20.587684732999996,0.0,0.0,1.165745459543122,105.69425499857641
1,mixed,4,disaggregated,20.584948992,250,35.0,24,11,12,21,1408,0.4583333333333333,20.587684732999996,0.5343000022905976,68.39040029319649,1.165745459543122,105.69425499857641
1,mixed,4,disaggregated,20.584948992,250,40.0,24,12,12,24,1536,0.5,20.587684732999996,0.582872729771561,74.60770941075981,1.165745459543122,105.69425499857641
1,mixed,4,disaggregated,20.584948992,250,50.0,24,12,12,24,1536,0.5,20.587684732999996,0.582872729771561,74.60770941075981,1.165745459543122,105.69425499857641
1,mixed,4,disaggregated,20.584948992,250,75.0,24,12,12,24,1536,0.5,20.587684732999996,0.582872729771561,74.60770941075981,1.165745459543122,105.69425499857641
1,mixed,4,disaggregated,20.584948992,500,25.0,24,0,24,0,0,0.0,20.587684732999996,0.0,0.0,1.165745459543122,105.69425499857641
1,mixed,4,disaggregated,20.584948992,500,30.0,24,3,24,3,48,0.125,20.587684732999996,0.14571818244289025,2.331490919086244,1.165745459543122,105.69425499857641
1,mixed,4,disaggregated,20.584948992,500,35.0,24,21,24,21,1792,0.875,20.587684732999996,1.0200272771002319,87.04232764588644,1.165745459543122,105.69425499857641
1,mixed,4,disaggregated,20.584948992,500,40.0,24,24,24,24,2176,1.0,20.587684732999996,1.165745459543122,105.69425499857641,1.165745459543122,105.69425499857641
1,mixed,4,disaggregated,20.584948992,500,50.0,24,24,24,24,2176,1.0,20.587684732999996,1.165745459543122,105.69425499857641,1.165745459543122,105.69425499857641
1,mixed,4,disaggregated,20.584948992,500,75.0,24,24,24,24,2176,1.0,20.587684732999996,1.165745459543122,105.69425499857641,1.165745459543122,105.69425499857641
1,mixed,4,disaggregated,20.584948992,1000,25.0,24,0,24,0,0,0.0,20.587684732999996,0.0,0.0,1.165745459543122,105.69425499857641
1,mixed,4,disaggregated,20.584948992,1000,30.0,24,3,24,3,48,0.125,20.587684732999996,0.14571818244289025,2.331490919086244,1.165745459543122,105.69425499857641
1,mixed,4,disaggregated,20.584948992,1000,35.0,24,21,24,21,1792,0.875,20.587684732999996,1.0200272771002319,87.04232764588644,1.165745459543122,105.69425499857641
1,mixed,4,disaggregated,20.584948992,1000,40.0,24,24,24,24,2176,1.0,20.587684732999996,1.165745459543122,105.69425499857641,1.165745459543122,105.69425499857641
1,mixed,4,disaggregated,20.584948992,1000,50.0,24,24,24,24,2176,1.0,20.587684732999996,1.165745459543122,105.69425499857641,1.165745459543122,105.69425499857641
1,mixed,4,disaggregated,20.584948992,1000,75.0,24,24,24,24,2176,1.0,20.587684732999996,1.165745459543122,105.69425499857641,1.165745459543122,105.69425499857641
1,mixed,4,disaggregated,20.584948992,2000,25.0,24,0,24,0,0,0.0,20.587684732999996,0.0,0.0,1.165745459543122,105.69425499857641
1,mixed,4,disaggregated,20.584948992,2000,30.0,24,3,24,3,48,0.125,20.587684732999996,0.14571818244289025,2.331490919086244,1.165745459543122,105.69425499857641
1,mixed,4,disaggregated,20.584948992,2000,35.0,24,21,24,21,1792,0.875,20.587684732999996,1.0200272771002319,87.04232764588644,1.165745459543122,105.69425499857641
1,mixed,4,disaggregated,20.584948992,2000,40.0,24,24,24,24,2176,1.0,20.587684732999996,1.165745459543122,105.69425499857641,1.165745459543122,105.69425499857641
1,mixed,4,disaggregated,20.584948992,2000,50.0,24,24,24,24,2176,1.0,20.587684732999996,1.165745459543122,105.69425499857641,1.165745459543122,105.69425499857641
1,mixed,4,disaggregated,20.584948992,2000,75.0,24,24,24,24,2176,1.0,20.587684732999996,1.165745459543122,105.69425499857641,1.165745459543122,105.69425499857641
1,mixed,4,disaggregated,20.584948992,5000,25.0,24,0,24,0,0,0.0,20.587684732999996,0.0,0.0,1.165745459543122,105.69425499857641
1,mixed,4,disaggregated,20.584948992,5000,30.0,24,3,24,3,48,0.125,20.587684732999996,0.14571818244289025,2.331490919086244,1.165745459543122,105.69425499857641
1,mixed,4,disaggregated,20.584948992,5000,35.0,24,21,24,21,1792,0.875,20.587684732999996,1.0200272771002319,87.04232764588644,1.165745459543122,105.69425499857641
1,mixed,4,disaggregated,20.584948992,5000,40.0,24,24,24,24,2176,1.0,20.587684732999996,1.165745459543122,105.69425499857641,1.165745459543122,105.69425499857641
1,mixed,4,disaggregated,20.584948992,5000,50.0,24,24,24,24,2176,1.0,20.587684732999996,1.165745459543122,105.69425499857641,1.165745459543122,105.69425499857641
1,mixed,4,disaggregated,20.584948992,5000,75.0,24,24,24,24,2176,1.0,20.587684732999996,1.165745459543122,105.69425499857641,1.165745459543122,105.69425499857641
1,mixed,4,disaggregated,20.584948992,10000,25.0,24,0,24,0,0,0.0,20.587684732999996,0.0,0.0,1.165745459543122,105.69425499857641
1,mixed,4,disaggregated,20.584948992,10000,30.0,24,3,24,3,48,0.125,20.587684732999996,0.14571818244289025,2.331490919086244,1.165745459543122,105.69425499857641
1,mixed,4,disaggregated,20.584948992,10000,35.0,24,21,24,21,1792,0.875,20.587684732999996,1.0200272771002319,87.04232764588644,1.165745459543122,105.69425499857641
1,mixed,4,disaggregated,20.584948992,10000,40.0,24,24,24,24,2176,1.0,20.587684732999996,1.165745459543122,105.69425499857641,1.165745459543122,105.69425499857641
1,mixed,4,disaggregated,20.584948992,10000,50.0,24,24,24,24,2176,1.0,20.587684732999996,1.165745459543122,105.69425499857641,1.165745459543122,105.69425499857641
1,mixed,4,disaggregated,20.584948992,10000,75.0,24,24,24,24,2176,1.0,20.587684732999996,1.165745459543122,105.69425499857641,1.165745459543122,105.69425499857641
1,mixed,4,disaggregated,20.584948992,20000,25.0,24,0,24,0,0,0.0,20.587684732999996,0.0,0.0,1.165745459543122,105.69425499857641
1,mixed,4,disaggregated,20.584948992,20000,30.0,24,3,24,3,48,0.125,20.587684732999996,0.14571818244289025,2.331490919086244,1.165745459543122,105.69425499857641
1,mixed,4,disaggregated,20.584948992,20000,35.0,24,21,24,21,1792,0.875,20.587684732999996,1.0200272771002319,87.04232764588644,1.165745459543122,105.69425499857641
1,mixed,4,disaggregated,20.584948992,20000,40.0,24,24,24,24,2176,1.0,20.587684732999996,1.165745459543122,105.69425499857641,1.165745459543122,105.69425499857641
1,mixed,4,disaggregated,20.584948992,20000,50.0,24,24,24,24,2176,1.0,20.587684732999996,1.165745459543122,105.69425499857641,1.165745459543122,105.69425499857641
1,mixed,4,disaggregated,20.584948992,20000,75.0,24,24,24,24,2176,1.0,20.587684732999996,1.165745459543122,105.69425499857641,1.165745459543122,105.69425499857641
2,i64-o128,16,disaggregated,11.048569344,100,25.0,24,0,0,0,0,0.0,11.051713136,0.0,0.0,2.171609026099499,277.9659553407359
2,i64-o128,16,disaggregated,11.048569344,100,30.0,24,0,0,0,0,0.0,11.051713136,0.0,0.0,2.171609026099499,277.9659553407359
2,i64-o128,16,disaggregated,11.048569344,100,35.0,24,0,0,0,0,0.0,11.051713136,0.0,0.0,2.171609026099499,277.9659553407359
2,i64-o128,16,disaggregated,11.048569344,100,40.0,24,0,0,8,0,0.0,11.051713136,0.0,0.0,2.171609026099499,277.9659553407359
2,i64-o128,16,disaggregated,11.048569344,100,50.0,24,0,0,24,0,0.0,11.051713136,0.0,0.0,2.171609026099499,277.9659553407359
2,i64-o128,16,disaggregated,11.048569344,100,75.0,24,0,0,24,0,0.0,11.051713136,0.0,0.0,2.171609026099499,277.9659553407359
2,i64-o128,16,disaggregated,11.048569344,250,25.0,24,0,10,0,0,0.0,11.051713136,0.0,0.0,2.171609026099499,277.9659553407359
2,i64-o128,16,disaggregated,11.048569344,250,30.0,24,0,10,0,0,0.0,11.051713136,0.0,0.0,2.171609026099499,277.9659553407359
2,i64-o128,16,disaggregated,11.048569344,250,35.0,24,0,10,0,0,0.0,11.051713136,0.0,0.0,2.171609026099499,277.9659553407359
2,i64-o128,16,disaggregated,11.048569344,250,40.0,24,7,10,8,896,0.2916666666666667,11.051713136,0.6333859659456872,81.07340364104796,2.171609026099499,277.9659553407359
2,i64-o128,16,disaggregated,11.048569344,250,50.0,24,10,10,24,1280,0.4166666666666667,11.051713136,0.9048370942081246,115.81914805863995,2.171609026099499,277.9659553407359
2,i64-o128,16,disaggregated,11.048569344,250,75.0,24,10,10,24,1280,0.4166666666666667,11.051713136,0.9048370942081246,115.81914805863995,2.171609026099499,277.9659553407359
2,i64-o128,16,disaggregated,11.048569344,500,25.0,24,0,17,0,0,0.0,11.051713136,0.0,0.0,2.171609026099499,277.9659553407359
2,i64-o128,16,disaggregated,11.048569344,500,30.0,24,0,17,0,0,0.0,11.051713136,0.0,0.0,2.171609026099499,277.9659553407359
2,i64-o128,16,disaggregated,11.048569344,500,35.0,24,0,17,0,0,0.0,11.051713136,0.0,0.0,2.171609026099499,277.9659553407359
2,i64-o128,16,disaggregated,11.048569344,500,40.0,24,8,17,8,1024,0.3333333333333333,11.051713136,0.7238696753664997,92.65531844691196,2.171609026099499,277.9659553407359
2,i64-o128,16,disaggregated,11.048569344,500,50.0,24,17,17,24,2176,0.7083333333333334,11.051713136,1.5382230601538118,196.8925516996879,2.171609026099499,277.9659553407359
2,i64-o128,16,disaggregated,11.048569344,500,75.0,24,17,17,24,2176,0.7083333333333334,11.051713136,1.5382230601538118,196.8925516996879,2.171609026099499,277.9659553407359
2,i64-o128,16,disaggregated,11.048569344,1000,25.0,24,0,24,0,0,0.0,11.051713136,0.0,0.0,2.171609026099499,277.9659553407359
2,i64-o128,16,disaggregated,11.048569344,1000,30.0,24,0,24,0,0,0.0,11.051713136,0.0,0.0,2.171609026099499,277.9659553407359
2,i64-o128,16,disaggregated,11.048569344,1000,35.0,24,0,24,0,0,0.0,11.051713136,0.0,0.0,2.171609026099499,277.9659553407359
2,i64-o128,16,disaggregated,11.048569344,1000,40.0,24,8,24,8,1024,0.3333333333333333,11.051713136,0.7238696753664997,92.65531844691196,2.171609026099499,277.9659553407359
2,i64-o128,16,disaggregated,11.048569344,1000,50.0,24,24,24,24,3072,1.0,11.051713136,2.171609026099499,277.9659553407359,2.171609026099499,277.9659553407359
2,i64-o128,16,disaggregated,11.048569344,1000,75.0,24,24,24,24,3072,1.0,11.051713136,2.171609026099499,277.9659553407359,2.171609026099499,277.9659553407359
2,i64-o128,16,disaggregated,11.048569344,2000,25.0,24,0,24,0,0,0.0,11.051713136,0.0,0.0,2.171609026099499,277.9659553407359
2,i64-o128,16,disaggregated,11.048569344,2000,30.0,24,0,24,0,0,0.0,11.051713136,0.0,0.0,2.171609026099499,277.9659553407359
2,i64-o128,16,disaggregated,11.048569344,2000,35.0,24,0,24,0,0,0.0,11.051713136,0.0,0.0,2.171609026099499,277.9659553407359
2,i64-o128,16,disaggregated,11.048569344,2000,40.0,24,8,24,8,1024,0.3333333333333333,11.051713136,0.7238696753664997,92.65531844691196,2.171609026099499,277.9659553407359
2,i64-o128,16,disaggregated,11.048569344,2000,50.0,24,24,24,24,3072,1.0,11.051713136,2.171609026099499,277.9659553407359,2.171609026099499,277.9659553407359
2,i64-o128,16,disaggregated,11.048569344,2000,75.0,24,24,24,24,3072,1.0,11.051713136,2.171609026099499,277.9659553407359,2.171609026099499,277.9659553407359
2,i64-o128,16,disaggregated,11.048569344,5000,25.0,24,0,24,0,0,0.0,11.051713136,0.0,0.0,2.171609026099499,277.9659553407359
2,i64-o128,16,disaggregated,11.048569344,5000,30.0,24,0,24,0,0,0.0,11.051713136,0.0,0.0,2.171609026099499,277.9659553407359
2,i64-o128,16,disaggregated,11.048569344,5000,35.0,24,0,24,0,0,0.0,11.051713136,0.0,0.0,2.171609026099499,277.9659553407359
2,i64-o128,16,disaggregated,11.048569344,5000,40.0,24,8,24,8,1024,0.3333333333333333,11.051713136,0.7238696753664997,92.65531844691196,2.171609026099499,277.9659553407359
2,i64-o128,16,disaggregated,11.048569344,5000,50.0,24,24,24,24,3072,1.0,11.051713136,2.171609026099499,277.9659553407359,2.171609026099499,277.9659553407359
2,i64-o128,16,disaggregated,11.048569344,5000,75.0,24,24,24,24,3072,1.0,11.051713136,2.171609026099499,277.9659553407359,2.171609026099499,277.9659553407359
2,i64-o128,16,disaggregated,11.048569344,10000,25.0,24,0,24,0,0,0.0,11.051713136,0.0,0.0,2.171609026099499,277.9659553407359
2,i64-o128,16,disaggregated,11.048569344,10000,30.0,24,0,24,0,0,0.0,11.051713136,0.0,0.0,2.171609026099499,277.9659553407359
2,i64-o128,16,disaggregated,11.048569344,10000,35.0,24,0,24,0,0,0.0,11.051713136,0.0,0.0,2.171609026099499,277.9659553407359
2,i64-o128,16,disaggregated,11.048569344,10000,40.0,24,8,24,8,1024,0.3333333333333333,11.051713136,0.7238696753664997,92.65531844691196,2.171609026099499,277.9659553407359
2,i64-o128,16,disaggregated,11.048569344,10000,50.0,24,24,24,24,3072,1.0,11.051713136,2.171609026099499,277.9659553407359,2.171609026099499,277.9659553407359
2,i64-o128,16,disaggregated,11.048569344,10000,75.0,24,24,24,24,3072,1.0,11.051713136,2.171609026099499,277.9659553407359,2.171609026099499,277.9659553407359
2,i64-o128,16,disaggregated,11.048569344,20000,25.0,24,0,24,0,0,0.0,11.051713136,0.0,0.0,2.171609026099499,277.9659553407359
2,i64-o128,16,disaggregated,11.048569344,20000,30.0,24,0,24,0,0,0.0,11.051713136,0.0,0.0,2.171609026099499,277.9659553407359
2,i64-o128,16,disaggregated,11.048569344,20000,35.0,24,0,24,0,0,0.0,11.051713136,0.0,0.0,2.171609026099499,277.9659553407359
2,i64-o128,16,disaggregated,11.048569344,20000,40.0,24,8,24,8,1024,0.3333333333333333,11.051713136,0.7238696753664997,92.65531844691196,2.171609026099499,277.9659553407359
2,i64-o128,16,disaggregated,11.048569344,20000,50.0,24,24,24,24,3072,1.0,11.051713136,2.171609026099499,277.9659553407359,2.171609026099499,277.9659553407359
2,i64-o128,16,disaggregated,11.048569344,20000,75.0,24,24,24,24,3072,1.0,11.051713136,2.171609026099499,277.9659553407359,2.171609026099499,277.9659553407359
2,i64-o128,4,disaggregated,27.028072192000003,100,25.0,24,0,0,0,0,0.0,27.031513599,0.0,0.0,0.887852613657855,113.64513454820543
2,i64-o128,4,disaggregated,27.028072192000003,100,30.0,24,0,0,0,0,0.0,27.031513599,0.0,0.0,0.887852613657855,113.64513454820543
2,i64-o128,4,disaggregated,27.028072192000003,100,35.0,24,0,0,21,0,0.0,27.031513599,0.0,0.0,0.887852613657855,113.64513454820543
2,i64-o128,4,disaggregated,27.028072192000003,100,40.0,24,0,0,24,0,0.0,27.031513599,0.0,0.0,0.887852613657855,113.64513454820543
2,i64-o128,4,disaggregated,27.028072192000003,100,50.0,24,0,0,24,0,0.0,27.031513599,0.0,0.0,0.887852613657855,113.64513454820543
2,i64-o128,4,disaggregated,27.028072192000003,100,75.0,24,0,0,24,0,0.0,27.031513599,0.0,0.0,0.887852613657855,113.64513454820543
2,i64-o128,4,disaggregated,27.028072192000003,250,25.0,24,0,21,0,0,0.0,27.031513599,0.0,0.0,0.887852613657855,113.64513454820543
2,i64-o128,4,disaggregated,27.028072192000003,250,30.0,24,0,21,0,0,0.0,27.031513599,0.0,0.0,0.887852613657855,113.64513454820543
2,i64-o128,4,disaggregated,27.028072192000003,250,35.0,24,18,21,21,2304,0.75,27.031513599,0.6658894602433912,85.23385091115408,0.887852613657855,113.64513454820543
2,i64-o128,4,disaggregated,27.028072192000003,250,40.0,24,21,21,24,2688,0.875,27.031513599,0.7768710369506231,99.43949272967976,0.887852613657855,113.64513454820543
2,i64-o128,4,disaggregated,27.028072192000003,250,50.0,24,21,21,24,2688,0.875,27.031513599,0.7768710369506231,99.43949272967976,0.887852613657855,113.64513454820543
2,i64-o128,4,disaggregated,27.028072192000003,250,75.0,24,21,21,24,2688,0.875,27.031513599,0.7768710369506231,99.43949272967976,0.887852613657855,113.64513454820543
2,i64-o128,4,disaggregated,27.028072192000003,500,25.0,24,0,24,0,0,0.0,27.031513599,0.0,0.0,0.887852613657855,113.64513454820543
2,i64-o128,4,disaggregated,27.028072192000003,500,30.0,24,0,24,0,0,0.0,27.031513599,0.0,0.0,0.887852613657855,113.64513454820543
2,i64-o128,4,disaggregated,27.028072192000003,500,35.0,24,21,24,21,2688,0.875,27.031513599,0.7768710369506231,99.43949272967976,0.887852613657855,113.64513454820543
2,i64-o128,4,disaggregated,27.028072192000003,500,40.0,24,24,24,24,3072,1.0,27.031513599,0.887852613657855,113.64513454820543,0.887852613657855,113.64513454820543
2,i64-o128,4,disaggregated,27.028072192000003,500,50.0,24,24,24,24,3072,1.0,27.031513599,0.887852613657855,113.64513454820543,0.887852613657855,113.64513454820543
2,i64-o128,4,disaggregated,27.028072192000003,500,75.0,24,24,24,24,3072,1.0,27.031513599,0.887852613657855,113.64513454820543,0.887852613657855,113.64513454820543
2,i64-o128,4,disaggregated,27.028072192000003,1000,25.0,24,0,24,0,0,0.0,27.031513599,0.0,0.0,0.887852613657855,113.64513454820543
2,i64-o128,4,disaggregated,27.028072192000003,1000,30.0,24,0,24,0,0,0.0,27.031513599,0.0,0.0,0.887852613657855,113.64513454820543
2,i64-o128,4,disaggregated,27.028072192000003,1000,35.0,24,21,24,21,2688,0.875,27.031513599,0.7768710369506231,99.43949272967976,0.887852613657855,113.64513454820543
2,i64-o128,4,disaggregated,27.028072192000003,1000,40.0,24,24,24,24,3072,1.0,27.031513599,0.887852613657855,113.64513454820543,0.887852613657855,113.64513454820543
2,i64-o128,4,disaggregated,27.028072192000003,1000,50.0,24,24,24,24,3072,1.0,27.031513599,0.887852613657855,113.64513454820543,0.887852613657855,113.64513454820543
2,i64-o128,4,disaggregated,27.028072192000003,1000,75.0,24,24,24,24,3072,1.0,27.031513599,0.887852613657855,113.64513454820543,0.887852613657855,113.64513454820543
2,i64-o128,4,disaggregated,27.028072192000003,2000,25.0,24,0,24,0,0,0.0,27.031513599,0.0,0.0,0.887852613657855,113.64513454820543
2,i64-o128,4,disaggregated,27.028072192000003,2000,30.0,24,0,24,0,0,0.0,27.031513599,0.0,0.0,0.887852613657855,113.64513454820543
2,i64-o128,4,disaggregated,27.028072192000003,2000,35.0,24,21,24,21,2688,0.875,27.031513599,0.7768710369506231,99.43949272967976,0.887852613657855,113.64513454820543
2,i64-o128,4,disaggregated,27.028072192000003,2000,40.0,24,24,24,24,3072,1.0,27.031513599,0.887852613657855,113.64513454820543,0.887852613657855,113.64513454820543
2,i64-o128,4,disaggregated,27.028072192000003,2000,50.0,24,24,24,24,3072,1.0,27.031513599,0.887852613657855,113.64513454820543,0.887852613657855,113.64513454820543
2,i64-o128,4,disaggregated,27.028072192000003,2000,75.0,24,24,24,24,3072,1.0,27.031513599,0.887852613657855,113.64513454820543,0.887852613657855,113.64513454820543
2,i64-o128,4,disaggregated,27.028072192000003,5000,25.0,24,0,24,0,0,0.0,27.031513599,0.0,0.0,0.887852613657855,113.64513454820543
2,i64-o128,4,disaggregated,27.028072192000003,5000,30.0,24,0,24,0,0,0.0,27.031513599,0.0,0.0,0.887852613657855,113.64513454820543
2,i64-o128,4,disaggregated,27.028072192000003,5000,35.0,24,21,24,21,2688,0.875,27.031513599,0.7768710369506231,99.43949272967976,0.887852613657855,113.64513454820543
2,i64-o128,4,disaggregated,27.028072192000003,5000,40.0,24,24,24,24,3072,1.0,27.031513599,0.887852613657855,113.64513454820543,0.887852613657855,113.64513454820543
2,i64-o128,4,disaggregated,27.028072192000003,5000,50.0,24,24,24,24,3072,1.0,27.031513599,0.887852613657855,113.64513454820543,0.887852613657855,113.64513454820543
2,i64-o128,4,disaggregated,27.028072192000003,5000,75.0,24,24,24,24,3072,1.0,27.031513599,0.887852613657855,113.64513454820543,0.887852613657855,113.64513454820543
2,i64-o128,4,disaggregated,27.028072192000003,10000,25.0,24,0,24,0,0,0.0,27.031513599,0.0,0.0,0.887852613657855,113.64513454820543
2,i64-o128,4,disaggregated,27.028072192000003,10000,30.0,24,0,24,0,0,0.0,27.031513599,0.0,0.0,0.887852613657855,113.64513454820543
2,i64-o128,4,disaggregated,27.028072192000003,10000,35.0,24,21,24,21,2688,0.875,27.031513599,0.7768710369506231,99.43949272967976,0.887852613657855,113.64513454820543
2,i64-o128,4,disaggregated,27.028072192000003,10000,40.0,24,24,24,24,3072,1.0,27.031513599,0.887852613657855,113.64513454820543,0.887852613657855,113.64513454820543
2,i64-o128,4,disaggregated,27.028072192000003,10000,50.0,24,24,24,24,3072,1.0,27.031513599,0.887852613657855,113.64513454820543,0.887852613657855,113.64513454820543
2,i64-o128,4,disaggregated,27.028072192000003,10000,75.0,24,24,24,24,3072,1.0,27.031513599,0.887852613657855,113.64513454820543,0.887852613657855,113.64513454820543
2,i64-o128,4,disaggregated,27.028072192000003,20000,25.0,24,0,24,0,0,0.0,27.031513599,0.0,0.0,0.887852613657855,113.64513454820543
2,i64-o128,4,disaggregated,27.028072192000003,20000,30.0,24,0,24,0,0,0.0,27.031513599,0.0,0.0,0.887852613657855,113.64513454820543
2,i64-o128,4,disaggregated,27.028072192000003,20000,35.0,24,21,24,21,2688,0.875,27.031513599,0.7768710369506231,99.43949272967976,0.887852613657855,113.64513454820543
2,i64-o128,4,disaggregated,27.028072192000003,20000,40.0,24,24,24,24,3072,1.0,27.031513599,0.887852613657855,113.64513454820543,0.887852613657855,113.64513454820543
2,i64-o128,4,disaggregated,27.028072192000003,20000,50.0,24,24,24,24,3072,1.0,27.031513599,0.887852613657855,113.64513454820543,0.887852613657855,113.64513454820543
2,i64-o128,4,disaggregated,27.028072192000003,20000,75.0,24,24,24,24,3072,1.0,27.031513599,0.887852613657855,113.64513454820543,0.887852613657855,113.64513454820543
2,i64-o16,16,disaggregated,1.8530979840000001,100,25.0,24,0,0,1,0,0.0,1.855817046,0.0,0.0,12.932309276784173,206.91694842854676
2,i64-o16,16,disaggregated,1.8530979840000001,100,30.0,24,0,0,2,0,0.0,1.855817046,0.0,0.0,12.932309276784173,206.91694842854676
2,i64-o16,16,disaggregated,1.8530979840000001,100,35.0,24,0,0,4,0,0.0,1.855817046,0.0,0.0,12.932309276784173,206.91694842854676
2,i64-o16,16,disaggregated,1.8530979840000001,100,40.0,24,0,0,12,0,0.0,1.855817046,0.0,0.0,12.932309276784173,206.91694842854676
2,i64-o16,16,disaggregated,1.8530979840000001,100,50.0,24,0,0,24,0,0.0,1.855817046,0.0,0.0,12.932309276784173,206.91694842854676
2,i64-o16,16,disaggregated,1.8530979840000001,100,75.0,24,0,0,24,0,0.0,1.855817046,0.0,0.0,12.932309276784173,206.91694842854676
2,i64-o16,16,disaggregated,1.8530979840000001,250,25.0,24,0,10,1,0,0.0,1.855817046,0.0,0.0,12.932309276784173,206.91694842854676
2,i64-o16,16,disaggregated,1.8530979840000001,250,30.0,24,1,10,2,16,0.041666666666666664,1.855817046,0.5388462198660072,8.621539517856116,12.932309276784173,206.91694842854676
2,i64-o16,16,disaggregated,1.8530979840000001,250,35.0,24,3,10,4,48,0.125,1.855817046,1.6165386595980216,25.864618553568345,12.932309276784173,206.91694842854676
2,i64-o16,16,disaggregated,1.8530979840000001,250,40.0,24,6,10,12,96,0.25,1.855817046,3.233077319196043,51.72923710713669,12.932309276784173,206.91694842854676
2,i64-o16,16,disaggregated,1.8530979840000001,250,50.0,24,10,10,24,160,0.4166666666666667,1.855817046,5.388462198660072,86.21539517856115,12.932309276784173,206.91694842854676
2,i64-o16,16,disaggregated,1.8530979840000001,250,75.0,24,10,10,24,160,0.4166666666666667,1.855817046,5.388462198660072,86.21539517856115,12.932309276784173,206.91694842854676
2,i64-o16,16,disaggregated,1.8530979840000001,500,25.0,24,1,15,1,16,0.041666666666666664,1.855817046,0.5388462198660072,8.621539517856116,12.932309276784173,206.91694842854676
2,i64-o16,16,disaggregated,1.8530979840000001,500,30.0,24,2,15,2,32,0.08333333333333333,1.855817046,1.0776924397320145,17.24307903571223,12.932309276784173,206.91694842854676
2,i64-o16,16,disaggregated,1.8530979840000001,500,35.0,24,4,15,4,64,0.16666666666666666,1.855817046,2.155384879464029,34.48615807142446,12.932309276784173,206.91694842854676
2,i64-o16,16,disaggregated,1.8530979840000001,500,40.0,24,8,15,12,128,0.3333333333333333,1.855817046,4.310769758928058,68.97231614284892,12.932309276784173,206.91694842854676
2,i64-o16,16,disaggregated,1.8530979840000001,500,50.0,24,15,15,24,240,0.625,1.855817046,8.082693297990108,129.32309276784173,12.932309276784173,206.91694842854676
2,i64-o16,16,disaggregated,1.8530979840000001,500,75.0,24,15,15,24,240,0.625,1.855817046,8.082693297990108,129.32309276784173,12.932309276784173,206.91694842854676
2,i64-o16,16,disaggregated,1.8530979840000001,1000,25.0,24,1,24,1,16,0.041666666666666664,1.855817046,0.5388462198660072,8.621539517856116,12.932309276784173,206.91694842854676
2,i64-o16,16,disaggregated,1.8530979840000001,1000,30.0,24,2,24,2,32,0.08333333333333333,1.855817046,1.0776924397320145,17.24307903571223,12.932309276784173,206.91694842854676
2,i64-o16,16,disaggregated,1.8530979840000001,1000,35.0,24,4,24,4,64,0.16666666666666666,1.855817046,2.155384879464029,34.48615807142446,12.932309276784173,206.91694842854676
2,i64-o16,16,disaggregated,1.8530979840000001,1000,40.0,24,12,24,12,192,0.5,1.855817046,6.466154638392086,103.45847421427338,12.932309276784173,206.91694842854676
2,i64-o16,16,disaggregated,1.8530979840000001,1000,50.0,24,24,24,24,384,1.0,1.855817046,12.932309276784173,206.91694842854676,12.932309276784173,206.91694842854676
2,i64-o16,16,disaggregated,1.8530979840000001,1000,75.0,24,24,24,24,384,1.0,1.855817046,12.932309276784173,206.91694842854676,12.932309276784173,206.91694842854676
2,i64-o16,16,disaggregated,1.8530979840000001,2000,25.0,24,1,24,1,16,0.041666666666666664,1.855817046,0.5388462198660072,8.621539517856116,12.932309276784173,206.91694842854676
2,i64-o16,16,disaggregated,1.8530979840000001,2000,30.0,24,2,24,2,32,0.08333333333333333,1.855817046,1.0776924397320145,17.24307903571223,12.932309276784173,206.91694842854676
2,i64-o16,16,disaggregated,1.8530979840000001,2000,35.0,24,4,24,4,64,0.16666666666666666,1.855817046,2.155384879464029,34.48615807142446,12.932309276784173,206.91694842854676
2,i64-o16,16,disaggregated,1.8530979840000001,2000,40.0,24,12,24,12,192,0.5,1.855817046,6.466154638392086,103.45847421427338,12.932309276784173,206.91694842854676
2,i64-o16,16,disaggregated,1.8530979840000001,2000,50.0,24,24,24,24,384,1.0,1.855817046,12.932309276784173,206.91694842854676,12.932309276784173,206.91694842854676
2,i64-o16,16,disaggregated,1.8530979840000001,2000,75.0,24,24,24,24,384,1.0,1.855817046,12.932309276784173,206.91694842854676,12.932309276784173,206.91694842854676
2,i64-o16,16,disaggregated,1.8530979840000001,5000,25.0,24,1,24,1,16,0.041666666666666664,1.855817046,0.5388462198660072,8.621539517856116,12.932309276784173,206.91694842854676
2,i64-o16,16,disaggregated,1.8530979840000001,5000,30.0,24,2,24,2,32,0.08333333333333333,1.855817046,1.0776924397320145,17.24307903571223,12.932309276784173,206.91694842854676
2,i64-o16,16,disaggregated,1.8530979840000001,5000,35.0,24,4,24,4,64,0.16666666666666666,1.855817046,2.155384879464029,34.48615807142446,12.932309276784173,206.91694842854676
2,i64-o16,16,disaggregated,1.8530979840000001,5000,40.0,24,12,24,12,192,0.5,1.855817046,6.466154638392086,103.45847421427338,12.932309276784173,206.91694842854676
2,i64-o16,16,disaggregated,1.8530979840000001,5000,50.0,24,24,24,24,384,1.0,1.855817046,12.932309276784173,206.91694842854676,12.932309276784173,206.91694842854676
2,i64-o16,16,disaggregated,1.8530979840000001,5000,75.0,24,24,24,24,384,1.0,1.855817046,12.932309276784173,206.91694842854676,12.932309276784173,206.91694842854676
2,i64-o16,16,disaggregated,1.8530979840000001,10000,25.0,24,1,24,1,16,0.041666666666666664,1.855817046,0.5388462198660072,8.621539517856116,12.932309276784173,206.91694842854676
2,i64-o16,16,disaggregated,1.8530979840000001,10000,30.0,24,2,24,2,32,0.08333333333333333,1.855817046,1.0776924397320145,17.24307903571223,12.932309276784173,206.91694842854676
2,i64-o16,16,disaggregated,1.8530979840000001,10000,35.0,24,4,24,4,64,0.16666666666666666,1.855817046,2.155384879464029,34.48615807142446,12.932309276784173,206.91694842854676
2,i64-o16,16,disaggregated,1.8530979840000001,10000,40.0,24,12,24,12,192,0.5,1.855817046,6.466154638392086,103.45847421427338,12.932309276784173,206.91694842854676
2,i64-o16,16,disaggregated,1.8530979840000001,10000,50.0,24,24,24,24,384,1.0,1.855817046,12.932309276784173,206.91694842854676,12.932309276784173,206.91694842854676
2,i64-o16,16,disaggregated,1.8530979840000001,10000,75.0,24,24,24,24,384,1.0,1.855817046,12.932309276784173,206.91694842854676,12.932309276784173,206.91694842854676
2,i64-o16,16,disaggregated,1.8530979840000001,20000,25.0,24,1,24,1,16,0.041666666666666664,1.855817046,0.5388462198660072,8.621539517856116,12.932309276784173,206.91694842854676
2,i64-o16,16,disaggregated,1.8530979840000001,20000,30.0,24,2,24,2,32,0.08333333333333333,1.855817046,1.0776924397320145,17.24307903571223,12.932309276784173,206.91694842854676
2,i64-o16,16,disaggregated,1.8530979840000001,20000,35.0,24,4,24,4,64,0.16666666666666666,1.855817046,2.155384879464029,34.48615807142446,12.932309276784173,206.91694842854676
2,i64-o16,16,disaggregated,1.8530979840000001,20000,40.0,24,12,24,12,192,0.5,1.855817046,6.466154638392086,103.45847421427338,12.932309276784173,206.91694842854676
2,i64-o16,16,disaggregated,1.8530979840000001,20000,50.0,24,24,24,24,384,1.0,1.855817046,12.932309276784173,206.91694842854676,12.932309276784173,206.91694842854676
2,i64-o16,16,disaggregated,1.8530979840000001,20000,75.0,24,24,24,24,384,1.0,1.855817046,12.932309276784173,206.91694842854676,12.932309276784173,206.91694842854676
2,i64-o16,4,disaggregated,3.921412864,100,25.0,24,0,0,2,0,0.0,3.923864022,0.0,0.0,6.116419902789383,97.86271844463013
2,i64-o16,4,disaggregated,3.921412864,100,30.0,24,0,0,15,0,0.0,3.923864022,0.0,0.0,6.116419902789383,97.86271844463013
2,i64-o16,4,disaggregated,3.921412864,100,35.0,24,0,0,24,0,0.0,3.923864022,0.0,0.0,6.116419902789383,97.86271844463013
2,i64-o16,4,disaggregated,3.921412864,100,40.0,24,0,0,24,0,0.0,3.923864022,0.0,0.0,6.116419902789383,97.86271844463013
2,i64-o16,4,disaggregated,3.921412864,100,50.0,24,0,0,24,0,0.0,3.923864022,0.0,0.0,6.116419902789383,97.86271844463013
2,i64-o16,4,disaggregated,3.921412864,100,75.0,24,0,0,24,0,0.0,3.923864022,0.0,0.0,6.116419902789383,97.86271844463013
2,i64-o16,4,disaggregated,3.921412864,250,25.0,24,0,20,2,0,0.0,3.923864022,0.0,0.0,6.116419902789383,97.86271844463013
2,i64-o16,4,disaggregated,3.921412864,250,30.0,24,11,20,15,176,0.4583333333333333,3.923864022,2.8033591221118006,44.85374595378881,6.116419902789383,97.86271844463013
2,i64-o16,4,disaggregated,3.921412864,250,35.0,24,20,20,24,320,0.8333333333333334,3.923864022,5.09701658565782,81.55226537052512,6.116419902789383,97.86271844463013
2,i64-o16,4,disaggregated,3.921412864,250,40.0,24,20,20,24,320,0.8333333333333334,3.923864022,5.09701658565782,81.55226537052512,6.116419902789383,97.86271844463013
2,i64-o16,4,disaggregated,3.921412864,250,50.0,24,20,20,24,320,0.8333333333333334,3.923864022,5.09701658565782,81.55226537052512,6.116419902789383,97.86271844463013
2,i64-o16,4,disaggregated,3.921412864,250,75.0,24,20,20,24,320,0.8333333333333334,3.923864022,5.09701658565782,81.55226537052512,6.116419902789383,97.86271844463013
2,i64-o16,4,disaggregated,3.921412864,500,25.0,24,2,24,2,32,0.08333333333333333,3.923864022,0.509701658565782,8.155226537052512,6.116419902789383,97.86271844463013
2,i64-o16,4,disaggregated,3.921412864,500,30.0,24,15,24,15,240,0.625,3.923864022,3.822762439243365,61.16419902789384,6.116419902789383,97.86271844463013
2,i64-o16,4,disaggregated,3.921412864,500,35.0,24,24,24,24,384,1.0,3.923864022,6.116419902789383,97.86271844463013,6.116419902789383,97.86271844463013
2,i64-o16,4,disaggregated,3.921412864,500,40.0,24,24,24,24,384,1.0,3.923864022,6.116419902789383,97.86271844463013,6.116419902789383,97.86271844463013
2,i64-o16,4,disaggregated,3.921412864,500,50.0,24,24,24,24,384,1.0,3.923864022,6.116419902789383,97.86271844463013,6.116419902789383,97.86271844463013
2,i64-o16,4,disaggregated,3.921412864,500,75.0,24,24,24,24,384,1.0,3.923864022,6.116419902789383,97.86271844463013,6.116419902789383,97.86271844463013
2,i64-o16,4,disaggregated,3.921412864,1000,25.0,24,2,24,2,32,0.08333333333333333,3.923864022,0.509701658565782,8.155226537052512,6.116419902789383,97.86271844463013
2,i64-o16,4,disaggregated,3.921412864,1000,30.0,24,15,24,15,240,0.625,3.923864022,3.822762439243365,61.16419902789384,6.116419902789383,97.86271844463013
2,i64-o16,4,disaggregated,3.921412864,1000,35.0,24,24,24,24,384,1.0,3.923864022,6.116419902789383,97.86271844463013,6.116419902789383,97.86271844463013
2,i64-o16,4,disaggregated,3.921412864,1000,40.0,24,24,24,24,384,1.0,3.923864022,6.116419902789383,97.86271844463013,6.116419902789383,97.86271844463013
2,i64-o16,4,disaggregated,3.921412864,1000,50.0,24,24,24,24,384,1.0,3.923864022,6.116419902789383,97.86271844463013,6.116419902789383,97.86271844463013
2,i64-o16,4,disaggregated,3.921412864,1000,75.0,24,24,24,24,384,1.0,3.923864022,6.116419902789383,97.86271844463013,6.116419902789383,97.86271844463013
2,i64-o16,4,disaggregated,3.921412864,2000,25.0,24,2,24,2,32,0.08333333333333333,3.923864022,0.509701658565782,8.155226537052512,6.116419902789383,97.86271844463013
2,i64-o16,4,disaggregated,3.921412864,2000,30.0,24,15,24,15,240,0.625,3.923864022,3.822762439243365,61.16419902789384,6.116419902789383,97.86271844463013
2,i64-o16,4,disaggregated,3.921412864,2000,35.0,24,24,24,24,384,1.0,3.923864022,6.116419902789383,97.86271844463013,6.116419902789383,97.86271844463013
2,i64-o16,4,disaggregated,3.921412864,2000,40.0,24,24,24,24,384,1.0,3.923864022,6.116419902789383,97.86271844463013,6.116419902789383,97.86271844463013
2,i64-o16,4,disaggregated,3.921412864,2000,50.0,24,24,24,24,384,1.0,3.923864022,6.116419902789383,97.86271844463013,6.116419902789383,97.86271844463013
2,i64-o16,4,disaggregated,3.921412864,2000,75.0,24,24,24,24,384,1.0,3.923864022,6.116419902789383,97.86271844463013,6.116419902789383,97.86271844463013
2,i64-o16,4,disaggregated,3.921412864,5000,25.0,24,2,24,2,32,0.08333333333333333,3.923864022,0.509701658565782,8.155226537052512,6.116419902789383,97.86271844463013
2,i64-o16,4,disaggregated,3.921412864,5000,30.0,24,15,24,15,240,0.625,3.923864022,3.822762439243365,61.16419902789384,6.116419902789383,97.86271844463013
2,i64-o16,4,disaggregated,3.921412864,5000,35.0,24,24,24,24,384,1.0,3.923864022,6.116419902789383,97.86271844463013,6.116419902789383,97.86271844463013
2,i64-o16,4,disaggregated,3.921412864,5000,40.0,24,24,24,24,384,1.0,3.923864022,6.116419902789383,97.86271844463013,6.116419902789383,97.86271844463013
2,i64-o16,4,disaggregated,3.921412864,5000,50.0,24,24,24,24,384,1.0,3.923864022,6.116419902789383,97.86271844463013,6.116419902789383,97.86271844463013
2,i64-o16,4,disaggregated,3.921412864,5000,75.0,24,24,24,24,384,1.0,3.923864022,6.116419902789383,97.86271844463013,6.116419902789383,97.86271844463013
2,i64-o16,4,disaggregated,3.921412864,10000,25.0,24,2,24,2,32,0.08333333333333333,3.923864022,0.509701658565782,8.155226537052512,6.116419902789383,97.86271844463013
2,i64-o16,4,disaggregated,3.921412864,10000,30.0,24,15,24,15,240,0.625,3.923864022,3.822762439243365,61.16419902789384,6.116419902789383,97.86271844463013
2,i64-o16,4,disaggregated,3.921412864,10000,35.0,24,24,24,24,384,1.0,3.923864022,6.116419902789383,97.86271844463013,6.116419902789383,97.86271844463013
2,i64-o16,4,disaggregated,3.921412864,10000,40.0,24,24,24,24,384,1.0,3.923864022,6.116419902789383,97.86271844463013,6.116419902789383,97.86271844463013
2,i64-o16,4,disaggregated,3.921412864,10000,50.0,24,24,24,24,384,1.0,3.923864022,6.116419902789383,97.86271844463013,6.116419902789383,97.86271844463013
2,i64-o16,4,disaggregated,3.921412864,10000,75.0,24,24,24,24,384,1.0,3.923864022,6.116419902789383,97.86271844463013,6.116419902789383,97.86271844463013
2,i64-o16,4,disaggregated,3.921412864,20000,25.0,24,2,24,2,32,0.08333333333333333,3.923864022,0.509701658565782,8.155226537052512,6.116419902789383,97.86271844463013
2,i64-o16,4,disaggregated,3.921412864,20000,30.0,24,15,24,15,240,0.625,3.923864022,3.822762439243365,61.16419902789384,6.116419902789383,97.86271844463013
2,i64-o16,4,disaggregated,3.921412864,20000,35.0,24,24,24,24,384,1.0,3.923864022,6.116419902789383,97.86271844463013,6.116419902789383,97.86271844463013
2,i64-o16,4,disaggregated,3.921412864,20000,40.0,24,24,24,24,384,1.0,3.923864022,6.116419902789383,97.86271844463013,6.116419902789383,97.86271844463013
2,i64-o16,4,disaggregated,3.921412864,20000,50.0,24,24,24,24,384,1.0,3.923864022,6.116419902789383,97.86271844463013,6.116419902789383,97.86271844463013
2,i64-o16,4,disaggregated,3.921412864,20000,75.0,24,24,24,24,384,1.0,3.923864022,6.116419902789383,97.86271844463013,6.116419902789383,97.86271844463013
2,i704-o128,16,disaggregated,13.06454272,100,25.0,24,0,0,0,0,0.0,13.067832185,0.0,0.0,1.8365708757377954,235.08107209443781
2,i704-o128,16,disaggregated,13.06454272,100,30.0,24,0,0,0,0,0.0,13.067832185,0.0,0.0,1.8365708757377954,235.08107209443781
2,i704-o128,16,disaggregated,13.06454272,100,35.0,24,0,0,0,0,0.0,13.067832185,0.0,0.0,1.8365708757377954,235.08107209443781
2,i704-o128,16,disaggregated,13.06454272,100,40.0,24,0,0,5,0,0.0,13.067832185,0.0,0.0,1.8365708757377954,235.08107209443781
2,i704-o128,16,disaggregated,13.06454272,100,50.0,24,0,0,19,0,0.0,13.067832185,0.0,0.0,1.8365708757377954,235.08107209443781
2,i704-o128,16,disaggregated,13.06454272,100,75.0,24,0,0,24,0,0.0,13.067832185,0.0,0.0,1.8365708757377954,235.08107209443781
2,i704-o128,16,disaggregated,13.06454272,250,25.0,24,0,0,0,0,0.0,13.067832185,0.0,0.0,1.8365708757377954,235.08107209443781
2,i704-o128,16,disaggregated,13.06454272,250,30.0,24,0,0,0,0,0.0,13.067832185,0.0,0.0,1.8365708757377954,235.08107209443781
2,i704-o128,16,disaggregated,13.06454272,250,35.0,24,0,0,0,0,0.0,13.067832185,0.0,0.0,1.8365708757377954,235.08107209443781
2,i704-o128,16,disaggregated,13.06454272,250,40.0,24,0,0,5,0,0.0,13.067832185,0.0,0.0,1.8365708757377954,235.08107209443781
2,i704-o128,16,disaggregated,13.06454272,250,50.0,24,0,0,19,0,0.0,13.067832185,0.0,0.0,1.8365708757377954,235.08107209443781
2,i704-o128,16,disaggregated,13.06454272,250,75.0,24,0,0,24,0,0.0,13.067832185,0.0,0.0,1.8365708757377954,235.08107209443781
2,i704-o128,16,disaggregated,13.06454272,500,25.0,24,0,5,0,0,0.0,13.067832185,0.0,0.0,1.8365708757377954,235.08107209443781
2,i704-o128,16,disaggregated,13.06454272,500,30.0,24,0,5,0,0,0.0,13.067832185,0.0,0.0,1.8365708757377954,235.08107209443781
2,i704-o128,16,disaggregated,13.06454272,500,35.0,24,0,5,0,0,0.0,13.067832185,0.0,0.0,1.8365708757377954,235.08107209443781
2,i704-o128,16,disaggregated,13.06454272,500,40.0,24,2,5,5,256,0.08333333333333333,13.067832185,0.1530475729781496,19.59008934120315,1.8365708757377954,235.08107209443781
2,i704-o128,16,disaggregated,13.06454272,500,50.0,24,5,5,19,640,0.20833333333333334,13.067832185,0.38261893244537404,48.97522335300788,1.8365708757377954,235.08107209443781
2,i704-o128,16,disaggregated,13.06454272,500,75.0,24,5,5,24,640,0.20833333333333334,13.067832185,0.38261893244537404,48.97522335300788,1.8365708757377954,235.08107209443781
2,i704-o128,16,disaggregated,13.06454272,1000,25.0,24,0,13,0,0,0.0,13.067832185,0.0,0.0,1.8365708757377954,235.08107209443781
2,i704-o128,16,disaggregated,13.06454272,1000,30.0,24,0,13,0,0,0.0,13.067832185,0.0,0.0,1.8365708757377954,235.08107209443781
2,i704-o128,16,disaggregated,13.06454272,1000,35.0,24,0,13,0,0,0.0,13.067832185,0.0,0.0,1.8365708757377954,235.08107209443781
2,i704-o128,16,disaggregated,13.06454272,1000,40.0,24,5,13,5,640,0.20833333333333334,13.067832185,0.38261893244537404,48.97522335300788,1.8365708757377954,235.08107209443781
2,i704-o128,16,disaggregated,13.06454272,1000,50.0,24,12,13,19,1536,0.5,13.067832185,0.9182854378688977,117.54053604721891,1.8365708757377954,235.08107209443781
2,i704-o128,16,disaggregated,13.06454272,1000,75.0,24,13,13,24,1664,0.5416666666666666,13.067832185,0.9948092243579726,127.33558071782049,1.8365708757377954,235.08107209443781
2,i704-o128,16,disaggregated,13.06454272,2000,25.0,24,0,19,0,0,0.0,13.067832185,0.0,0.0,1.8365708757377954,235.08107209443781
2,i704-o128,16,disaggregated,13.06454272,2000,30.0,24,0,19,0,0,0.0,13.067832185,0.0,0.0,1.8365708757377954,235.08107209443781
2,i704-o128,16,disaggregated,13.06454272,2000,35.0,24,0,19,0,0,0.0,13.067832185,0.0,0.0,1.8365708757377954,235.08107209443781
2,i704-o128,16,disaggregated,13.06454272,2000,40.0,24,5,19,5,640,0.20833333333333334,13.067832185,0.38261893244537404,48.97522335300788,1.8365708757377954,235.08107209443781
2,i704-o128,16,disaggregated,13.06454272,2000,50.0,24,16,19,19,2048,0.6666666666666666,13.067832185,1.2243805838251969,156.7207147296252,1.8365708757377954,235.08107209443781
2,i704-o128,16,disaggregated,13.06454272,2000,75.0,24,19,19,24,2432,0.7916666666666666,13.067832185,1.4539519432924215,186.10584874142995,1.8365708757377954,235.08107209443781
2,i704-o128,16,disaggregated,13.06454272,5000,25.0,24,0,24,0,0,0.0,13.067832185,0.0,0.0,1.8365708757377954,235.08107209443781
2,i704-o128,16,disaggregated,13.06454272,5000,30.0,24,0,24,0,0,0.0,13.067832185,0.0,0.0,1.8365708757377954,235.08107209443781
2,i704-o128,16,disaggregated,13.06454272,5000,35.0,24,0,24,0,0,0.0,13.067832185,0.0,0.0,1.8365708757377954,235.08107209443781
2,i704-o128,16,disaggregated,13.06454272,5000,40.0,24,5,24,5,640,0.20833333333333334,13.067832185,0.38261893244537404,48.97522335300788,1.8365708757377954,235.08107209443781
2,i704-o128,16,disaggregated,13.06454272,5000,50.0,24,19,24,19,2432,0.7916666666666666,13.067832185,1.4539519432924215,186.10584874142995,1.8365708757377954,235.08107209443781
2,i704-o128,16,disaggregated,13.06454272,5000,75.0,24,24,24,24,3072,1.0,13.067832185,1.8365708757377954,235.08107209443781,1.8365708757377954,235.08107209443781
2,i704-o128,16,disaggregated,13.06454272,10000,25.0,24,0,24,0,0,0.0,13.067832185,0.0,0.0,1.8365708757377954,235.08107209443781
2,i704-o128,16,disaggregated,13.06454272,10000,30.0,24,0,24,0,0,0.0,13.067832185,0.0,0.0,1.8365708757377954,235.08107209443781
2,i704-o128,16,disaggregated,13.06454272,10000,35.0,24,0,24,0,0,0.0,13.067832185,0.0,0.0,1.8365708757377954,235.08107209443781
2,i704-o128,16,disaggregated,13.06454272,10000,40.0,24,5,24,5,640,0.20833333333333334,13.067832185,0.38261893244537404,48.97522335300788,1.8365708757377954,235.08107209443781
2,i704-o128,16,disaggregated,13.06454272,10000,50.0,24,19,24,19,2432,0.7916666666666666,13.067832185,1.4539519432924215,186.10584874142995,1.8365708757377954,235.08107209443781
2,i704-o128,16,disaggregated,13.06454272,10000,75.0,24,24,24,24,3072,1.0,13.067832185,1.8365708757377954,235.08107209443781,1.8365708757377954,235.08107209443781
2,i704-o128,16,disaggregated,13.06454272,20000,25.0,24,0,24,0,0,0.0,13.067832185,0.0,0.0,1.8365708757377954,235.08107209443781
2,i704-o128,16,disaggregated,13.06454272,20000,30.0,24,0,24,0,0,0.0,13.067832185,0.0,0.0,1.8365708757377954,235.08107209443781
2,i704-o128,16,disaggregated,13.06454272,20000,35.0,24,0,24,0,0,0.0,13.067832185,0.0,0.0,1.8365708757377954,235.08107209443781
2,i704-o128,16,disaggregated,13.06454272,20000,40.0,24,5,24,5,640,0.20833333333333334,13.067832185,0.38261893244537404,48.97522335300788,1.8365708757377954,235.08107209443781
2,i704-o128,16,disaggregated,13.06454272,20000,50.0,24,19,24,19,2432,0.7916666666666666,13.067832185,1.4539519432924215,186.10584874142995,1.8365708757377954,235.08107209443781
2,i704-o128,16,disaggregated,13.06454272,20000,75.0,24,24,24,24,3072,1.0,13.067832185,1.8365708757377954,235.08107209443781,1.8365708757377954,235.08107209443781
2,i704-o128,4,disaggregated,28.64895616,100,25.0,24,0,0,0,0,0.0,28.651764328000002,0.0,0.0,0.8376447511312923,107.21852814480542
2,i704-o128,4,disaggregated,28.64895616,100,30.0,24,0,0,0,0,0.0,28.651764328000002,0.0,0.0,0.8376447511312923,107.21852814480542
2,i704-o128,4,disaggregated,28.64895616,100,35.0,24,0,0,20,0,0.0,28.651764328000002,0.0,0.0,0.8376447511312923,107.21852814480542
2,i704-o128,4,disaggregated,28.64895616,100,40.0,24,0,0,24,0,0.0,28.651764328000002,0.0,0.0,0.8376447511312923,107.21852814480542
2,i704-o128,4,disaggregated,28.64895616,100,50.0,24,0,0,24,0,0.0,28.651764328000002,0.0,0.0,0.8376447511312923,107.21852814480542
2,i704-o128,4,disaggregated,28.64895616,100,75.0,24,0,0,24,0,0.0,28.651764328000002,0.0,0.0,0.8376447511312923,107.21852814480542
2,i704-o128,4,disaggregated,28.64895616,250,25.0,24,0,0,0,0,0.0,28.651764328000002,0.0,0.0,0.8376447511312923,107.21852814480542
2,i704-o128,4,disaggregated,28.64895616,250,30.0,24,0,0,0,0,0.0,28.651764328000002,0.0,0.0,0.8376447511312923,107.21852814480542
2,i704-o128,4,disaggregated,28.64895616,250,35.0,24,0,0,20,0,0.0,28.651764328000002,0.0,0.0,0.8376447511312923,107.21852814480542
2,i704-o128,4,disaggregated,28.64895616,250,40.0,24,0,0,24,0,0.0,28.651764328000002,0.0,0.0,0.8376447511312923,107.21852814480542
2,i704-o128,4,disaggregated,28.64895616,250,50.0,24,0,0,24,0,0.0,28.651764328000002,0.0,0.0,0.8376447511312923,107.21852814480542
2,i704-o128,4,disaggregated,28.64895616,250,75.0,24,0,0,24,0,0.0,28.651764328000002,0.0,0.0,0.8376447511312923,107.21852814480542
2,i704-o128,4,disaggregated,28.64895616,500,25.0,24,0,20,0,0,0.0,28.651764328000002,0.0,0.0,0.8376447511312923,107.21852814480542
2,i704-o128,4,disaggregated,28.64895616,500,30.0,24,0,20,0,0,0.0,28.651764328000002,0.0,0.0,0.8376447511312923,107.21852814480542
2,i704-o128,4,disaggregated,28.64895616,500,35.0,24,17,20,20,2176,0.7083333333333334,28.651764328000002,0.5933316987179987,75.94645743590384,0.8376447511312923,107.21852814480542
2,i704-o128,4,disaggregated,28.64895616,500,40.0,24,20,20,24,2560,0.8333333333333334,28.651764328000002,0.6980372926094103,89.34877345400452,0.8376447511312923,107.21852814480542
2,i704-o128,4,disaggregated,28.64895616,500,50.0,24,20,20,24,2560,0.8333333333333334,28.651764328000002,0.6980372926094103,89.34877345400452,0.8376447511312923,107.21852814480542
2,i704-o128,4,disaggregated,28.64895616,500,75.0,24,20,20,24,2560,0.8333333333333334,28.651764328000002,0.6980372926094103,89.34877345400452,0.8376447511312923,107.21852814480542
2,i704-o128,4,disaggregated,28.64895616,1000,25.0,24,0,24,0,0,0.0,28.651764328000002,0.0,0.0,0.8376447511312923,107.21852814480542
2,i704-o128,4,disaggregated,28.64895616,1000,30.0,24,0,24,0,0,0.0,28.651764328000002,0.0,0.0,0.8376447511312923,107.21852814480542
2,i704-o128,4,disaggregated,28.64895616,1000,35.0,24,20,24,20,2560,0.8333333333333334,28.651764328000002,0.6980372926094103,89.34877345400452,0.8376447511312923,107.21852814480542
2,i704-o128,4,disaggregated,28.64895616,1000,40.0,24,24,24,24,3072,1.0,28.651764328000002,0.8376447511312923,107.21852814480542,0.8376447511312923,107.21852814480542
2,i704-o128,4,disaggregated,28.64895616,1000,50.0,24,24,24,24,3072,1.0,28.651764328000002,0.8376447511312923,107.21852814480542,0.8376447511312923,107.21852814480542
2,i704-o128,4,disaggregated,28.64895616,1000,75.0,24,24,24,24,3072,1.0,28.651764328000002,0.8376447511312923,107.21852814480542,0.8376447511312923,107.21852814480542
2,i704-o128,4,disaggregated,28.64895616,2000,25.0,24,0,24,0,0,0.0,28.651764328000002,0.0,0.0,0.8376447511312923,107.21852814480542
2,i704-o128,4,disaggregated,28.64895616,2000,30.0,24,0,24,0,0,0.0,28.651764328000002,0.0,0.0,0.8376447511312923,107.21852814480542
2,i704-o128,4,disaggregated,28.64895616,2000,35.0,24,20,24,20,2560,0.8333333333333334,28.651764328000002,0.6980372926094103,89.34877345400452,0.8376447511312923,107.21852814480542
2,i704-o128,4,disaggregated,28.64895616,2000,40.0,24,24,24,24,3072,1.0,28.651764328000002,0.8376447511312923,107.21852814480542,0.8376447511312923,107.21852814480542
2,i704-o128,4,disaggregated,28.64895616,2000,50.0,24,24,24,24,3072,1.0,28.651764328000002,0.8376447511312923,107.21852814480542,0.8376447511312923,107.21852814480542
2,i704-o128,4,disaggregated,28.64895616,2000,75.0,24,24,24,24,3072,1.0,28.651764328000002,0.8376447511312923,107.21852814480542,0.8376447511312923,107.21852814480542
2,i704-o128,4,disaggregated,28.64895616,5000,25.0,24,0,24,0,0,0.0,28.651764328000002,0.0,0.0,0.8376447511312923,107.21852814480542
2,i704-o128,4,disaggregated,28.64895616,5000,30.0,24,0,24,0,0,0.0,28.651764328000002,0.0,0.0,0.8376447511312923,107.21852814480542
2,i704-o128,4,disaggregated,28.64895616,5000,35.0,24,20,24,20,2560,0.8333333333333334,28.651764328000002,0.6980372926094103,89.34877345400452,0.8376447511312923,107.21852814480542
2,i704-o128,4,disaggregated,28.64895616,5000,40.0,24,24,24,24,3072,1.0,28.651764328000002,0.8376447511312923,107.21852814480542,0.8376447511312923,107.21852814480542
2,i704-o128,4,disaggregated,28.64895616,5000,50.0,24,24,24,24,3072,1.0,28.651764328000002,0.8376447511312923,107.21852814480542,0.8376447511312923,107.21852814480542
2,i704-o128,4,disaggregated,28.64895616,5000,75.0,24,24,24,24,3072,1.0,28.651764328000002,0.8376447511312923,107.21852814480542,0.8376447511312923,107.21852814480542
2,i704-o128,4,disaggregated,28.64895616,10000,25.0,24,0,24,0,0,0.0,28.651764328000002,0.0,0.0,0.8376447511312923,107.21852814480542
2,i704-o128,4,disaggregated,28.64895616,10000,30.0,24,0,24,0,0,0.0,28.651764328000002,0.0,0.0,0.8376447511312923,107.21852814480542
2,i704-o128,4,disaggregated,28.64895616,10000,35.0,24,20,24,20,2560,0.8333333333333334,28.651764328000002,0.6980372926094103,89.34877345400452,0.8376447511312923,107.21852814480542
2,i704-o128,4,disaggregated,28.64895616,10000,40.0,24,24,24,24,3072,1.0,28.651764328000002,0.8376447511312923,107.21852814480542,0.8376447511312923,107.21852814480542
2,i704-o128,4,disaggregated,28.64895616,10000,50.0,24,24,24,24,3072,1.0,28.651764328000002,0.8376447511312923,107.21852814480542,0.8376447511312923,107.21852814480542
2,i704-o128,4,disaggregated,28.64895616,10000,75.0,24,24,24,24,3072,1.0,28.651764328000002,0.8376447511312923,107.21852814480542,0.8376447511312923,107.21852814480542
2,i704-o128,4,disaggregated,28.64895616,20000,25.0,24,0,24,0,0,0.0,28.651764328000002,0.0,0.0,0.8376447511312923,107.21852814480542
2,i704-o128,4,disaggregated,28.64895616,20000,30.0,24,0,24,0,0,0.0,28.651764328000002,0.0,0.0,0.8376447511312923,107.21852814480542
2,i704-o128,4,disaggregated,28.64895616,20000,35.0,24,20,24,20,2560,0.8333333333333334,28.651764328000002,0.6980372926094103,89.34877345400452,0.8376447511312923,107.21852814480542
2,i704-o128,4,disaggregated,28.64895616,20000,40.0,24,24,24,24,3072,1.0,28.651764328000002,0.8376447511312923,107.21852814480542,0.8376447511312923,107.21852814480542
2,i704-o128,4,disaggregated,28.64895616,20000,50.0,24,24,24,24,3072,1.0,28.651764328000002,0.8376447511312923,107.21852814480542,0.8376447511312923,107.21852814480542
2,i704-o128,4,disaggregated,28.64895616,20000,75.0,24,24,24,24,3072,1.0,28.651764328000002,0.8376447511312923,107.21852814480542,0.8376447511312923,107.21852814480542
2,i704-o16,16,disaggregated,4.005956096,100,25.0,24,0,0,1,0,0.0,4.008802975,0.0,0.0,5.986824533325936,95.78919253321497
2,i704-o16,16,disaggregated,4.005956096,100,30.0,24,0,0,6,0,0.0,4.008802975,0.0,0.0,5.986824533325936,95.78919253321497
2,i704-o16,16,disaggregated,4.005956096,100,35.0,24,0,0,11,0,0.0,4.008802975,0.0,0.0,5.986824533325936,95.78919253321497
2,i704-o16,16,disaggregated,4.005956096,100,40.0,24,0,0,23,0,0.0,4.008802975,0.0,0.0,5.986824533325936,95.78919253321497
2,i704-o16,16,disaggregated,4.005956096,100,50.0,24,0,0,24,0,0.0,4.008802975,0.0,0.0,5.986824533325936,95.78919253321497
2,i704-o16,16,disaggregated,4.005956096,100,75.0,24,0,0,24,0,0.0,4.008802975,0.0,0.0,5.986824533325936,95.78919253321497
2,i704-o16,16,disaggregated,4.005956096,250,25.0,24,0,0,1,0,0.0,4.008802975,0.0,0.0,5.986824533325936,95.78919253321497
2,i704-o16,16,disaggregated,4.005956096,250,30.0,24,0,0,6,0,0.0,4.008802975,0.0,0.0,5.986824533325936,95.78919253321497
2,i704-o16,16,disaggregated,4.005956096,250,35.0,24,0,0,11,0,0.0,4.008802975,0.0,0.0,5.986824533325936,95.78919253321497
2,i704-o16,16,disaggregated,4.005956096,250,40.0,24,0,0,23,0,0.0,4.008802975,0.0,0.0,5.986824533325936,95.78919253321497
2,i704-o16,16,disaggregated,4.005956096,250,50.0,24,0,0,24,0,0.0,4.008802975,0.0,0.0,5.986824533325936,95.78919253321497
2,i704-o16,16,disaggregated,4.005956096,250,75.0,24,0,0,24,0,0.0,4.008802975,0.0,0.0,5.986824533325936,95.78919253321497
2,i704-o16,16,disaggregated,4.005956096,500,25.0,24,0,1,1,0,0.0,4.008802975,0.0,0.0,5.986824533325936,95.78919253321497
2,i704-o16,16,disaggregated,4.005956096,500,30.0,24,0,1,6,0,0.0,4.008802975,0.0,0.0,5.986824533325936,95.78919253321497
2,i704-o16,16,disaggregated,4.005956096,500,35.0,24,1,1,11,16,0.041666666666666664,4.008802975,0.249451022221914,3.991216355550624,5.986824533325936,95.78919253321497
2,i704-o16,16,disaggregated,4.005956096,500,40.0,24,1,1,23,16,0.041666666666666664,4.008802975,0.249451022221914,3.991216355550624,5.986824533325936,95.78919253321497
2,i704-o16,16,disaggregated,4.005956096,500,50.0,24,1,1,24,16,0.041666666666666664,4.008802975,0.249451022221914,3.991216355550624,5.986824533325936,95.78919253321497
2,i704-o16,16,disaggregated,4.005956096,500,75.0,24,1,1,24,16,0.041666666666666664,4.008802975,0.249451022221914,3.991216355550624,5.986824533325936,95.78919253321497
2,i704-o16,16,disaggregated,4.005956096,1000,25.0,24,0,5,1,0,0.0,4.008802975,0.0,0.0,5.986824533325936,95.78919253321497
2,i704-o16,16,disaggregated,4.005956096,1000,30.0,24,2,5,6,32,0.08333333333333333,4.008802975,0.498902044443828,7.982432711101248,5.986824533325936,95.78919253321497
2,i704-o16,16,disaggregated,4.005956096,1000,35.0,24,3,5,11,48,0.125,4.008802975,0.748353066665742,11.973649066651872,5.986824533325936,95.78919253321497
2,i704-o16,16,disaggregated,4.005956096,1000,40.0,24,5,5,23,80,0.20833333333333334,4.008802975,1.24725511110957,19.95608177775312,5.986824533325936,95.78919253321497
2,i704-o16,16,disaggregated,4.005956096,1000,50.0,24,5,5,24,80,0.20833333333333334,4.008802975,1.24725511110957,19.95608177775312,5.986824533325936,95.78919253321497
2,i704-o16,16,disaggregated,4.005956096,1000,75.0,24,5,5,24,80,0.20833333333333334,4.008802975,1.24725511110957,19.95608177775312,5.986824533325936,95.78919253321497
2,i704-o16,16,disaggregated,4.005956096,2000,25.0,24,1,20,1,16,0.041666666666666664,4.008802975,0.249451022221914,3.991216355550624,5.986824533325936,95.78919253321497
2,i704-o16,16,disaggregated,4.005956096,2000,30.0,24,6,20,6,96,0.25,4.008802975,1.496706133331484,23.947298133303743,5.986824533325936,95.78919253321497
2,i704-o16,16,disaggregated,4.005956096,2000,35.0,24,10,20,11,160,0.4166666666666667,4.008802975,2.49451022221914,39.91216355550624,5.986824533325936,95.78919253321497
2,i704-o16,16,disaggregated,4.005956096,2000,40.0,24,19,20,23,304,0.7916666666666666,4.008802975,4.739569422216366,75.83311075546186,5.986824533325936,95.78919253321497
2,i704-o16,16,disaggregated,4.005956096,2000,50.0,24,20,20,24,320,0.8333333333333334,4.008802975,4.98902044443828,79.82432711101248,5.986824533325936,95.78919253321497
2,i704-o16,16,disaggregated,4.005956096,2000,75.0,24,20,20,24,320,0.8333333333333334,4.008802975,4.98902044443828,79.82432711101248,5.986824533325936,95.78919253321497
2,i704-o16,16,disaggregated,4.005956096,5000,25.0,24,1,24,1,16,0.041666666666666664,4.008802975,0.249451022221914,3.991216355550624,5.986824533325936,95.78919253321497
2,i704-o16,16,disaggregated,4.005956096,5000,30.0,24,6,24,6,96,0.25,4.008802975,1.496706133331484,23.947298133303743,5.986824533325936,95.78919253321497
2,i704-o16,16,disaggregated,4.005956096,5000,35.0,24,11,24,11,176,0.4583333333333333,4.008802975,2.743961244441054,43.90337991105687,5.986824533325936,95.78919253321497
2,i704-o16,16,disaggregated,4.005956096,5000,40.0,24,23,24,23,368,0.9583333333333334,4.008802975,5.737373511104022,91.79797617766435,5.986824533325936,95.78919253321497
2,i704-o16,16,disaggregated,4.005956096,5000,50.0,24,24,24,24,384,1.0,4.008802975,5.986824533325936,95.78919253321497,5.986824533325936,95.78919253321497
2,i704-o16,16,disaggregated,4.005956096,5000,75.0,24,24,24,24,384,1.0,4.008802975,5.986824533325936,95.78919253321497,5.986824533325936,95.78919253321497
2,i704-o16,16,disaggregated,4.005956096,10000,25.0,24,1,24,1,16,0.041666666666666664,4.008802975,0.249451022221914,3.991216355550624,5.986824533325936,95.78919253321497
2,i704-o16,16,disaggregated,4.005956096,10000,30.0,24,6,24,6,96,0.25,4.008802975,1.496706133331484,23.947298133303743,5.986824533325936,95.78919253321497
2,i704-o16,16,disaggregated,4.005956096,10000,35.0,24,11,24,11,176,0.4583333333333333,4.008802975,2.743961244441054,43.90337991105687,5.986824533325936,95.78919253321497
2,i704-o16,16,disaggregated,4.005956096,10000,40.0,24,23,24,23,368,0.9583333333333334,4.008802975,5.737373511104022,91.79797617766435,5.986824533325936,95.78919253321497
2,i704-o16,16,disaggregated,4.005956096,10000,50.0,24,24,24,24,384,1.0,4.008802975,5.986824533325936,95.78919253321497,5.986824533325936,95.78919253321497
2,i704-o16,16,disaggregated,4.005956096,10000,75.0,24,24,24,24,384,1.0,4.008802975,5.986824533325936,95.78919253321497,5.986824533325936,95.78919253321497
2,i704-o16,16,disaggregated,4.005956096,20000,25.0,24,1,24,1,16,0.041666666666666664,4.008802975,0.249451022221914,3.991216355550624,5.986824533325936,95.78919253321497
2,i704-o16,16,disaggregated,4.005956096,20000,30.0,24,6,24,6,96,0.25,4.008802975,1.496706133331484,23.947298133303743,5.986824533325936,95.78919253321497
2,i704-o16,16,disaggregated,4.005956096,20000,35.0,24,11,24,11,176,0.4583333333333333,4.008802975,2.743961244441054,43.90337991105687,5.986824533325936,95.78919253321497
2,i704-o16,16,disaggregated,4.005956096,20000,40.0,24,23,24,23,368,0.9583333333333334,4.008802975,5.737373511104022,91.79797617766435,5.986824533325936,95.78919253321497
2,i704-o16,16,disaggregated,4.005956096,20000,50.0,24,24,24,24,384,1.0,4.008802975,5.986824533325936,95.78919253321497,5.986824533325936,95.78919253321497
2,i704-o16,16,disaggregated,4.005956096,20000,75.0,24,24,24,24,384,1.0,4.008802975,5.986824533325936,95.78919253321497,5.986824533325936,95.78919253321497
2,i704-o16,4,disaggregated,5.2456624640000005,100,25.0,24,0,0,5,0,0.0,5.248224063,0.0,0.0,4.572975488832516,73.16760782132026
2,i704-o16,4,disaggregated,5.2456624640000005,100,30.0,24,0,0,9,0,0.0,5.248224063,0.0,0.0,4.572975488832516,73.16760782132026
2,i704-o16,4,disaggregated,5.2456624640000005,100,35.0,24,0,0,24,0,0.0,5.248224063,0.0,0.0,4.572975488832516,73.16760782132026
2,i704-o16,4,disaggregated,5.2456624640000005,100,40.0,24,0,0,24,0,0.0,5.248224063,0.0,0.0,4.572975488832516,73.16760782132026
2,i704-o16,4,disaggregated,5.2456624640000005,100,50.0,24,0,0,24,0,0.0,5.248224063,0.0,0.0,4.572975488832516,73.16760782132026
2,i704-o16,4,disaggregated,5.2456624640000005,100,75.0,24,0,0,24,0,0.0,5.248224063,0.0,0.0,4.572975488832516,73.16760782132026
2,i704-o16,4,disaggregated,5.2456624640000005,250,25.0,24,0,0,5,0,0.0,5.248224063,0.0,0.0,4.572975488832516,73.16760782132026
2,i704-o16,4,disaggregated,5.2456624640000005,250,30.0,24,0,0,9,0,0.0,5.248224063,0.0,0.0,4.572975488832516,73.16760782132026
2,i704-o16,4,disaggregated,5.2456624640000005,250,35.0,24,0,0,24,0,0.0,5.248224063,0.0,0.0,4.572975488832516,73.16760782132026
2,i704-o16,4,disaggregated,5.2456624640000005,250,40.0,24,0,0,24,0,0.0,5.248224063,0.0,0.0,4.572975488832516,73.16760782132026
2,i704-o16,4,disaggregated,5.2456624640000005,250,50.0,24,0,0,24,0,0.0,5.248224063,0.0,0.0,4.572975488832516,73.16760782132026
2,i704-o16,4,disaggregated,5.2456624640000005,250,75.0,24,0,0,24,0,0.0,5.248224063,0.0,0.0,4.572975488832516,73.16760782132026
2,i704-o16,4,disaggregated,5.2456624640000005,500,25.0,24,3,21,5,48,0.125,5.248224063,0.5716219361040645,9.145950977665033,4.572975488832516,73.16760782132026
2,i704-o16,4,disaggregated,5.2456624640000005,500,30.0,24,7,21,9,112,0.2916666666666667,5.248224063,1.3337845175761505,21.340552281218407,4.572975488832516,73.16760782132026
2,i704-o16,4,disaggregated,5.2456624640000005,500,35.0,24,21,21,24,336,0.875,5.248224063,4.001353552728451,64.02165684365522,4.572975488832516,73.16760782132026
2,i704-o16,4,disaggregated,5.2456624640000005,500,40.0,24,21,21,24,336,0.875,5.248224063,4.001353552728451,64.02165684365522,4.572975488832516,73.16760782132026
2,i704-o16,4,disaggregated,5.2456624640000005,500,50.0,24,21,21,24,336,0.875,5.248224063,4.001353552728451,64.02165684365522,4.572975488832516,73.16760782132026
2,i704-o16,4,disaggregated,5.2456624640000005,500,75.0,24,21,21,24,336,0.875,5.248224063,4.001353552728451,64.02165684365522,4.572975488832516,73.16760782132026
2,i704-o16,4,disaggregated,5.2456624640000005,1000,25.0,24,5,24,5,80,0.20833333333333334,5.248224063,0.9527032268401076,15.24325162944172,4.572975488832516,73.16760782132026
2,i704-o16,4,disaggregated,5.2456624640000005,1000,30.0,24,9,24,9,144,0.375,5.248224063,1.7148658083121935,27.437852932995096,4.572975488832516,73.16760782132026
2,i704-o16,4,disaggregated,5.2456624640000005,1000,35.0,24,24,24,24,384,1.0,5.248224063,4.572975488832516,73.16760782132026,4.572975488832516,73.16760782132026
2,i704-o16,4,disaggregated,5.2456624640000005,1000,40.0,24,24,24,24,384,1.0,5.248224063,4.572975488832516,73.16760782132026,4.572975488832516,73.16760782132026
2,i704-o16,4,disaggregated,5.2456624640000005,1000,50.0,24,24,24,24,384,1.0,5.248224063,4.572975488832516,73.16760782132026,4.572975488832516,73.16760782132026
2,i704-o16,4,disaggregated,5.2456624640000005,1000,75.0,24,24,24,24,384,1.0,5.248224063,4.572975488832516,73.16760782132026,4.572975488832516,73.16760782132026
2,i704-o16,4,disaggregated,5.2456624640000005,2000,25.0,24,5,24,5,80,0.20833333333333334,5.248224063,0.9527032268401076,15.24325162944172,4.572975488832516,73.16760782132026
2,i704-o16,4,disaggregated,5.2456624640000005,2000,30.0,24,9,24,9,144,0.375,5.248224063,1.7148658083121935,27.437852932995096,4.572975488832516,73.16760782132026
2,i704-o16,4,disaggregated,5.2456624640000005,2000,35.0,24,24,24,24,384,1.0,5.248224063,4.572975488832516,73.16760782132026,4.572975488832516,73.16760782132026
2,i704-o16,4,disaggregated,5.2456624640000005,2000,40.0,24,24,24,24,384,1.0,5.248224063,4.572975488832516,73.16760782132026,4.572975488832516,73.16760782132026
2,i704-o16,4,disaggregated,5.2456624640000005,2000,50.0,24,24,24,24,384,1.0,5.248224063,4.572975488832516,73.16760782132026,4.572975488832516,73.16760782132026
2,i704-o16,4,disaggregated,5.2456624640000005,2000,75.0,24,24,24,24,384,1.0,5.248224063,4.572975488832516,73.16760782132026,4.572975488832516,73.16760782132026
2,i704-o16,4,disaggregated,5.2456624640000005,5000,25.0,24,5,24,5,80,0.20833333333333334,5.248224063,0.9527032268401076,15.24325162944172,4.572975488832516,73.16760782132026
2,i704-o16,4,disaggregated,5.2456624640000005,5000,30.0,24,9,24,9,144,0.375,5.248224063,1.7148658083121935,27.437852932995096,4.572975488832516,73.16760782132026
2,i704-o16,4,disaggregated,5.2456624640000005,5000,35.0,24,24,24,24,384,1.0,5.248224063,4.572975488832516,73.16760782132026,4.572975488832516,73.16760782132026
2,i704-o16,4,disaggregated,5.2456624640000005,5000,40.0,24,24,24,24,384,1.0,5.248224063,4.572975488832516,73.16760782132026,4.572975488832516,73.16760782132026
2,i704-o16,4,disaggregated,5.2456624640000005,5000,50.0,24,24,24,24,384,1.0,5.248224063,4.572975488832516,73.16760782132026,4.572975488832516,73.16760782132026
2,i704-o16,4,disaggregated,5.2456624640000005,5000,75.0,24,24,24,24,384,1.0,5.248224063,4.572975488832516,73.16760782132026,4.572975488832516,73.16760782132026
2,i704-o16,4,disaggregated,5.2456624640000005,10000,25.0,24,5,24,5,80,0.20833333333333334,5.248224063,0.9527032268401076,15.24325162944172,4.572975488832516,73.16760782132026
2,i704-o16,4,disaggregated,5.2456624640000005,10000,30.0,24,9,24,9,144,0.375,5.248224063,1.7148658083121935,27.437852932995096,4.572975488832516,73.16760782132026
2,i704-o16,4,disaggregated,5.2456624640000005,10000,35.0,24,24,24,24,384,1.0,5.248224063,4.572975488832516,73.16760782132026,4.572975488832516,73.16760782132026
2,i704-o16,4,disaggregated,5.2456624640000005,10000,40.0,24,24,24,24,384,1.0,5.248224063,4.572975488832516,73.16760782132026,4.572975488832516,73.16760782132026
2,i704-o16,4,disaggregated,5.2456624640000005,10000,50.0,24,24,24,24,384,1.0,5.248224063,4.572975488832516,73.16760782132026,4.572975488832516,73.16760782132026
2,i704-o16,4,disaggregated,5.2456624640000005,10000,75.0,24,24,24,24,384,1.0,5.248224063,4.572975488832516,73.16760782132026,4.572975488832516,73.16760782132026
2,i704-o16,4,disaggregated,5.2456624640000005,20000,25.0,24,5,24,5,80,0.20833333333333334,5.248224063,0.9527032268401076,15.24325162944172,4.572975488832516,73.16760782132026
2,i704-o16,4,disaggregated,5.2456624640000005,20000,30.0,24,9,24,9,144,0.375,5.248224063,1.7148658083121935,27.437852932995096,4.572975488832516,73.16760782132026
2,i704-o16,4,disaggregated,5.2456624640000005,20000,35.0,24,24,24,24,384,1.0,5.248224063,4.572975488832516,73.16760782132026,4.572975488832516,73.16760782132026
2,i704-o16,4,disaggregated,5.2456624640000005,20000,40.0,24,24,24,24,384,1.0,5.248224063,4.572975488832516,73.16760782132026,4.572975488832516,73.16760782132026
2,i704-o16,4,disaggregated,5.2456624640000005,20000,50.0,24,24,24,24,384,1.0,5.248224063,4.572975488832516,73.16760782132026,4.572975488832516,73.16760782132026
2,i704-o16,4,disaggregated,5.2456624640000005,20000,75.0,24,24,24,24,384,1.0,5.248224063,4.572975488832516,73.16760782132026,4.572975488832516,73.16760782132026
2,mixed,16,disaggregated,8.659588864,100,25.0,24,0,0,0,0,0.0,8.662792503,0.0,0.0,2.770469221291932,251.1892093971352
2,mixed,16,disaggregated,8.659588864,100,30.0,24,0,0,0,0,0.0,8.662792503,0.0,0.0,2.770469221291932,251.1892093971352
2,mixed,16,disaggregated,8.659588864,100,35.0,24,0,0,1,0,0.0,8.662792503,0.0,0.0,2.770469221291932,251.1892093971352
2,mixed,16,disaggregated,8.659588864,100,40.0,24,0,0,3,0,0.0,8.662792503,0.0,0.0,2.770469221291932,251.1892093971352
2,mixed,16,disaggregated,8.659588864,100,50.0,24,0,0,24,0,0.0,8.662792503,0.0,0.0,2.770469221291932,251.1892093971352
2,mixed,16,disaggregated,8.659588864,100,75.0,24,0,0,24,0,0.0,8.662792503,0.0,0.0,2.770469221291932,251.1892093971352
2,mixed,16,disaggregated,8.659588864,250,25.0,24,0,7,0,0,0.0,8.662792503,0.0,0.0,2.770469221291932,251.1892093971352
2,mixed,16,disaggregated,8.659588864,250,30.0,24,0,7,0,0,0.0,8.662792503,0.0,0.0,2.770469221291932,251.1892093971352
2,mixed,16,disaggregated,8.659588864,250,35.0,24,0,7,1,0,0.0,8.662792503,0.0,0.0,2.770469221291932,251.1892093971352
2,mixed,16,disaggregated,8.659588864,250,40.0,24,1,7,3,128,0.041666666666666664,8.662792503,0.11543621755383052,14.775835846890306,2.770469221291932,251.1892093971352
2,mixed,16,disaggregated,8.659588864,250,50.0,24,7,7,24,896,0.2916666666666667,8.662792503,0.8080535228768135,103.43085092823213,2.770469221291932,251.1892093971352
2,mixed,16,disaggregated,8.659588864,250,75.0,24,7,7,24,896,0.2916666666666667,8.662792503,0.8080535228768135,103.43085092823213,2.770469221291932,251.1892093971352
2,mixed,16,disaggregated,8.659588864,500,25.0,24,0,14,0,0,0.0,8.662792503,0.0,0.0,2.770469221291932,251.1892093971352
2,mixed,16,disaggregated,8.659588864,500,30.0,24,0,14,0,0,0.0,8.662792503,0.0,0.0,2.770469221291932,251.1892093971352
2,mixed,16,disaggregated,8.659588864,500,35.0,24,1,14,1,16,0.041666666666666664,8.662792503,0.11543621755383052,1.8469794808612883,2.770469221291932,251.1892093971352
2,mixed,16,disaggregated,8.659588864,500,40.0,24,3,14,3,160,0.125,8.662792503,0.3463086526614915,18.469794808612882,2.770469221291932,251.1892093971352
2,mixed,16,disaggregated,8.659588864,500,50.0,24,14,14,24,1568,0.5833333333333334,8.662792503,1.616107045753627,181.00398912440625,2.770469221291932,251.1892093971352
2,mixed,16,disaggregated,8.659588864,500,75.0,24,14,14,24,1568,0.5833333333333334,8.662792503,1.616107045753627,181.00398912440625,2.770469221291932,251.1892093971352
2,mixed,16,disaggregated,8.659588864,1000,25.0,24,0,19,0,0,0.0,8.662792503,0.0,0.0,2.770469221291932,251.1892093971352
2,mixed,16,disaggregated,8.659588864,1000,30.0,24,0,19,0,0,0.0,8.662792503,0.0,0.0,2.770469221291932,251.1892093971352
2,mixed,16,disaggregated,8.659588864,1000,35.0,24,1,19,1,16,0.041666666666666664,8.662792503,0.11543621755383052,1.8469794808612883,2.770469221291932,251.1892093971352
2,mixed,16,disaggregated,8.659588864,1000,40.0,24,3,19,3,160,0.125,8.662792503,0.3463086526614915,18.469794808612882,2.770469221291932,251.1892093971352
2,mixed,16,disaggregated,8.659588864,1000,50.0,24,19,19,24,1984,0.7916666666666666,8.662792503,2.19328813352278,229.02545562679973,2.770469221291932,251.1892093971352
2,mixed,16,disaggregated,8.659588864,1000,75.0,24,19,19,24,1984,0.7916666666666666,8.662792503,2.19328813352278,229.02545562679973,2.770469221291932,251.1892093971352
2,mixed,16,disaggregated,8.659588864,2000,25.0,24,0,24,0,0,0.0,8.662792503,0.0,0.0,2.770469221291932,251.1892093971352
2,mixed,16,disaggregated,8.659588864,2000,30.0,24,0,24,0,0,0.0,8.662792503,0.0,0.0,2.770469221291932,251.1892093971352
2,mixed,16,disaggregated,8.659588864,2000,35.0,24,1,24,1,16,0.041666666666666664,8.662792503,0.11543621755383052,1.8469794808612883,2.770469221291932,251.1892093971352
2,mixed,16,disaggregated,8.659588864,2000,40.0,24,3,24,3,160,0.125,8.662792503,0.3463086526614915,18.469794808612882,2.770469221291932,251.1892093971352
2,mixed,16,disaggregated,8.659588864,2000,50.0,24,24,24,24,2176,1.0,8.662792503,2.770469221291932,251.1892093971352,2.770469221291932,251.1892093971352
2,mixed,16,disaggregated,8.659588864,2000,75.0,24,24,24,24,2176,1.0,8.662792503,2.770469221291932,251.1892093971352,2.770469221291932,251.1892093971352
2,mixed,16,disaggregated,8.659588864,5000,25.0,24,0,24,0,0,0.0,8.662792503,0.0,0.0,2.770469221291932,251.1892093971352
2,mixed,16,disaggregated,8.659588864,5000,30.0,24,0,24,0,0,0.0,8.662792503,0.0,0.0,2.770469221291932,251.1892093971352
2,mixed,16,disaggregated,8.659588864,5000,35.0,24,1,24,1,16,0.041666666666666664,8.662792503,0.11543621755383052,1.8469794808612883,2.770469221291932,251.1892093971352
2,mixed,16,disaggregated,8.659588864,5000,40.0,24,3,24,3,160,0.125,8.662792503,0.3463086526614915,18.469794808612882,2.770469221291932,251.1892093971352
2,mixed,16,disaggregated,8.659588864,5000,50.0,24,24,24,24,2176,1.0,8.662792503,2.770469221291932,251.1892093971352,2.770469221291932,251.1892093971352
2,mixed,16,disaggregated,8.659588864,5000,75.0,24,24,24,24,2176,1.0,8.662792503,2.770469221291932,251.1892093971352,2.770469221291932,251.1892093971352
2,mixed,16,disaggregated,8.659588864,10000,25.0,24,0,24,0,0,0.0,8.662792503,0.0,0.0,2.770469221291932,251.1892093971352
2,mixed,16,disaggregated,8.659588864,10000,30.0,24,0,24,0,0,0.0,8.662792503,0.0,0.0,2.770469221291932,251.1892093971352
2,mixed,16,disaggregated,8.659588864,10000,35.0,24,1,24,1,16,0.041666666666666664,8.662792503,0.11543621755383052,1.8469794808612883,2.770469221291932,251.1892093971352
2,mixed,16,disaggregated,8.659588864,10000,40.0,24,3,24,3,160,0.125,8.662792503,0.3463086526614915,18.469794808612882,2.770469221291932,251.1892093971352
2,mixed,16,disaggregated,8.659588864,10000,50.0,24,24,24,24,2176,1.0,8.662792503,2.770469221291932,251.1892093971352,2.770469221291932,251.1892093971352
2,mixed,16,disaggregated,8.659588864,10000,75.0,24,24,24,24,2176,1.0,8.662792503,2.770469221291932,251.1892093971352,2.770469221291932,251.1892093971352
2,mixed,16,disaggregated,8.659588864,20000,25.0,24,0,24,0,0,0.0,8.662792503,0.0,0.0,2.770469221291932,251.1892093971352
2,mixed,16,disaggregated,8.659588864,20000,30.0,24,0,24,0,0,0.0,8.662792503,0.0,0.0,2.770469221291932,251.1892093971352
2,mixed,16,disaggregated,8.659588864,20000,35.0,24,1,24,1,16,0.041666666666666664,8.662792503,0.11543621755383052,1.8469794808612883,2.770469221291932,251.1892093971352
2,mixed,16,disaggregated,8.659588864,20000,40.0,24,3,24,3,160,0.125,8.662792503,0.3463086526614915,18.469794808612882,2.770469221291932,251.1892093971352
2,mixed,16,disaggregated,8.659588864,20000,50.0,24,24,24,24,2176,1.0,8.662792503,2.770469221291932,251.1892093971352,2.770469221291932,251.1892093971352
2,mixed,16,disaggregated,8.659588864,20000,75.0,24,24,24,24,2176,1.0,8.662792503,2.770469221291932,251.1892093971352,2.770469221291932,251.1892093971352
2,mixed,4,disaggregated,20.35265536,100,25.0,24,0,0,0,0,0.0,20.355451673,0.0,0.0,1.1790453184506942,106.90010887286293
2,mixed,4,disaggregated,20.35265536,100,30.0,24,0,0,2,0,0.0,20.355451673,0.0,0.0,1.1790453184506942,106.90010887286293
2,mixed,4,disaggregated,20.35265536,100,35.0,24,0,0,21,0,0.0,20.355451673,0.0,0.0,1.1790453184506942,106.90010887286293
2,mixed,4,disaggregated,20.35265536,100,40.0,24,0,0,24,0,0.0,20.355451673,0.0,0.0,1.1790453184506942,106.90010887286293
2,mixed,4,disaggregated,20.35265536,100,50.0,24,0,0,24,0,0.0,20.355451673,0.0,0.0,1.1790453184506942,106.90010887286293
2,mixed,4,disaggregated,20.35265536,100,75.0,24,0,0,24,0,0.0,20.355451673,0.0,0.0,1.1790453184506942,106.90010887286293
2,mixed,4,disaggregated,20.35265536,250,25.0,24,0,12,0,0,0.0,20.355451673,0.0,0.0,1.1790453184506942,106.90010887286293
2,mixed,4,disaggregated,20.35265536,250,30.0,24,0,12,2,0,0.0,20.355451673,0.0,0.0,1.1790453184506942,106.90010887286293
2,mixed,4,disaggregated,20.35265536,250,35.0,24,9,12,21,1152,0.375,20.355451673,0.4421419944190103,56.59417528563332,1.1790453184506942,106.90010887286293
2,mixed,4,disaggregated,20.35265536,250,40.0,24,12,12,24,1536,0.5,20.355451673,0.5895226592253471,75.45890038084443,1.1790453184506942,106.90010887286293
2,mixed,4,disaggregated,20.35265536,250,50.0,24,12,12,24,1536,0.5,20.355451673,0.5895226592253471,75.45890038084443,1.1790453184506942,106.90010887286293
2,mixed,4,disaggregated,20.35265536,250,75.0,24,12,12,24,1536,0.5,20.355451673,0.5895226592253471,75.45890038084443,1.1790453184506942,106.90010887286293
2,mixed,4,disaggregated,20.35265536,500,25.0,24,0,24,0,0,0.0,20.355451673,0.0,0.0,1.1790453184506942,106.90010887286293
2,mixed,4,disaggregated,20.35265536,500,30.0,24,2,24,2,32,0.08333333333333333,20.355451673,0.09825377653755785,1.5720604246009255,1.1790453184506942,106.90010887286293
2,mixed,4,disaggregated,20.35265536,500,35.0,24,21,24,21,1792,0.875,20.355451673,1.0316646536443572,88.03538377765183,1.1790453184506942,106.90010887286293
2,mixed,4,disaggregated,20.35265536,500,40.0,24,24,24,24,2176,1.0,20.355451673,1.1790453184506942,106.90010887286293,1.1790453184506942,106.90010887286293
2,mixed,4,disaggregated,20.35265536,500,50.0,24,24,24,24,2176,1.0,20.355451673,1.1790453184506942,106.90010887286293,1.1790453184506942,106.90010887286293
2,mixed,4,disaggregated,20.35265536,500,75.0,24,24,24,24,2176,1.0,20.355451673,1.1790453184506942,106.90010887286293,1.1790453184506942,106.90010887286293
2,mixed,4,disaggregated,20.35265536,1000,25.0,24,0,24,0,0,0.0,20.355451673,0.0,0.0,1.1790453184506942,106.90010887286293
2,mixed,4,disaggregated,20.35265536,1000,30.0,24,2,24,2,32,0.08333333333333333,20.355451673,0.09825377653755785,1.5720604246009255,1.1790453184506942,106.90010887286293
2,mixed,4,disaggregated,20.35265536,1000,35.0,24,21,24,21,1792,0.875,20.355451673,1.0316646536443572,88.03538377765183,1.1790453184506942,106.90010887286293
2,mixed,4,disaggregated,20.35265536,1000,40.0,24,24,24,24,2176,1.0,20.355451673,1.1790453184506942,106.90010887286293,1.1790453184506942,106.90010887286293
2,mixed,4,disaggregated,20.35265536,1000,50.0,24,24,24,24,2176,1.0,20.355451673,1.1790453184506942,106.90010887286293,1.1790453184506942,106.90010887286293
2,mixed,4,disaggregated,20.35265536,1000,75.0,24,24,24,24,2176,1.0,20.355451673,1.1790453184506942,106.90010887286293,1.1790453184506942,106.90010887286293
2,mixed,4,disaggregated,20.35265536,2000,25.0,24,0,24,0,0,0.0,20.355451673,0.0,0.0,1.1790453184506942,106.90010887286293
2,mixed,4,disaggregated,20.35265536,2000,30.0,24,2,24,2,32,0.08333333333333333,20.355451673,0.09825377653755785,1.5720604246009255,1.1790453184506942,106.90010887286293
2,mixed,4,disaggregated,20.35265536,2000,35.0,24,21,24,21,1792,0.875,20.355451673,1.0316646536443572,88.03538377765183,1.1790453184506942,106.90010887286293
2,mixed,4,disaggregated,20.35265536,2000,40.0,24,24,24,24,2176,1.0,20.355451673,1.1790453184506942,106.90010887286293,1.1790453184506942,106.90010887286293
2,mixed,4,disaggregated,20.35265536,2000,50.0,24,24,24,24,2176,1.0,20.355451673,1.1790453184506942,106.90010887286293,1.1790453184506942,106.90010887286293
2,mixed,4,disaggregated,20.35265536,2000,75.0,24,24,24,24,2176,1.0,20.355451673,1.1790453184506942,106.90010887286293,1.1790453184506942,106.90010887286293
2,mixed,4,disaggregated,20.35265536,5000,25.0,24,0,24,0,0,0.0,20.355451673,0.0,0.0,1.1790453184506942,106.90010887286293
2,mixed,4,disaggregated,20.35265536,5000,30.0,24,2,24,2,32,0.08333333333333333,20.355451673,0.09825377653755785,1.5720604246009255,1.1790453184506942,106.90010887286293
2,mixed,4,disaggregated,20.35265536,5000,35.0,24,21,24,21,1792,0.875,20.355451673,1.0316646536443572,88.03538377765183,1.1790453184506942,106.90010887286293
2,mixed,4,disaggregated,20.35265536,5000,40.0,24,24,24,24,2176,1.0,20.355451673,1.1790453184506942,106.90010887286293,1.1790453184506942,106.90010887286293
2,mixed,4,disaggregated,20.35265536,5000,50.0,24,24,24,24,2176,1.0,20.355451673,1.1790453184506942,106.90010887286293,1.1790453184506942,106.90010887286293
2,mixed,4,disaggregated,20.35265536,5000,75.0,24,24,24,24,2176,1.0,20.355451673,1.1790453184506942,106.90010887286293,1.1790453184506942,106.90010887286293
2,mixed,4,disaggregated,20.35265536,10000,25.0,24,0,24,0,0,0.0,20.355451673,0.0,0.0,1.1790453184506942,106.90010887286293
2,mixed,4,disaggregated,20.35265536,10000,30.0,24,2,24,2,32,0.08333333333333333,20.355451673,0.09825377653755785,1.5720604246009255,1.1790453184506942,106.90010887286293
2,mixed,4,disaggregated,20.35265536,10000,35.0,24,21,24,21,1792,0.875,20.355451673,1.0316646536443572,88.03538377765183,1.1790453184506942,106.90010887286293
2,mixed,4,disaggregated,20.35265536,10000,40.0,24,24,24,24,2176,1.0,20.355451673,1.1790453184506942,106.90010887286293,1.1790453184506942,106.90010887286293
2,mixed,4,disaggregated,20.35265536,10000,50.0,24,24,24,24,2176,1.0,20.355451673,1.1790453184506942,106.90010887286293,1.1790453184506942,106.90010887286293
2,mixed,4,disaggregated,20.35265536,10000,75.0,24,24,24,24,2176,1.0,20.355451673,1.1790453184506942,106.90010887286293,1.1790453184506942,106.90010887286293
2,mixed,4,disaggregated,20.35265536,20000,25.0,24,0,24,0,0,0.0,20.355451673,0.0,0.0,1.1790453184506942,106.90010887286293
2,mixed,4,disaggregated,20.35265536,20000,30.0,24,2,24,2,32,0.08333333333333333,20.355451673,0.09825377653755785,1.5720604246009255,1.1790453184506942,106.90010887286293
2,mixed,4,disaggregated,20.35265536,20000,35.0,24,21,24,21,1792,0.875,20.355451673,1.0316646536443572,88.03538377765183,1.1790453184506942,106.90010887286293
2,mixed,4,disaggregated,20.35265536,20000,40.0,24,24,24,24,2176,1.0,20.355451673,1.1790453184506942,106.90010887286293,1.1790453184506942,106.90010887286293
2,mixed,4,disaggregated,20.35265536,20000,50.0,24,24,24,24,2176,1.0,20.355451673,1.1790453184506942,106.90010887286293,1.1790453184506942,106.90010887286293
2,mixed,4,disaggregated,20.35265536,20000,75.0,24,24,24,24,2176,1.0,20.355451673,1.1790453184506942,106.90010887286293,1.1790453184506942,106.90010887286293
2,i64-o128,16,aggregated,10.284667136000001,100,25.0,24,0,2,0,0,0.0,10.287834433,0.0,0.0,2.33285247311289,298.60511655844994
2,i64-o128,16,aggregated,10.284667136000001,100,30.0,24,0,2,0,0,0.0,10.287834433,0.0,0.0,2.33285247311289,298.60511655844994
2,i64-o128,16,aggregated,10.284667136000001,100,35.0,24,1,2,4,128,0.041666666666666664,10.287834433,0.09720218637970376,12.441879856602082,2.33285247311289,298.60511655844994
2,i64-o128,16,aggregated,10.284667136000001,100,40.0,24,1,2,8,128,0.041666666666666664,10.287834433,0.09720218637970376,12.441879856602082,2.33285247311289,298.60511655844994
2,i64-o128,16,aggregated,10.284667136000001,100,50.0,24,2,2,24,256,0.08333333333333333,10.287834433,0.19440437275940753,24.883759713204164,2.33285247311289,298.60511655844994
2,i64-o128,16,aggregated,10.284667136000001,100,75.0,24,2,2,24,256,0.08333333333333333,10.287834433,0.19440437275940753,24.883759713204164,2.33285247311289,298.60511655844994
2,i64-o128,16,aggregated,10.284667136000001,250,25.0,24,0,23,0,0,0.0,10.287834433,0.0,0.0,2.33285247311289,298.60511655844994
2,i64-o128,16,aggregated,10.284667136000001,250,30.0,24,0,23,0,0,0.0,10.287834433,0.0,0.0,2.33285247311289,298.60511655844994
2,i64-o128,16,aggregated,10.284667136000001,250,35.0,24,3,23,4,384,0.125,10.287834433,0.29160655913911127,37.32563956980624,2.33285247311289,298.60511655844994
2,i64-o128,16,aggregated,10.284667136000001,250,40.0,24,7,23,8,896,0.2916666666666667,10.287834433,0.6804153046579263,87.09315899621457,2.33285247311289,298.60511655844994
2,i64-o128,16,aggregated,10.284667136000001,250,50.0,24,23,23,24,2944,0.9583333333333334,10.287834433,2.2356502867331867,286.1632367018479,2.33285247311289,298.60511655844994
2,i64-o128,16,aggregated,10.284667136000001,250,75.0,24,23,23,24,2944,0.9583333333333334,10.287834433,2.2356502867331867,286.1632367018479,2.33285247311289,298.60511655844994
2,i64-o128,16,aggregated,10.284667136000001,500,25.0,24,0,24,0,0,0.0,10.287834433,0.0,0.0,2.33285247311289,298.60511655844994
2,i64-o128,16,aggregated,10.284667136000001,500,30.0,24,0,24,0,0,0.0,10.287834433,0.0,0.0,2.33285247311289,298.60511655844994
2,i64-o128,16,aggregated,10.284667136000001,500,35.0,24,4,24,4,512,0.16666666666666666,10.287834433,0.38880874551881506,49.76751942640833,2.33285247311289,298.60511655844994
2,i64-o128,16,aggregated,10.284667136000001,500,40.0,24,8,24,8,1024,0.3333333333333333,10.287834433,0.7776174910376301,99.53503885281665,2.33285247311289,298.60511655844994
2,i64-o128,16,aggregated,10.284667136000001,500,50.0,24,24,24,24,3072,1.0,10.287834433,2.33285247311289,298.60511655844994,2.33285247311289,298.60511655844994
2,i64-o128,16,aggregated,10.284667136000001,500,75.0,24,24,24,24,3072,1.0,10.287834433,2.33285247311289,298.60511655844994,2.33285247311289,298.60511655844994
2,i64-o128,16,aggregated,10.284667136000001,1000,25.0,24,0,24,0,0,0.0,10.287834433,0.0,0.0,2.33285247311289,298.60511655844994
2,i64-o128,16,aggregated,10.284667136000001,1000,30.0,24,0,24,0,0,0.0,10.287834433,0.0,0.0,2.33285247311289,298.60511655844994
2,i64-o128,16,aggregated,10.284667136000001,1000,35.0,24,4,24,4,512,0.16666666666666666,10.287834433,0.38880874551881506,49.76751942640833,2.33285247311289,298.60511655844994
2,i64-o128,16,aggregated,10.284667136000001,1000,40.0,24,8,24,8,1024,0.3333333333333333,10.287834433,0.7776174910376301,99.53503885281665,2.33285247311289,298.60511655844994
2,i64-o128,16,aggregated,10.284667136000001,1000,50.0,24,24,24,24,3072,1.0,10.287834433,2.33285247311289,298.60511655844994,2.33285247311289,298.60511655844994
2,i64-o128,16,aggregated,10.284667136000001,1000,75.0,24,24,24,24,3072,1.0,10.287834433,2.33285247311289,298.60511655844994,2.33285247311289,298.60511655844994
2,i64-o128,16,aggregated,10.284667136000001,2000,25.0,24,0,24,0,0,0.0,10.287834433,0.0,0.0,2.33285247311289,298.60511655844994
2,i64-o128,16,aggregated,10.284667136000001,2000,30.0,24,0,24,0,0,0.0,10.287834433,0.0,0.0,2.33285247311289,298.60511655844994
2,i64-o128,16,aggregated,10.284667136000001,2000,35.0,24,4,24,4,512,0.16666666666666666,10.287834433,0.38880874551881506,49.76751942640833,2.33285247311289,298.60511655844994
2,i64-o128,16,aggregated,10.284667136000001,2000,40.0,24,8,24,8,1024,0.3333333333333333,10.287834433,0.7776174910376301,99.53503885281665,2.33285247311289,298.60511655844994
2,i64-o128,16,aggregated,10.284667136000001,2000,50.0,24,24,24,24,3072,1.0,10.287834433,2.33285247311289,298.60511655844994,2.33285247311289,298.60511655844994
2,i64-o128,16,aggregated,10.284667136000001,2000,75.0,24,24,24,24,3072,1.0,10.287834433,2.33285247311289,298.60511655844994,2.33285247311289,298.60511655844994
2,i64-o128,16,aggregated,10.284667136000001,5000,25.0,24,0,24,0,0,0.0,10.287834433,0.0,0.0,2.33285247311289,298.60511655844994
2,i64-o128,16,aggregated,10.284667136000001,5000,30.0,24,0,24,0,0,0.0,10.287834433,0.0,0.0,2.33285247311289,298.60511655844994
2,i64-o128,16,aggregated,10.284667136000001,5000,35.0,24,4,24,4,512,0.16666666666666666,10.287834433,0.38880874551881506,49.76751942640833,2.33285247311289,298.60511655844994
2,i64-o128,16,aggregated,10.284667136000001,5000,40.0,24,8,24,8,1024,0.3333333333333333,10.287834433,0.7776174910376301,99.53503885281665,2.33285247311289,298.60511655844994
2,i64-o128,16,aggregated,10.284667136000001,5000,50.0,24,24,24,24,3072,1.0,10.287834433,2.33285247311289,298.60511655844994,2.33285247311289,298.60511655844994
2,i64-o128,16,aggregated,10.284667136000001,5000,75.0,24,24,24,24,3072,1.0,10.287834433,2.33285247311289,298.60511655844994,2.33285247311289,298.60511655844994
2,i64-o128,16,aggregated,10.284667136000001,10000,25.0,24,0,24,0,0,0.0,10.287834433,0.0,0.0,2.33285247311289,298.60511655844994
2,i64-o128,16,aggregated,10.284667136000001,10000,30.0,24,0,24,0,0,0.0,10.287834433,0.0,0.0,2.33285247311289,298.60511655844994
2,i64-o128,16,aggregated,10.284667136000001,10000,35.0,24,4,24,4,512,0.16666666666666666,10.287834433,0.38880874551881506,49.76751942640833,2.33285247311289,298.60511655844994
2,i64-o128,16,aggregated,10.284667136000001,10000,40.0,24,8,24,8,1024,0.3333333333333333,10.287834433,0.7776174910376301,99.53503885281665,2.33285247311289,298.60511655844994
2,i64-o128,16,aggregated,10.284667136000001,10000,50.0,24,24,24,24,3072,1.0,10.287834433,2.33285247311289,298.60511655844994,2.33285247311289,298.60511655844994
2,i64-o128,16,aggregated,10.284667136000001,10000,75.0,24,24,24,24,3072,1.0,10.287834433,2.33285247311289,298.60511655844994,2.33285247311289,298.60511655844994
2,i64-o128,16,aggregated,10.284667136000001,20000,25.0,24,0,24,0,0,0.0,10.287834433,0.0,0.0,2.33285247311289,298.60511655844994
2,i64-o128,16,aggregated,10.284667136000001,20000,30.0,24,0,24,0,0,0.0,10.287834433,0.0,0.0,2.33285247311289,298.60511655844994
2,i64-o128,16,aggregated,10.284667136000001,20000,35.0,24,4,24,4,512,0.16666666666666666,10.287834433,0.38880874551881506,49.76751942640833,2.33285247311289,298.60511655844994
2,i64-o128,16,aggregated,10.284667136000001,20000,40.0,24,8,24,8,1024,0.3333333333333333,10.287834433,0.7776174910376301,99.53503885281665,2.33285247311289,298.60511655844994
2,i64-o128,16,aggregated,10.284667136000001,20000,50.0,24,24,24,24,3072,1.0,10.287834433,2.33285247311289,298.60511655844994,2.33285247311289,298.60511655844994
2,i64-o128,16,aggregated,10.284667136000001,20000,75.0,24,24,24,24,3072,1.0,10.287834433,2.33285247311289,298.60511655844994,2.33285247311289,298.60511655844994
2,i64-o128,4,aggregated,25.611092992000003,100,25.0,24,0,12,0,0,0.0,25.615875080000002,0.0,0.0,0.936918997498484,119.92563167980595
2,i64-o128,4,aggregated,25.611092992000003,100,30.0,24,0,12,0,0,0.0,25.615875080000002,0.0,0.0,0.936918997498484,119.92563167980595
2,i64-o128,4,aggregated,25.611092992000003,100,35.0,24,12,12,24,1536,0.5,25.615875080000002,0.468459498749242,59.96281583990297,0.936918997498484,119.92563167980595
2,i64-o128,4,aggregated,25.611092992000003,100,40.0,24,12,12,24,1536,0.5,25.615875080000002,0.468459498749242,59.96281583990297,0.936918997498484,119.92563167980595
2,i64-o128,4,aggregated,25.611092992000003,100,50.0,24,12,12,24,1536,0.5,25.615875080000002,0.468459498749242,59.96281583990297,0.936918997498484,119.92563167980595
2,i64-o128,4,aggregated,25.611092992000003,100,75.0,24,12,12,24,1536,0.5,25.615875080000002,0.468459498749242,59.96281583990297,0.936918997498484,119.92563167980595
2,i64-o128,4,aggregated,25.611092992000003,250,25.0,24,0,24,0,0,0.0,25.615875080000002,0.0,0.0,0.936918997498484,119.92563167980595
2,i64-o128,4,aggregated,25.611092992000003,250,30.0,24,0,24,0,0,0.0,25.615875080000002,0.0,0.0,0.936918997498484,119.92563167980595
2,i64-o128,4,aggregated,25.611092992000003,250,35.0,24,24,24,24,3072,1.0,25.615875080000002,0.936918997498484,119.92563167980595,0.936918997498484,119.92563167980595
2,i64-o128,4,aggregated,25.611092992000003,250,40.0,24,24,24,24,3072,1.0,25.615875080000002,0.936918997498484,119.92563167980595,0.936918997498484,119.92563167980595
2,i64-o128,4,aggregated,25.611092992000003,250,50.0,24,24,24,24,3072,1.0,25.615875080000002,0.936918997498484,119.92563167980595,0.936918997498484,119.92563167980595
2,i64-o128,4,aggregated,25.611092992000003,250,75.0,24,24,24,24,3072,1.0,25.615875080000002,0.936918997498484,119.92563167980595,0.936918997498484,119.92563167980595
2,i64-o128,4,aggregated,25.611092992000003,500,25.0,24,0,24,0,0,0.0,25.615875080000002,0.0,0.0,0.936918997498484,119.92563167980595
2,i64-o128,4,aggregated,25.611092992000003,500,30.0,24,0,24,0,0,0.0,25.615875080000002,0.0,0.0,0.936918997498484,119.92563167980595
2,i64-o128,4,aggregated,25.611092992000003,500,35.0,24,24,24,24,3072,1.0,25.615875080000002,0.936918997498484,119.92563167980595,0.936918997498484,119.92563167980595
2,i64-o128,4,aggregated,25.611092992000003,500,40.0,24,24,24,24,3072,1.0,25.615875080000002,0.936918997498484,119.92563167980595,0.936918997498484,119.92563167980595
2,i64-o128,4,aggregated,25.611092992000003,500,50.0,24,24,24,24,3072,1.0,25.615875080000002,0.936918997498484,119.92563167980595,0.936918997498484,119.92563167980595
2,i64-o128,4,aggregated,25.611092992000003,500,75.0,24,24,24,24,3072,1.0,25.615875080000002,0.936918997498484,119.92563167980595,0.936918997498484,119.92563167980595
2,i64-o128,4,aggregated,25.611092992000003,1000,25.0,24,0,24,0,0,0.0,25.615875080000002,0.0,0.0,0.936918997498484,119.92563167980595
2,i64-o128,4,aggregated,25.611092992000003,1000,30.0,24,0,24,0,0,0.0,25.615875080000002,0.0,0.0,0.936918997498484,119.92563167980595
2,i64-o128,4,aggregated,25.611092992000003,1000,35.0,24,24,24,24,3072,1.0,25.615875080000002,0.936918997498484,119.92563167980595,0.936918997498484,119.92563167980595
2,i64-o128,4,aggregated,25.611092992000003,1000,40.0,24,24,24,24,3072,1.0,25.615875080000002,0.936918997498484,119.92563167980595,0.936918997498484,119.92563167980595
2,i64-o128,4,aggregated,25.611092992000003,1000,50.0,24,24,24,24,3072,1.0,25.615875080000002,0.936918997498484,119.92563167980595,0.936918997498484,119.92563167980595
2,i64-o128,4,aggregated,25.611092992000003,1000,75.0,24,24,24,24,3072,1.0,25.615875080000002,0.936918997498484,119.92563167980595,0.936918997498484,119.92563167980595
2,i64-o128,4,aggregated,25.611092992000003,2000,25.0,24,0,24,0,0,0.0,25.615875080000002,0.0,0.0,0.936918997498484,119.92563167980595
2,i64-o128,4,aggregated,25.611092992000003,2000,30.0,24,0,24,0,0,0.0,25.615875080000002,0.0,0.0,0.936918997498484,119.92563167980595
2,i64-o128,4,aggregated,25.611092992000003,2000,35.0,24,24,24,24,3072,1.0,25.615875080000002,0.936918997498484,119.92563167980595,0.936918997498484,119.92563167980595
2,i64-o128,4,aggregated,25.611092992000003,2000,40.0,24,24,24,24,3072,1.0,25.615875080000002,0.936918997498484,119.92563167980595,0.936918997498484,119.92563167980595
2,i64-o128,4,aggregated,25.611092992000003,2000,50.0,24,24,24,24,3072,1.0,25.615875080000002,0.936918997498484,119.92563167980595,0.936918997498484,119.92563167980595
2,i64-o128,4,aggregated,25.611092992000003,2000,75.0,24,24,24,24,3072,1.0,25.615875080000002,0.936918997498484,119.92563167980595,0.936918997498484,119.92563167980595
2,i64-o128,4,aggregated,25.611092992000003,5000,25.0,24,0,24,0,0,0.0,25.615875080000002,0.0,0.0,0.936918997498484,119.92563167980595
2,i64-o128,4,aggregated,25.611092992000003,5000,30.0,24,0,24,0,0,0.0,25.615875080000002,0.0,0.0,0.936918997498484,119.92563167980595
2,i64-o128,4,aggregated,25.611092992000003,5000,35.0,24,24,24,24,3072,1.0,25.615875080000002,0.936918997498484,119.92563167980595,0.936918997498484,119.92563167980595
2,i64-o128,4,aggregated,25.611092992000003,5000,40.0,24,24,24,24,3072,1.0,25.615875080000002,0.936918997498484,119.92563167980595,0.936918997498484,119.92563167980595
2,i64-o128,4,aggregated,25.611092992000003,5000,50.0,24,24,24,24,3072,1.0,25.615875080000002,0.936918997498484,119.92563167980595,0.936918997498484,119.92563167980595
2,i64-o128,4,aggregated,25.611092992000003,5000,75.0,24,24,24,24,3072,1.0,25.615875080000002,0.936918997498484,119.92563167980595,0.936918997498484,119.92563167980595
2,i64-o128,4,aggregated,25.611092992000003,10000,25.0,24,0,24,0,0,0.0,25.615875080000002,0.0,0.0,0.936918997498484,119.92563167980595
2,i64-o128,4,aggregated,25.611092992000003,10000,30.0,24,0,24,0,0,0.0,25.615875080000002,0.0,0.0,0.936918997498484,119.92563167980595
2,i64-o128,4,aggregated,25.611092992000003,10000,35.0,24,24,24,24,3072,1.0,25.615875080000002,0.936918997498484,119.92563167980595,0.936918997498484,119.92563167980595
2,i64-o128,4,aggregated,25.611092992000003,10000,40.0,24,24,24,24,3072,1.0,25.615875080000002,0.936918997498484,119.92563167980595,0.936918997498484,119.92563167980595
2,i64-o128,4,aggregated,25.611092992000003,10000,50.0,24,24,24,24,3072,1.0,25.615875080000002,0.936918997498484,119.92563167980595,0.936918997498484,119.92563167980595
2,i64-o128,4,aggregated,25.611092992000003,10000,75.0,24,24,24,24,3072,1.0,25.615875080000002,0.936918997498484,119.92563167980595,0.936918997498484,119.92563167980595
2,i64-o128,4,aggregated,25.611092992000003,20000,25.0,24,0,24,0,0,0.0,25.615875080000002,0.0,0.0,0.936918997498484,119.92563167980595
2,i64-o128,4,aggregated,25.611092992000003,20000,30.0,24,0,24,0,0,0.0,25.615875080000002,0.0,0.0,0.936918997498484,119.92563167980595
2,i64-o128,4,aggregated,25.611092992000003,20000,35.0,24,24,24,24,3072,1.0,25.615875080000002,0.936918997498484,119.92563167980595,0.936918997498484,119.92563167980595
2,i64-o128,4,aggregated,25.611092992000003,20000,40.0,24,24,24,24,3072,1.0,25.615875080000002,0.936918997498484,119.92563167980595,0.936918997498484,119.92563167980595
2,i64-o128,4,aggregated,25.611092992000003,20000,50.0,24,24,24,24,3072,1.0,25.615875080000002,0.936918997498484,119.92563167980595,0.936918997498484,119.92563167980595
2,i64-o128,4,aggregated,25.611092992000003,20000,75.0,24,24,24,24,3072,1.0,25.615875080000002,0.936918997498484,119.92563167980595,0.936918997498484,119.92563167980595
2,i64-o16,16,aggregated,1.4038190080000001,100,25.0,24,0,1,1,0,0.0,1.4070768790000001,0.0,0.0,17.056637315408548,272.90619704653676
2,i64-o16,16,aggregated,1.4038190080000001,100,30.0,24,0,1,2,0,0.0,1.4070768790000001,0.0,0.0,17.056637315408548,272.90619704653676
2,i64-o16,16,aggregated,1.4038190080000001,100,35.0,24,0,1,8,0,0.0,1.4070768790000001,0.0,0.0,17.056637315408548,272.90619704653676
2,i64-o16,16,aggregated,1.4038190080000001,100,40.0,24,1,1,21,16,0.041666666666666664,1.4070768790000001,0.7106932214753562,11.371091543605699,17.056637315408548,272.90619704653676
2,i64-o16,16,aggregated,1.4038190080000001,100,50.0,24,1,1,24,16,0.041666666666666664,1.4070768790000001,0.7106932214753562,11.371091543605699,17.056637315408548,272.90619704653676
2,i64-o16,16,aggregated,1.4038190080000001,100,75.0,24,1,1,24,16,0.041666666666666664,1.4070768790000001,0.7106932214753562,11.371091543605699,17.056637315408548,272.90619704653676
2,i64-o16,16,aggregated,1.4038190080000001,250,25.0,24,0,20,1,0,0.0,1.4070768790000001,0.0,0.0,17.056637315408548,272.90619704653676
2,i64-o16,16,aggregated,1.4038190080000001,250,30.0,24,1,20,2,16,0.041666666666666664,1.4070768790000001,0.7106932214753562,11.371091543605699,17.056637315408548,272.90619704653676
2,i64-o16,16,aggregated,1.4038190080000001,250,35.0,24,7,20,8,112,0.2916666666666667,1.4070768790000001,4.974852550327493,79.59764080523989,17.056637315408548,272.90619704653676
2,i64-o16,16,aggregated,1.4038190080000001,250,40.0,24,17,20,21,272,0.7083333333333334,1.4070768790000001,12.081784765081055,193.30855624129688,17.056637315408548,272.90619704653676
2,i64-o16,16,aggregated,1.4038190080000001,250,50.0,24,20,20,24,320,0.8333333333333334,1.4070768790000001,14.213864429507122,227.42183087211396,17.056637315408548,272.90619704653676
2,i64-o16,16,aggregated,1.4038190080000001,250,75.0,24,20,20,24,320,0.8333333333333334,1.4070768790000001,14.213864429507122,227.42183087211396,17.056637315408548,272.90619704653676
2,i64-o16,16,aggregated,1.4038190080000001,500,25.0,24,1,24,1,16,0.041666666666666664,1.4070768790000001,0.7106932214753562,11.371091543605699,17.056637315408548,272.90619704653676
2,i64-o16,16,aggregated,1.4038190080000001,500,30.0,24,2,24,2,32,0.08333333333333333,1.4070768790000001,1.4213864429507124,22.742183087211398,17.056637315408548,272.90619704653676
2,i64-o16,16,aggregated,1.4038190080000001,500,35.0,24,8,24,8,128,0.3333333333333333,1.4070768790000001,5.6855457718028495,90.96873234884559,17.056637315408548,272.90619704653676
2,i64-o16,16,aggregated,1.4038190080000001,500,40.0,24,21,24,21,336,0.875,1.4070768790000001,14.924557650982479,238.79292241571966,17.056637315408548,272.90619704653676
2,i64-o16,16,aggregated,1.4038190080000001,500,50.0,24,24,24,24,384,1.0,1.4070768790000001,17.056637315408548,272.90619704653676,17.056637315408548,272.90619704653676
2,i64-o16,16,aggregated,1.4038190080000001,500,75.0,24,24,24,24,384,1.0,1.4070768790000001,17.056637315408548,272.90619704653676,17.056637315408548,272.90619704653676
2,i64-o16,16,aggregated,1.4038190080000001,1000,25.0,24,1,24,1,16,0.041666666666666664,1.4070768790000001,0.7106932214753562,11.371091543605699,17.056637315408548,272.90619704653676
2,i64-o16,16,aggregated,1.4038190080000001,1000,30.0,24,2,24,2,32,0.08333333333333333,1.4070768790000001,1.4213864429507124,22.742183087211398,17.056637315408548,272.90619704653676
2,i64-o16,16,aggregated,1.4038190080000001,1000,35.0,24,8,24,8,128,0.3333333333333333,1.4070768790000001,5.6855457718028495,90.96873234884559,17.056637315408548,272.90619704653676
2,i64-o16,16,aggregated,1.4038190080000001,1000,40.0,24,21,24,21,336,0.875,1.4070768790000001,14.924557650982479,238.79292241571966,17.056637315408548,272.90619704653676
2,i64-o16,16,aggregated,1.4038190080000001,1000,50.0,24,24,24,24,384,1.0,1.4070768790000001,17.056637315408548,272.90619704653676,17.056637315408548,272.90619704653676
2,i64-o16,16,aggregated,1.4038190080000001,1000,75.0,24,24,24,24,384,1.0,1.4070768790000001,17.056637315408548,272.90619704653676,17.056637315408548,272.90619704653676
2,i64-o16,16,aggregated,1.4038190080000001,2000,25.0,24,1,24,1,16,0.041666666666666664,1.4070768790000001,0.7106932214753562,11.371091543605699,17.056637315408548,272.90619704653676
2,i64-o16,16,aggregated,1.4038190080000001,2000,30.0,24,2,24,2,32,0.08333333333333333,1.4070768790000001,1.4213864429507124,22.742183087211398,17.056637315408548,272.90619704653676
2,i64-o16,16,aggregated,1.4038190080000001,2000,35.0,24,8,24,8,128,0.3333333333333333,1.4070768790000001,5.6855457718028495,90.96873234884559,17.056637315408548,272.90619704653676
2,i64-o16,16,aggregated,1.4038190080000001,2000,40.0,24,21,24,21,336,0.875,1.4070768790000001,14.924557650982479,238.79292241571966,17.056637315408548,272.90619704653676
2,i64-o16,16,aggregated,1.4038190080000001,2000,50.0,24,24,24,24,384,1.0,1.4070768790000001,17.056637315408548,272.90619704653676,17.056637315408548,272.90619704653676
2,i64-o16,16,aggregated,1.4038190080000001,2000,75.0,24,24,24,24,384,1.0,1.4070768790000001,17.056637315408548,272.90619704653676,17.056637315408548,272.90619704653676
2,i64-o16,16,aggregated,1.4038190080000001,5000,25.0,24,1,24,1,16,0.041666666666666664,1.4070768790000001,0.7106932214753562,11.371091543605699,17.056637315408548,272.90619704653676
2,i64-o16,16,aggregated,1.4038190080000001,5000,30.0,24,2,24,2,32,0.08333333333333333,1.4070768790000001,1.4213864429507124,22.742183087211398,17.056637315408548,272.90619704653676
2,i64-o16,16,aggregated,1.4038190080000001,5000,35.0,24,8,24,8,128,0.3333333333333333,1.4070768790000001,5.6855457718028495,90.96873234884559,17.056637315408548,272.90619704653676
2,i64-o16,16,aggregated,1.4038190080000001,5000,40.0,24,21,24,21,336,0.875,1.4070768790000001,14.924557650982479,238.79292241571966,17.056637315408548,272.90619704653676
2,i64-o16,16,aggregated,1.4038190080000001,5000,50.0,24,24,24,24,384,1.0,1.4070768790000001,17.056637315408548,272.90619704653676,17.056637315408548,272.90619704653676
2,i64-o16,16,aggregated,1.4038190080000001,5000,75.0,24,24,24,24,384,1.0,1.4070768790000001,17.056637315408548,272.90619704653676,17.056637315408548,272.90619704653676
2,i64-o16,16,aggregated,1.4038190080000001,10000,25.0,24,1,24,1,16,0.041666666666666664,1.4070768790000001,0.7106932214753562,11.371091543605699,17.056637315408548,272.90619704653676
2,i64-o16,16,aggregated,1.4038190080000001,10000,30.0,24,2,24,2,32,0.08333333333333333,1.4070768790000001,1.4213864429507124,22.742183087211398,17.056637315408548,272.90619704653676
2,i64-o16,16,aggregated,1.4038190080000001,10000,35.0,24,8,24,8,128,0.3333333333333333,1.4070768790000001,5.6855457718028495,90.96873234884559,17.056637315408548,272.90619704653676
2,i64-o16,16,aggregated,1.4038190080000001,10000,40.0,24,21,24,21,336,0.875,1.4070768790000001,14.924557650982479,238.79292241571966,17.056637315408548,272.90619704653676
2,i64-o16,16,aggregated,1.4038190080000001,10000,50.0,24,24,24,24,384,1.0,1.4070768790000001,17.056637315408548,272.90619704653676,17.056637315408548,272.90619704653676
2,i64-o16,16,aggregated,1.4038190080000001,10000,75.0,24,24,24,24,384,1.0,1.4070768790000001,17.056637315408548,272.90619704653676,17.056637315408548,272.90619704653676
2,i64-o16,16,aggregated,1.4038190080000001,20000,25.0,24,1,24,1,16,0.041666666666666664,1.4070768790000001,0.7106932214753562,11.371091543605699,17.056637315408548,272.90619704653676
2,i64-o16,16,aggregated,1.4038190080000001,20000,30.0,24,2,24,2,32,0.08333333333333333,1.4070768790000001,1.4213864429507124,22.742183087211398,17.056637315408548,272.90619704653676
2,i64-o16,16,aggregated,1.4038190080000001,20000,35.0,24,8,24,8,128,0.3333333333333333,1.4070768790000001,5.6855457718028495,90.96873234884559,17.056637315408548,272.90619704653676
2,i64-o16,16,aggregated,1.4038190080000001,20000,40.0,24,21,24,21,336,0.875,1.4070768790000001,14.924557650982479,238.79292241571966,17.056637315408548,272.90619704653676
2,i64-o16,16,aggregated,1.4038190080000001,20000,50.0,24,24,24,24,384,1.0,1.4070768790000001,17.056637315408548,272.90619704653676,17.056637315408548,272.90619704653676
2,i64-o16,16,aggregated,1.4038190080000001,20000,75.0,24,24,24,24,384,1.0,1.4070768790000001,17.056637315408548,272.90619704653676,17.056637315408548,272.90619704653676
2,i64-o16,4,aggregated,3.292368128,100,25.0,24,0,13,1,0,0.0,3.2949082730000003,0.0,0.0,7.283966050486771,116.54345680778833
2,i64-o16,4,aggregated,3.292368128,100,30.0,24,4,13,14,64,0.16666666666666666,3.2949082730000003,1.2139943417477952,19.423909467964723,7.283966050486771,116.54345680778833
2,i64-o16,4,aggregated,3.292368128,100,35.0,24,12,13,23,192,0.5,3.2949082730000003,3.6419830252433854,58.271728403894166,7.283966050486771,116.54345680778833
2,i64-o16,4,aggregated,3.292368128,100,40.0,24,13,13,24,208,0.5416666666666666,3.2949082730000003,3.9454816106803343,63.12770577088535,7.283966050486771,116.54345680778833
2,i64-o16,4,aggregated,3.292368128,100,50.0,24,13,13,24,208,0.5416666666666666,3.2949082730000003,3.9454816106803343,63.12770577088535,7.283966050486771,116.54345680778833
2,i64-o16,4,aggregated,3.292368128,100,75.0,24,13,13,24,208,0.5416666666666666,3.2949082730000003,3.9454816106803343,63.12770577088535,7.283966050486771,116.54345680778833
2,i64-o16,4,aggregated,3.292368128,250,25.0,24,1,24,1,16,0.041666666666666664,3.2949082730000003,0.3034985854369488,4.855977366991181,7.283966050486771,116.54345680778833
2,i64-o16,4,aggregated,3.292368128,250,30.0,24,14,24,14,224,0.5833333333333334,3.2949082730000003,4.248980196117283,67.98368313787653,7.283966050486771,116.54345680778833
2,i64-o16,4,aggregated,3.292368128,250,35.0,24,23,24,23,368,0.9583333333333334,3.2949082730000003,6.980467465049823,111.68747944079716,7.283966050486771,116.54345680778833
2,i64-o16,4,aggregated,3.292368128,250,40.0,24,24,24,24,384,1.0,3.2949082730000003,7.283966050486771,116.54345680778833,7.283966050486771,116.54345680778833
2,i64-o16,4,aggregated,3.292368128,250,50.0,24,24,24,24,384,1.0,3.2949082730000003,7.283966050486771,116.54345680778833,7.283966050486771,116.54345680778833
2,i64-o16,4,aggregated,3.292368128,250,75.0,24,24,24,24,384,1.0,3.2949082730000003,7.283966050486771,116.54345680778833,7.283966050486771,116.54345680778833
2,i64-o16,4,aggregated,3.292368128,500,25.0,24,1,24,1,16,0.041666666666666664,3.2949082730000003,0.3034985854369488,4.855977366991181,7.283966050486771,116.54345680778833
2,i64-o16,4,aggregated,3.292368128,500,30.0,24,14,24,14,224,0.5833333333333334,3.2949082730000003,4.248980196117283,67.98368313787653,7.283966050486771,116.54345680778833
2,i64-o16,4,aggregated,3.292368128,500,35.0,24,23,24,23,368,0.9583333333333334,3.2949082730000003,6.980467465049823,111.68747944079716,7.283966050486771,116.54345680778833
2,i64-o16,4,aggregated,3.292368128,500,40.0,24,24,24,24,384,1.0,3.2949082730000003,7.283966050486771,116.54345680778833,7.283966050486771,116.54345680778833
2,i64-o16,4,aggregated,3.292368128,500,50.0,24,24,24,24,384,1.0,3.2949082730000003,7.283966050486771,116.54345680778833,7.283966050486771,116.54345680778833
2,i64-o16,4,aggregated,3.292368128,500,75.0,24,24,24,24,384,1.0,3.2949082730000003,7.283966050486771,116.54345680778833,7.283966050486771,116.54345680778833
2,i64-o16,4,aggregated,3.292368128,1000,25.0,24,1,24,1,16,0.041666666666666664,3.2949082730000003,0.3034985854369488,4.855977366991181,7.283966050486771,116.54345680778833
2,i64-o16,4,aggregated,3.292368128,1000,30.0,24,14,24,14,224,0.5833333333333334,3.2949082730000003,4.248980196117283,67.98368313787653,7.283966050486771,116.54345680778833
2,i64-o16,4,aggregated,3.292368128,1000,35.0,24,23,24,23,368,0.9583333333333334,3.2949082730000003,6.980467465049823,111.68747944079716,7.283966050486771,116.54345680778833
2,i64-o16,4,aggregated,3.292368128,1000,40.0,24,24,24,24,384,1.0,3.2949082730000003,7.283966050486771,116.54345680778833,7.283966050486771,116.54345680778833
2,i64-o16,4,aggregated,3.292368128,1000,50.0,24,24,24,24,384,1.0,3.2949082730000003,7.283966050486771,116.54345680778833,7.283966050486771,116.54345680778833
2,i64-o16,4,aggregated,3.292368128,1000,75.0,24,24,24,24,384,1.0,3.2949082730000003,7.283966050486771,116.54345680778833,7.283966050486771,116.54345680778833
2,i64-o16,4,aggregated,3.292368128,2000,25.0,24,1,24,1,16,0.041666666666666664,3.2949082730000003,0.3034985854369488,4.855977366991181,7.283966050486771,116.54345680778833
2,i64-o16,4,aggregated,3.292368128,2000,30.0,24,14,24,14,224,0.5833333333333334,3.2949082730000003,4.248980196117283,67.98368313787653,7.283966050486771,116.54345680778833
2,i64-o16,4,aggregated,3.292368128,2000,35.0,24,23,24,23,368,0.9583333333333334,3.2949082730000003,6.980467465049823,111.68747944079716,7.283966050486771,116.54345680778833
2,i64-o16,4,aggregated,3.292368128,2000,40.0,24,24,24,24,384,1.0,3.2949082730000003,7.283966050486771,116.54345680778833,7.283966050486771,116.54345680778833
2,i64-o16,4,aggregated,3.292368128,2000,50.0,24,24,24,24,384,1.0,3.2949082730000003,7.283966050486771,116.54345680778833,7.283966050486771,116.54345680778833
2,i64-o16,4,aggregated,3.292368128,2000,75.0,24,24,24,24,384,1.0,3.2949082730000003,7.283966050486771,116.54345680778833,7.283966050486771,116.54345680778833
2,i64-o16,4,aggregated,3.292368128,5000,25.0,24,1,24,1,16,0.041666666666666664,3.2949082730000003,0.3034985854369488,4.855977366991181,7.283966050486771,116.54345680778833
2,i64-o16,4,aggregated,3.292368128,5000,30.0,24,14,24,14,224,0.5833333333333334,3.2949082730000003,4.248980196117283,67.98368313787653,7.283966050486771,116.54345680778833
2,i64-o16,4,aggregated,3.292368128,5000,35.0,24,23,24,23,368,0.9583333333333334,3.2949082730000003,6.980467465049823,111.68747944079716,7.283966050486771,116.54345680778833
2,i64-o16,4,aggregated,3.292368128,5000,40.0,24,24,24,24,384,1.0,3.2949082730000003,7.283966050486771,116.54345680778833,7.283966050486771,116.54345680778833
2,i64-o16,4,aggregated,3.292368128,5000,50.0,24,24,24,24,384,1.0,3.2949082730000003,7.283966050486771,116.54345680778833,7.283966050486771,116.54345680778833
2,i64-o16,4,aggregated,3.292368128,5000,75.0,24,24,24,24,384,1.0,3.2949082730000003,7.283966050486771,116.54345680778833,7.283966050486771,116.54345680778833
2,i64-o16,4,aggregated,3.292368128,10000,25.0,24,1,24,1,16,0.041666666666666664,3.2949082730000003,0.3034985854369488,4.855977366991181,7.283966050486771,116.54345680778833
2,i64-o16,4,aggregated,3.292368128,10000,30.0,24,14,24,14,224,0.5833333333333334,3.2949082730000003,4.248980196117283,67.98368313787653,7.283966050486771,116.54345680778833
2,i64-o16,4,aggregated,3.292368128,10000,35.0,24,23,24,23,368,0.9583333333333334,3.2949082730000003,6.980467465049823,111.68747944079716,7.283966050486771,116.54345680778833
2,i64-o16,4,aggregated,3.292368128,10000,40.0,24,24,24,24,384,1.0,3.2949082730000003,7.283966050486771,116.54345680778833,7.283966050486771,116.54345680778833
2,i64-o16,4,aggregated,3.292368128,10000,50.0,24,24,24,24,384,1.0,3.2949082730000003,7.283966050486771,116.54345680778833,7.283966050486771,116.54345680778833
2,i64-o16,4,aggregated,3.292368128,10000,75.0,24,24,24,24,384,1.0,3.2949082730000003,7.283966050486771,116.54345680778833,7.283966050486771,116.54345680778833
2,i64-o16,4,aggregated,3.292368128,20000,25.0,24,1,24,1,16,0.041666666666666664,3.2949082730000003,0.3034985854369488,4.855977366991181,7.283966050486771,116.54345680778833
2,i64-o16,4,aggregated,3.292368128,20000,30.0,24,14,24,14,224,0.5833333333333334,3.2949082730000003,4.248980196117283,67.98368313787653,7.283966050486771,116.54345680778833
2,i64-o16,4,aggregated,3.292368128,20000,35.0,24,23,24,23,368,0.9583333333333334,3.2949082730000003,6.980467465049823,111.68747944079716,7.283966050486771,116.54345680778833
2,i64-o16,4,aggregated,3.292368128,20000,40.0,24,24,24,24,384,1.0,3.2949082730000003,7.283966050486771,116.54345680778833,7.283966050486771,116.54345680778833
2,i64-o16,4,aggregated,3.292368128,20000,50.0,24,24,24,24,384,1.0,3.2949082730000003,7.283966050486771,116.54345680778833,7.283966050486771,116.54345680778833
2,i64-o16,4,aggregated,3.292368128,20000,75.0,24,24,24,24,384,1.0,3.2949082730000003,7.283966050486771,116.54345680778833,7.283966050486771,116.54345680778833
2,i704-o128,16,aggregated,11.090554112000001,100,25.0,24,0,0,0,0,0.0,11.092992926,0.0,0.0,2.163527927954256,276.93157477814475
2,i704-o128,16,aggregated,11.090554112000001,100,30.0,24,0,0,0,0,0.0,11.092992926,0.0,0.0,2.163527927954256,276.93157477814475
2,i704-o128,16,aggregated,11.090554112000001,100,35.0,24,0,0,4,0,0.0,11.092992926,0.0,0.0,2.163527927954256,276.93157477814475
2,i704-o128,16,aggregated,11.090554112000001,100,40.0,24,0,0,8,0,0.0,11.092992926,0.0,0.0,2.163527927954256,276.93157477814475
2,i704-o128,16,aggregated,11.090554112000001,100,50.0,24,0,0,24,0,0.0,11.092992926,0.0,0.0,2.163527927954256,276.93157477814475
2,i704-o128,16,aggregated,11.090554112000001,100,75.0,24,0,0,24,0,0.0,11.092992926,0.0,0.0,2.163527927954256,276.93157477814475
2,i704-o128,16,aggregated,11.090554112000001,250,25.0,24,0,2,0,0,0.0,11.092992926,0.0,0.0,2.163527927954256,276.93157477814475
2,i704-o128,16,aggregated,11.090554112000001,250,30.0,24,0,2,0,0,0.0,11.092992926,0.0,0.0,2.163527927954256,276.93157477814475
2,i704-o128,16,aggregated,11.090554112000001,250,35.0,24,0,2,4,0,0.0,11.092992926,0.0,0.0,2.163527927954256,276.93157477814475
2,i704-o128,16,aggregated,11.090554112000001,250,40.0,24,0,2,8,0,0.0,11.092992926,0.0,0.0,2.163527927954256,276.93157477814475
2,i704-o128,16,aggregated,11.090554112000001,250,50.0,24,2,2,24,256,0.08333333333333333,11.092992926,0.18029399399618798,23.07763123151206,2.163527927954256,276.93157477814475
2,i704-o128,16,aggregated,11.090554112000001,250,75.0,24,2,2,24,256,0.08333333333333333,11.092992926,0.18029399399618798,23.07763123151206,2.163527927954256,276.93157477814475
2,i704-o128,16,aggregated,11.090554112000001,500,25.0,24,0,15,0,0,0.0,11.092992926,0.0,0.0,2.163527927954256,276.93157477814475
2,i704-o128,16,aggregated,11.090554112000001,500,30.0,24,0,15,0,0,0.0,11.092992926,0.0,0.0,2.163527927954256,276.93157477814475
2,i704-o128,16,aggregated,11.090554112000001,500,35.0,24,3,15,4,384,0.125,11.092992926,0.270440990994282,34.616446847268094,2.163527927954256,276.93157477814475
2,i704-o128,16,aggregated,11.090554112000001,500,40.0,24,7,15,8,896,0.2916666666666667,11.092992926,0.631028978986658,80.77170931029222,2.163527927954256,276.93157477814475
2,i704-o128,16,aggregated,11.090554112000001,500,50.0,24,15,15,24,1920,0.625,11.092992926,1.35220495497141,173.08223423634047,2.163527927954256,276.93157477814475
2,i704-o128,16,aggregated,11.090554112000001,500,75.0,24,15,15,24,1920,0.625,11.092992926,1.35220495497141,173.08223423634047,2.163527927954256,276.93157477814475
2,i704-o128,16,aggregated,11.090554112000001,1000,25.0,24,0,24,0,0,0.0,11.092992926,0.0,0.0,2.163527927954256,276.93157477814475
2,i704-o128,16,aggregated,11.090554112000001,1000,30.0,24,0,24,0,0,0.0,11.092992926,0.0,0.0,2.163527927954256,276.93157477814475
2,i704-o128,16,aggregated,11.090554112000001,1000,35.0,24,4,24,4,512,0.16666666666666666,11.092992926,0.36058798799237596,46.15526246302412,2.163527927954256,276.93157477814475
2,i704-o128,16,aggregated,11.090554112000001,1000,40.0,24,8,24,8,1024,0.3333333333333333,11.092992926,0.7211759759847519,92.31052492604825,2.163527927954256,276.93157477814475
2,i704-o128,16,aggregated,11.090554112000001,1000,50.0,24,24,24,24,3072,1.0,11.092992926,2.163527927954256,276.93157477814475,2.163527927954256,276.93157477814475
2,i704-o128,16,aggregated,11.090554112000001,1000,75.0,24,24,24,24,3072,1.0,11.092992926,2.163527927954256,276.93157477814475,2.163527927954256,276.93157477814475
2,i704-o128,16,aggregated,11.090554112000001,2000,25.0,24,0,24,0,0,0.0,11.092992926,0.0,0.0,2.163527927954256,276.93157477814475
2,i704-o128,16,aggregated,11.090554112000001,2000,30.0,24,0,24,0,0,0.0,11.092992926,0.0,0.0,2.163527927954256,276.93157477814475
2,i704-o128,16,aggregated,11.090554112000001,2000,35.0,24,4,24,4,512,0.16666666666666666,11.092992926,0.36058798799237596,46.15526246302412,2.163527927954256,276.93157477814475
2,i704-o128,16,aggregated,11.090554112000001,2000,40.0,24,8,24,8,1024,0.3333333333333333,11.092992926,0.7211759759847519,92.31052492604825,2.163527927954256,276.93157477814475
2,i704-o128,16,aggregated,11.090554112000001,2000,50.0,24,24,24,24,3072,1.0,11.092992926,2.163527927954256,276.93157477814475,2.163527927954256,276.93157477814475
2,i704-o128,16,aggregated,11.090554112000001,2000,75.0,24,24,24,24,3072,1.0,11.092992926,2.163527927954256,276.93157477814475,2.163527927954256,276.93157477814475
2,i704-o128,16,aggregated,11.090554112000001,5000,25.0,24,0,24,0,0,0.0,11.092992926,0.0,0.0,2.163527927954256,276.93157477814475
2,i704-o128,16,aggregated,11.090554112000001,5000,30.0,24,0,24,0,0,0.0,11.092992926,0.0,0.0,2.163527927954256,276.93157477814475
2,i704-o128,16,aggregated,11.090554112000001,5000,35.0,24,4,24,4,512,0.16666666666666666,11.092992926,0.36058798799237596,46.15526246302412,2.163527927954256,276.93157477814475
2,i704-o128,16,aggregated,11.090554112000001,5000,40.0,24,8,24,8,1024,0.3333333333333333,11.092992926,0.7211759759847519,92.31052492604825,2.163527927954256,276.93157477814475
2,i704-o128,16,aggregated,11.090554112000001,5000,50.0,24,24,24,24,3072,1.0,11.092992926,2.163527927954256,276.93157477814475,2.163527927954256,276.93157477814475
2,i704-o128,16,aggregated,11.090554112000001,5000,75.0,24,24,24,24,3072,1.0,11.092992926,2.163527927954256,276.93157477814475,2.163527927954256,276.93157477814475
2,i704-o128,16,aggregated,11.090554112000001,10000,25.0,24,0,24,0,0,0.0,11.092992926,0.0,0.0,2.163527927954256,276.93157477814475
2,i704-o128,16,aggregated,11.090554112000001,10000,30.0,24,0,24,0,0,0.0,11.092992926,0.0,0.0,2.163527927954256,276.93157477814475
2,i704-o128,16,aggregated,11.090554112000001,10000,35.0,24,4,24,4,512,0.16666666666666666,11.092992926,0.36058798799237596,46.15526246302412,2.163527927954256,276.93157477814475
2,i704-o128,16,aggregated,11.090554112000001,10000,40.0,24,8,24,8,1024,0.3333333333333333,11.092992926,0.7211759759847519,92.31052492604825,2.163527927954256,276.93157477814475
2,i704-o128,16,aggregated,11.090554112000001,10000,50.0,24,24,24,24,3072,1.0,11.092992926,2.163527927954256,276.93157477814475,2.163527927954256,276.93157477814475
2,i704-o128,16,aggregated,11.090554112000001,10000,75.0,24,24,24,24,3072,1.0,11.092992926,2.163527927954256,276.93157477814475,2.163527927954256,276.93157477814475
2,i704-o128,16,aggregated,11.090554112000001,20000,25.0,24,0,24,0,0,0.0,11.092992926,0.0,0.0,2.163527927954256,276.93157477814475
2,i704-o128,16,aggregated,11.090554112000001,20000,30.0,24,0,24,0,0,0.0,11.092992926,0.0,0.0,2.163527927954256,276.93157477814475
2,i704-o128,16,aggregated,11.090554112000001,20000,35.0,24,4,24,4,512,0.16666666666666666,11.092992926,0.36058798799237596,46.15526246302412,2.163527927954256,276.93157477814475
2,i704-o128,16,aggregated,11.090554112000001,20000,40.0,24,8,24,8,1024,0.3333333333333333,11.092992926,0.7211759759847519,92.31052492604825,2.163527927954256,276.93157477814475
2,i704-o128,16,aggregated,11.090554112000001,20000,50.0,24,24,24,24,3072,1.0,11.092992926,2.163527927954256,276.93157477814475,2.163527927954256,276.93157477814475
2,i704-o128,16,aggregated,11.090554112000001,20000,75.0,24,24,24,24,3072,1.0,11.092992926,2.163527927954256,276.93157477814475,2.163527927954256,276.93157477814475
2,i704-o128,4,aggregated,26.640920832000003,100,25.0,24,0,0,0,0,0.0,26.643718234,0.0,0.0,0.9007751766933807,115.29922261675273
2,i704-o128,4,aggregated,26.640920832000003,100,30.0,24,0,0,0,0,0.0,26.643718234,0.0,0.0,0.9007751766933807,115.29922261675273
2,i704-o128,4,aggregated,26.640920832000003,100,35.0,24,0,0,24,0,0.0,26.643718234,0.0,0.0,0.9007751766933807,115.29922261675273
2,i704-o128,4,aggregated,26.640920832000003,100,40.0,24,0,0,24,0,0.0,26.643718234,0.0,0.0,0.9007751766933807,115.29922261675273
2,i704-o128,4,aggregated,26.640920832000003,100,50.0,24,0,0,24,0,0.0,26.643718234,0.0,0.0,0.9007751766933807,115.29922261675273
2,i704-o128,4,aggregated,26.640920832000003,100,75.0,24,0,0,24,0,0.0,26.643718234,0.0,0.0,0.9007751766933807,115.29922261675273
2,i704-o128,4,aggregated,26.640920832000003,250,25.0,24,0,22,0,0,0.0,26.643718234,0.0,0.0,0.9007751766933807,115.29922261675273
2,i704-o128,4,aggregated,26.640920832000003,250,30.0,24,0,22,0,0,0.0,26.643718234,0.0,0.0,0.9007751766933807,115.29922261675273
2,i704-o128,4,aggregated,26.640920832000003,250,35.0,24,22,22,24,2816,0.9166666666666666,26.643718234,0.8257105786355989,105.69095406535666,0.9007751766933807,115.29922261675273
2,i704-o128,4,aggregated,26.640920832000003,250,40.0,24,22,22,24,2816,0.9166666666666666,26.643718234,0.8257105786355989,105.69095406535666,0.9007751766933807,115.29922261675273
2,i704-o128,4,aggregated,26.640920832000003,250,50.0,24,22,22,24,2816,0.9166666666666666,26.643718234,0.8257105786355989,105.69095406535666,0.9007751766933807,115.29922261675273
2,i704-o128,4,aggregated,26.640920832000003,250,75.0,24,22,22,24,2816,0.9166666666666666,26.643718234,0.8257105786355989,105.69095406535666,0.9007751766933807,115.29922261675273
2,i704-o128,4,aggregated,26.640920832000003,500,25.0,24,0,24,0,0,0.0,26.643718234,0.0,0.0,0.9007751766933807,115.29922261675273
2,i704-o128,4,aggregated,26.640920832000003,500,30.0,24,0,24,0,0,0.0,26.643718234,0.0,0.0,0.9007751766933807,115.29922261675273
2,i704-o128,4,aggregated,26.640920832000003,500,35.0,24,24,24,24,3072,1.0,26.643718234,0.9007751766933807,115.29922261675273,0.9007751766933807,115.29922261675273
2,i704-o128,4,aggregated,26.640920832000003,500,40.0,24,24,24,24,3072,1.0,26.643718234,0.9007751766933807,115.29922261675273,0.9007751766933807,115.29922261675273
2,i704-o128,4,aggregated,26.640920832000003,500,50.0,24,24,24,24,3072,1.0,26.643718234,0.9007751766933807,115.29922261675273,0.9007751766933807,115.29922261675273
2,i704-o128,4,aggregated,26.640920832000003,500,75.0,24,24,24,24,3072,1.0,26.643718234,0.9007751766933807,115.29922261675273,0.9007751766933807,115.29922261675273
2,i704-o128,4,aggregated,26.640920832000003,1000,25.0,24,0,24,0,0,0.0,26.643718234,0.0,0.0,0.9007751766933807,115.29922261675273
2,i704-o128,4,aggregated,26.640920832000003,1000,30.0,24,0,24,0,0,0.0,26.643718234,0.0,0.0,0.9007751766933807,115.29922261675273
2,i704-o128,4,aggregated,26.640920832000003,1000,35.0,24,24,24,24,3072,1.0,26.643718234,0.9007751766933807,115.29922261675273,0.9007751766933807,115.29922261675273
2,i704-o128,4,aggregated,26.640920832000003,1000,40.0,24,24,24,24,3072,1.0,26.643718234,0.9007751766933807,115.29922261675273,0.9007751766933807,115.29922261675273
2,i704-o128,4,aggregated,26.640920832000003,1000,50.0,24,24,24,24,3072,1.0,26.643718234,0.9007751766933807,115.29922261675273,0.9007751766933807,115.29922261675273
2,i704-o128,4,aggregated,26.640920832000003,1000,75.0,24,24,24,24,3072,1.0,26.643718234,0.9007751766933807,115.29922261675273,0.9007751766933807,115.29922261675273
2,i704-o128,4,aggregated,26.640920832000003,2000,25.0,24,0,24,0,0,0.0,26.643718234,0.0,0.0,0.9007751766933807,115.29922261675273
2,i704-o128,4,aggregated,26.640920832000003,2000,30.0,24,0,24,0,0,0.0,26.643718234,0.0,0.0,0.9007751766933807,115.29922261675273
2,i704-o128,4,aggregated,26.640920832000003,2000,35.0,24,24,24,24,3072,1.0,26.643718234,0.9007751766933807,115.29922261675273,0.9007751766933807,115.29922261675273
2,i704-o128,4,aggregated,26.640920832000003,2000,40.0,24,24,24,24,3072,1.0,26.643718234,0.9007751766933807,115.29922261675273,0.9007751766933807,115.29922261675273
2,i704-o128,4,aggregated,26.640920832000003,2000,50.0,24,24,24,24,3072,1.0,26.643718234,0.9007751766933807,115.29922261675273,0.9007751766933807,115.29922261675273
2,i704-o128,4,aggregated,26.640920832000003,2000,75.0,24,24,24,24,3072,1.0,26.643718234,0.9007751766933807,115.29922261675273,0.9007751766933807,115.29922261675273
2,i704-o128,4,aggregated,26.640920832000003,5000,25.0,24,0,24,0,0,0.0,26.643718234,0.0,0.0,0.9007751766933807,115.29922261675273
2,i704-o128,4,aggregated,26.640920832000003,5000,30.0,24,0,24,0,0,0.0,26.643718234,0.0,0.0,0.9007751766933807,115.29922261675273
2,i704-o128,4,aggregated,26.640920832000003,5000,35.0,24,24,24,24,3072,1.0,26.643718234,0.9007751766933807,115.29922261675273,0.9007751766933807,115.29922261675273
2,i704-o128,4,aggregated,26.640920832000003,5000,40.0,24,24,24,24,3072,1.0,26.643718234,0.9007751766933807,115.29922261675273,0.9007751766933807,115.29922261675273
2,i704-o128,4,aggregated,26.640920832000003,5000,50.0,24,24,24,24,3072,1.0,26.643718234,0.9007751766933807,115.29922261675273,0.9007751766933807,115.29922261675273
2,i704-o128,4,aggregated,26.640920832000003,5000,75.0,24,24,24,24,3072,1.0,26.643718234,0.9007751766933807,115.29922261675273,0.9007751766933807,115.29922261675273
2,i704-o128,4,aggregated,26.640920832000003,10000,25.0,24,0,24,0,0,0.0,26.643718234,0.0,0.0,0.9007751766933807,115.29922261675273
2,i704-o128,4,aggregated,26.640920832000003,10000,30.0,24,0,24,0,0,0.0,26.643718234,0.0,0.0,0.9007751766933807,115.29922261675273
2,i704-o128,4,aggregated,26.640920832000003,10000,35.0,24,24,24,24,3072,1.0,26.643718234,0.9007751766933807,115.29922261675273,0.9007751766933807,115.29922261675273
2,i704-o128,4,aggregated,26.640920832000003,10000,40.0,24,24,24,24,3072,1.0,26.643718234,0.9007751766933807,115.29922261675273,0.9007751766933807,115.29922261675273
2,i704-o128,4,aggregated,26.640920832000003,10000,50.0,24,24,24,24,3072,1.0,26.643718234,0.9007751766933807,115.29922261675273,0.9007751766933807,115.29922261675273
2,i704-o128,4,aggregated,26.640920832000003,10000,75.0,24,24,24,24,3072,1.0,26.643718234,0.9007751766933807,115.29922261675273,0.9007751766933807,115.29922261675273
2,i704-o128,4,aggregated,26.640920832000003,20000,25.0,24,0,24,0,0,0.0,26.643718234,0.0,0.0,0.9007751766933807,115.29922261675273
2,i704-o128,4,aggregated,26.640920832000003,20000,30.0,24,0,24,0,0,0.0,26.643718234,0.0,0.0,0.9007751766933807,115.29922261675273
2,i704-o128,4,aggregated,26.640920832000003,20000,35.0,24,24,24,24,3072,1.0,26.643718234,0.9007751766933807,115.29922261675273,0.9007751766933807,115.29922261675273
2,i704-o128,4,aggregated,26.640920832000003,20000,40.0,24,24,24,24,3072,1.0,26.643718234,0.9007751766933807,115.29922261675273,0.9007751766933807,115.29922261675273
2,i704-o128,4,aggregated,26.640920832000003,20000,50.0,24,24,24,24,3072,1.0,26.643718234,0.9007751766933807,115.29922261675273,0.9007751766933807,115.29922261675273
2,i704-o128,4,aggregated,26.640920832000003,20000,75.0,24,24,24,24,3072,1.0,26.643718234,0.9007751766933807,115.29922261675273,0.9007751766933807,115.29922261675273
2,i704-o16,16,aggregated,1.9526543360000002,100,25.0,24,0,0,0,0,0.0,1.955641729,0.0,0.0,12.272186486975906,196.3549837916145
2,i704-o16,16,aggregated,1.9526543360000002,100,30.0,24,0,0,2,0,0.0,1.955641729,0.0,0.0,12.272186486975906,196.3549837916145
2,i704-o16,16,aggregated,1.9526543360000002,100,35.0,24,0,0,7,0,0.0,1.955641729,0.0,0.0,12.272186486975906,196.3549837916145
2,i704-o16,16,aggregated,1.9526543360000002,100,40.0,24,0,0,11,0,0.0,1.955641729,0.0,0.0,12.272186486975906,196.3549837916145
2,i704-o16,16,aggregated,1.9526543360000002,100,50.0,24,0,0,18,0,0.0,1.955641729,0.0,0.0,12.272186486975906,196.3549837916145
2,i704-o16,16,aggregated,1.9526543360000002,100,75.0,24,0,0,24,0,0.0,1.955641729,0.0,0.0,12.272186486975906,196.3549837916145
2,i704-o16,16,aggregated,1.9526543360000002,250,25.0,24,0,3,0,0,0.0,1.955641729,0.0,0.0,12.272186486975906,196.3549837916145
2,i704-o16,16,aggregated,1.9526543360000002,250,30.0,24,0,3,2,0,0.0,1.955641729,0.0,0.0,12.272186486975906,196.3549837916145
2,i704-o16,16,aggregated,1.9526543360000002,250,35.0,24,0,3,7,0,0.0,1.955641729,0.0,0.0,12.272186486975906,196.3549837916145
2,i704-o16,16,aggregated,1.9526543360000002,250,40.0,24,0,3,11,0,0.0,1.955641729,0.0,0.0,12.272186486975906,196.3549837916145
2,i704-o16,16,aggregated,1.9526543360000002,250,50.0,24,2,3,18,32,0.08333333333333333,1.955641729,1.0226822072479922,16.362915315967875,12.272186486975906,196.3549837916145
2,i704-o16,16,aggregated,1.9526543360000002,250,75.0,24,3,3,24,48,0.125,1.955641729,1.5340233108719883,24.544372973951813,12.272186486975906,196.3549837916145
2,i704-o16,16,aggregated,1.9526543360000002,500,25.0,24,0,15,0,0,0.0,1.955641729,0.0,0.0,12.272186486975906,196.3549837916145
2,i704-o16,16,aggregated,1.9526543360000002,500,30.0,24,2,15,2,32,0.08333333333333333,1.955641729,1.0226822072479922,16.362915315967875,12.272186486975906,196.3549837916145
2,i704-o16,16,aggregated,1.9526543360000002,500,35.0,24,6,15,7,96,0.25,1.955641729,3.0680466217439766,49.088745947903625,12.272186486975906,196.3549837916145
2,i704-o16,16,aggregated,1.9526543360000002,500,40.0,24,9,15,11,144,0.375,1.955641729,4.602069932615965,73.63311892185544,12.272186486975906,196.3549837916145
2,i704-o16,16,aggregated,1.9526543360000002,500,50.0,24,12,15,18,192,0.5,1.955641729,6.136093243487953,98.17749189580725,12.272186486975906,196.3549837916145
2,i704-o16,16,aggregated,1.9526543360000002,500,75.0,24,15,15,24,240,0.625,1.955641729,7.670116554359942,122.72186486975907,12.272186486975906,196.3549837916145
2,i704-o16,16,aggregated,1.9526543360000002,1000,25.0,24,0,24,0,0,0.0,1.955641729,0.0,0.0,12.272186486975906,196.3549837916145
2,i704-o16,16,aggregated,1.9526543360000002,1000,30.0,24,2,24,2,32,0.08333333333333333,1.955641729,1.0226822072479922,16.362915315967875,12.272186486975906,196.3549837916145
2,i704-o16,16,aggregated,1.9526543360000002,1000,35.0,24,7,24,7,112,0.2916666666666667,1.955641729,3.579387725367973,57.270203605887566,12.272186486975906,196.3549837916145
2,i704-o16,16,aggregated,1.9526543360000002,1000,40.0,24,11,24,11,176,0.4583333333333333,1.955641729,5.624752139863958,89.99603423782332,12.272186486975906,196.3549837916145
2,i704-o16,16,aggregated,1.9526543360000002,1000,50.0,24,18,24,18,288,0.75,1.955641729,9.20413986523193,147.26623784371088,12.272186486975906,196.3549837916145
2,i704-o16,16,aggregated,1.9526543360000002,1000,75.0,24,24,24,24,384,1.0,1.955641729,12.272186486975906,196.3549837916145,12.272186486975906,196.3549837916145
2,i704-o16,16,aggregated,1.9526543360000002,2000,25.0,24,0,24,0,0,0.0,1.955641729,0.0,0.0,12.272186486975906,196.3549837916145
2,i704-o16,16,aggregated,1.9526543360000002,2000,30.0,24,2,24,2,32,0.08333333333333333,1.955641729,1.0226822072479922,16.362915315967875,12.272186486975906,196.3549837916145
2,i704-o16,16,aggregated,1.9526543360000002,2000,35.0,24,7,24,7,112,0.2916666666666667,1.955641729,3.579387725367973,57.270203605887566,12.272186486975906,196.3549837916145
2,i704-o16,16,aggregated,1.9526543360000002,2000,40.0,24,11,24,11,176,0.4583333333333333,1.955641729,5.624752139863958,89.99603423782332,12.272186486975906,196.3549837916145
2,i704-o16,16,aggregated,1.9526543360000002,2000,50.0,24,18,24,18,288,0.75,1.955641729,9.20413986523193,147.26623784371088,12.272186486975906,196.3549837916145
2,i704-o16,16,aggregated,1.9526543360000002,2000,75.0,24,24,24,24,384,1.0,1.955641729,12.272186486975906,196.3549837916145,12.272186486975906,196.3549837916145
2,i704-o16,16,aggregated,1.9526543360000002,5000,25.0,24,0,24,0,0,0.0,1.955641729,0.0,0.0,12.272186486975906,196.3549837916145
2,i704-o16,16,aggregated,1.9526543360000002,5000,30.0,24,2,24,2,32,0.08333333333333333,1.955641729,1.0226822072479922,16.362915315967875,12.272186486975906,196.3549837916145
2,i704-o16,16,aggregated,1.9526543360000002,5000,35.0,24,7,24,7,112,0.2916666666666667,1.955641729,3.579387725367973,57.270203605887566,12.272186486975906,196.3549837916145
2,i704-o16,16,aggregated,1.9526543360000002,5000,40.0,24,11,24,11,176,0.4583333333333333,1.955641729,5.624752139863958,89.99603423782332,12.272186486975906,196.3549837916145
2,i704-o16,16,aggregated,1.9526543360000002,5000,50.0,24,18,24,18,288,0.75,1.955641729,9.20413986523193,147.26623784371088,12.272186486975906,196.3549837916145
2,i704-o16,16,aggregated,1.9526543360000002,5000,75.0,24,24,24,24,384,1.0,1.955641729,12.272186486975906,196.3549837916145,12.272186486975906,196.3549837916145
2,i704-o16,16,aggregated,1.9526543360000002,10000,25.0,24,0,24,0,0,0.0,1.955641729,0.0,0.0,12.272186486975906,196.3549837916145
2,i704-o16,16,aggregated,1.9526543360000002,10000,30.0,24,2,24,2,32,0.08333333333333333,1.955641729,1.0226822072479922,16.362915315967875,12.272186486975906,196.3549837916145
2,i704-o16,16,aggregated,1.9526543360000002,10000,35.0,24,7,24,7,112,0.2916666666666667,1.955641729,3.579387725367973,57.270203605887566,12.272186486975906,196.3549837916145
2,i704-o16,16,aggregated,1.9526543360000002,10000,40.0,24,11,24,11,176,0.4583333333333333,1.955641729,5.624752139863958,89.99603423782332,12.272186486975906,196.3549837916145
2,i704-o16,16,aggregated,1.9526543360000002,10000,50.0,24,18,24,18,288,0.75,1.955641729,9.20413986523193,147.26623784371088,12.272186486975906,196.3549837916145
2,i704-o16,16,aggregated,1.9526543360000002,10000,75.0,24,24,24,24,384,1.0,1.955641729,12.272186486975906,196.3549837916145,12.272186486975906,196.3549837916145
2,i704-o16,16,aggregated,1.9526543360000002,20000,25.0,24,0,24,0,0,0.0,1.955641729,0.0,0.0,12.272186486975906,196.3549837916145
2,i704-o16,16,aggregated,1.9526543360000002,20000,30.0,24,2,24,2,32,0.08333333333333333,1.955641729,1.0226822072479922,16.362915315967875,12.272186486975906,196.3549837916145
2,i704-o16,16,aggregated,1.9526543360000002,20000,35.0,24,7,24,7,112,0.2916666666666667,1.955641729,3.579387725367973,57.270203605887566,12.272186486975906,196.3549837916145
2,i704-o16,16,aggregated,1.9526543360000002,20000,40.0,24,11,24,11,176,0.4583333333333333,1.955641729,5.624752139863958,89.99603423782332,12.272186486975906,196.3549837916145
2,i704-o16,16,aggregated,1.9526543360000002,20000,50.0,24,18,24,18,288,0.75,1.955641729,9.20413986523193,147.26623784371088,12.272186486975906,196.3549837916145
2,i704-o16,16,aggregated,1.9526543360000002,20000,75.0,24,24,24,24,384,1.0,1.955641729,12.272186486975906,196.3549837916145,12.272186486975906,196.3549837916145
2,i704-o16,4,aggregated,3.7684300800000003,100,25.0,24,0,0,3,0,0.0,3.7714422710000006,0.0,0.0,6.363613248052285,101.81781196883657
2,i704-o16,4,aggregated,3.7684300800000003,100,30.0,24,0,0,11,0,0.0,3.7714422710000006,0.0,0.0,6.363613248052285,101.81781196883657
2,i704-o16,4,aggregated,3.7684300800000003,100,35.0,24,0,0,24,0,0.0,3.7714422710000006,0.0,0.0,6.363613248052285,101.81781196883657
2,i704-o16,4,aggregated,3.7684300800000003,100,40.0,24,0,0,24,0,0.0,3.7714422710000006,0.0,0.0,6.363613248052285,101.81781196883657
2,i704-o16,4,aggregated,3.7684300800000003,100,50.0,24,0,0,24,0,0.0,3.7714422710000006,0.0,0.0,6.363613248052285,101.81781196883657
2,i704-o16,4,aggregated,3.7684300800000003,100,75.0,24,0,0,24,0,0.0,3.7714422710000006,0.0,0.0,6.363613248052285,101.81781196883657
2,i704-o16,4,aggregated,3.7684300800000003,250,25.0,24,1,21,3,16,0.041666666666666664,3.7714422710000006,0.2651505520021785,4.242408832034856,6.363613248052285,101.81781196883657
2,i704-o16,4,aggregated,3.7684300800000003,250,30.0,24,8,21,11,128,0.3333333333333333,3.7714422710000006,2.121204416017428,33.93927065627885,6.363613248052285,101.81781196883657
2,i704-o16,4,aggregated,3.7684300800000003,250,35.0,24,21,21,24,336,0.875,3.7714422710000006,5.568161592045749,89.09058547273199,6.363613248052285,101.81781196883657
2,i704-o16,4,aggregated,3.7684300800000003,250,40.0,24,21,21,24,336,0.875,3.7714422710000006,5.568161592045749,89.09058547273199,6.363613248052285,101.81781196883657
2,i704-o16,4,aggregated,3.7684300800000003,250,50.0,24,21,21,24,336,0.875,3.7714422710000006,5.568161592045749,89.09058547273199,6.363613248052285,101.81781196883657
2,i704-o16,4,aggregated,3.7684300800000003,250,75.0,24,21,21,24,336,0.875,3.7714422710000006,5.568161592045749,89.09058547273199,6.363613248052285,101.81781196883657
2,i704-o16,4,aggregated,3.7684300800000003,500,25.0,24,3,24,3,48,0.125,3.7714422710000006,0.7954516560065357,12.72722649610457,6.363613248052285,101.81781196883657
2,i704-o16,4,aggregated,3.7684300800000003,500,30.0,24,11,24,11,176,0.4583333333333333,3.7714422710000006,2.916656072023964,46.66649715238342,6.363613248052285,101.81781196883657
2,i704-o16,4,aggregated,3.7684300800000003,500,35.0,24,24,24,24,384,1.0,3.7714422710000006,6.363613248052285,101.81781196883657,6.363613248052285,101.81781196883657
2,i704-o16,4,aggregated,3.7684300800000003,500,40.0,24,24,24,24,384,1.0,3.7714422710000006,6.363613248052285,101.81781196883657,6.363613248052285,101.81781196883657
2,i704-o16,4,aggregated,3.7684300800000003,500,50.0,24,24,24,24,384,1.0,3.7714422710000006,6.363613248052285,101.81781196883657,6.363613248052285,101.81781196883657
2,i704-o16,4,aggregated,3.7684300800000003,500,75.0,24,24,24,24,384,1.0,3.7714422710000006,6.363613248052285,101.81781196883657,6.363613248052285,101.81781196883657
2,i704-o16,4,aggregated,3.7684300800000003,1000,25.0,24,3,24,3,48,0.125,3.7714422710000006,0.7954516560065357,12.72722649610457,6.363613248052285,101.81781196883657
2,i704-o16,4,aggregated,3.7684300800000003,1000,30.0,24,11,24,11,176,0.4583333333333333,3.7714422710000006,2.916656072023964,46.66649715238342,6.363613248052285,101.81781196883657
2,i704-o16,4,aggregated,3.7684300800000003,1000,35.0,24,24,24,24,384,1.0,3.7714422710000006,6.363613248052285,101.81781196883657,6.363613248052285,101.81781196883657
2,i704-o16,4,aggregated,3.7684300800000003,1000,40.0,24,24,24,24,384,1.0,3.7714422710000006,6.363613248052285,101.81781196883657,6.363613248052285,101.81781196883657
2,i704-o16,4,aggregated,3.7684300800000003,1000,50.0,24,24,24,24,384,1.0,3.7714422710000006,6.363613248052285,101.81781196883657,6.363613248052285,101.81781196883657
2,i704-o16,4,aggregated,3.7684300800000003,1000,75.0,24,24,24,24,384,1.0,3.7714422710000006,6.363613248052285,101.81781196883657,6.363613248052285,101.81781196883657
2,i704-o16,4,aggregated,3.7684300800000003,2000,25.0,24,3,24,3,48,0.125,3.7714422710000006,0.7954516560065357,12.72722649610457,6.363613248052285,101.81781196883657
2,i704-o16,4,aggregated,3.7684300800000003,2000,30.0,24,11,24,11,176,0.4583333333333333,3.7714422710000006,2.916656072023964,46.66649715238342,6.363613248052285,101.81781196883657
2,i704-o16,4,aggregated,3.7684300800000003,2000,35.0,24,24,24,24,384,1.0,3.7714422710000006,6.363613248052285,101.81781196883657,6.363613248052285,101.81781196883657
2,i704-o16,4,aggregated,3.7684300800000003,2000,40.0,24,24,24,24,384,1.0,3.7714422710000006,6.363613248052285,101.81781196883657,6.363613248052285,101.81781196883657
2,i704-o16,4,aggregated,3.7684300800000003,2000,50.0,24,24,24,24,384,1.0,3.7714422710000006,6.363613248052285,101.81781196883657,6.363613248052285,101.81781196883657
2,i704-o16,4,aggregated,3.7684300800000003,2000,75.0,24,24,24,24,384,1.0,3.7714422710000006,6.363613248052285,101.81781196883657,6.363613248052285,101.81781196883657
2,i704-o16,4,aggregated,3.7684300800000003,5000,25.0,24,3,24,3,48,0.125,3.7714422710000006,0.7954516560065357,12.72722649610457,6.363613248052285,101.81781196883657
2,i704-o16,4,aggregated,3.7684300800000003,5000,30.0,24,11,24,11,176,0.4583333333333333,3.7714422710000006,2.916656072023964,46.66649715238342,6.363613248052285,101.81781196883657
2,i704-o16,4,aggregated,3.7684300800000003,5000,35.0,24,24,24,24,384,1.0,3.7714422710000006,6.363613248052285,101.81781196883657,6.363613248052285,101.81781196883657
2,i704-o16,4,aggregated,3.7684300800000003,5000,40.0,24,24,24,24,384,1.0,3.7714422710000006,6.363613248052285,101.81781196883657,6.363613248052285,101.81781196883657
2,i704-o16,4,aggregated,3.7684300800000003,5000,50.0,24,24,24,24,384,1.0,3.7714422710000006,6.363613248052285,101.81781196883657,6.363613248052285,101.81781196883657
2,i704-o16,4,aggregated,3.7684300800000003,5000,75.0,24,24,24,24,384,1.0,3.7714422710000006,6.363613248052285,101.81781196883657,6.363613248052285,101.81781196883657
2,i704-o16,4,aggregated,3.7684300800000003,10000,25.0,24,3,24,3,48,0.125,3.7714422710000006,0.7954516560065357,12.72722649610457,6.363613248052285,101.81781196883657
2,i704-o16,4,aggregated,3.7684300800000003,10000,30.0,24,11,24,11,176,0.4583333333333333,3.7714422710000006,2.916656072023964,46.66649715238342,6.363613248052285,101.81781196883657
2,i704-o16,4,aggregated,3.7684300800000003,10000,35.0,24,24,24,24,384,1.0,3.7714422710000006,6.363613248052285,101.81781196883657,6.363613248052285,101.81781196883657
2,i704-o16,4,aggregated,3.7684300800000003,10000,40.0,24,24,24,24,384,1.0,3.7714422710000006,6.363613248052285,101.81781196883657,6.363613248052285,101.81781196883657
2,i704-o16,4,aggregated,3.7684300800000003,10000,50.0,24,24,24,24,384,1.0,3.7714422710000006,6.363613248052285,101.81781196883657,6.363613248052285,101.81781196883657
2,i704-o16,4,aggregated,3.7684300800000003,10000,75.0,24,24,24,24,384,1.0,3.7714422710000006,6.363613248052285,101.81781196883657,6.363613248052285,101.81781196883657
2,i704-o16,4,aggregated,3.7684300800000003,20000,25.0,24,3,24,3,48,0.125,3.7714422710000006,0.7954516560065357,12.72722649610457,6.363613248052285,101.81781196883657
2,i704-o16,4,aggregated,3.7684300800000003,20000,30.0,24,11,24,11,176,0.4583333333333333,3.7714422710000006,2.916656072023964,46.66649715238342,6.363613248052285,101.81781196883657
2,i704-o16,4,aggregated,3.7684300800000003,20000,35.0,24,24,24,24,384,1.0,3.7714422710000006,6.363613248052285,101.81781196883657,6.363613248052285,101.81781196883657
2,i704-o16,4,aggregated,3.7684300800000003,20000,40.0,24,24,24,24,384,1.0,3.7714422710000006,6.363613248052285,101.81781196883657,6.363613248052285,101.81781196883657
2,i704-o16,4,aggregated,3.7684300800000003,20000,50.0,24,24,24,24,384,1.0,3.7714422710000006,6.363613248052285,101.81781196883657,6.363613248052285,101.81781196883657
2,i704-o16,4,aggregated,3.7684300800000003,20000,75.0,24,24,24,24,384,1.0,3.7714422710000006,6.363613248052285,101.81781196883657,6.363613248052285,101.81781196883657
2,mixed,16,aggregated,7.664130304,100,25.0,24,0,1,0,0,0.0,7.667529908000001,0.0,0.0,3.130082345679453,283.79413267493703
2,mixed,16,aggregated,7.664130304,100,30.0,24,0,1,0,0,0.0,7.667529908000001,0.0,0.0,3.130082345679453,283.79413267493703
2,mixed,16,aggregated,7.664130304,100,35.0,24,0,1,0,0,0.0,7.667529908000001,0.0,0.0,3.130082345679453,283.79413267493703
2,mixed,16,aggregated,7.664130304,100,40.0,24,1,1,7,128,0.041666666666666664,7.667529908000001,0.13042009773664387,16.693772510290415,3.130082345679453,283.79413267493703
2,mixed,16,aggregated,7.664130304,100,50.0,24,1,1,24,128,0.041666666666666664,7.667529908000001,0.13042009773664387,16.693772510290415,3.130082345679453,283.79413267493703
2,mixed,16,aggregated,7.664130304,100,75.0,24,1,1,24,128,0.041666666666666664,7.667529908000001,0.13042009773664387,16.693772510290415,3.130082345679453,283.79413267493703
2,mixed,16,aggregated,7.664130304,250,25.0,24,0,14,0,0,0.0,7.667529908000001,0.0,0.0,3.130082345679453,283.79413267493703
2,mixed,16,aggregated,7.664130304,250,30.0,24,0,14,0,0,0.0,7.667529908000001,0.0,0.0,3.130082345679453,283.79413267493703
2,mixed,16,aggregated,7.664130304,250,35.0,24,0,14,0,0,0.0,7.667529908000001,0.0,0.0,3.130082345679453,283.79413267493703
2,mixed,16,aggregated,7.664130304,250,40.0,24,5,14,7,640,0.20833333333333334,7.667529908000001,0.6521004886832193,83.46886255145208,3.130082345679453,283.79413267493703
2,mixed,16,aggregated,7.664130304,250,50.0,24,14,14,24,1792,0.5833333333333334,7.667529908000001,1.8258813683130142,233.71281514406581,3.130082345679453,283.79413267493703
2,mixed,16,aggregated,7.664130304,250,75.0,24,14,14,24,1792,0.5833333333333334,7.667529908000001,1.8258813683130142,233.71281514406581,3.130082345679453,283.79413267493703
2,mixed,16,aggregated,7.664130304,500,25.0,24,0,23,0,0,0.0,7.667529908000001,0.0,0.0,3.130082345679453,283.79413267493703
2,mixed,16,aggregated,7.664130304,500,30.0,24,0,23,0,0,0.0,7.667529908000001,0.0,0.0,3.130082345679453,283.79413267493703
2,mixed,16,aggregated,7.664130304,500,35.0,24,0,23,0,0,0.0,7.667529908000001,0.0,0.0,3.130082345679453,283.79413267493703
2,mixed,16,aggregated,7.664130304,500,40.0,24,7,23,7,672,0.2916666666666667,7.667529908000001,0.9129406841565071,87.64230567902467,3.130082345679453,283.79413267493703
2,mixed,16,aggregated,7.664130304,500,50.0,24,23,23,24,2160,0.9583333333333334,7.667529908000001,2.999662247942809,281.70741111115075,3.130082345679453,283.79413267493703
2,mixed,16,aggregated,7.664130304,500,75.0,24,23,23,24,2160,0.9583333333333334,7.667529908000001,2.999662247942809,281.70741111115075,3.130082345679453,283.79413267493703
2,mixed,16,aggregated,7.664130304,1000,25.0,24,0,24,0,0,0.0,7.667529908000001,0.0,0.0,3.130082345679453,283.79413267493703
2,mixed,16,aggregated,7.664130304,1000,30.0,24,0,24,0,0,0.0,7.667529908000001,0.0,0.0,3.130082345679453,283.79413267493703
2,mixed,16,aggregated,7.664130304,1000,35.0,24,0,24,0,0,0.0,7.667529908000001,0.0,0.0,3.130082345679453,283.79413267493703
2,mixed,16,aggregated,7.664130304,1000,40.0,24,7,24,7,672,0.2916666666666667,7.667529908000001,0.9129406841565071,87.64230567902467,3.130082345679453,283.79413267493703
2,mixed,16,aggregated,7.664130304,1000,50.0,24,24,24,24,2176,1.0,7.667529908000001,3.130082345679453,283.79413267493703,3.130082345679453,283.79413267493703
2,mixed,16,aggregated,7.664130304,1000,75.0,24,24,24,24,2176,1.0,7.667529908000001,3.130082345679453,283.79413267493703,3.130082345679453,283.79413267493703
2,mixed,16,aggregated,7.664130304,2000,25.0,24,0,24,0,0,0.0,7.667529908000001,0.0,0.0,3.130082345679453,283.79413267493703
2,mixed,16,aggregated,7.664130304,2000,30.0,24,0,24,0,0,0.0,7.667529908000001,0.0,0.0,3.130082345679453,283.79413267493703
2,mixed,16,aggregated,7.664130304,2000,35.0,24,0,24,0,0,0.0,7.667529908000001,0.0,0.0,3.130082345679453,283.79413267493703
2,mixed,16,aggregated,7.664130304,2000,40.0,24,7,24,7,672,0.2916666666666667,7.667529908000001,0.9129406841565071,87.64230567902467,3.130082345679453,283.79413267493703
2,mixed,16,aggregated,7.664130304,2000,50.0,24,24,24,24,2176,1.0,7.667529908000001,3.130082345679453,283.79413267493703,3.130082345679453,283.79413267493703
2,mixed,16,aggregated,7.664130304,2000,75.0,24,24,24,24,2176,1.0,7.667529908000001,3.130082345679453,283.79413267493703,3.130082345679453,283.79413267493703
2,mixed,16,aggregated,7.664130304,5000,25.0,24,0,24,0,0,0.0,7.667529908000001,0.0,0.0,3.130082345679453,283.79413267493703
2,mixed,16,aggregated,7.664130304,5000,30.0,24,0,24,0,0,0.0,7.667529908000001,0.0,0.0,3.130082345679453,283.79413267493703
2,mixed,16,aggregated,7.664130304,5000,35.0,24,0,24,0,0,0.0,7.667529908000001,0.0,0.0,3.130082345679453,283.79413267493703
2,mixed,16,aggregated,7.664130304,5000,40.0,24,7,24,7,672,0.2916666666666667,7.667529908000001,0.9129406841565071,87.64230567902467,3.130082345679453,283.79413267493703
2,mixed,16,aggregated,7.664130304,5000,50.0,24,24,24,24,2176,1.0,7.667529908000001,3.130082345679453,283.79413267493703,3.130082345679453,283.79413267493703
2,mixed,16,aggregated,7.664130304,5000,75.0,24,24,24,24,2176,1.0,7.667529908000001,3.130082345679453,283.79413267493703,3.130082345679453,283.79413267493703
2,mixed,16,aggregated,7.664130304,10000,25.0,24,0,24,0,0,0.0,7.667529908000001,0.0,0.0,3.130082345679453,283.79413267493703
2,mixed,16,aggregated,7.664130304,10000,30.0,24,0,24,0,0,0.0,7.667529908000001,0.0,0.0,3.130082345679453,283.79413267493703
2,mixed,16,aggregated,7.664130304,10000,35.0,24,0,24,0,0,0.0,7.667529908000001,0.0,0.0,3.130082345679453,283.79413267493703
2,mixed,16,aggregated,7.664130304,10000,40.0,24,7,24,7,672,0.2916666666666667,7.667529908000001,0.9129406841565071,87.64230567902467,3.130082345679453,283.79413267493703
2,mixed,16,aggregated,7.664130304,10000,50.0,24,24,24,24,2176,1.0,7.667529908000001,3.130082345679453,283.79413267493703,3.130082345679453,283.79413267493703
2,mixed,16,aggregated,7.664130304,10000,75.0,24,24,24,24,2176,1.0,7.667529908000001,3.130082345679453,283.79413267493703,3.130082345679453,283.79413267493703
2,mixed,16,aggregated,7.664130304,20000,25.0,24,0,24,0,0,0.0,7.667529908000001,0.0,0.0,3.130082345679453,283.79413267493703
2,mixed,16,aggregated,7.664130304,20000,30.0,24,0,24,0,0,0.0,7.667529908000001,0.0,0.0,3.130082345679453,283.79413267493703
2,mixed,16,aggregated,7.664130304,20000,35.0,24,0,24,0,0,0.0,7.667529908000001,0.0,0.0,3.130082345679453,283.79413267493703
2,mixed,16,aggregated,7.664130304,20000,40.0,24,7,24,7,672,0.2916666666666667,7.667529908000001,0.9129406841565071,87.64230567902467,3.130082345679453,283.79413267493703
2,mixed,16,aggregated,7.664130304,20000,50.0,24,24,24,24,2176,1.0,7.667529908000001,3.130082345679453,283.79413267493703,3.130082345679453,283.79413267493703
2,mixed,16,aggregated,7.664130304,20000,75.0,24,24,24,24,2176,1.0,7.667529908000001,3.130082345679453,283.79413267493703,3.130082345679453,283.79413267493703
2,mixed,4,aggregated,19.722414592,100,25.0,24,0,9,0,0,0.0,19.725170435000003,0.0,0.0,1.216719524887593,110.31590358980843
2,mixed,4,aggregated,19.722414592,100,30.0,24,0,9,5,0,0.0,19.725170435000003,0.0,0.0,1.216719524887593,110.31590358980843
2,mixed,4,aggregated,19.722414592,100,35.0,24,8,9,22,1024,0.3333333333333333,19.725170435000003,0.40557317496253104,51.91336639520397,1.216719524887593,110.31590358980843
2,mixed,4,aggregated,19.722414592,100,40.0,24,9,9,24,1152,0.375,19.725170435000003,0.45626982183284737,58.40253719460446,1.216719524887593,110.31590358980843
2,mixed,4,aggregated,19.722414592,100,50.0,24,9,9,24,1152,0.375,19.725170435000003,0.45626982183284737,58.40253719460446,1.216719524887593,110.31590358980843
2,mixed,4,aggregated,19.722414592,100,75.0,24,9,9,24,1152,0.375,19.725170435000003,0.45626982183284737,58.40253719460446,1.216719524887593,110.31590358980843
2,mixed,4,aggregated,19.722414592,250,25.0,24,0,23,0,0,0.0,19.725170435000003,0.0,0.0,1.216719524887593,110.31590358980843
2,mixed,4,aggregated,19.722414592,250,30.0,24,4,23,5,64,0.16666666666666666,19.725170435000003,0.20278658748126552,3.2445853997002483,1.216719524887593,110.31590358980843
2,mixed,4,aggregated,19.722414592,250,35.0,24,21,23,22,1904,0.875,19.725170435000003,1.064629584276644,96.52641564108238,1.216719524887593,110.31590358980843
2,mixed,4,aggregated,19.722414592,250,40.0,24,23,23,24,2160,0.9583333333333334,19.725170435000003,1.1660228780172766,109.50475723988338,1.216719524887593,110.31590358980843
2,mixed,4,aggregated,19.722414592,250,50.0,24,23,23,24,2160,0.9583333333333334,19.725170435000003,1.1660228780172766,109.50475723988338,1.216719524887593,110.31590358980843
2,mixed,4,aggregated,19.722414592,250,75.0,24,23,23,24,2160,0.9583333333333334,19.725170435000003,1.1660228780172766,109.50475723988338,1.216719524887593,110.31590358980843
2,mixed,4,aggregated,19.722414592,500,25.0,24,0,24,0,0,0.0,19.725170435000003,0.0,0.0,1.216719524887593,110.31590358980843
2,mixed,4,aggregated,19.722414592,500,30.0,24,5,24,5,80,0.20833333333333334,19.725170435000003,0.2534832343515819,4.05573174962531,1.216719524887593,110.31590358980843
2,mixed,4,aggregated,19.722414592,500,35.0,24,22,24,22,1920,0.9166666666666666,19.725170435000003,1.1153262311469603,97.33756199100745,1.216719524887593,110.31590358980843
2,mixed,4,aggregated,19.722414592,500,40.0,24,24,24,24,2176,1.0,19.725170435000003,1.216719524887593,110.31590358980843,1.216719524887593,110.31590358980843
2,mixed,4,aggregated,19.722414592,500,50.0,24,24,24,24,2176,1.0,19.725170435000003,1.216719524887593,110.31590358980843,1.216719524887593,110.31590358980843
2,mixed,4,aggregated,19.722414592,500,75.0,24,24,24,24,2176,1.0,19.725170435000003,1.216719524887593,110.31590358980843,1.216719524887593,110.31590358980843
2,mixed,4,aggregated,19.722414592,1000,25.0,24,0,24,0,0,0.0,19.725170435000003,0.0,0.0,1.216719524887593,110.31590358980843
2,mixed,4,aggregated,19.722414592,1000,30.0,24,5,24,5,80,0.20833333333333334,19.725170435000003,0.2534832343515819,4.05573174962531,1.216719524887593,110.31590358980843
2,mixed,4,aggregated,19.722414592,1000,35.0,24,22,24,22,1920,0.9166666666666666,19.725170435000003,1.1153262311469603,97.33756199100745,1.216719524887593,110.31590358980843
2,mixed,4,aggregated,19.722414592,1000,40.0,24,24,24,24,2176,1.0,19.725170435000003,1.216719524887593,110.31590358980843,1.216719524887593,110.31590358980843
2,mixed,4,aggregated,19.722414592,1000,50.0,24,24,24,24,2176,1.0,19.725170435000003,1.216719524887593,110.31590358980843,1.216719524887593,110.31590358980843
2,mixed,4,aggregated,19.722414592,1000,75.0,24,24,24,24,2176,1.0,19.725170435000003,1.216719524887593,110.31590358980843,1.216719524887593,110.31590358980843
2,mixed,4,aggregated,19.722414592,2000,25.0,24,0,24,0,0,0.0,19.725170435000003,0.0,0.0,1.216719524887593,110.31590358980843
2,mixed,4,aggregated,19.722414592,2000,30.0,24,5,24,5,80,0.20833333333333334,19.725170435000003,0.2534832343515819,4.05573174962531,1.216719524887593,110.31590358980843
2,mixed,4,aggregated,19.722414592,2000,35.0,24,22,24,22,1920,0.9166666666666666,19.725170435000003,1.1153262311469603,97.33756199100745,1.216719524887593,110.31590358980843
2,mixed,4,aggregated,19.722414592,2000,40.0,24,24,24,24,2176,1.0,19.725170435000003,1.216719524887593,110.31590358980843,1.216719524887593,110.31590358980843
2,mixed,4,aggregated,19.722414592,2000,50.0,24,24,24,24,2176,1.0,19.725170435000003,1.216719524887593,110.31590358980843,1.216719524887593,110.31590358980843
2,mixed,4,aggregated,19.722414592,2000,75.0,24,24,24,24,2176,1.0,19.725170435000003,1.216719524887593,110.31590358980843,1.216719524887593,110.31590358980843
2,mixed,4,aggregated,19.722414592,5000,25.0,24,0,24,0,0,0.0,19.725170435000003,0.0,0.0,1.216719524887593,110.31590358980843
2,mixed,4,aggregated,19.722414592,5000,30.0,24,5,24,5,80,0.20833333333333334,19.725170435000003,0.2534832343515819,4.05573174962531,1.216719524887593,110.31590358980843
2,mixed,4,aggregated,19.722414592,5000,35.0,24,22,24,22,1920,0.9166666666666666,19.725170435000003,1.1153262311469603,97.33756199100745,1.216719524887593,110.31590358980843
2,mixed,4,aggregated,19.722414592,5000,40.0,24,24,24,24,2176,1.0,19.725170435000003,1.216719524887593,110.31590358980843,1.216719524887593,110.31590358980843
2,mixed,4,aggregated,19.722414592,5000,50.0,24,24,24,24,2176,1.0,19.725170435000003,1.216719524887593,110.31590358980843,1.216719524887593,110.31590358980843
2,mixed,4,aggregated,19.722414592,5000,75.0,24,24,24,24,2176,1.0,19.725170435000003,1.216719524887593,110.31590358980843,1.216719524887593,110.31590358980843
2,mixed,4,aggregated,19.722414592,10000,25.0,24,0,24,0,0,0.0,19.725170435000003,0.0,0.0,1.216719524887593,110.31590358980843
2,mixed,4,aggregated,19.722414592,10000,30.0,24,5,24,5,80,0.20833333333333334,19.725170435000003,0.2534832343515819,4.05573174962531,1.216719524887593,110.31590358980843
2,mixed,4,aggregated,19.722414592,10000,35.0,24,22,24,22,1920,0.9166666666666666,19.725170435000003,1.1153262311469603,97.33756199100745,1.216719524887593,110.31590358980843
2,mixed,4,aggregated,19.722414592,10000,40.0,24,24,24,24,2176,1.0,19.725170435000003,1.216719524887593,110.31590358980843,1.216719524887593,110.31590358980843
2,mixed,4,aggregated,19.722414592,10000,50.0,24,24,24,24,2176,1.0,19.725170435000003,1.216719524887593,110.31590358980843,1.216719524887593,110.31590358980843
2,mixed,4,aggregated,19.722414592,10000,75.0,24,24,24,24,2176,1.0,19.725170435000003,1.216719524887593,110.31590358980843,1.216719524887593,110.31590358980843
2,mixed,4,aggregated,19.722414592,20000,25.0,24,0,24,0,0,0.0,19.725170435000003,0.0,0.0,1.216719524887593,110.31590358980843
2,mixed,4,aggregated,19.722414592,20000,30.0,24,5,24,5,80,0.20833333333333334,19.725170435000003,0.2534832343515819,4.05573174962531,1.216719524887593,110.31590358980843
2,mixed,4,aggregated,19.722414592,20000,35.0,24,22,24,22,1920,0.9166666666666666,19.725170435000003,1.1153262311469603,97.33756199100745,1.216719524887593,110.31590358980843
2,mixed,4,aggregated,19.722414592,20000,40.0,24,24,24,24,2176,1.0,19.725170435000003,1.216719524887593,110.31590358980843,1.216719524887593,110.31590358980843
2,mixed,4,aggregated,19.722414592,20000,50.0,24,24,24,24,2176,1.0,19.725170435000003,1.216719524887593,110.31590358980843,1.216719524887593,110.31590358980843
2,mixed,4,aggregated,19.722414592,20000,75.0,24,24,24,24,2176,1.0,19.725170435000003,1.216719524887593,110.31590358980843,1.216719524887593,110.31590358980843
