ttft_slo_ms,tpot_slo_ms,workload,concurrency,mode,repetitions,requests,good_requests,ttft_pass,tpot_pass,min_repetition_attainment,attainment,request_goodput,request_goodput_std,token_goodput,token_goodput_std,request_throughput,request_throughput_std,token_throughput,token_throughput_std
100,25.0,i64-o128,4,aggregated,2,48,0,26,0,0.0,0.0,0.0,0.0,0.0,0.0,0.9399557516412358,0.004294618894272414,120.31433621007818,0.549711218466869
100,25.0,i64-o128,4,disaggregated,2,48,0,0,0,0.0,0.0,0.0,0.0,0.0,0.0,0.8801834378355037,0.010845852460193001,112.66348004294447,1.3882691149047042
100,25.0,i64-o128,16,aggregated,2,48,0,5,0,0.0,0.0,0.0,0.0,0.0,0.0,2.354488786029968,0.030598367167080226,301.3745646118359,3.916590997386269
100,25.0,i64-o128,16,disaggregated,2,48,0,0,0,0.0,0.0,0.0,0.0,0.0,0.0,2.1612603814214992,0.01463519365580729,276.6413288219519,1.873304787943333
100,25.0,i64-o16,4,aggregated,2,48,0,28,2,0.0,0.0,0.0,0.0,0.0,0.0,7.388393230204782,0.14768233383758497,118.21429168327651,2.3629173414013596
100,25.0,i64-o16,4,disaggregated,2,48,0,0,3,0.0,0.0,0.0,0.0,0.0,0.0,6.086133541468364,0.04283138293511719,97.37813666349382,0.6853021269618751
100,25.0,i64-o16,16,aggregated,2,48,0,2,2,0.0,0.0,0.0,0.0,0.0,0.0,17.272268947116896,0.304949178038586,276.35630315387033,4.879186848617376
100,25.0,i64-o16,16,disaggregated,2,48,0,0,2,0.0,0.0,0.0,0.0,0.0,0.0,12.94147327233698,0.012959846796306863,207.06357235739168,0.2073575487409098
100,25.0,i704-o128,4,aggregated,2,48,0,0,0,0.0,0.0,0.0,0.0,0.0,0.0,0.910382361475916,0.013586611015685842,116.52894226891725,1.7390862100077877
100,25.0,i704-o128,4,disaggregated,2,48,0,0,0,0.0,0.0,0.0,0.0,0.0,0.0,0.8319291228229364,0.008083119071160461,106.48692772133586,1.034639241108539
100,25.0,i704-o128,16,aggregated,2,48,0,0,0,0.0,0.0,0.0,0.0,0.0,0.0,2.1560189480347356,0.010619301241773104,275.97042534844616,1.3592705589469574
100,25.0,i704-o128,16,disaggregated,2,48,0,0,0,0.0,0.0,0.0,0.0,0.0,0.0,1.8369347775335245,0.0005146348548921647,235.12765152429114,0.06587326142619708
100,25.0,i704-o16,4,aggregated,2,48,0,0,5,0.0,0.0,0.0,0.0,0.0,0.0,6.386628387760931,0.0325483227158781,102.1860542041749,0.5207731634540496
100,25.0,i704-o16,4,disaggregated,2,48,0,0,10,0.0,0.0,0.0,0.0,0.0,0.0,4.528020386382782,0.06357611558228561,72.44832618212452,1.0172178493165698
100,25.0,i704-o16,16,aggregated,2,48,0,0,1,0.0,0.0,0.0,0.0,0.0,0.0,12.330837265738975,0.0829447267704739,197.2933962518236,1.3271156283275825
100,25.0,i704-o16,16,disaggregated,2,48,0,0,2,0.0,0.0,0.0,0.0,0.0,0.0,5.796330368067693,0.26939943206114925,92.74128588908309,4.310390912978388
100,25.0,mixed,4,aggregated,2,48,0,18,0,0.0,0.0,0.0,0.0,0.0,0.0,1.2369114239214989,0.028555657463817986,112.14663576888258,2.5890462767195084
100,25.0,mixed,4,disaggregated,2,48,0,0,0,0.0,0.0,0.0,0.0,0.0,0.0,1.172395388996908,0.009404420422368559,106.29718193571966,0.8526674516280676
100,25.0,mixed,16,aggregated,2,48,0,4,0,0.0,0.0,0.0,0.0,0.0,0.0,3.184861842817317,0.07746990779234589,288.7608070821034,7.023938306506047
100,25.0,mixed,16,disaggregated,2,48,0,0,0,0.0,0.0,0.0,0.0,0.0,0.0,2.7073001053640393,0.08933462046834471,245.4618762196729,8.099672255796575
100,30.0,i64-o128,4,aggregated,2,48,0,26,1,0.0,0.0,0.0,0.0,0.0,0.0,0.9399557516412358,0.004294618894272414,120.31433621007818,0.549711218466869
100,30.0,i64-o128,4,disaggregated,2,48,0,0,0,0.0,0.0,0.0,0.0,0.0,0.0,0.8801834378355037,0.010845852460193001,112.66348004294447,1.3882691149047042
100,30.0,i64-o128,16,aggregated,2,48,0,5,0,0.0,0.0,0.0,0.0,0.0,0.0,2.354488786029968,0.030598367167080226,301.3745646118359,3.916590997386269
100,30.0,i64-o128,16,disaggregated,2,48,0,0,0,0.0,0.0,0.0,0.0,0.0,0.0,2.1612603814214992,0.01463519365580729,276.6413288219519,1.873304787943333
100,30.0,i64-o16,4,aggregated,2,48,12,28,31,0.16666666666666666,0.25,1.8558005725276967,0.9076510759844931,29.692809160443147,14.52241721575189,7.388393230204782,0.14768233383758497,118.21429168327651,2.3629173414013596
100,30.0,i64-o16,4,disaggregated,2,48,0,0,26,0.0,0.0,0.0,0.0,0.0,0.0,6.086133541468364,0.04283138293511719,97.37813666349382,0.6853021269618751
100,30.0,i64-o16,16,aggregated,2,48,0,2,5,0.0,0.0,0.0,0.0,0.0,0.0,17.272268947116896,0.304949178038586,276.35630315387033,4.879186848617376
100,30.0,i64-o16,16,disaggregated,2,48,0,0,3,0.0,0.0,0.0,0.0,0.0,0.0,12.94147327233698,0.012959846796306863,207.06357235739168,0.2073575487409098
100,30.0,i704-o128,4,aggregated,2,48,0,0,0,0.0,0.0,0.0,0.0,0.0,0.0,0.910382361475916,0.013586611015685842,116.52894226891725,1.7390862100077877
100,30.0,i704-o128,4,disaggregated,2,48,0,0,0,0.0,0.0,0.0,0.0,0.0,0.0,0.8319291228229364,0.008083119071160461,106.48692772133586,1.034639241108539
100,30.0,i704-o128,16,aggregated,2,48,0,0,0,0.0,0.0,0.0,0.0,0.0,0.0,2.1560189480347356,0.010619301241773104,275.97042534844616,1.3592705589469574
100,30.0,i704-o128,16,disaggregated,2,48,0,0,0,0.0,0.0,0.0,0.0,0.0,0.0,1.8369347775335245,0.0005146348548921647,235.12765152429114,0.06587326142619708
100,30.0,i704-o16,4,aggregated,2,48,0,0,24,0.0,0.0,0.0,0.0,0.0,0.0,6.386628387760931,0.0325483227158781,102.1860542041749,0.5207731634540496
100,30.0,i704-o16,4,disaggregated,2,48,0,0,18,0.0,0.0,0.0,0.0,0.0,0.0,4.528020386382782,0.06357611558228561,72.44832618212452,1.0172178493165698
100,30.0,i704-o16,16,aggregated,2,48,0,0,5,0.0,0.0,0.0,0.0,0.0,0.0,12.330837265738975,0.0829447267704739,197.2933962518236,1.3271156283275825
100,30.0,i704-o16,16,disaggregated,2,48,0,0,10,0.0,0.0,0.0,0.0,0.0,0.0,5.796330368067693,0.26939943206114925,92.74128588908309,4.310390912978388
100,30.0,mixed,4,aggregated,2,48,0,18,10,0.0,0.0,0.0,0.0,0.0,0.0,1.2369114239214989,0.028555657463817986,112.14663576888258,2.5890462767195084
100,30.0,mixed,4,disaggregated,2,48,0,0,5,0.0,0.0,0.0,0.0,0.0,0.0,1.172395388996908,0.009404420422368559,106.29718193571966,0.8526674516280676
100,30.0,mixed,16,aggregated,2,48,0,4,0,0.0,0.0,0.0,0.0,0.0,0.0,3.184861842817317,0.07746990779234589,288.7608070821034,7.023938306506047
100,30.0,mixed,16,disaggregated,2,48,0,0,0,0.0,0.0,0.0,0.0,0.0,0.0,2.7073001053640393,0.08933462046834471,245.4618762196729,8.099672255796575
100,35.0,i64-o128,4,aggregated,2,48,26,26,48,0.5,0.5416666666666666,0.5092692302282841,0.057713675734465564,65.18646146922036,7.387350494011592,0.9399557516412358,0.004294618894272414,120.31433621007818,0.549711218466869
100,35.0,i64-o128,4,disaggregated,2,48,0,0,42,0.0,0.0,0.0,0.0,0.0,0.0,0.8801834378355037,0.010845852460193001,112.66348004294447,1.3882691149047042
100,35.0,i64-o128,16,aggregated,2,48,3,5,11,0.041666666666666664,0.0625,0.14760630564597882,0.07128218906583722,18.89360712268529,9.124120200427164,2.354488786029968,0.030598367167080226,301.3745646118359,3.916590997386269
100,35.0,i64-o128,16,disaggregated,2,48,0,0,0,0.0,0.0,0.0,0.0,0.0,0.0,2.1612603814214992,0.01463519365580729,276.6413288219519,1.873304787943333
100,35.0,i64-o16,4,aggregated,2,48,27,28,47,0.5,0.5625,4.162497890722566,0.7361191821774642,66.59996625156106,11.777906914839427,7.388393230204782,0.14768233383758497,118.21429168327651,2.3629173414013596
100,35.0,i64-o16,4,disaggregated,2,48,0,0,48,0.0,0.0,0.0,0.0,0.0,0.0,6.086133541468364,0.04283138293511719,97.37813666349382,0.6853021269618751
100,35.0,i64-o16,16,aggregated,2,48,0,2,17,0.0,0.0,0.0,0.0,0.0,0.0,17.272268947116896,0.304949178038586,276.35630315387033,4.879186848617376
100,35.0,i64-o16,16,disaggregated,2,48,0,0,8,0.0,0.0,0.0,0.0,0.0,0.0,12.94147327233698,0.012959846796306863,207.06357235739168,0.2073575487409098
100,35.0,i704-o128,4,aggregated,2,48,0,0,48,0.0,0.0,0.0,0.0,0.0,0.0,0.910382361475916,0.013586611015685842,116.52894226891725,1.7390862100077877
100,35.0,i704-o128,4,disaggregated,2,48,0,0,38,0.0,0.0,0.0,0.0,0.0,0.0,0.8319291228229364,0.008083119071160461,106.48692772133586,1.034639241108539
100,35.0,i704-o128,16,aggregated,2,48,0,0,9,0.0,0.0,0.0,0.0,0.0,0.0,2.1560189480347356,0.010619301241773104,275.97042534844616,1.3592705589469574
100,35.0,i704-o128,16,disaggregated,2,48,0,0,0,0.0,0.0,0.0,0.0,0.0,0.0,1.8369347775335245,0.0005146348548921647,235.12765152429114,0.06587326142619708
100,35.0,i704-o16,4,aggregated,2,48,0,0,48,0.0,0.0,0.0,0.0,0.0,0.0,6.386628387760931,0.0325483227158781,102.1860542041749,0.5207731634540496
100,35.0,i704-o16,4,disaggregated,2,48,0,0,47,0.0,0.0,0.0,0.0,0.0,0.0,4.528020386382782,0.06357611558228561,72.44832618212452,1.0172178493165698
100,35.0,i704-o16,16,aggregated,2,48,0,0,13,0.0,0.0,0.0,0.0,0.0,0.0,12.330837265738975,0.0829447267704739,197.2933962518236,1.3271156283275825
100,35.0,i704-o16,16,disaggregated,2,48,0,0,21,0.0,0.0,0.0,0.0,0.0,0.0,5.796330368067693,0.26939943206114925,92.74128588908309,4.310390912978388
100,35.0,mixed,4,aggregated,2,48,17,18,46,0.3333333333333333,0.3541666666666667,0.43849346053540394,0.04655631433435224,56.127162948531705,5.959208234797087,1.2369114239214989,0.028555657463817986,112.14663576888258,2.5890462767195084
100,35.0,mixed,4,disaggregated,2,48,0,0,42,0.0,0.0,0.0,0.0,0.0,0.0,1.172395388996908,0.009404420422368559,106.29718193571966,0.8526674516280676
100,35.0,mixed,16,aggregated,2,48,0,4,1,0.0,0.0,0.0,0.0,0.0,0.0,3.184861842817317,0.07746990779234589,288.7608070821034,7.023938306506047
100,35.0,mixed,16,disaggregated,2,48,0,0,1,0.0,0.0,0.0,0.0,0.0,0.0,2.7073001053640393,0.08933462046834471,245.4618762196729,8.099672255796575
100,40.0,i64-o128,4,aggregated,2,48,26,26,48,0.5,0.5416666666666666,0.5092692302282841,0.057713675734465564,65.18646146922036,7.387350494011592,0.9399557516412358,0.004294618894272414,120.31433621007818,0.549711218466869
100,40.0,i64-o128,4,disaggregated,2,48,0,0,48,0.0,0.0,0.0,0.0,0.0,0.0,0.8801834378355037,0.010845852460193001,112.66348004294447,1.3882691149047042
100,40.0,i64-o128,16,aggregated,2,48,3,5,17,0.041666666666666664,0.0625,0.14760630564597882,0.07128218906583722,18.89360712268529,9.124120200427164,2.354488786029968,0.030598367167080226,301.3745646118359,3.916590997386269
100,40.0,i64-o128,16,disaggregated,2,48,0,0,16,0.0,0.0,0.0,0.0,0.0,0.0,2.1612603814214992,0.01463519365580729,276.6413288219519,1.873304787943333
100,40.0,i64-o16,4,aggregated,2,48,28,28,48,0.5416666666666666,0.5833333333333334,4.31424718344104,0.5215132743344728,69.02795493505664,8.344212389351565,7.388393230204782,0.14768233383758497,118.21429168327651,2.3629173414013596
100,40.0,i64-o16,4,disaggregated,2,48,0,0,48,0.0,0.0,0.0,0.0,0.0,0.0,6.086133541468364,0.04283138293511719,97.37813666349382,0.6853021269618751
100,40.0,i64-o16,16,aggregated,2,48,2,2,42,0.041666666666666664,0.041666666666666664,0.7196778727965374,0.012706215751607804,11.514845964744598,0.20329945202572486,17.272268947116896,0.304949178038586,276.35630315387033,4.879186848617376
100,40.0,i64-o16,16,disaggregated,2,48,0,0,24,0.0,0.0,0.0,0.0,0.0,0.0,12.94147327233698,0.012959846796306863,207.06357235739168,0.2073575487409098
100,40.0,i704-o128,4,aggregated,2,48,0,0,48,0.0,0.0,0.0,0.0,0.0,0.0,0.910382361475916,0.013586611015685842,116.52894226891725,1.7390862100077877
100,40.0,i704-o128,4,disaggregated,2,48,0,0,48,0.0,0.0,0.0,0.0,0.0,0.0,0.8319291228229364,0.008083119071160461,106.48692772133586,1.034639241108539
100,40.0,i704-o128,16,aggregated,2,48,0,0,16,0.0,0.0,0.0,0.0,0.0,0.0,2.1560189480347356,0.010619301241773104,275.97042534844616,1.3592705589469574
100,40.0,i704-o128,16,disaggregated,2,48,0,0,11,0.0,0.0,0.0,0.0,0.0,0.0,1.8369347775335245,0.0005146348548921647,235.12765152429114,0.06587326142619708
100,40.0,i704-o16,4,aggregated,2,48,0,0,48,0.0,0.0,0.0,0.0,0.0,0.0,6.386628387760931,0.0325483227158781,102.1860542041749,0.5207731634540496
100,40.0,i704-o16,4,disaggregated,2,48,0,0,48,0.0,0.0,0.0,0.0,0.0,0.0,4.528020386382782,0.06357611558228561,72.44832618212452,1.0172178493165698
100,40.0,i704-o16,16,aggregated,2,48,0,0,22,0.0,0.0,0.0,0.0,0.0,0.0,12.330837265738975,0.0829447267704739,197.2933962518236,1.3271156283275825
100,40.0,i704-o16,16,disaggregated,2,48,0,0,47,0.0,0.0,0.0,0.0,0.0,0.0,5.796330368067693,0.26939943206114925,92.74128588908309,4.310390912978388
100,40.0,mixed,4,aggregated,2,48,18,18,48,0.375,0.375,0.46384178397056214,0.010708371548931804,59.371748348231954,1.370671558263271,1.2369114239214989,0.028555657463817986,112.14663576888258,2.5890462767195084
100,40.0,mixed,4,disaggregated,2,48,0,0,48,0.0,0.0,0.0,0.0,0.0,0.0,1.172395388996908,0.009404420422368559,106.29718193571966,0.8526674516280676
100,40.0,mixed,16,aggregated,2,48,4,4,19,0.041666666666666664,0.08333333333333333,0.26768763261552075,0.1941256094992296,34.26401697478666,24.84807801590139,3.184861842817317,0.07746990779234589,288.7608070821034,7.023938306506047
100,40.0,mixed,16,disaggregated,2,48,0,0,6,0.0,0.0,0.0,0.0,0.0,0.0,2.7073001053640393,0.08933462046834471,245.4618762196729,8.099672255796575
100,50.0,i64-o128,4,aggregated,2,48,26,26,48,0.5,0.5416666666666666,0.5092692302282841,0.057713675734465564,65.18646146922036,7.387350494011592,0.9399557516412358,0.004294618894272414,120.31433621007818,0.549711218466869
100,50.0,i64-o128,4,disaggregated,2,48,0,0,48,0.0,0.0,0.0,0.0,0.0,0.0,0.8801834378355037,0.010845852460193001,112.66348004294447,1.3882691149047042
100,50.0,i64-o128,16,aggregated,2,48,5,5,48,0.08333333333333333,0.10416666666666667,0.24571000506389418,0.07255712103113221,31.450880648178455,9.287311491984923,2.354488786029968,0.030598367167080226,301.3745646118359,3.916590997386269
100,50.0,i64-o128,16,disaggregated,2,48,0,0,48,0.0,0.0,0.0,0.0,0.0,0.0,2.1612603814214992,0.01463519365580729,276.6413288219519,1.873304787943333
100,50.0,i64-o16,4,aggregated,2,48,28,28,48,0.5416666666666666,0.5833333333333334,4.31424718344104,0.5215132743344728,69.02795493505664,8.344212389351565,7.388393230204782,0.14768233383758497,118.21429168327651,2.3629173414013596
100,50.0,i64-o16,4,disaggregated,2,48,0,0,48,0.0,0.0,0.0,0.0,0.0,0.0,6.086133541468364,0.04283138293511719,97.37813666349382,0.6853021269618751
100,50.0,i64-o16,16,aggregated,2,48,2,2,48,0.041666666666666664,0.041666666666666664,0.7196778727965374,0.012706215751607804,11.514845964744598,0.20329945202572486,17.272268947116896,0.304949178038586,276.35630315387033,4.879186848617376
100,50.0,i64-o16,16,disaggregated,2,48,0,0,48,0.0,0.0,0.0,0.0,0.0,0.0,12.94147327233698,0.012959846796306863,207.06357235739168,0.2073575487409098
100,50.0,i704-o128,4,aggregated,2,48,0,0,48,0.0,0.0,0.0,0.0,0.0,0.0,0.910382361475916,0.013586611015685842,116.52894226891725,1.7390862100077877
100,50.0,i704-o128,4,disaggregated,2,48,0,0,48,0.0,0.0,0.0,0.0,0.0,0.0,0.8319291228229364,0.008083119071160461,106.48692772133586,1.034639241108539
100,50.0,i704-o128,16,aggregated,2,48,0,0,48,0.0,0.0,0.0,0.0,0.0,0.0,2.1560189480347356,0.010619301241773104,275.97042534844616,1.3592705589469574
100,50.0,i704-o128,16,disaggregated,2,48,0,0,37,0.0,0.0,0.0,0.0,0.0,0.0,1.8369347775335245,0.0005146348548921647,235.12765152429114,0.06587326142619708
100,50.0,i704-o16,4,aggregated,2,48,0,0,48,0.0,0.0,0.0,0.0,0.0,0.0,6.386628387760931,0.0325483227158781,102.1860542041749,0.5207731634540496
100,50.0,i704-o16,4,disaggregated,2,48,0,0,48,0.0,0.0,0.0,0.0,0.0,0.0,4.528020386382782,0.06357611558228561,72.44832618212452,1.0172178493165698
100,50.0,i704-o16,16,aggregated,2,48,0,0,35,0.0,0.0,0.0,0.0,0.0,0.0,12.330837265738975,0.0829447267704739,197.2933962518236,1.3271156283275825
100,50.0,i704-o16,16,disaggregated,2,48,0,0,48,0.0,0.0,0.0,0.0,0.0,0.0,5.796330368067693,0.26939943206114925,92.74128588908309,4.310390912978388
100,50.0,mixed,4,aggregated,2,48,18,18,48,0.375,0.375,0.46384178397056214,0.010708371548931804,59.371748348231954,1.370671558263271,1.2369114239214989,0.028555657463817986,112.14663576888258,2.5890462767195084
100,50.0,mixed,4,disaggregated,2,48,0,0,48,0.0,0.0,0.0,0.0,0.0,0.0,1.172395388996908,0.009404420422368559,106.29718193571966,0.8526674516280676
100,50.0,mixed,16,aggregated,2,48,4,4,48,0.041666666666666664,0.08333333333333333,0.26768763261552075,0.1941256094992296,34.26401697478666,24.84807801590139,3.184861842817317,0.07746990779234589,288.7608070821034,7.023938306506047
100,50.0,mixed,16,disaggregated,2,48,0,0,48,0.0,0.0,0.0,0.0,0.0,0.0,2.7073001053640393,0.08933462046834471,245.4618762196729,8.099672255796575
100,75.0,i64-o128,4,aggregated,2,48,26,26,48,0.5,0.5416666666666666,0.5092692302282841,0.057713675734465564,65.18646146922036,7.387350494011592,0.9399557516412358,0.004294618894272414,120.31433621007818,0.549711218466869
100,75.0,i64-o128,4,disaggregated,2,48,0,0,48,0.0,0.0,0.0,0.0,0.0,0.0,0.8801834378355037,0.010845852460193001,112.66348004294447,1.3882691149047042
100,75.0,i64-o128,16,aggregated,2,48,5,5,48,0.08333333333333333,0.10416666666666667,0.24571000506389418,0.07255712103113221,31.450880648178455,9.287311491984923,2.354488786029968,0.030598367167080226,301.3745646118359,3.916590997386269
100,75.0,i64-o128,16,disaggregated,2,48,0,0,48,0.0,0.0,0.0,0.0,0.0,0.0,2.1612603814214992,0.01463519365580729,276.6413288219519,1.873304787943333
100,75.0,i64-o16,4,aggregated,2,48,28,28,48,0.5416666666666666,0.5833333333333334,4.31424718344104,0.5215132743344728,69.02795493505664,8.344212389351565,7.388393230204782,0.14768233383758497,118.21429168327651,2.3629173414013596
100,75.0,i64-o16,4,disaggregated,2,48,0,0,48,0.0,0.0,0.0,0.0,0.0,0.0,6.086133541468364,0.04283138293511719,97.37813666349382,0.6853021269618751
100,75.0,i64-o16,16,aggregated,2,48,2,2,48,0.041666666666666664,0.041666666666666664,0.7196778727965374,0.012706215751607804,11.514845964744598,0.20329945202572486,17.272268947116896,0.304949178038586,276.35630315387033,4.879186848617376
100,75.0,i64-o16,16,disaggregated,2,48,0,0,48,0.0,0.0,0.0,0.0,0.0,0.0,12.94147327233698,0.012959846796306863,207.06357235739168,0.2073575487409098
100,75.0,i704-o128,4,aggregated,2,48,0,0,48,0.0,0.0,0.0,0.0,0.0,0.0,0.910382361475916,0.013586611015685842,116.52894226891725,1.7390862100077877
100,75.0,i704-o128,4,disaggregated,2,48,0,0,48,0.0,0.0,0.0,0.0,0.0,0.0,0.8319291228229364,0.008083119071160461,106.48692772133586,1.034639241108539
100,75.0,i704-o128,16,aggregated,2,48,0,0,48,0.0,0.0,0.0,0.0,0.0,0.0,2.1560189480347356,0.010619301241773104,275.97042534844616,1.3592705589469574
100,75.0,i704-o128,16,disaggregated,2,48,0,0,48,0.0,0.0,0.0,0.0,0.0,0.0,1.8369347775335245,0.0005146348548921647,235.12765152429114,0.06587326142619708
100,75.0,i704-o16,4,aggregated,2,48,0,0,48,0.0,0.0,0.0,0.0,0.0,0.0,6.386628387760931,0.0325483227158781,102.1860542041749,0.5207731634540496
100,75.0,i704-o16,4,disaggregated,2,48,0,0,48,0.0,0.0,0.0,0.0,0.0,0.0,4.528020386382782,0.06357611558228561,72.44832618212452,1.0172178493165698
100,75.0,i704-o16,16,aggregated,2,48,0,0,48,0.0,0.0,0.0,0.0,0.0,0.0,12.330837265738975,0.0829447267704739,197.2933962518236,1.3271156283275825
100,75.0,i704-o16,16,disaggregated,2,48,0,0,48,0.0,0.0,0.0,0.0,0.0,0.0,5.796330368067693,0.26939943206114925,92.74128588908309,4.310390912978388
100,75.0,mixed,4,aggregated,2,48,18,18,48,0.375,0.375,0.46384178397056214,0.010708371548931804,59.371748348231954,1.370671558263271,1.2369114239214989,0.028555657463817986,112.14663576888258,2.5890462767195084
100,75.0,mixed,4,disaggregated,2,48,0,0,48,0.0,0.0,0.0,0.0,0.0,0.0,1.172395388996908,0.009404420422368559,106.29718193571966,0.8526674516280676
100,75.0,mixed,16,aggregated,2,48,4,4,48,0.041666666666666664,0.08333333333333333,0.26768763261552075,0.1941256094992296,34.26401697478666,24.84807801590139,3.184861842817317,0.07746990779234589,288.7608070821034,7.023938306506047
100,75.0,mixed,16,disaggregated,2,48,0,0,48,0.0,0.0,0.0,0.0,0.0,0.0,2.7073001053640393,0.08933462046834471,245.4618762196729,8.099672255796575
250,25.0,i64-o128,4,aggregated,2,48,0,48,0,0.0,0.0,0.0,0.0,0.0,0.0,0.9399557516412358,0.004294618894272414,120.31433621007818,0.549711218466869
250,25.0,i64-o128,4,disaggregated,2,48,0,42,0,0.0,0.0,0.0,0.0,0.0,0.0,0.8801834378355037,0.010845852460193001,112.66348004294447,1.3882691149047042
250,25.0,i64-o128,16,aggregated,2,48,0,46,0,0.0,0.0,0.0,0.0,0.0,0.0,2.354488786029968,0.030598367167080226,301.3745646118359,3.916590997386269
250,25.0,i64-o128,16,disaggregated,2,48,0,18,0,0.0,0.0,0.0,0.0,0.0,0.0,2.1612603814214992,0.01463519365580729,276.6413288219519,1.873304787943333
250,25.0,i64-o16,4,aggregated,2,48,2,48,2,0.041666666666666664,0.041666666666666664,0.3078497179251993,0.006153430576566014,4.925595486803188,0.09845488922505623,7.388393230204782,0.14768233383758497,118.21429168327651,2.3629173414013596
250,25.0,i64-o16,4,disaggregated,2,48,0,41,3,0.0,0.0,0.0,0.0,0.0,0.0,6.086133541468364,0.04283138293511719,97.37813666349382,0.6853021269618751
250,25.0,i64-o16,16,aggregated,2,48,1,41,2,0.0,0.020833333333333332,0.3643312620588593,0.5152422120001451,5.829300192941749,8.243875392002321,17.272268947116896,0.304949178038586,276.35630315387033,4.879186848617376
250,25.0,i64-o16,16,disaggregated,2,48,0,17,2,0.0,0.0,0.0,0.0,0.0,0.0,12.94147327233698,0.012959846796306863,207.06357235739168,0.2073575487409098
250,25.0,i704-o128,4,aggregated,2,48,0,44,0,0.0,0.0,0.0,0.0,0.0,0.0,0.910382361475916,0.013586611015685842,116.52894226891725,1.7390862100077877
250,25.0,i704-o128,4,disaggregated,2,48,0,0,0,0.0,0.0,0.0,0.0,0.0,0.0,0.8319291228229364,0.008083119071160461,106.48692772133586,1.034639241108539
250,25.0,i704-o128,16,aggregated,2,48,0,5,0,0.0,0.0,0.0,0.0,0.0,0.0,2.1560189480347356,0.010619301241773104,275.97042534844616,1.3592705589469574
250,25.0,i704-o128,16,disaggregated,2,48,0,0,0,0.0,0.0,0.0,0.0,0.0,0.0,1.8369347775335245,0.0005146348548921647,235.12765152429114,0.06587326142619708
250,25.0,i704-o16,4,aggregated,2,48,2,42,5,0.041666666666666664,0.041666666666666664,0.2661095161567054,0.0013561801131616268,4.257752258507287,0.02169888181058603,6.386628387760931,0.0325483227158781,102.1860542041749,0.5207731634540496
250,25.0,i704-o16,4,disaggregated,2,48,0,0,10,0.0,0.0,0.0,0.0,0.0,0.0,4.528020386382782,0.06357611558228561,72.44832618212452,1.0172178493165698
250,25.0,i704-o16,16,aggregated,2,48,0,6,1,0.0,0.0,0.0,0.0,0.0,0.0,12.330837265738975,0.0829447267704739,197.2933962518236,1.3271156283275825
250,25.0,i704-o16,16,disaggregated,2,48,0,0,2,0.0,0.0,0.0,0.0,0.0,0.0,5.796330368067693,0.26939943206114925,92.74128588908309,4.310390912978388
250,25.0,mixed,4,aggregated,2,48,0,46,0,0.0,0.0,0.0,0.0,0.0,0.0,1.2369114239214989,0.028555657463817986,112.14663576888258,2.5890462767195084
250,25.0,mixed,4,disaggregated,2,48,0,24,0,0.0,0.0,0.0,0.0,0.0,0.0,1.172395388996908,0.009404420422368559,106.29718193571966,0.8526674516280676
250,25.0,mixed,16,aggregated,2,48,0,29,0,0.0,0.0,0.0,0.0,0.0,0.0,3.184861842817317,0.07746990779234589,288.7608070821034,7.023938306506047
250,25.0,mixed,16,disaggregated,2,48,0,12,0,0.0,0.0,0.0,0.0,0.0,0.0,2.7073001053640393,0.08933462046834471,245.4618762196729,8.099672255796575
250,30.0,i64-o128,4,aggregated,2,48,1,48,1,0.0,0.020833333333333332,0.01964567720383308,0.027783183143664684,2.514646682090634,3.5562474423890795,0.9399557516412358,0.004294618894272414,120.31433621007818,0.549711218466869
250,30.0,i64-o128,4,disaggregated,2,48,0,42,0,0.0,0.0,0.0,0.0,0.0,0.0,0.8801834378355037,0.010845852460193001,112.66348004294447,1.3882691149047042
250,30.0,i64-o128,16,aggregated,2,48,0,46,0,0.0,0.0,0.0,0.0,0.0,0.0,2.354488786029968,0.030598367167080226,301.3745646118359,3.916590997386269
250,30.0,i64-o128,16,disaggregated,2,48,0,18,0,0.0,0.0,0.0,0.0,0.0,0.0,2.1612603814214992,0.01463519365580729,276.6413288219519,1.873304787943333
250,30.0,i64-o16,4,aggregated,2,48,31,48,31,0.5833333333333334,0.6458333333333334,4.778197326572965,0.7484260433305961,76.45115722516744,11.974816693289538,7.388393230204782,0.14768233383758497,118.21429168327651,2.3629173414013596
250,30.0,i64-o16,4,disaggregated,2,48,20,41,26,0.375,0.4166666666666667,2.5371509073335274,0.3764752677545637,40.59441451733644,6.023604284073019,6.086133541468364,0.04283138293511719,97.37813666349382,0.6853021269618751
250,30.0,i64-o16,16,aggregated,2,48,4,41,5,0.041666666666666664,0.08333333333333333,1.4483403969142559,1.0431906397518977,23.173446350628094,16.691050236030364,17.272268947116896,0.304949178038586,276.35630315387033,4.879186848617376
250,30.0,i64-o16,16,disaggregated,2,48,1,17,3,0.0,0.020833333333333332,0.2694231099330036,0.38102181608399105,4.310769758928058,6.096349057343857,12.94147327233698,0.012959846796306863,207.06357235739168,0.2073575487409098
250,30.0,i704-o128,4,aggregated,2,48,0,44,0,0.0,0.0,0.0,0.0,0.0,0.0,0.910382361475916,0.013586611015685842,116.52894226891725,1.7390862100077877
250,30.0,i704-o128,4,disaggregated,2,48,0,0,0,0.0,0.0,0.0,0.0,0.0,0.0,0.8319291228229364,0.008083119071160461,106.48692772133586,1.034639241108539
250,30.0,i704-o128,16,aggregated,2,48,0,5,0,0.0,0.0,0.0,0.0,0.0,0.0,2.1560189480347356,0.010619301241773104,275.97042534844616,1.3592705589469574
250,30.0,i704-o128,16,disaggregated,2,48,0,0,0,0.0,0.0,0.0,0.0,0.0,0.0,1.8369347775335245,0.0005146348548921647,235.12765152429114,0.06587326142619708
250,30.0,i704-o16,4,aggregated,2,48,18,42,24,0.3333333333333333,0.375,2.395944609564876,0.3885413078438095,38.335113753038016,6.216660925500952,6.386628387760931,0.0325483227158781,102.1860542041749,0.5207731634540496
250,30.0,i704-o16,4,disaggregated,2,48,0,0,18,0.0,0.0,0.0,0.0,0.0,0.0,4.528020386382782,0.06357611558228561,72.44832618212452,1.0172178493165698
250,30.0,i704-o16,16,aggregated,2,48,0,6,5,0.0,0.0,0.0,0.0,0.0,0.0,12.330837265738975,0.0829447267704739,197.2933962518236,1.3271156283275825
250,30.0,i704-o16,16,disaggregated,2,48,0,0,10,0.0,0.0,0.0,0.0,0.0,0.0,5.796330368067693,0.26939943206114925,92.74128588908309,4.310390912978388
250,30.0,mixed,4,aggregated,2,48,8,46,10,0.16666666666666666,0.16666666666666666,0.20615190398691652,0.004759276243969678,3.2984304637906643,0.07614841990351484,1.2369114239214989,0.028555657463817986,112.14663576888258,2.5890462767195084
250,30.0,mixed,4,disaggregated,2,48,0,24,5,0.0,0.0,0.0,0.0,0.0,0.0,1.172395388996908,0.009404420422368559,106.29718193571966,0.8526674516280676
250,30.0,mixed,16,aggregated,2,48,0,29,0,0.0,0.0,0.0,0.0,0.0,0.0,3.184861842817317,0.07746990779234589,288.7608070821034,7.023938306506047
250,30.0,mixed,16,disaggregated,2,48,0,12,0,0.0,0.0,0.0,0.0,0.0,0.0,2.7073001053640393,0.08933462046834471,245.4618762196729,8.099672255796575
250,35.0,i64-o128,4,aggregated,2,48,48,48,48,1.0,1.0,0.9399557516412358,0.004294618894272414,120.31433621007818,0.549711218466869,0.9399557516412358,0.004294618894272414,120.31433621007818,0.549711218466869
250,35.0,i64-o128,4,disaggregated,2,48,36,42,42,0.75,0.75,0.6601375783766278,0.00813438934514475,84.49761003220836,1.041201836178528,0.8801834378355037,0.010845852460193001,112.66348004294447,1.3882691149047042
250,35.0,i64-o128,16,aggregated,2,48,10,46,11,0.125,0.20833333333333334,0.492321523166,0.2838538242980539,63.017154965248,36.3332895101509,2.354488786029968,0.030598367167080226,301.3745646118359,3.916590997386269
250,35.0,i64-o128,16,disaggregated,2,48,0,18,0,0.0,0.0,0.0,0.0,0.0,0.0,2.1612603814214992,0.01463519365580729,276.6413288219519,1.873304787943333
250,35.0,i64-o16,4,aggregated,2,48,47,48,47,0.9583333333333334,0.9791666666666666,7.236643937486308,0.3622882416805757,115.78630299978093,5.7966118668892115,7.388393230204782,0.14768233383758497,118.21429168327651,2.3629173414013596
250,35.0,i64-o16,4,disaggregated,2,48,41,41,48,0.8333333333333334,0.8541666666666666,5.197941434143374,0.14272928950871933,83.16706294629398,2.283668632139509,6.086133541468364,0.04283138293511719,97.37813666349382,0.6853021269618751
250,35.0,i64-o16,16,aggregated,2,48,15,41,17,0.2916666666666667,0.3125,5.402076371634621,0.6041857222613998,86.43322194615394,9.666971556182396,17.272268947116896,0.304949178038586,276.35630315387033,4.879186848617376
250,35.0,i64-o16,16,disaggregated,2,48,4,17,8,0.041666666666666664,0.08333333333333333,1.078074272880048,0.7615036385514692,17.24918836608077,12.184058216823507,12.94147327233698,0.012959846796306863,207.06357235739168,0.2073575487409098
250,35.0,i704-o128,4,aggregated,2,48,44,44,48,0.9166666666666666,0.9166666666666666,0.8345171646862564,0.012454393431045369,106.81819707984081,1.5941623591738072,0.910382361475916,0.013586611015685842,116.52894226891725,1.7390862100077877
250,35.0,i704-o128,4,disaggregated,2,48,0,0,38,0.0,0.0,0.0,0.0,0.0,0.0,0.8319291228229364,0.008083119071160461,106.48692772133586,1.034639241108539
250,35.0,i704-o128,16,aggregated,2,48,0,5,9,0.0,0.0,0.0,0.0,0.0,0.0,2.1560189480347356,0.010619301241773104,275.97042534844616,1.3592705589469574
250,35.0,i704-o128,16,disaggregated,2,48,0,0,0,0.0,0.0,0.0,0.0,0.0,0.0,1.8369347775335245,0.0005146348548921647,235.12765152429114,0.06587326142619708
250,35.0,i704-o16,4,aggregated,2,48,42,42,48,0.875,0.875,5.588299839290814,0.02847978237639365,89.41279742865302,0.4556765180222984,6.386628387760931,0.0325483227158781,102.1860542041749,0.5207731634540496
250,35.0,i704-o16,4,disaggregated,2,48,0,0,47,0.0,0.0,0.0,0.0,0.0,0.0,4.528020386382782,0.06357611558228561,72.44832618212452,1.0172178493165698
250,35.0,i704-o16,16,aggregated,2,48,0,6,13,0.0,0.0,0.0,0.0,0.0,0.0,12.330837265738975,0.0829447267704739,197.2933962518236,1.3271156283275825
250,35.0,i704-o16,16,disaggregated,2,48,0,0,21,0.0,0.0,0.0,0.0,0.0,0.0,5.796330368067693,0.26939943206114925,92.74128588908309,4.310390912978388
250,35.0,mixed,4,aggregated,2,48,44,46,46,0.875,0.9166666666666666,1.1346768010544537,0.0990617239736665,104.83285735353442,11.747082524811264,1.2369114239214989,0.028555657463817986,112.14663576888258,2.5890462767195084
250,35.0,mixed,4,disaggregated,2,48,20,24,42,0.375,0.4166666666666667,0.4882209983548039,0.0651655523066426,62.4922877894149,8.341190695250253,1.172395388996908,0.009404420422368559,106.29718193571966,0.8526674516280676
250,35.0,mixed,16,aggregated,2,48,0,29,1,0.0,0.0,0.0,0.0,0.0,0.0,3.184861842817317,0.07746990779234589,288.7608070821034,7.023938306506047
250,35.0,mixed,16,disaggregated,2,48,0,12,1,0.0,0.0,0.0,0.0,0.0,0.0,2.7073001053640393,0.08933462046834471,245.4618762196729,8.099672255796575
250,40.0,i64-o128,4,aggregated,2,48,48,48,48,1.0,1.0,0.9399557516412358,0.004294618894272414,120.31433621007818,0.549711218466869,0.9399557516412358,0.004294618894272414,120.31433621007818,0.549711218466869
250,40.0,i64-o128,4,disaggregated,2,48,42,42,48,0.875,0.875,0.7701605081060657,0.009490120902668877,98.58054503757641,1.2147354755416162,0.8801834378355037,0.010845852460193001,112.66348004294447,1.3882691149047042
250,40.0,i64-o128,16,aggregated,2,48,16,46,17,0.2916666666666667,0.3333333333333333,0.7857311083815344,0.14893903795814947,100.5735818728364,19.064196858643133,2.354488786029968,0.030598367167080226,301.3745646118359,3.916590997386269
250,40.0,i64-o128,16,disaggregated,2,48,13,18,16,0.25,0.2708333333333333,0.5855569500657811,0.06764044293232137,74.95128960841998,8.657976695337135,2.1612603814214992,0.01463519365580729,276.6413288219519,1.873304787943333
250,40.0,i64-o16,4,aggregated,2,48,48,48,48,1.0,1.0,7.388393230204782,0.14768233383758497,118.21429168327651,2.3629173414013596,7.388393230204782,0.14768233383758497,118.21429168327651,2.3629173414013596
250,40.0,i64-o16,4,disaggregated,2,48,41,41,48,0.8333333333333334,0.8541666666666666,5.197941434143374,0.14272928950871933,83.16706294629398,2.283668632139509,6.086133541468364,0.04283138293511719,97.37813666349382,0.6853021269618751
250,40.0,i64-o16,16,aggregated,2,48,35,41,42,0.7083333333333334,0.7291666666666666,12.598855099599994,0.7312478797774769,201.5816815935999,11.69996607643963,17.272268947116896,0.304949178038586,276.35630315387033,4.879186848617376
250,40.0,i64-o16,16,disaggregated,2,48,12,17,24,0.25,0.25,3.235368318084245,0.0032399616990767158,51.76589308934792,0.05183938718522745,12.94147327233698,0.012959846796306863,207.06357235739168,0.2073575487409098
250,40.0,i704-o128,4,aggregated,2,48,44,44,48,0.9166666666666666,0.9166666666666666,0.8345171646862564,0.012454393431045369,106.81819707984081,1.5941623591738072,0.910382361475916,0.013586611015685842,116.52894226891725,1.7390862100077877
250,40.0,i704-o128,4,disaggregated,2,48,0,0,48,0.0,0.0,0.0,0.0,0.0,0.0,0.8319291228229364,0.008083119071160461,106.48692772133586,1.034639241108539
250,40.0,i704-o128,16,aggregated,2,48,0,5,16,0.0,0.0,0.0,0.0,0.0,0.0,2.1560189480347356,0.010619301241773104,275.97042534844616,1.3592705589469574
250,40.0,i704-o128,16,disaggregated,2,48,0,0,11,0.0,0.0,0.0,0.0,0.0,0.0,1.8369347775335245,0.0005146348548921647,235.12765152429114,0.06587326142619708
250,40.0,i704-o16,4,aggregated,2,48,42,42,48,0.875,0.875,5.588299839290814,0.02847978237639365,89.41279742865302,0.4556765180222984,6.386628387760931,0.0325483227158781,102.1860542041749,0.5207731634540496
250,40.0,i704-o16,4,disaggregated,2,48,0,0,48,0.0,0.0,0.0,0.0,0.0,0.0,4.528020386382782,0.06357611558228561,72.44832618212452,1.0172178493165698
250,40.0,i704-o16,16,aggregated,2,48,0,6,22,0.0,0.0,0.0,0.0,0.0,0.0,12.330837265738975,0.0829447267704739,197.2933962518236,1.3271156283275825
250,40.0,i704-o16,16,disaggregated,2,48,0,0,47,0.0,0.0,0.0,0.0,0.0,0.0,5.796330368067693,0.26939943206114925,92.74128588908309,4.310390912978388
250,40.0,mixed,4,aggregated,2,48,46,46,48,0.9583333333333334,0.9583333333333334,1.18537344792477,0.027365838402825693,111.3220281529349,2.5700091717436213,1.2369114239214989,0.028555657463817986,112.14663576888258,2.5890462767195084
250,40.0,mixed,4,disaggregated,2,48,24,24,48,0.5,0.5,0.586197694498454,0.004702210211184279,75.03330489580212,0.6018829070315878,1.172395388996908,0.009404420422368559,106.29718193571966,0.8526674516280676
250,40.0,mixed,16,aggregated,2,48,10,29,19,0.20833333333333334,0.20833333333333334,0.6635128839202744,0.016139564123405382,84.92964914179512,2.065864207795889,3.184861842817317,0.07746990779234589,288.7608070821034,7.023938306506047
250,40.0,mixed,16,disaggregated,2,48,2,12,6,0.041666666666666664,0.041666666666666664,0.11280417105683496,0.0037222758528476997,14.438933895274875,0.47645130916450557,2.7073001053640393,0.08933462046834471,245.4618762196729,8.099672255796575
250,50.0,i64-o128,4,aggregated,2,48,48,48,48,1.0,1.0,0.9399557516412358,0.004294618894272414,120.31433621007818,0.549711218466869,0.9399557516412358,0.004294618894272414,120.31433621007818,0.549711218466869
250,50.0,i64-o128,4,disaggregated,2,48,42,42,48,0.875,0.875,0.7701605081060657,0.009490120902668877,98.58054503757641,1.2147354755416162,0.8801834378355037,0.010845852460193001,112.66348004294447,1.3882691149047042
250,50.0,i64-o128,16,aggregated,2,48,46,46,48,0.9583333333333334,0.9583333333333334,2.2563850866120534,0.02932343520178502,288.81729108634283,3.7533997058284827,2.354488786029968,0.030598367167080226,301.3745646118359,3.916590997386269
250,50.0,i64-o128,16,disaggregated,2,48,18,18,48,0.3333333333333333,0.375,0.8109038365613123,0.1328416869220083,103.79569107984797,17.00373592601706,2.1612603814214992,0.01463519365580729,276.6413288219519,1.873304787943333
250,50.0,i64-o16,4,aggregated,2,48,48,48,48,1.0,1.0,7.388393230204782,0.14768233383758497,118.21429168327651,2.3629173414013596,7.388393230204782,0.14768233383758497,118.21429168327651,2.3629173414013596
250,50.0,i64-o16,4,disaggregated,2,48,41,41,48,0.8333333333333334,0.8541666666666666,5.197941434143374,0.14272928950871933,83.16706294629398,2.283668632139509,6.086133541468364,0.04283138293511719,97.37813666349382,0.6853021269618751
250,50.0,i64-o16,16,aggregated,2,48,41,41,48,0.8333333333333334,0.8541666666666666,14.757888717989605,0.7693665270323014,236.12621948783368,12.309864432516822,17.272268947116896,0.304949178038586,276.35630315387033,4.879186848617376
250,50.0,i64-o16,16,disaggregated,2,48,17,17,48,0.2916666666666667,0.3541666666666667,4.582865700897297,1.1392854929363834,73.32585121435675,18.228567886982134,12.94147327233698,0.012959846796306863,207.06357235739168,0.2073575487409098
250,50.0,i704-o128,4,aggregated,2,48,44,44,48,0.9166666666666666,0.9166666666666666,0.8345171646862564,0.012454393431045369,106.81819707984081,1.5941623591738072,0.910382361475916,0.013586611015685842,116.52894226891725,1.7390862100077877
250,50.0,i704-o128,4,disaggregated,2,48,0,0,48,0.0,0.0,0.0,0.0,0.0,0.0,0.8319291228229364,0.008083119071160461,106.48692772133586,1.034639241108539
250,50.0,i704-o128,16,aggregated,2,48,5,5,48,0.08333333333333333,0.10416666666666667,0.22442887000529493,0.062416140225733975,28.72689536067775,7.989265948893949,2.1560189480347356,0.010619301241773104,275.97042534844616,1.3592705589469574
250,50.0,i704-o128,16,disaggregated,2,48,0,0,37,0.0,0.0,0.0,0.0,0.0,0.0,1.8369347775335245,0.0005146348548921647,235.12765152429114,0.06587326142619708
250,50.0,i704-o16,4,aggregated,2,48,42,42,48,0.875,0.875,5.588299839290814,0.02847978237639365,89.41279742865302,0.4556765180222984,6.386628387760931,0.0325483227158781,102.1860542041749,0.5207731634540496
250,50.0,i704-o16,4,disaggregated,2,48,0,0,48,0.0,0.0,0.0,0.0,0.0,0.0,4.528020386382782,0.06357611558228561,72.44832618212452,1.0172178493165698
250,50.0,i704-o16,16,aggregated,2,48,5,6,35,0.08333333333333333,0.10416666666666667,1.2856841064053737,0.37194085271824995,20.57094570248598,5.951053643491999,12.330837265738975,0.0829447267704739,197.2933962518236,1.3271156283275825
250,50.0,i704-o16,16,disaggregated,2,48,0,0,48,0.0,0.0,0.0,0.0,0.0,0.0,5.796330368067693,0.26939943206114925,92.74128588908309,4.310390912978388
250,50.0,mixed,4,aggregated,2,48,46,46,48,0.9583333333333334,0.9583333333333334,1.18537344792477,0.027365838402825693,111.3220281529349,2.5700091717436213,1.2369114239214989,0.028555657463817986,112.14663576888258,2.5890462767195084
250,50.0,mixed,4,disaggregated,2,48,24,24,48,0.5,0.5,0.586197694498454,0.004702210211184279,75.03330489580212,0.6018829070315878,1.172395388996908,0.009404420422368559,106.29718193571966,0.8526674516280676
250,50.0,mixed,16,aggregated,2,48,29,29,48,0.5833333333333334,0.6041666666666666,1.9253286028925014,0.14063962788280948,231.32373491711598,3.378669658549841,3.184861842817317,0.07746990779234589,288.7608070821034,7.023938306506047
250,50.0,mixed,16,disaggregated,2,48,12,12,48,0.20833333333333334,0.25,0.6794570728380054,0.1818628437179167,86.97050532326469,23.278443995893337,2.7073001053640393,0.08933462046834471,245.4618762196729,8.099672255796575
250,75.0,i64-o128,4,aggregated,2,48,48,48,48,1.0,1.0,0.9399557516412358,0.004294618894272414,120.31433621007818,0.549711218466869,0.9399557516412358,0.004294618894272414,120.31433621007818,0.549711218466869
250,75.0,i64-o128,4,disaggregated,2,48,42,42,48,0.875,0.875,0.7701605081060657,0.009490120902668877,98.58054503757641,1.2147354755416162,0.8801834378355037,0.010845852460193001,112.66348004294447,1.3882691149047042
250,75.0,i64-o128,16,aggregated,2,48,46,46,48,0.9583333333333334,0.9583333333333334,2.2563850866120534,0.02932343520178502,288.81729108634283,3.7533997058284827,2.354488786029968,0.030598367167080226,301.3745646118359,3.916590997386269
250,75.0,i64-o128,16,disaggregated,2,48,18,18,48,0.3333333333333333,0.375,0.8109038365613123,0.1328416869220083,103.79569107984797,17.00373592601706,2.1612603814214992,0.01463519365580729,276.6413288219519,1.873304787943333
250,75.0,i64-o16,4,aggregated,2,48,48,48,48,1.0,1.0,7.388393230204782,0.14768233383758497,118.21429168327651,2.3629173414013596,7.388393230204782,0.14768233383758497,118.21429168327651,2.3629173414013596
250,75.0,i64-o16,4,disaggregated,2,48,41,41,48,0.8333333333333334,0.8541666666666666,5.197941434143374,0.14272928950871933,83.16706294629398,2.283668632139509,6.086133541468364,0.04283138293511719,97.37813666349382,0.6853021269618751
250,75.0,i64-o16,16,aggregated,2,48,41,41,48,0.8333333333333334,0.8541666666666666,14.757888717989605,0.7693665270323014,236.12621948783368,12.309864432516822,17.272268947116896,0.304949178038586,276.35630315387033,4.879186848617376
250,75.0,i64-o16,16,disaggregated,2,48,17,17,48,0.2916666666666667,0.3541666666666667,4.582865700897297,1.1392854929363834,73.32585121435675,18.228567886982134,12.94147327233698,0.012959846796306863,207.06357235739168,0.2073575487409098
250,75.0,i704-o128,4,aggregated,2,48,44,44,48,0.9166666666666666,0.9166666666666666,0.8345171646862564,0.012454393431045369,106.81819707984081,1.5941623591738072,0.910382361475916,0.013586611015685842,116.52894226891725,1.7390862100077877
250,75.0,i704-o128,4,disaggregated,2,48,0,0,48,0.0,0.0,0.0,0.0,0.0,0.0,0.8319291228229364,0.008083119071160461,106.48692772133586,1.034639241108539
250,75.0,i704-o128,16,aggregated,2,48,5,5,48,0.08333333333333333,0.10416666666666667,0.22442887000529493,0.062416140225733975,28.72689536067775,7.989265948893949,2.1560189480347356,0.010619301241773104,275.97042534844616,1.3592705589469574
250,75.0,i704-o128,16,disaggregated,2,48,0,0,48,0.0,0.0,0.0,0.0,0.0,0.0,1.8369347775335245,0.0005146348548921647,235.12765152429114,0.06587326142619708
250,75.0,i704-o16,4,aggregated,2,48,42,42,48,0.875,0.875,5.588299839290814,0.02847978237639365,89.41279742865302,0.4556765180222984,6.386628387760931,0.0325483227158781,102.1860542041749,0.5207731634540496
250,75.0,i704-o16,4,disaggregated,2,48,0,0,48,0.0,0.0,0.0,0.0,0.0,0.0,4.528020386382782,0.06357611558228561,72.44832618212452,1.0172178493165698
250,75.0,i704-o16,16,aggregated,2,48,6,6,48,0.125,0.125,1.5413546582173718,0.010368090846309238,24.66167453147795,0.1658894535409478,12.330837265738975,0.0829447267704739,197.2933962518236,1.3271156283275825
250,75.0,i704-o16,16,disaggregated,2,48,0,0,48,0.0,0.0,0.0,0.0,0.0,0.0,5.796330368067693,0.26939943206114925,92.74128588908309,4.310390912978388
250,75.0,mixed,4,aggregated,2,48,46,46,48,0.9583333333333334,0.9583333333333334,1.18537344792477,0.027365838402825693,111.3220281529349,2.5700091717436213,1.2369114239214989,0.028555657463817986,112.14663576888258,2.5890462767195084
250,75.0,mixed,4,disaggregated,2,48,24,24,48,0.5,0.5,0.586197694498454,0.004702210211184279,75.03330489580212,0.6018829070315878,1.172395388996908,0.009404420422368559,106.29718193571966,0.8526674516280676
250,75.0,mixed,16,aggregated,2,48,29,29,48,0.5833333333333334,0.6041666666666666,1.9253286028925014,0.14063962788280948,231.32373491711598,3.378669658549841,3.184861842817317,0.07746990779234589,288.7608070821034,7.023938306506047
250,75.0,mixed,16,disaggregated,2,48,12,12,48,0.20833333333333334,0.25,0.6794570728380054,0.1818628437179167,86.97050532326469,23.278443995893337,2.7073001053640393,0.08933462046834471,245.4618762196729,8.099672255796575
500,25.0,i64-o128,4,aggregated,2,48,0,48,0,0.0,0.0,0.0,0.0,0.0,0.0,0.9399557516412358,0.004294618894272414,120.31433621007818,0.549711218466869
500,25.0,i64-o128,4,disaggregated,2,48,0,48,0,0.0,0.0,0.0,0.0,0.0,0.0,0.8801834378355037,0.010845852460193001,112.66348004294447,1.3882691149047042
500,25.0,i64-o128,16,aggregated,2,48,0,48,0,0.0,0.0,0.0,0.0,0.0,0.0,2.354488786029968,0.030598367167080226,301.3745646118359,3.916590997386269
500,25.0,i64-o128,16,disaggregated,2,48,0,31,0,0.0,0.0,0.0,0.0,0.0,0.0,2.1612603814214992,0.01463519365580729,276.6413288219519,1.873304787943333
500,25.0,i64-o16,4,aggregated,2,48,2,48,2,0.041666666666666664,0.041666666666666664,0.3078497179251993,0.006153430576566014,4.925595486803188,0.09845488922505623,7.388393230204782,0.14768233383758497,118.21429168327651,2.3629173414013596
500,25.0,i64-o16,4,disaggregated,2,48,3,48,3,0.041666666666666664,0.0625,0.3810143122026273,0.1819913905325773,6.096228995242037,2.9118622485212367,6.086133541468364,0.04283138293511719,97.37813666349382,0.6853021269618751
500,25.0,i64-o16,16,aggregated,2,48,2,48,2,0.041666666666666664,0.041666666666666664,0.7196778727965374,0.012706215751607804,11.514845964744598,0.20329945202572486,17.272268947116896,0.304949178038586,276.35630315387033,4.879186848617376
500,25.0,i64-o16,16,disaggregated,2,48,2,31,2,0.041666666666666664,0.041666666666666664,0.5392280530140409,0.0005399936165127859,8.627648848224654,0.008639897864204575,12.94147327233698,0.012959846796306863,207.06357235739168,0.2073575487409098
500,25.0,i704-o128,4,aggregated,2,48,0,48,0,0.0,0.0,0.0,0.0,0.0,0.0,0.910382361475916,0.013586611015685842,116.52894226891725,1.7390862100077877
500,25.0,i704-o128,4,disaggregated,2,48,0,40,0,0.0,0.0,0.0,0.0,0.0,0.0,0.8319291228229364,0.008083119071160461,106.48692772133586,1.034639241108539
500,25.0,i704-o128,16,aggregated,2,48,0,29,0,0.0,0.0,0.0,0.0,0.0,0.0,2.1560189480347356,0.010619301241773104,275.97042534844616,1.3592705589469574
500,25.0,i704-o128,16,disaggregated,2,48,0,10,0,0.0,0.0,0.0,0.0,0.0,0.0,1.8369347775335245,0.0005146348548921647,235.12765152429114,0.06587326142619708
500,25.0,i704-o16,4,aggregated,2,48,5,48,5,0.08333333333333333,0.10416666666666667,0.6647943083145003,0.18477739312977357,10.636708933032004,2.956438290076377,6.386628387760931,0.0325483227158781,102.1860542041749,0.5207731634540496
500,25.0,i704-o16,4,disaggregated,2,48,4,40,10,0.041666666666666664,0.08333333333333333,0.3792081614673041,0.27211416967870683,6.067330583476865,4.353826714859309,4.528020386382782,0.06357611558228561,72.44832618212452,1.0172178493165698
500,25.0,i704-o16,16,aggregated,2,48,1,30,1,0.0,0.020833333333333332,0.2581143342604592,0.3650287921540438,4.129829348167347,5.840460674464701,12.330837265738975,0.0829447267704739,197.2933962518236,1.3271156283275825
500,25.0,i704-o16,16,disaggregated,2,48,0,2,2,0.0,0.0,0.0,0.0,0.0,0.0,5.796330368067693,0.26939943206114925,92.74128588908309,4.310390912978388
500,25.0,mixed,4,aggregated,2,48,0,48,0,0.0,0.0,0.0,0.0,0.0,0.0,1.2369114239214989,0.028555657463817986,112.14663576888258,2.5890462767195084
500,25.0,mixed,4,disaggregated,2,48,0,48,0,0.0,0.0,0.0,0.0,0.0,0.0,1.172395388996908,0.009404420422368559,106.29718193571966,0.8526674516280676
500,25.0,mixed,16,aggregated,2,48,0,47,0,0.0,0.0,0.0,0.0,0.0,0.0,3.184861842817317,0.07746990779234589,288.7608070821034,7.023938306506047
500,25.0,mixed,16,disaggregated,2,48,0,23,0,0.0,0.0,0.0,0.0,0.0,0.0,2.7073001053640393,0.08933462046834471,245.4618762196729,8.099672255796575
500,30.0,i64-o128,4,aggregated,2,48,1,48,1,0.0,0.020833333333333332,0.01964567720383308,0.027783183143664684,2.514646682090634,3.5562474423890795,0.9399557516412358,0.004294618894272414,120.31433621007818,0.549711218466869
500,30.0,i64-o128,4,disaggregated,2,48,0,48,0,0.0,0.0,0.0,0.0,0.0,0.0,0.8801834378355037,0.010845852460193001,112.66348004294447,1.3882691149047042
500,30.0,i64-o128,16,aggregated,2,48,0,48,0,0.0,0.0,0.0,0.0,0.0,0.0,2.354488786029968,0.030598367167080226,301.3745646118359,3.916590997386269
500,30.0,i64-o128,16,disaggregated,2,48,0,31,0,0.0,0.0,0.0,0.0,0.0,0.0,2.1612603814214992,0.01463519365580729,276.6413288219519,1.873304787943333
500,30.0,i64-o16,4,aggregated,2,48,31,48,31,0.5833333333333334,0.6458333333333334,4.778197326572965,0.7484260433305961,76.45115722516744,11.974816693289538,7.388393230204782,0.14768233383758497,118.21429168327651,2.3629173414013596
500,30.0,i64-o16,4,disaggregated,2,48,26,48,26,0.4583333333333333,0.5416666666666666,3.2991795317387824,0.7404580488197184,52.78687250782052,11.847328781115495,6.086133541468364,0.04283138293511719,97.37813666349382,0.6853021269618751
500,30.0,i64-o16,16,aggregated,2,48,5,48,5,0.08333333333333333,0.10416666666666667,1.8036870076519338,0.5406546435033605,28.85899212243094,8.650474296053767,17.272268947116896,0.304949178038586,276.35630315387033,4.879186848617376
500,30.0,i64-o16,16,disaggregated,2,48,3,31,3,0.041666666666666664,0.0625,0.8086511629470445,0.38048182246747825,12.938418607152713,6.087709159479652,12.94147327233698,0.012959846796306863,207.06357235739168,0.2073575487409098
500,30.0,i704-o128,4,aggregated,2,48,0,48,0,0.0,0.0,0.0,0.0,0.0,0.0,0.910382361475916,0.013586611015685842,116.52894226891725,1.7390862100077877
500,30.0,i704-o128,4,disaggregated,2,48,0,40,0,0.0,0.0,0.0,0.0,0.0,0.0,0.8319291228229364,0.008083119071160461,106.48692772133586,1.034639241108539
500,30.0,i704-o128,16,aggregated,2,48,0,29,0,0.0,0.0,0.0,0.0,0.0,0.0,2.1560189480347356,0.010619301241773104,275.97042534844616,1.3592705589469574
500,30.0,i704-o128,16,disaggregated,2,48,0,10,0,0.0,0.0,0.0,0.0,0.0,0.0,1.8369347775335245,0.0005146348548921647,235.12765152429114,0.06587326142619708
500,30.0,i704-o16,4,aggregated,2,48,24,48,24,0.4583333333333333,0.5,3.194273158034992,0.3926098481832946,51.108370528559874,6.281757570932713,6.386628387760931,0.0325483227158781,102.1860542041749,0.5207731634540496
500,30.0,i704-o16,4,disaggregated,2,48,12,40,18,0.20833333333333334,0.25,1.1338782258644344,0.28271018894242106,18.14205161383095,4.523363023078737,4.528020386382782,0.06357611558228561,72.44832618212452,1.0172178493165698
500,30.0,i704-o16,16,aggregated,2,48,5,30,5,0.08333333333333333,0.10416666666666667,1.2856841064053737,0.37194085271824995,20.57094570248598,5.951053643491999,12.330837265738975,0.0829447267704739,197.2933962518236,1.3271156283275825
500,30.0,i704-o16,16,disaggregated,2,48,0,2,10,0.0,0.0,0.0,0.0,0.0,0.0,5.796330368067693,0.26939943206114925,92.74128588908309,4.310390912978388
500,30.0,mixed,4,aggregated,2,48,10,48,10,0.20833333333333334,0.20833333333333334,0.2576898799836456,0.0059490953049620866,4.12303807973833,0.09518552487939339,1.2369114239214989,0.028555657463817986,112.14663576888258,2.5890462767195084
500,30.0,mixed,4,disaggregated,2,48,5,48,5,0.08333333333333333,0.10416666666666667,0.12198597949022405,0.033562403280651354,1.9517756718435848,0.5369984524904217,1.172395388996908,0.009404420422368559,106.29718193571966,0.8526674516280676
500,30.0,mixed,16,aggregated,2,48,0,47,0,0.0,0.0,0.0,0.0,0.0,0.0,3.184861842817317,0.07746990779234589,288.7608070821034,7.023938306506047
500,30.0,mixed,16,disaggregated,2,48,0,23,0,0.0,0.0,0.0,0.0,0.0,0.0,2.7073001053640393,0.08933462046834471,245.4618762196729,8.099672255796575
500,35.0,i64-o128,4,aggregated,2,48,48,48,48,1.0,1.0,0.9399557516412358,0.004294618894272414,120.31433621007818,0.549711218466869,0.9399557516412358,0.004294618894272414,120.31433621007818,0.549711218466869
500,35.0,i64-o128,4,disaggregated,2,48,42,48,42,0.875,0.875,0.7701605081060657,0.009490120902668877,98.58054503757641,1.2147354755416162,0.8801834378355037,0.010845852460193001,112.66348004294447,1.3882691149047042
500,35.0,i64-o128,16,aggregated,2,48,11,48,11,0.16666666666666666,0.22916666666666666,0.5409226163558518,0.21512149916280668,69.23809489354903,27.535551892839255,2.354488786029968,0.030598367167080226,301.3745646118359,3.916590997386269
500,35.0,i64-o128,16,disaggregated,2,48,0,31,0,0.0,0.0,0.0,0.0,0.0,0.0,2.1612603814214992,0.01463519365580729,276.6413288219519,1.873304787943333
500,35.0,i64-o16,4,aggregated,2,48,47,48,47,0.9583333333333334,0.9791666666666666,7.236643937486308,0.3622882416805757,115.78630299978093,5.7966118668892115,7.388393230204782,0.14768233383758497,118.21429168327651,2.3629173414013596
500,35.0,i64-o16,4,disaggregated,2,48,48,48,48,1.0,1.0,6.086133541468364,0.04283138293511719,97.37813666349382,0.6853021269618751,6.086133541468364,0.04283138293511719,97.37813666349382,0.6853021269618751
500,35.0,i64-o16,16,aggregated,2,48,17,48,17,0.3333333333333333,0.3541666666666667,6.121754244431158,0.6168919380130071,97.94806791089853,9.870271008208114,17.272268947116896,0.304949178038586,276.35630315387033,4.879186848617376
500,35.0,i64-o16,16,disaggregated,2,48,8,31,8,0.16666666666666666,0.16666666666666666,2.1569122120561635,0.0021599744660511437,34.510595392898615,0.0345595914568183,12.94147327233698,0.012959846796306863,207.06357235739168,0.2073575487409098
500,35.0,i704-o128,4,aggregated,2,48,48,48,48,1.0,1.0,0.910382361475916,0.013586611015685842,116.52894226891725,1.7390862100077877,0.910382361475916,0.013586611015685842,116.52894226891725,1.7390862100077877
500,35.0,i704-o128,4,disaggregated,2,48,32,40,38,0.625,0.6666666666666666,0.5548575663948058,0.05441063973199657,71.02176849853514,6.964561885695561,0.8319291228229364,0.008083119071160461,106.48692772133586,1.034639241108539
500,35.0,i704-o128,16,aggregated,2,48,7,29,9,0.125,0.14583333333333334,0.31426299284007553,0.06197366934066008,40.22566308352967,7.93262967560449,2.1560189480347356,0.010619301241773104,275.97042534844616,1.3592705589469574
500,35.0,i704-o128,16,disaggregated,2,48,0,10,0,0.0,0.0,0.0,0.0,0.0,0.0,1.8369347775335245,0.0005146348548921647,235.12765152429114,0.06587326142619708
500,35.0,i704-o16,4,aggregated,2,48,48,48,48,1.0,1.0,6.386628387760931,0.0325483227158781,102.1860542041749,0.5207731634540496,6.386628387760931,0.0325483227158781,102.1860542041749,0.5207731634540496
500,35.0,i704-o16,4,disaggregated,2,48,39,40,47,0.75,0.8125,3.681826257839119,0.45187983398088155,58.909220125425904,7.230077343694105,4.528020386382782,0.06357611558228561,72.44832618212452,1.0172178493165698
500,35.0,i704-o16,16,aggregated,2,48,12,30,13,0.25,0.25,3.0827093164347437,0.020736181692618476,49.3233490629559,0.3317789070818956,12.330837265738975,0.0829447267704739,197.2933962518236,1.3271156283275825
500,35.0,i704-o16,16,disaggregated,2,48,2,2,21,0.041666666666666664,0.041666666666666664,0.24151376533615387,0.01122497633588122,3.864220245378462,0.17959962137409952,5.796330368067693,0.26939943206114925,92.74128588908309,4.310390912978388
500,35.0,mixed,4,aggregated,2,48,46,48,46,0.9166666666666666,0.9583333333333334,1.1862147770511826,0.10025154303465894,105.65746496948208,11.766119629787141,1.2369114239214989,0.028555657463817986,112.14663576888258,2.5890462767195084
500,35.0,mixed,4,disaggregated,2,48,42,48,42,0.875,0.875,1.0258459653722944,0.008228867869572292,87.53885571176914,0.7021967248701857,1.172395388996908,0.009404420422368559,106.29718193571966,0.8526674516280676
500,35.0,mixed,16,aggregated,2,48,1,47,1,0.0,0.020833333333333332,0.06749252791573294,0.09544884833727425,1.079880446651727,1.527181573396388,3.184861842817317,0.07746990779234589,288.7608070821034,7.023938306506047
500,35.0,mixed,16,disaggregated,2,48,1,23,1,0.0,0.020833333333333332,0.05771810877691526,0.08162573222683914,0.9234897404306441,1.3060117156294262,2.7073001053640393,0.08933462046834471,245.4618762196729,8.099672255796575
500,40.0,i64-o128,4,aggregated,2,48,48,48,48,1.0,1.0,0.9399557516412358,0.004294618894272414,120.31433621007818,0.549711218466869,0.9399557516412358,0.004294618894272414,120.31433621007818,0.549711218466869
500,40.0,i64-o128,4,disaggregated,2,48,48,48,48,1.0,1.0,0.8801834378355037,0.010845852460193001,112.66348004294447,1.3882691149047042,0.8801834378355037,0.010845852460193001,112.66348004294447,1.3882691149047042
500,40.0,i64-o128,16,aggregated,2,48,17,48,17,0.3333333333333333,0.3541666666666667,0.8343322015713863,0.08020671282290226,106.79452180113745,10.26645924133149,2.354488786029968,0.030598367167080226,301.3745646118359,3.916590997386269
500,40.0,i64-o128,16,disaggregated,2,48,16,31,16,0.3333333333333333,0.3333333333333333,0.7204201271404997,0.004878397885269123,92.21377627398397,0.6244349293144478,2.1612603814214992,0.01463519365580729,276.6413288219519,1.873304787943333
500,40.0,i64-o16,4,aggregated,2,48,48,48,48,1.0,1.0,7.388393230204782,0.14768233383758497,118.21429168327651,2.3629173414013596,7.388393230204782,0.14768233383758497,118.21429168327651,2.3629173414013596
500,40.0,i64-o16,4,disaggregated,2,48,48,48,48,1.0,1.0,6.086133541468364,0.04283138293511719,97.37813666349382,0.6853021269618751,6.086133541468364,0.04283138293511719,97.37813666349382,0.6853021269618751
500,40.0,i64-o16,16,aggregated,2,48,42,48,42,0.875,0.875,15.113235328727285,0.26683053078376406,241.81176525963656,4.269288492540225,17.272268947116896,0.304949178038586,276.35630315387033,4.879186848617376
500,40.0,i64-o16,16,disaggregated,2,48,18,31,24,0.3333333333333333,0.375,4.853434310274402,0.7674435683331098,77.65494896439043,12.279097093329757,12.94147327233698,0.012959846796306863,207.06357235739168,0.2073575487409098
500,40.0,i704-o128,4,aggregated,2,48,48,48,48,1.0,1.0,0.910382361475916,0.013586611015685842,116.52894226891725,1.7390862100077877,0.910382361475916,0.013586611015685842,116.52894226891725,1.7390862100077877
500,40.0,i704-o128,4,disaggregated,2,48,40,40,48,0.8333333333333334,0.8333333333333334,0.6932742690191137,0.006735932559300397,88.73910643444655,0.8621993675904508,0.8319291228229364,0.008083119071160461,106.48692772133586,1.034639241108539
500,40.0,i704-o128,16,aggregated,2,48,14,29,16,0.2916666666666667,0.2916666666666667,0.6288388598434644,0.0030972961955171947,80.49137405996345,0.3964539130262009,2.1560189480347356,0.010619301241773104,275.97042534844616,1.3592705589469574
500,40.0,i704-o128,16,disaggregated,2,48,5,10,11,0.08333333333333333,0.10416666666666667,0.19135495394715318,0.05417481770535783,24.493434105235607,6.934376666285802,1.8369347775335245,0.0005146348548921647,235.12765152429114,0.06587326142619708
500,40.0,i704-o16,4,aggregated,2,48,48,48,48,1.0,1.0,6.386628387760931,0.0325483227158781,102.1860542041749,0.5207731634540496,6.386628387760931,0.0325483227158781,102.1860542041749,0.5207731634540496
500,40.0,i704-o16,4,disaggregated,2,48,40,40,48,0.7916666666666666,0.8333333333333334,3.7752234512543907,0.3197962563654208,60.40357522007025,5.116740101846733,4.528020386382782,0.06357611558228561,72.44832618212452,1.0172178493165698
500,40.0,i704-o16,16,aggregated,2,48,18,30,22,0.375,0.375,4.624063974652115,0.03110427253892787,73.98502359443384,0.4976683606228459,12.330837265738975,0.0829447267704739,197.2933962518236,1.3271156283275825
500,40.0,i704-o16,16,disaggregated,2,48,2,2,47,0.041666666666666664,0.041666666666666664,0.24151376533615387,0.01122497633588122,3.864220245378462,0.17959962137409952,5.796330368067693,0.26939943206114925,92.74128588908309,4.310390912978388
500,40.0,mixed,4,aggregated,2,48,48,48,48,1.0,1.0,1.2369114239214989,0.028555657463817986,112.14663576888258,2.5890462767195084,1.2369114239214989,0.028555657463817986,112.14663576888258,2.5890462767195084
500,40.0,mixed,4,disaggregated,2,48,48,48,48,1.0,1.0,1.172395388996908,0.009404420422368559,106.29718193571966,0.8526674516280676,1.172395388996908,0.009404420422368559,106.29718193571966,0.8526674516280676
500,40.0,mixed,16,aggregated,2,48,19,47,19,0.2916666666666667,0.3958333333333333,1.266380677067049,0.49983963145913884,117.25302321182978,41.87587832649178,3.184861842817317,0.07746990779234589,288.7608070821034,7.023938306506047
500,40.0,mixed,16,disaggregated,2,48,5,23,6,0.08333333333333333,0.10416666666666667,0.28332645089058517,0.08907028393253451,17.16729037261488,1.8420194384394948,2.7073001053640393,0.08933462046834471,245.4618762196729,8.099672255796575
500,50.0,i64-o128,4,aggregated,2,48,48,48,48,1.0,1.0,0.9399557516412358,0.004294618894272414,120.31433621007818,0.549711218466869,0.9399557516412358,0.004294618894272414,120.31433621007818,0.549711218466869
500,50.0,i64-o128,4,disaggregated,2,48,48,48,48,1.0,1.0,0.8801834378355037,0.010845852460193001,112.66348004294447,1.3882691149047042,0.8801834378355037,0.010845852460193001,112.66348004294447,1.3882691149047042
500,50.0,i64-o128,16,aggregated,2,48,48,48,48,1.0,1.0,2.354488786029968,0.030598367167080226,301.3745646118359,3.916590997386269,2.354488786029968,0.030598367167080226,301.3745646118359,3.916590997386269
500,50.0,i64-o128,16,disaggregated,2,48,31,31,48,0.5833333333333334,0.6458333333333334,1.3964607866270935,0.2004821298543296,178.74698068826797,25.661712621354187,2.1612603814214992,0.01463519365580729,276.6413288219519,1.873304787943333
500,50.0,i64-o16,4,aggregated,2,48,48,48,48,1.0,1.0,7.388393230204782,0.14768233383758497,118.21429168327651,2.3629173414013596,7.388393230204782,0.14768233383758497,118.21429168327651,2.3629173414013596
500,50.0,i64-o16,4,disaggregated,2,48,48,48,48,1.0,1.0,6.086133541468364,0.04283138293511719,97.37813666349382,0.6853021269618751,6.086133541468364,0.04283138293511719,97.37813666349382,0.6853021269618751
500,50.0,i64-o16,16,aggregated,2,48,48,48,48,1.0,1.0,17.272268947116896,0.304949178038586,276.35630315387033,4.879186848617376,17.272268947116896,0.304949178038586,276.35630315387033,4.879186848617376
500,50.0,i64-o16,16,disaggregated,2,48,31,31,48,0.625,0.6458333333333334,8.358225738291651,0.3896617139481959,133.73161181266642,6.234587423171134,12.94147327233698,0.012959846796306863,207.06357235739168,0.2073575487409098
500,50.0,i704-o128,4,aggregated,2,48,48,48,48,1.0,1.0,0.910382361475916,0.013586611015685842,116.52894226891725,1.7390862100077877,0.910382361475916,0.013586611015685842,116.52894226891725,1.7390862100077877
500,50.0,i704-o128,4,disaggregated,2,48,40,40,48,0.8333333333333334,0.8333333333333334,0.6932742690191137,0.006735932559300397,88.73910643444655,0.8621993675904508,0.8319291228229364,0.008083119071160461,106.48692772133586,1.034639241108539
500,50.0,i704-o128,16,aggregated,2,48,29,29,48,0.5833333333333334,0.6041666666666666,1.302751218185976,0.06993814527198994,166.75215592780492,8.952082594814712,2.1560189480347356,0.010619301241773104,275.97042534844616,1.3592705589469574
500,50.0,i704-o128,16,disaggregated,2,48,9,10,37,0.16666666666666666,0.1875,0.34441768950012486,0.05402471587268095,44.08546425601598,6.9151636317031615,1.8369347775335245,0.0005146348548921647,235.12765152429114,0.06587326142619708
500,50.0,i704-o16,4,aggregated,2,48,48,48,48,1.0,1.0,6.386628387760931,0.0325483227158781,102.1860542041749,0.5207731634540496,6.386628387760931,0.0325483227158781,102.1860542041749,0.5207731634540496
500,50.0,i704-o16,4,disaggregated,2,48,40,40,48,0.7916666666666666,0.8333333333333334,3.7752234512543907,0.3197962563654208,60.40357522007025,5.116740101846733,4.528020386382782,0.06357611558228561,72.44832618212452,1.0172178493165698
500,50.0,i704-o16,16,aggregated,2,48,24,30,35,0.5,0.5,6.165418632869487,0.04147236338523695,98.6466981259118,0.6635578141637912,12.330837265738975,0.0829447267704739,197.2933962518236,1.3271156283275825
500,50.0,i704-o16,16,disaggregated,2,48,2,2,48,0.041666666666666664,0.041666666666666664,0.24151376533615387,0.01122497633588122,3.864220245378462,0.17959962137409952,5.796330368067693,0.26939943206114925,92.74128588908309,4.310390912978388
500,50.0,mixed,4,aggregated,2,48,48,48,48,1.0,1.0,1.2369114239214989,0.028555657463817986,112.14663576888258,2.5890462767195084,1.2369114239214989,0.028555657463817986,112.14663576888258,2.5890462767195084
500,50.0,mixed,4,disaggregated,2,48,48,48,48,1.0,1.0,1.172395388996908,0.009404420422368559,106.29718193571966,0.8526674516280676,1.172395388996908,0.009404420422368559,106.29718193571966,0.8526674516280676
500,50.0,mixed,16,aggregated,2,48,47,47,48,0.9583333333333334,0.9791666666666666,3.119651793948995,0.16969084330493922,287.71744630021027,8.499473274707524,3.184861842817317,0.07746990779234589,288.7608070821034,7.023938306506047
500,50.0,mixed,16,disaggregated,2,48,23,23,48,0.375,0.4791666666666667,1.303828083396091,0.4416291438098249,141.62186035796861,55.694740616619704,2.7073001053640393,0.08933462046834471,245.4618762196729,8.099672255796575
500,75.0,i64-o128,4,aggregated,2,48,48,48,48,1.0,1.0,0.9399557516412358,0.004294618894272414,120.31433621007818,0.549711218466869,0.9399557516412358,0.004294618894272414,120.31433621007818,0.549711218466869
500,75.0,i64-o128,4,disaggregated,2,48,48,48,48,1.0,1.0,0.8801834378355037,0.010845852460193001,112.66348004294447,1.3882691149047042,0.8801834378355037,0.010845852460193001,112.66348004294447,1.3882691149047042
500,75.0,i64-o128,16,aggregated,2,48,48,48,48,1.0,1.0,2.354488786029968,0.030598367167080226,301.3745646118359,3.916590997386269,2.354488786029968,0.030598367167080226,301.3745646118359,3.916590997386269
500,75.0,i64-o128,16,disaggregated,2,48,31,31,48,0.5833333333333334,0.6458333333333334,1.3964607866270935,0.2004821298543296,178.74698068826797,25.661712621354187,2.1612603814214992,0.01463519365580729,276.6413288219519,1.873304787943333
500,75.0,i64-o16,4,aggregated,2,48,48,48,48,1.0,1.0,7.388393230204782,0.14768233383758497,118.21429168327651,2.3629173414013596,7.388393230204782,0.14768233383758497,118.21429168327651,2.3629173414013596
500,75.0,i64-o16,4,disaggregated,2,48,48,48,48,1.0,1.0,6.086133541468364,0.04283138293511719,97.37813666349382,0.6853021269618751,6.086133541468364,0.04283138293511719,97.37813666349382,0.6853021269618751
500,75.0,i64-o16,16,aggregated,2,48,48,48,48,1.0,1.0,17.272268947116896,0.304949178038586,276.35630315387033,4.879186848617376,17.272268947116896,0.304949178038586,276.35630315387033,4.879186848617376
500,75.0,i64-o16,16,disaggregated,2,48,31,31,48,0.625,0.6458333333333334,8.358225738291651,0.3896617139481959,133.73161181266642,6.234587423171134,12.94147327233698,0.012959846796306863,207.06357235739168,0.2073575487409098
500,75.0,i704-o128,4,aggregated,2,48,48,48,48,1.0,1.0,0.910382361475916,0.013586611015685842,116.52894226891725,1.7390862100077877,0.910382361475916,0.013586611015685842,116.52894226891725,1.7390862100077877
500,75.0,i704-o128,4,disaggregated,2,48,40,40,48,0.8333333333333334,0.8333333333333334,0.6932742690191137,0.006735932559300397,88.73910643444655,0.8621993675904508,0.8319291228229364,0.008083119071160461,106.48692772133586,1.034639241108539
500,75.0,i704-o128,16,aggregated,2,48,29,29,48,0.5833333333333334,0.6041666666666666,1.302751218185976,0.06993814527198994,166.75215592780492,8.952082594814712,2.1560189480347356,0.010619301241773104,275.97042534844616,1.3592705589469574
500,75.0,i704-o128,16,disaggregated,2,48,10,10,48,0.20833333333333334,0.20833333333333334,0.38269474531948433,0.0001072155947692206,48.984927400893994,0.013723596130460237,1.8369347775335245,0.0005146348548921647,235.12765152429114,0.06587326142619708
500,75.0,i704-o16,4,aggregated,2,48,48,48,48,1.0,1.0,6.386628387760931,0.0325483227158781,102.1860542041749,0.5207731634540496,6.386628387760931,0.0325483227158781,102.1860542041749,0.5207731634540496
500,75.0,i704-o16,4,disaggregated,2,48,40,40,48,0.7916666666666666,0.8333333333333334,3.7752234512543907,0.3197962563654208,60.40357522007025,5.116740101846733,4.528020386382782,0.06357611558228561,72.44832618212452,1.0172178493165698
500,75.0,i704-o16,16,aggregated,2,48,30,30,48,0.625,0.625,7.70677329108686,0.051840454231546026,123.30837265738975,0.8294472677047364,12.330837265738975,0.0829447267704739,197.2933962518236,1.3271156283275825
500,75.0,i704-o16,16,disaggregated,2,48,2,2,48,0.041666666666666664,0.041666666666666664,0.24151376533615387,0.01122497633588122,3.864220245378462,0.17959962137409952,5.796330368067693,0.26939943206114925,92.74128588908309,4.310390912978388
500,75.0,mixed,4,aggregated,2,48,48,48,48,1.0,1.0,1.2369114239214989,0.028555657463817986,112.14663576888258,2.5890462767195084,1.2369114239214989,0.028555657463817986,112.14663576888258,2.5890462767195084
500,75.0,mixed,4,disaggregated,2,48,48,48,48,1.0,1.0,1.172395388996908,0.009404420422368559,106.29718193571966,0.8526674516280676,1.172395388996908,0.009404420422368559,106.29718193571966,0.8526674516280676
500,75.0,mixed,16,aggregated,2,48,47,47,48,0.9583333333333334,0.9791666666666666,3.119651793948995,0.16969084330493922,287.71744630021027,8.499473274707524,3.184861842817317,0.07746990779234589,288.7608070821034,7.023938306506047
500,75.0,mixed,16,disaggregated,2,48,23,23,48,0.375,0.4791666666666667,1.303828083396091,0.4416291438098249,141.62186035796861,55.694740616619704,2.7073001053640393,0.08933462046834471,245.4618762196729,8.099672255796575
1000,25.0,i64-o128,4,aggregated,2,48,0,48,0,0.0,0.0,0.0,0.0,0.0,0.0,0.9399557516412358,0.004294618894272414,120.31433621007818,0.549711218466869
1000,25.0,i64-o128,4,disaggregated,2,48,0,48,0,0.0,0.0,0.0,0.0,0.0,0.0,0.8801834378355037,0.010845852460193001,112.66348004294447,1.3882691149047042
1000,25.0,i64-o128,16,aggregated,2,48,0,48,0,0.0,0.0,0.0,0.0,0.0,0.0,2.354488786029968,0.030598367167080226,301.3745646118359,3.916590997386269
1000,25.0,i64-o128,16,disaggregated,2,48,0,48,0,0.0,0.0,0.0,0.0,0.0,0.0,2.1612603814214992,0.01463519365580729,276.6413288219519,1.873304787943333
1000,25.0,i64-o16,4,aggregated,2,48,2,48,2,0.041666666666666664,0.041666666666666664,0.3078497179251993,0.006153430576566014,4.925595486803188,0.09845488922505623,7.388393230204782,0.14768233383758497,118.21429168327651,2.3629173414013596
1000,25.0,i64-o16,4,disaggregated,2,48,3,48,3,0.041666666666666664,0.0625,0.3810143122026273,0.1819913905325773,6.096228995242037,2.9118622485212367,6.086133541468364,0.04283138293511719,97.37813666349382,0.6853021269618751
1000,25.0,i64-o16,16,aggregated,2,48,2,48,2,0.041666666666666664,0.041666666666666664,0.7196778727965374,0.012706215751607804,11.514845964744598,0.20329945202572486,17.272268947116896,0.304949178038586,276.35630315387033,4.879186848617376
1000,25.0,i64-o16,16,disaggregated,2,48,2,48,2,0.041666666666666664,0.041666666666666664,0.5392280530140409,0.0005399936165127859,8.627648848224654,0.008639897864204575,12.94147327233698,0.012959846796306863,207.06357235739168,0.2073575487409098
1000,25.0,i704-o128,4,aggregated,2,48,0,48,0,0.0,0.0,0.0,0.0,0.0,0.0,0.910382361475916,0.013586611015685842,116.52894226891725,1.7390862100077877
1000,25.0,i704-o128,4,disaggregated,2,48,0,48,0,0.0,0.0,0.0,0.0,0.0,0.0,0.8319291228229364,0.008083119071160461,106.48692772133586,1.034639241108539
1000,25.0,i704-o128,16,aggregated,2,48,0,48,0,0.0,0.0,0.0,0.0,0.0,0.0,2.1560189480347356,0.010619301241773104,275.97042534844616,1.3592705589469574
1000,25.0,i704-o128,16,disaggregated,2,48,0,26,0,0.0,0.0,0.0,0.0,0.0,0.0,1.8369347775335245,0.0005146348548921647,235.12765152429114,0.06587326142619708
1000,25.0,i704-o16,4,aggregated,2,48,5,48,5,0.08333333333333333,0.10416666666666667,0.6647943083145003,0.18477739312977357,10.636708933032004,2.956438290076377,6.386628387760931,0.0325483227158781,102.1860542041749,0.5207731634540496
1000,25.0,i704-o16,4,disaggregated,2,48,10,48,10,0.20833333333333334,0.20833333333333334,0.943337580496413,0.013245024079642861,15.093401287942608,0.21192038527428578,4.528020386382782,0.06357611558228561,72.44832618212452,1.0172178493165698
1000,25.0,i704-o16,16,aggregated,2,48,1,48,1,0.0,0.020833333333333332,0.2581143342604592,0.3650287921540438,4.129829348167347,5.840460674464701,12.330837265738975,0.0829447267704739,197.2933962518236,1.3271156283275825
1000,25.0,i704-o16,16,disaggregated,2,48,0,9,2,0.0,0.0,0.0,0.0,0.0,0.0,5.796330368067693,0.26939943206114925,92.74128588908309,4.310390912978388
1000,25.0,mixed,4,aggregated,2,48,0,48,0,0.0,0.0,0.0,0.0,0.0,0.0,1.2369114239214989,0.028555657463817986,112.14663576888258,2.5890462767195084
1000,25.0,mixed,4,disaggregated,2,48,0,48,0,0.0,0.0,0.0,0.0,0.0,0.0,1.172395388996908,0.009404420422368559,106.29718193571966,0.8526674516280676
1000,25.0,mixed,16,aggregated,2,48,0,48,0,0.0,0.0,0.0,0.0,0.0,0.0,3.184861842817317,0.07746990779234589,288.7608070821034,7.023938306506047
1000,25.0,mixed,16,disaggregated,2,48,0,37,0,0.0,0.0,0.0,0.0,0.0,0.0,2.7073001053640393,0.08933462046834471,245.4618762196729,8.099672255796575
1000,30.0,i64-o128,4,aggregated,2,48,1,48,1,0.0,0.020833333333333332,0.01964567720383308,0.027783183143664684,2.514646682090634,3.5562474423890795,0.9399557516412358,0.004294618894272414,120.31433621007818,0.549711218466869
1000,30.0,i64-o128,4,disaggregated,2,48,0,48,0,0.0,0.0,0.0,0.0,0.0,0.0,0.8801834378355037,0.010845852460193001,112.66348004294447,1.3882691149047042
1000,30.0,i64-o128,16,aggregated,2,48,0,48,0,0.0,0.0,0.0,0.0,0.0,0.0,2.354488786029968,0.030598367167080226,301.3745646118359,3.916590997386269
1000,30.0,i64-o128,16,disaggregated,2,48,0,48,0,0.0,0.0,0.0,0.0,0.0,0.0,2.1612603814214992,0.01463519365580729,276.6413288219519,1.873304787943333
1000,30.0,i64-o16,4,aggregated,2,48,31,48,31,0.5833333333333334,0.6458333333333334,4.778197326572965,0.7484260433305961,76.45115722516744,11.974816693289538,7.388393230204782,0.14768233383758497,118.21429168327651,2.3629173414013596
1000,30.0,i64-o16,4,disaggregated,2,48,26,48,26,0.4583333333333333,0.5416666666666666,3.2991795317387824,0.7404580488197184,52.78687250782052,11.847328781115495,6.086133541468364,0.04283138293511719,97.37813666349382,0.6853021269618751
1000,30.0,i64-o16,16,aggregated,2,48,5,48,5,0.08333333333333333,0.10416666666666667,1.8036870076519338,0.5406546435033605,28.85899212243094,8.650474296053767,17.272268947116896,0.304949178038586,276.35630315387033,4.879186848617376
1000,30.0,i64-o16,16,disaggregated,2,48,3,48,3,0.041666666666666664,0.0625,0.8086511629470445,0.38048182246747825,12.938418607152713,6.087709159479652,12.94147327233698,0.012959846796306863,207.06357235739168,0.2073575487409098
1000,30.0,i704-o128,4,aggregated,2,48,0,48,0,0.0,0.0,0.0,0.0,0.0,0.0,0.910382361475916,0.013586611015685842,116.52894226891725,1.7390862100077877
1000,30.0,i704-o128,4,disaggregated,2,48,0,48,0,0.0,0.0,0.0,0.0,0.0,0.0,0.8319291228229364,0.008083119071160461,106.48692772133586,1.034639241108539
1000,30.0,i704-o128,16,aggregated,2,48,0,48,0,0.0,0.0,0.0,0.0,0.0,0.0,2.1560189480347356,0.010619301241773104,275.97042534844616,1.3592705589469574
1000,30.0,i704-o128,16,disaggregated,2,48,0,26,0,0.0,0.0,0.0,0.0,0.0,0.0,1.8369347775335245,0.0005146348548921647,235.12765152429114,0.06587326142619708
1000,30.0,i704-o16,4,aggregated,2,48,24,48,24,0.4583333333333333,0.5,3.194273158034992,0.3926098481832946,51.108370528559874,6.281757570932713,6.386628387760931,0.0325483227158781,102.1860542041749,0.5207731634540496
1000,30.0,i704-o16,4,disaggregated,2,48,18,48,18,0.375,0.375,1.6980076448935433,0.023841043343357102,27.168122318296692,0.38145669349371364,4.528020386382782,0.06357611558228561,72.44832618212452,1.0172178493165698
1000,30.0,i704-o16,16,aggregated,2,48,5,48,5,0.08333333333333333,0.10416666666666667,1.2856841064053737,0.37194085271824995,20.57094570248598,5.951053643491999,12.330837265738975,0.0829447267704739,197.2933962518236,1.3271156283275825
1000,30.0,i704-o16,16,disaggregated,2,48,2,9,10,0.0,0.041666666666666664,0.249451022221914,0.3527770187740631,3.991216355550624,5.644432300385009,5.796330368067693,0.26939943206114925,92.74128588908309,4.310390912978388
1000,30.0,mixed,4,aggregated,2,48,10,48,10,0.20833333333333334,0.20833333333333334,0.2576898799836456,0.0059490953049620866,4.12303807973833,0.09518552487939339,1.2369114239214989,0.028555657463817986,112.14663576888258,2.5890462767195084
1000,30.0,mixed,4,disaggregated,2,48,5,48,5,0.08333333333333333,0.10416666666666667,0.12198597949022405,0.033562403280651354,1.9517756718435848,0.5369984524904217,1.172395388996908,0.009404420422368559,106.29718193571966,0.8526674516280676
1000,30.0,mixed,16,aggregated,2,48,0,48,0,0.0,0.0,0.0,0.0,0.0,0.0,3.184861842817317,0.07746990779234589,288.7608070821034,7.023938306506047
1000,30.0,mixed,16,disaggregated,2,48,0,37,0,0.0,0.0,0.0,0.0,0.0,0.0,2.7073001053640393,0.08933462046834471,245.4618762196729,8.099672255796575
1000,35.0,i64-o128,4,aggregated,2,48,48,48,48,1.0,1.0,0.9399557516412358,0.004294618894272414,120.31433621007818,0.549711218466869,0.9399557516412358,0.004294618894272414,120.31433621007818,0.549711218466869
1000,35.0,i64-o128,4,disaggregated,2,48,42,48,42,0.875,0.875,0.7701605081060657,0.009490120902668877,98.58054503757641,1.2147354755416162,0.8801834378355037,0.010845852460193001,112.66348004294447,1.3882691149047042
1000,35.0,i64-o128,16,aggregated,2,48,11,48,11,0.16666666666666666,0.22916666666666666,0.5409226163558518,0.21512149916280668,69.23809489354903,27.535551892839255,2.354488786029968,0.030598367167080226,301.3745646118359,3.916590997386269
1000,35.0,i64-o128,16,disaggregated,2,48,0,48,0,0.0,0.0,0.0,0.0,0.0,0.0,2.1612603814214992,0.01463519365580729,276.6413288219519,1.873304787943333
1000,35.0,i64-o16,4,aggregated,2,48,47,48,47,0.9583333333333334,0.9791666666666666,7.236643937486308,0.3622882416805757,115.78630299978093,5.7966118668892115,7.388393230204782,0.14768233383758497,118.21429168327651,2.3629173414013596
1000,35.0,i64-o16,4,disaggregated,2,48,48,48,48,1.0,1.0,6.086133541468364,0.04283138293511719,97.37813666349382,0.6853021269618751,6.086133541468364,0.04283138293511719,97.37813666349382,0.6853021269618751
1000,35.0,i64-o16,16,aggregated,2,48,17,48,17,0.3333333333333333,0.3541666666666667,6.121754244431158,0.6168919380130071,97.94806791089853,9.870271008208114,17.272268947116896,0.304949178038586,276.35630315387033,4.879186848617376
1000,35.0,i64-o16,16,disaggregated,2,48,8,48,8,0.16666666666666666,0.16666666666666666,2.1569122120561635,0.0021599744660511437,34.510595392898615,0.0345595914568183,12.94147327233698,0.012959846796306863,207.06357235739168,0.2073575487409098
1000,35.0,i704-o128,4,aggregated,2,48,48,48,48,1.0,1.0,0.910382361475916,0.013586611015685842,116.52894226891725,1.7390862100077877,0.910382361475916,0.013586611015685842,116.52894226891725,1.7390862100077877
1000,35.0,i704-o128,4,disaggregated,2,48,38,48,38,0.75,0.7916666666666666,0.6588487067476729,0.05542102961589156,84.33263446370214,7.093891790834119,0.8319291228229364,0.008083119071160461,106.48692772133586,1.034639241108539
1000,35.0,i704-o128,16,aggregated,2,48,9,48,9,0.16666666666666666,0.1875,0.4040971156748562,0.061531198455586196,51.72443080638159,7.875993402315033,2.1560189480347356,0.010619301241773104,275.97042534844616,1.3592705589469574
1000,35.0,i704-o128,16,disaggregated,2,48,0,26,0,0.0,0.0,0.0,0.0,0.0,0.0,1.8369347775335245,0.0005146348548921647,235.12765152429114,0.06587326142619708
1000,35.0,i704-o16,4,aggregated,2,48,48,48,48,1.0,1.0,6.386628387760931,0.0325483227158781,102.1860542041749,0.5207731634540496,6.386628387760931,0.0325483227158781,102.1860542041749,0.5207731634540496
1000,35.0,i704-o16,4,disaggregated,2,48,47,48,47,0.9583333333333334,0.9791666666666666,4.434623192967511,0.19565969319774604,70.95397108748017,3.1305550911639366,4.528020386382782,0.06357611558228561,72.44832618212452,1.0172178493165698
1000,35.0,i704-o16,16,aggregated,2,48,13,48,13,0.25,0.2708333333333333,3.338379868246742,0.3408365801793224,53.41407789194787,5.453385282869158,12.330837265738975,0.0829447267704739,197.2933962518236,1.3271156283275825
1000,35.0,i704-o16,16,disaggregated,2,48,6,9,21,0.125,0.125,0.7245412960084616,0.033674929007643656,11.592660736135386,0.5387988641222985,5.796330368067693,0.26939943206114925,92.74128588908309,4.310390912978388
1000,35.0,mixed,4,aggregated,2,48,46,48,46,0.9166666666666666,0.9583333333333334,1.1862147770511826,0.10025154303465894,105.65746496948208,11.766119629787141,1.2369114239214989,0.028555657463817986,112.14663576888258,2.5890462767195084
1000,35.0,mixed,4,disaggregated,2,48,42,48,42,0.875,0.875,1.0258459653722944,0.008228867869572292,87.53885571176914,0.7021967248701857,1.172395388996908,0.009404420422368559,106.29718193571966,0.8526674516280676
1000,35.0,mixed,16,aggregated,2,48,1,48,1,0.0,0.020833333333333332,0.06749252791573294,0.09544884833727425,1.079880446651727,1.527181573396388,3.184861842817317,0.07746990779234589,288.7608070821034,7.023938306506047
1000,35.0,mixed,16,disaggregated,2,48,1,37,1,0.0,0.020833333333333332,0.05771810877691526,0.08162573222683914,0.9234897404306441,1.3060117156294262,2.7073001053640393,0.08933462046834471,245.4618762196729,8.099672255796575
1000,40.0,i64-o128,4,aggregated,2,48,48,48,48,1.0,1.0,0.9399557516412358,0.004294618894272414,120.31433621007818,0.549711218466869,0.9399557516412358,0.004294618894272414,120.31433621007818,0.549711218466869
1000,40.0,i64-o128,4,disaggregated,2,48,48,48,48,1.0,1.0,0.8801834378355037,0.010845852460193001,112.66348004294447,1.3882691149047042,0.8801834378355037,0.010845852460193001,112.66348004294447,1.3882691149047042
1000,40.0,i64-o128,16,aggregated,2,48,17,48,17,0.3333333333333333,0.3541666666666667,0.8343322015713863,0.08020671282290226,106.79452180113745,10.26645924133149,2.354488786029968,0.030598367167080226,301.3745646118359,3.916590997386269
1000,40.0,i64-o128,16,disaggregated,2,48,16,48,16,0.3333333333333333,0.3333333333333333,0.7204201271404997,0.004878397885269123,92.21377627398397,0.6244349293144478,2.1612603814214992,0.01463519365580729,276.6413288219519,1.873304787943333
1000,40.0,i64-o16,4,aggregated,2,48,48,48,48,1.0,1.0,7.388393230204782,0.14768233383758497,118.21429168327651,2.3629173414013596,7.388393230204782,0.14768233383758497,118.21429168327651,2.3629173414013596
1000,40.0,i64-o16,4,disaggregated,2,48,48,48,48,1.0,1.0,6.086133541468364,0.04283138293511719,97.37813666349382,0.6853021269618751,6.086133541468364,0.04283138293511719,97.37813666349382,0.6853021269618751
1000,40.0,i64-o16,16,aggregated,2,48,42,48,42,0.875,0.875,15.113235328727285,0.26683053078376406,241.81176525963656,4.269288492540225,17.272268947116896,0.304949178038586,276.35630315387033,4.879186848617376
1000,40.0,i64-o16,16,disaggregated,2,48,24,48,24,0.5,0.5,6.47073663616849,0.0064799233981534315,103.53178617869584,0.1036787743704549,12.94147327233698,0.012959846796306863,207.06357235739168,0.2073575487409098
1000,40.0,i704-o128,4,aggregated,2,48,48,48,48,1.0,1.0,0.910382361475916,0.013586611015685842,116.52894226891725,1.7390862100077877,0.910382361475916,0.013586611015685842,116.52894226891725,1.7390862100077877
1000,40.0,i704-o128,4,disaggregated,2,48,48,48,48,1.0,1.0,0.8319291228229364,0.008083119071160461,106.48692772133586,1.034639241108539,0.8319291228229364,0.008083119071160461,106.48692772133586,1.034639241108539
1000,40.0,i704-o128,16,aggregated,2,48,16,48,16,0.3333333333333333,0.3333333333333333,0.7186729826782451,0.003539767080591035,91.99014178281537,0.45309018631565245,2.1560189480347356,0.010619301241773104,275.97042534844616,1.3592705589469574
1000,40.0,i704-o128,16,disaggregated,2,48,11,26,11,0.20833333333333334,0.22916666666666666,0.42097180113884375,0.05423914706221935,53.884390545772,6.942610823964077,1.8369347775335245,0.0005146348548921647,235.12765152429114,0.06587326142619708
1000,40.0,i704-o16,4,aggregated,2,48,48,48,48,1.0,1.0,6.386628387760931,0.0325483227158781,102.1860542041749,0.5207731634540496,6.386628387760931,0.0325483227158781,102.1860542041749,0.5207731634540496
1000,40.0,i704-o16,4,disaggregated,2,48,48,48,48,1.0,1.0,4.528020386382782,0.06357611558228561,72.44832618212452,1.0172178493165698,4.528020386382782,0.06357611558228561,72.44832618212452,1.0172178493165698
1000,40.0,i704-o16,16,aggregated,2,48,22,48,22,0.4583333333333333,0.4583333333333333,5.65163374679703,0.03801633310313329,90.42613994875248,0.6082613296501327,12.330837265738975,0.0829447267704739,197.2933962518236,1.3271156283275825
1000,40.0,i704-o16,16,disaggregated,2,48,9,9,47,0.16666666666666666,0.1875,1.0907805724555724,0.22128841473055638,17.452489159289158,3.540614635688902,5.796330368067693,0.26939943206114925,92.74128588908309,4.310390912978388
1000,40.0,mixed,4,aggregated,2,48,48,48,48,1.0,1.0,1.2369114239214989,0.028555657463817986,112.14663576888258,2.5890462767195084,1.2369114239214989,0.028555657463817986,112.14663576888258,2.5890462767195084
1000,40.0,mixed,4,disaggregated,2,48,48,48,48,1.0,1.0,1.172395388996908,0.009404420422368559,106.29718193571966,0.8526674516280676,1.172395388996908,0.009404420422368559,106.29718193571966,0.8526674516280676
1000,40.0,mixed,16,aggregated,2,48,19,48,19,0.2916666666666667,0.3958333333333333,1.266380677067049,0.49983963145913884,117.25302321182978,41.87587832649178,3.184861842817317,0.07746990779234589,288.7608070821034,7.023938306506047
1000,40.0,mixed,16,disaggregated,2,48,6,37,6,0.125,0.125,0.3384125131705049,0.01116682755854309,18.048667369093593,0.595564136455631,2.7073001053640393,0.08933462046834471,245.4618762196729,8.099672255796575
1000,50.0,i64-o128,4,aggregated,2,48,48,48,48,1.0,1.0,0.9399557516412358,0.004294618894272414,120.31433621007818,0.549711218466869,0.9399557516412358,0.004294618894272414,120.31433621007818,0.549711218466869
1000,50.0,i64-o128,4,disaggregated,2,48,48,48,48,1.0,1.0,0.8801834378355037,0.010845852460193001,112.66348004294447,1.3882691149047042,0.8801834378355037,0.010845852460193001,112.66348004294447,1.3882691149047042
1000,50.0,i64-o128,16,aggregated,2,48,48,48,48,1.0,1.0,2.354488786029968,0.030598367167080226,301.3745646118359,3.916590997386269,2.354488786029968,0.030598367167080226,301.3745646118359,3.916590997386269
1000,50.0,i64-o128,16,disaggregated,2,48,48,48,48,1.0,1.0,2.1612603814214992,0.01463519365580729,276.6413288219519,1.873304787943333,2.1612603814214992,0.01463519365580729,276.6413288219519,1.873304787943333
1000,50.0,i64-o16,4,aggregated,2,48,48,48,48,1.0,1.0,7.388393230204782,0.14768233383758497,118.21429168327651,2.3629173414013596,7.388393230204782,0.14768233383758497,118.21429168327651,2.3629173414013596
1000,50.0,i64-o16,4,disaggregated,2,48,48,48,48,1.0,1.0,6.086133541468364,0.04283138293511719,97.37813666349382,0.6853021269618751,6.086133541468364,0.04283138293511719,97.37813666349382,0.6853021269618751
1000,50.0,i64-o16,16,aggregated,2,48,48,48,48,1.0,1.0,17.272268947116896,0.304949178038586,276.35630315387033,4.879186848617376,17.272268947116896,0.304949178038586,276.35630315387033,4.879186848617376
1000,50.0,i64-o16,16,disaggregated,2,48,48,48,48,1.0,1.0,12.94147327233698,0.012959846796306863,207.06357235739168,0.2073575487409098,12.94147327233698,0.012959846796306863,207.06357235739168,0.2073575487409098
1000,50.0,i704-o128,4,aggregated,2,48,48,48,48,1.0,1.0,0.910382361475916,0.013586611015685842,116.52894226891725,1.7390862100077877,0.910382361475916,0.013586611015685842,116.52894226891725,1.7390862100077877
1000,50.0,i704-o128,4,disaggregated,2,48,48,48,48,1.0,1.0,0.8319291228229364,0.008083119071160461,106.48692772133586,1.034639241108539,0.8319291228229364,0.008083119071160461,106.48692772133586,1.034639241108539
1000,50.0,i704-o128,16,aggregated,2,48,48,48,48,1.0,1.0,2.1560189480347356,0.010619301241773104,275.97042534844616,1.3592705589469574,2.1560189480347356,0.010619301241773104,275.97042534844616,1.3592705589469574
1000,50.0,i704-o128,16,disaggregated,2,48,23,26,37,0.4583333333333333,0.4791666666666667,0.8801903329474029,0.05387461404000401,112.66436261726757,6.895950597120513,1.8369347775335245,0.0005146348548921647,235.12765152429114,0.06587326142619708
1000,50.0,i704-o16,4,aggregated,2,48,48,48,48,1.0,1.0,6.386628387760931,0.0325483227158781,102.1860542041749,0.5207731634540496,6.386628387760931,0.0325483227158781,102.1860542041749,0.5207731634540496
1000,50.0,i704-o16,4,disaggregated,2,48,48,48,48,1.0,1.0,4.528020386382782,0.06357611558228561,72.44832618212452,1.0172178493165698,4.528020386382782,0.06357611558228561,72.44832618212452,1.0172178493165698
1000,50.0,i704-o16,16,aggregated,2,48,35,48,35,0.7083333333333334,0.7291666666666666,8.990013615043772,0.30282024707618815,143.84021784070035,4.8451239532190105,12.330837265738975,0.0829447267704739,197.2933962518236,1.3271156283275825
1000,50.0,i704-o16,16,disaggregated,2,48,9,9,48,0.16666666666666666,0.1875,1.0907805724555724,0.22128841473055638,17.452489159289158,3.540614635688902,5.796330368067693,0.26939943206114925,92.74128588908309,4.310390912978388
1000,50.0,mixed,4,aggregated,2,48,48,48,48,1.0,1.0,1.2369114239214989,0.028555657463817986,112.14663576888258,2.5890462767195084,1.2369114239214989,0.028555657463817986,112.14663576888258,2.5890462767195084
1000,50.0,mixed,4,disaggregated,2,48,48,48,48,1.0,1.0,1.172395388996908,0.009404420422368559,106.29718193571966,0.8526674516280676,1.172395388996908,0.009404420422368559,106.29718193571966,0.8526674516280676
1000,50.0,mixed,16,aggregated,2,48,48,48,48,1.0,1.0,3.184861842817317,0.07746990779234589,288.7608070821034,7.023938306506047,3.184861842817317,0.07746990779234589,288.7608070821034,7.023938306506047
1000,50.0,mixed,16,disaggregated,2,48,37,37,48,0.75,0.7708333333333334,2.088193187799945,0.1486266975780978,216.75245940493085,17.356637707920726,2.7073001053640393,0.08933462046834471,245.4618762196729,8.099672255796575
1000,75.0,i64-o128,4,aggregated,2,48,48,48,48,1.0,1.0,0.9399557516412358,0.004294618894272414,120.31433621007818,0.549711218466869,0.9399557516412358,0.004294618894272414,120.31433621007818,0.549711218466869
1000,75.0,i64-o128,4,disaggregated,2,48,48,48,48,1.0,1.0,0.8801834378355037,0.010845852460193001,112.66348004294447,1.3882691149047042,0.8801834378355037,0.010845852460193001,112.66348004294447,1.3882691149047042
1000,75.0,i64-o128,16,aggregated,2,48,48,48,48,1.0,1.0,2.354488786029968,0.030598367167080226,301.3745646118359,3.916590997386269,2.354488786029968,0.030598367167080226,301.3745646118359,3.916590997386269
1000,75.0,i64-o128,16,disaggregated,2,48,48,48,48,1.0,1.0,2.1612603814214992,0.01463519365580729,276.6413288219519,1.873304787943333,2.1612603814214992,0.01463519365580729,276.6413288219519,1.873304787943333
1000,75.0,i64-o16,4,aggregated,2,48,48,48,48,1.0,1.0,7.388393230204782,0.14768233383758497,118.21429168327651,2.3629173414013596,7.388393230204782,0.14768233383758497,118.21429168327651,2.3629173414013596
1000,75.0,i64-o16,4,disaggregated,2,48,48,48,48,1.0,1.0,6.086133541468364,0.04283138293511719,97.37813666349382,0.6853021269618751,6.086133541468364,0.04283138293511719,97.37813666349382,0.6853021269618751
1000,75.0,i64-o16,16,aggregated,2,48,48,48,48,1.0,1.0,17.272268947116896,0.304949178038586,276.35630315387033,4.879186848617376,17.272268947116896,0.304949178038586,276.35630315387033,4.879186848617376
1000,75.0,i64-o16,16,disaggregated,2,48,48,48,48,1.0,1.0,12.94147327233698,0.012959846796306863,207.06357235739168,0.2073575487409098,12.94147327233698,0.012959846796306863,207.06357235739168,0.2073575487409098
1000,75.0,i704-o128,4,aggregated,2,48,48,48,48,1.0,1.0,0.910382361475916,0.013586611015685842,116.52894226891725,1.7390862100077877,0.910382361475916,0.013586611015685842,116.52894226891725,1.7390862100077877
1000,75.0,i704-o128,4,disaggregated,2,48,48,48,48,1.0,1.0,0.8319291228229364,0.008083119071160461,106.48692772133586,1.034639241108539,0.8319291228229364,0.008083119071160461,106.48692772133586,1.034639241108539
1000,75.0,i704-o128,16,aggregated,2,48,48,48,48,1.0,1.0,2.1560189480347356,0.010619301241773104,275.97042534844616,1.3592705589469574,2.1560189480347356,0.010619301241773104,275.97042534844616,1.3592705589469574
1000,75.0,i704-o128,16,disaggregated,2,48,26,26,48,0.5416666666666666,0.5416666666666666,0.9950063378306593,0.00027876054639990294,127.36081124232439,0.035681349939187576,1.8369347775335245,0.0005146348548921647,235.12765152429114,0.06587326142619708
1000,75.0,i704-o16,4,aggregated,2,48,48,48,48,1.0,1.0,6.386628387760931,0.0325483227158781,102.1860542041749,0.5207731634540496,6.386628387760931,0.0325483227158781,102.1860542041749,0.5207731634540496
1000,75.0,i704-o16,4,disaggregated,2,48,48,48,48,1.0,1.0,4.528020386382782,0.06357611558228561,72.44832618212452,1.0172178493165698,4.528020386382782,0.06357611558228561,72.44832618212452,1.0172178493165698
1000,75.0,i704-o16,16,aggregated,2,48,48,48,48,1.0,1.0,12.330837265738975,0.0829447267704739,197.2933962518236,1.3271156283275825,12.330837265738975,0.0829447267704739,197.2933962518236,1.3271156283275825
1000,75.0,i704-o16,16,disaggregated,2,48,9,9,48,0.16666666666666666,0.1875,1.0907805724555724,0.22128841473055638,17.452489159289158,3.540614635688902,5.796330368067693,0.26939943206114925,92.74128588908309,4.310390912978388
1000,75.0,mixed,4,aggregated,2,48,48,48,48,1.0,1.0,1.2369114239214989,0.028555657463817986,112.14663576888258,2.5890462767195084,1.2369114239214989,0.028555657463817986,112.14663576888258,2.5890462767195084
1000,75.0,mixed,4,disaggregated,2,48,48,48,48,1.0,1.0,1.172395388996908,0.009404420422368559,106.29718193571966,0.8526674516280676,1.172395388996908,0.009404420422368559,106.29718193571966,0.8526674516280676
1000,75.0,mixed,16,aggregated,2,48,48,48,48,1.0,1.0,3.184861842817317,0.07746990779234589,288.7608070821034,7.023938306506047,3.184861842817317,0.07746990779234589,288.7608070821034,7.023938306506047
1000,75.0,mixed,16,disaggregated,2,48,37,37,48,0.75,0.7708333333333334,2.088193187799945,0.1486266975780978,216.75245940493085,17.356637707920726,2.7073001053640393,0.08933462046834471,245.4618762196729,8.099672255796575
2000,25.0,i64-o128,4,aggregated,2,48,0,48,0,0.0,0.0,0.0,0.0,0.0,0.0,0.9399557516412358,0.004294618894272414,120.31433621007818,0.549711218466869
2000,25.0,i64-o128,4,disaggregated,2,48,0,48,0,0.0,0.0,0.0,0.0,0.0,0.0,0.8801834378355037,0.010845852460193001,112.66348004294447,1.3882691149047042
2000,25.0,i64-o128,16,aggregated,2,48,0,48,0,0.0,0.0,0.0,0.0,0.0,0.0,2.354488786029968,0.030598367167080226,301.3745646118359,3.916590997386269
2000,25.0,i64-o128,16,disaggregated,2,48,0,48,0,0.0,0.0,0.0,0.0,0.0,0.0,2.1612603814214992,0.01463519365580729,276.6413288219519,1.873304787943333
2000,25.0,i64-o16,4,aggregated,2,48,2,48,2,0.041666666666666664,0.041666666666666664,0.3078497179251993,0.006153430576566014,4.925595486803188,0.09845488922505623,7.388393230204782,0.14768233383758497,118.21429168327651,2.3629173414013596
2000,25.0,i64-o16,4,disaggregated,2,48,3,48,3,0.041666666666666664,0.0625,0.3810143122026273,0.1819913905325773,6.096228995242037,2.9118622485212367,6.086133541468364,0.04283138293511719,97.37813666349382,0.6853021269618751
2000,25.0,i64-o16,16,aggregated,2,48,2,48,2,0.041666666666666664,0.041666666666666664,0.7196778727965374,0.012706215751607804,11.514845964744598,0.20329945202572486,17.272268947116896,0.304949178038586,276.35630315387033,4.879186848617376
2000,25.0,i64-o16,16,disaggregated,2,48,2,48,2,0.041666666666666664,0.041666666666666664,0.5392280530140409,0.0005399936165127859,8.627648848224654,0.008639897864204575,12.94147327233698,0.012959846796306863,207.06357235739168,0.2073575487409098
2000,25.0,i704-o128,4,aggregated,2,48,0,48,0,0.0,0.0,0.0,0.0,0.0,0.0,0.910382361475916,0.013586611015685842,116.52894226891725,1.7390862100077877
2000,25.0,i704-o128,4,disaggregated,2,48,0,48,0,0.0,0.0,0.0,0.0,0.0,0.0,0.8319291228229364,0.008083119071160461,106.48692772133586,1.034639241108539
2000,25.0,i704-o128,16,aggregated,2,48,0,48,0,0.0,0.0,0.0,0.0,0.0,0.0,2.1560189480347356,0.010619301241773104,275.97042534844616,1.3592705589469574
2000,25.0,i704-o128,16,disaggregated,2,48,0,38,0,0.0,0.0,0.0,0.0,0.0,0.0,1.8369347775335245,0.0005146348548921647,235.12765152429114,0.06587326142619708
2000,25.0,i704-o16,4,aggregated,2,48,5,48,5,0.08333333333333333,0.10416666666666667,0.6647943083145003,0.18477739312977357,10.636708933032004,2.956438290076377,6.386628387760931,0.0325483227158781,102.1860542041749,0.5207731634540496
2000,25.0,i704-o16,4,disaggregated,2,48,10,48,10,0.20833333333333334,0.20833333333333334,0.943337580496413,0.013245024079642861,15.093401287942608,0.21192038527428578,4.528020386382782,0.06357611558228561,72.44832618212452,1.0172178493165698
2000,25.0,i704-o16,16,aggregated,2,48,1,48,1,0.0,0.020833333333333332,0.2581143342604592,0.3650287921540438,4.129829348167347,5.840460674464701,12.330837265738975,0.0829447267704739,197.2933962518236,1.3271156283275825
2000,25.0,i704-o16,16,disaggregated,2,48,2,37,2,0.041666666666666664,0.041666666666666664,0.24151376533615387,0.01122497633588122,3.864220245378462,0.17959962137409952,5.796330368067693,0.26939943206114925,92.74128588908309,4.310390912978388
2000,25.0,mixed,4,aggregated,2,48,0,48,0,0.0,0.0,0.0,0.0,0.0,0.0,1.2369114239214989,0.028555657463817986,112.14663576888258,2.5890462767195084
2000,25.0,mixed,4,disaggregated,2,48,0,48,0,0.0,0.0,0.0,0.0,0.0,0.0,1.172395388996908,0.009404420422368559,106.29718193571966,0.8526674516280676
2000,25.0,mixed,16,aggregated,2,48,0,48,0,0.0,0.0,0.0,0.0,0.0,0.0,3.184861842817317,0.07746990779234589,288.7608070821034,7.023938306506047
2000,25.0,mixed,16,disaggregated,2,48,0,48,0,0.0,0.0,0.0,0.0,0.0,0.0,2.7073001053640393,0.08933462046834471,245.4618762196729,8.099672255796575
2000,30.0,i64-o128,4,aggregated,2,48,1,48,1,0.0,0.020833333333333332,0.01964567720383308,0.027783183143664684,2.514646682090634,3.5562474423890795,0.9399557516412358,0.004294618894272414,120.31433621007818,0.549711218466869
2000,30.0,i64-o128,4,disaggregated,2,48,0,48,0,0.0,0.0,0.0,0.0,0.0,0.0,0.8801834378355037,0.010845852460193001,112.66348004294447,1.3882691149047042
2000,30.0,i64-o128,16,aggregated,2,48,0,48,0,0.0,0.0,0.0,0.0,0.0,0.0,2.354488786029968,0.030598367167080226,301.3745646118359,3.916590997386269
2000,30.0,i64-o128,16,disaggregated,2,48,0,48,0,0.0,0.0,0.0,0.0,0.0,0.0,2.1612603814214992,0.01463519365580729,276.6413288219519,1.873304787943333
2000,30.0,i64-o16,4,aggregated,2,48,31,48,31,0.5833333333333334,0.6458333333333334,4.778197326572965,0.7484260433305961,76.45115722516744,11.974816693289538,7.388393230204782,0.14768233383758497,118.21429168327651,2.3629173414013596
2000,30.0,i64-o16,4,disaggregated,2,48,26,48,26,0.4583333333333333,0.5416666666666666,3.2991795317387824,0.7404580488197184,52.78687250782052,11.847328781115495,6.086133541468364,0.04283138293511719,97.37813666349382,0.6853021269618751
2000,30.0,i64-o16,16,aggregated,2,48,5,48,5,0.08333333333333333,0.10416666666666667,1.8036870076519338,0.5406546435033605,28.85899212243094,8.650474296053767,17.272268947116896,0.304949178038586,276.35630315387033,4.879186848617376
2000,30.0,i64-o16,16,disaggregated,2,48,3,48,3,0.041666666666666664,0.0625,0.8086511629470445,0.38048182246747825,12.938418607152713,6.087709159479652,12.94147327233698,0.012959846796306863,207.06357235739168,0.2073575487409098
2000,30.0,i704-o128,4,aggregated,2,48,0,48,0,0.0,0.0,0.0,0.0,0.0,0.0,0.910382361475916,0.013586611015685842,116.52894226891725,1.7390862100077877
2000,30.0,i704-o128,4,disaggregated,2,48,0,48,0,0.0,0.0,0.0,0.0,0.0,0.0,0.8319291228229364,0.008083119071160461,106.48692772133586,1.034639241108539
2000,30.0,i704-o128,16,aggregated,2,48,0,48,0,0.0,0.0,0.0,0.0,0.0,0.0,2.1560189480347356,0.010619301241773104,275.97042534844616,1.3592705589469574
2000,30.0,i704-o128,16,disaggregated,2,48,0,38,0,0.0,0.0,0.0,0.0,0.0,0.0,1.8369347775335245,0.0005146348548921647,235.12765152429114,0.06587326142619708
2000,30.0,i704-o16,4,aggregated,2,48,24,48,24,0.4583333333333333,0.5,3.194273158034992,0.3926098481832946,51.108370528559874,6.281757570932713,6.386628387760931,0.0325483227158781,102.1860542041749,0.5207731634540496
2000,30.0,i704-o16,4,disaggregated,2,48,18,48,18,0.375,0.375,1.6980076448935433,0.023841043343357102,27.168122318296692,0.38145669349371364,4.528020386382782,0.06357611558228561,72.44832618212452,1.0172178493165698
2000,30.0,i704-o16,16,aggregated,2,48,5,48,5,0.08333333333333333,0.10416666666666667,1.2856841064053737,0.37194085271824995,20.57094570248598,5.951053643491999,12.330837265738975,0.0829447267704739,197.2933962518236,1.3271156283275825
2000,30.0,i704-o16,16,disaggregated,2,48,9,37,10,0.125,0.1875,1.0987178293413327,0.5628404571687383,17.579485269461323,9.005447314699813,5.796330368067693,0.26939943206114925,92.74128588908309,4.310390912978388
2000,30.0,mixed,4,aggregated,2,48,10,48,10,0.20833333333333334,0.20833333333333334,0.2576898799836456,0.0059490953049620866,4.12303807973833,0.09518552487939339,1.2369114239214989,0.028555657463817986,112.14663576888258,2.5890462767195084
2000,30.0,mixed,4,disaggregated,2,48,5,48,5,0.08333333333333333,0.10416666666666667,0.12198597949022405,0.033562403280651354,1.9517756718435848,0.5369984524904217,1.172395388996908,0.009404420422368559,106.29718193571966,0.8526674516280676
2000,30.0,mixed,16,aggregated,2,48,0,48,0,0.0,0.0,0.0,0.0,0.0,0.0,3.184861842817317,0.07746990779234589,288.7608070821034,7.023938306506047
2000,30.0,mixed,16,disaggregated,2,48,0,48,0,0.0,0.0,0.0,0.0,0.0,0.0,2.7073001053640393,0.08933462046834471,245.4618762196729,8.099672255796575
2000,35.0,i64-o128,4,aggregated,2,48,48,48,48,1.0,1.0,0.9399557516412358,0.004294618894272414,120.31433621007818,0.549711218466869,0.9399557516412358,0.004294618894272414,120.31433621007818,0.549711218466869
2000,35.0,i64-o128,4,disaggregated,2,48,42,48,42,0.875,0.875,0.7701605081060657,0.009490120902668877,98.58054503757641,1.2147354755416162,0.8801834378355037,0.010845852460193001,112.66348004294447,1.3882691149047042
2000,35.0,i64-o128,16,aggregated,2,48,11,48,11,0.16666666666666666,0.22916666666666666,0.5409226163558518,0.21512149916280668,69.23809489354903,27.535551892839255,2.354488786029968,0.030598367167080226,301.3745646118359,3.916590997386269
2000,35.0,i64-o128,16,disaggregated,2,48,0,48,0,0.0,0.0,0.0,0.0,0.0,0.0,2.1612603814214992,0.01463519365580729,276.6413288219519,1.873304787943333
2000,35.0,i64-o16,4,aggregated,2,48,47,48,47,0.9583333333333334,0.9791666666666666,7.236643937486308,0.3622882416805757,115.78630299978093,5.7966118668892115,7.388393230204782,0.14768233383758497,118.21429168327651,2.3629173414013596
2000,35.0,i64-o16,4,disaggregated,2,48,48,48,48,1.0,1.0,6.086133541468364,0.04283138293511719,97.37813666349382,0.6853021269618751,6.086133541468364,0.04283138293511719,97.37813666349382,0.6853021269618751
2000,35.0,i64-o16,16,aggregated,2,48,17,48,17,0.3333333333333333,0.3541666666666667,6.121754244431158,0.6168919380130071,97.94806791089853,9.870271008208114,17.272268947116896,0.304949178038586,276.35630315387033,4.879186848617376
2000,35.0,i64-o16,16,disaggregated,2,48,8,48,8,0.16666666666666666,0.16666666666666666,2.1569122120561635,0.0021599744660511437,34.510595392898615,0.0345595914568183,12.94147327233698,0.012959846796306863,207.06357235739168,0.2073575487409098
2000,35.0,i704-o128,4,aggregated,2,48,48,48,48,1.0,1.0,0.910382361475916,0.013586611015685842,116.52894226891725,1.7390862100077877,0.910382361475916,0.013586611015685842,116.52894226891725,1.7390862100077877
2000,35.0,i704-o128,4,disaggregated,2,48,38,48,38,0.75,0.7916666666666666,0.6588487067476729,0.05542102961589156,84.33263446370214,7.093891790834119,0.8319291228229364,0.008083119071160461,106.48692772133586,1.034639241108539
2000,35.0,i704-o128,16,aggregated,2,48,9,48,9,0.16666666666666666,0.1875,0.4040971156748562,0.061531198455586196,51.72443080638159,7.875993402315033,2.1560189480347356,0.010619301241773104,275.97042534844616,1.3592705589469574
2000,35.0,i704-o128,16,disaggregated,2,48,0,38,0,0.0,0.0,0.0,0.0,0.0,0.0,1.8369347775335245,0.0005146348548921647,235.12765152429114,0.06587326142619708
2000,35.0,i704-o16,4,aggregated,2,48,48,48,48,1.0,1.0,6.386628387760931,0.0325483227158781,102.1860542041749,0.5207731634540496,6.386628387760931,0.0325483227158781,102.1860542041749,0.5207731634540496
2000,35.0,i704-o16,4,disaggregated,2,48,47,48,47,0.9583333333333334,0.9791666666666666,4.434623192967511,0.19565969319774604,70.95397108748017,3.1305550911639366,4.528020386382782,0.06357611558228561,72.44832618212452,1.0172178493165698
2000,35.0,i704-o16,16,aggregated,2,48,13,48,13,0.25,0.2708333333333333,3.338379868246742,0.3408365801793224,53.41407789194787,5.453385282869158,12.330837265738975,0.0829447267704739,197.2933962518236,1.3271156283275825
2000,35.0,i704-o16,16,disaggregated,2,48,18,37,21,0.3333333333333333,0.375,2.1815611449111447,0.44257682946111276,34.904978318578316,7.081229271377804,5.796330368067693,0.26939943206114925,92.74128588908309,4.310390912978388
2000,35.0,mixed,4,aggregated,2,48,46,48,46,0.9166666666666666,0.9583333333333334,1.1862147770511826,0.10025154303465894,105.65746496948208,11.766119629787141,1.2369114239214989,0.028555657463817986,112.14663576888258,2.5890462767195084
2000,35.0,mixed,4,disaggregated,2,48,42,48,42,0.875,0.875,1.0258459653722944,0.008228867869572292,87.53885571176914,0.7021967248701857,1.172395388996908,0.009404420422368559,106.29718193571966,0.8526674516280676
2000,35.0,mixed,16,aggregated,2,48,1,48,1,0.0,0.020833333333333332,0.06749252791573294,0.09544884833727425,1.079880446651727,1.527181573396388,3.184861842817317,0.07746990779234589,288.7608070821034,7.023938306506047
2000,35.0,mixed,16,disaggregated,2,48,1,48,1,0.0,0.020833333333333332,0.05771810877691526,0.08162573222683914,0.9234897404306441,1.3060117156294262,2.7073001053640393,0.08933462046834471,245.4618762196729,8.099672255796575
2000,40.0,i64-o128,4,aggregated,2,48,48,48,48,1.0,1.0,0.9399557516412358,0.004294618894272414,120.31433621007818,0.549711218466869,0.9399557516412358,0.004294618894272414,120.31433621007818,0.549711218466869
2000,40.0,i64-o128,4,disaggregated,2,48,48,48,48,1.0,1.0,0.8801834378355037,0.010845852460193001,112.66348004294447,1.3882691149047042,0.8801834378355037,0.010845852460193001,112.66348004294447,1.3882691149047042
2000,40.0,i64-o128,16,aggregated,2,48,17,48,17,0.3333333333333333,0.3541666666666667,0.8343322015713863,0.08020671282290226,106.79452180113745,10.26645924133149,2.354488786029968,0.030598367167080226,301.3745646118359,3.916590997386269
2000,40.0,i64-o128,16,disaggregated,2,48,16,48,16,0.3333333333333333,0.3333333333333333,0.7204201271404997,0.004878397885269123,92.21377627398397,0.6244349293144478,2.1612603814214992,0.01463519365580729,276.6413288219519,1.873304787943333
2000,40.0,i64-o16,4,aggregated,2,48,48,48,48,1.0,1.0,7.388393230204782,0.14768233383758497,118.21429168327651,2.3629173414013596,7.388393230204782,0.14768233383758497,118.21429168327651,2.3629173414013596
2000,40.0,i64-o16,4,disaggregated,2,48,48,48,48,1.0,1.0,6.086133541468364,0.04283138293511719,97.37813666349382,0.6853021269618751,6.086133541468364,0.04283138293511719,97.37813666349382,0.6853021269618751
2000,40.0,i64-o16,16,aggregated,2,48,42,48,42,0.875,0.875,15.113235328727285,0.26683053078376406,241.81176525963656,4.269288492540225,17.272268947116896,0.304949178038586,276.35630315387033,4.879186848617376
2000,40.0,i64-o16,16,disaggregated,2,48,24,48,24,0.5,0.5,6.47073663616849,0.0064799233981534315,103.53178617869584,0.1036787743704549,12.94147327233698,0.012959846796306863,207.06357235739168,0.2073575487409098
2000,40.0,i704-o128,4,aggregated,2,48,48,48,48,1.0,1.0,0.910382361475916,0.013586611015685842,116.52894226891725,1.7390862100077877,0.910382361475916,0.013586611015685842,116.52894226891725,1.7390862100077877
2000,40.0,i704-o128,4,disaggregated,2,48,48,48,48,1.0,1.0,0.8319291228229364,0.008083119071160461,106.48692772133586,1.034639241108539,0.8319291228229364,0.008083119071160461,106.48692772133586,1.034639241108539
2000,40.0,i704-o128,16,aggregated,2,48,16,48,16,0.3333333333333333,0.3333333333333333,0.7186729826782451,0.003539767080591035,91.99014178281537,0.45309018631565245,2.1560189480347356,0.010619301241773104,275.97042534844616,1.3592705589469574
2000,40.0,i704-o128,16,disaggregated,2,48,11,38,11,0.20833333333333334,0.22916666666666666,0.42097180113884375,0.05423914706221935,53.884390545772,6.942610823964077,1.8369347775335245,0.0005146348548921647,235.12765152429114,0.06587326142619708
2000,40.0,i704-o16,4,aggregated,2,48,48,48,48,1.0,1.0,6.386628387760931,0.0325483227158781,102.1860542041749,0.5207731634540496,6.386628387760931,0.0325483227158781,102.1860542041749,0.5207731634540496
2000,40.0,i704-o16,4,disaggregated,2,48,48,48,48,1.0,1.0,4.528020386382782,0.06357611558228561,72.44832618212452,1.0172178493165698,4.528020386382782,0.06357611558228561,72.44832618212452,1.0172178493165698
2000,40.0,i704-o16,16,aggregated,2,48,22,48,22,0.4583333333333333,0.4583333333333333,5.65163374679703,0.03801633310313329,90.42613994875248,0.6082613296501327,12.330837265738975,0.0829447267704739,197.2933962518236,1.3271156283275825
2000,40.0,i704-o16,16,disaggregated,2,48,36,37,47,0.7083333333333334,0.75,4.35518503293653,0.543601616484044,69.68296052698447,8.697625863744705,5.796330368067693,0.26939943206114925,92.74128588908309,4.310390912978388
2000,40.0,mixed,4,aggregated,2,48,48,48,48,1.0,1.0,1.2369114239214989,0.028555657463817986,112.14663576888258,2.5890462767195084,1.2369114239214989,0.028555657463817986,112.14663576888258,2.5890462767195084
2000,40.0,mixed,4,disaggregated,2,48,48,48,48,1.0,1.0,1.172395388996908,0.009404420422368559,106.29718193571966,0.8526674516280676,1.172395388996908,0.009404420422368559,106.29718193571966,0.8526674516280676
2000,40.0,mixed,16,aggregated,2,48,19,48,19,0.2916666666666667,0.3958333333333333,1.266380677067049,0.49983963145913884,117.25302321182978,41.87587832649178,3.184861842817317,0.07746990779234589,288.7608070821034,7.023938306506047
2000,40.0,mixed,16,disaggregated,2,48,6,48,6,0.125,0.125,0.3384125131705049,0.01116682755854309,18.048667369093593,0.595564136455631,2.7073001053640393,0.08933462046834471,245.4618762196729,8.099672255796575
2000,50.0,i64-o128,4,aggregated,2,48,48,48,48,1.0,1.0,0.9399557516412358,0.004294618894272414,120.31433621007818,0.549711218466869,0.9399557516412358,0.004294618894272414,120.31433621007818,0.549711218466869
2000,50.0,i64-o128,4,disaggregated,2,48,48,48,48,1.0,1.0,0.8801834378355037,0.010845852460193001,112.66348004294447,1.3882691149047042,0.8801834378355037,0.010845852460193001,112.66348004294447,1.3882691149047042
2000,50.0,i64-o128,16,aggregated,2,48,48,48,48,1.0,1.0,2.354488786029968,0.030598367167080226,301.3745646118359,3.916590997386269,2.354488786029968,0.030598367167080226,301.3745646118359,3.916590997386269
2000,50.0,i64-o128,16,disaggregated,2,48,48,48,48,1.0,1.0,2.1612603814214992,0.01463519365580729,276.6413288219519,1.873304787943333,2.1612603814214992,0.01463519365580729,276.6413288219519,1.873304787943333
2000,50.0,i64-o16,4,aggregated,2,48,48,48,48,1.0,1.0,7.388393230204782,0.14768233383758497,118.21429168327651,2.3629173414013596,7.388393230204782,0.14768233383758497,118.21429168327651,2.3629173414013596
2000,50.0,i64-o16,4,disaggregated,2,48,48,48,48,1.0,1.0,6.086133541468364,0.04283138293511719,97.37813666349382,0.6853021269618751,6.086133541468364,0.04283138293511719,97.37813666349382,0.6853021269618751
2000,50.0,i64-o16,16,aggregated,2,48,48,48,48,1.0,1.0,17.272268947116896,0.304949178038586,276.35630315387033,4.879186848617376,17.272268947116896,0.304949178038586,276.35630315387033,4.879186848617376
2000,50.0,i64-o16,16,disaggregated,2,48,48,48,48,1.0,1.0,12.94147327233698,0.012959846796306863,207.06357235739168,0.2073575487409098,12.94147327233698,0.012959846796306863,207.06357235739168,0.2073575487409098
2000,50.0,i704-o128,4,aggregated,2,48,48,48,48,1.0,1.0,0.910382361475916,0.013586611015685842,116.52894226891725,1.7390862100077877,0.910382361475916,0.013586611015685842,116.52894226891725,1.7390862100077877
2000,50.0,i704-o128,4,disaggregated,2,48,48,48,48,1.0,1.0,0.8319291228229364,0.008083119071160461,106.48692772133586,1.034639241108539,0.8319291228229364,0.008083119071160461,106.48692772133586,1.034639241108539
2000,50.0,i704-o128,16,aggregated,2,48,48,48,48,1.0,1.0,2.1560189480347356,0.010619301241773104,275.97042534844616,1.3592705589469574,2.1560189480347356,0.010619301241773104,275.97042534844616,1.3592705589469574
2000,50.0,i704-o128,16,disaggregated,2,48,31,38,37,0.625,0.6458333333333334,1.1863461292029904,0.05378884156418857,151.85230453798277,6.884971720216137,1.8369347775335245,0.0005146348548921647,235.12765152429114,0.06587326142619708
2000,50.0,i704-o16,4,aggregated,2,48,48,48,48,1.0,1.0,6.386628387760931,0.0325483227158781,102.1860542041749,0.5207731634540496,6.386628387760931,0.0325483227158781,102.1860542041749,0.5207731634540496
2000,50.0,i704-o16,4,disaggregated,2,48,48,48,48,1.0,1.0,4.528020386382782,0.06357611558228561,72.44832618212452,1.0172178493165698,4.528020386382782,0.06357611558228561,72.44832618212452,1.0172178493165698
2000,50.0,i704-o16,16,aggregated,2,48,35,48,35,0.7083333333333334,0.7291666666666666,8.990013615043772,0.30282024707618815,143.84021784070035,4.8451239532190105,12.330837265738975,0.0829447267704739,197.2933962518236,1.3271156283275825
2000,50.0,i704-o16,16,disaggregated,2,48,37,37,48,0.7083333333333334,0.7708333333333334,4.4799105440474865,0.7199901258710754,71.67856870475978,11.519842013937206,5.796330368067693,0.26939943206114925,92.74128588908309,4.310390912978388
2000,50.0,mixed,4,aggregated,2,48,48,48,48,1.0,1.0,1.2369114239214989,0.028555657463817986,112.14663576888258,2.5890462767195084,1.2369114239214989,0.028555657463817986,112.14663576888258,2.5890462767195084
2000,50.0,mixed,4,disaggregated,2,48,48,48,48,1.0,1.0,1.172395388996908,0.009404420422368559,106.29718193571966,0.8526674516280676,1.172395388996908,0.009404420422368559,106.29718193571966,0.8526674516280676
2000,50.0,mixed,16,aggregated,2,48,48,48,48,1.0,1.0,3.184861842817317,0.07746990779234589,288.7608070821034,7.023938306506047,3.184861842817317,0.07746990779234589,288.7608070821034,7.023938306506047
2000,50.0,mixed,16,disaggregated,2,48,48,48,48,1.0,1.0,2.7073001053640393,0.08933462046834471,245.4618762196729,8.099672255796575,2.7073001053640393,0.08933462046834471,245.4618762196729,8.099672255796575
2000,75.0,i64-o128,4,aggregated,2,48,48,48,48,1.0,1.0,0.9399557516412358,0.004294618894272414,120.31433621007818,0.549711218466869,0.9399557516412358,0.004294618894272414,120.31433621007818,0.549711218466869
2000,75.0,i64-o128,4,disaggregated,2,48,48,48,48,1.0,1.0,0.8801834378355037,0.010845852460193001,112.66348004294447,1.3882691149047042,0.8801834378355037,0.010845852460193001,112.66348004294447,1.3882691149047042
2000,75.0,i64-o128,16,aggregated,2,48,48,48,48,1.0,1.0,2.354488786029968,0.030598367167080226,301.3745646118359,3.916590997386269,2.354488786029968,0.030598367167080226,301.3745646118359,3.916590997386269
2000,75.0,i64-o128,16,disaggregated,2,48,48,48,48,1.0,1.0,2.1612603814214992,0.01463519365580729,276.6413288219519,1.873304787943333,2.1612603814214992,0.01463519365580729,276.6413288219519,1.873304787943333
2000,75.0,i64-o16,4,aggregated,2,48,48,48,48,1.0,1.0,7.388393230204782,0.14768233383758497,118.21429168327651,2.3629173414013596,7.388393230204782,0.14768233383758497,118.21429168327651,2.3629173414013596
2000,75.0,i64-o16,4,disaggregated,2,48,48,48,48,1.0,1.0,6.086133541468364,0.04283138293511719,97.37813666349382,0.6853021269618751,6.086133541468364,0.04283138293511719,97.37813666349382,0.6853021269618751
2000,75.0,i64-o16,16,aggregated,2,48,48,48,48,1.0,1.0,17.272268947116896,0.304949178038586,276.35630315387033,4.879186848617376,17.272268947116896,0.304949178038586,276.35630315387033,4.879186848617376
2000,75.0,i64-o16,16,disaggregated,2,48,48,48,48,1.0,1.0,12.94147327233698,0.012959846796306863,207.06357235739168,0.2073575487409098,12.94147327233698,0.012959846796306863,207.06357235739168,0.2073575487409098
2000,75.0,i704-o128,4,aggregated,2,48,48,48,48,1.0,1.0,0.910382361475916,0.013586611015685842,116.52894226891725,1.7390862100077877,0.910382361475916,0.013586611015685842,116.52894226891725,1.7390862100077877
2000,75.0,i704-o128,4,disaggregated,2,48,48,48,48,1.0,1.0,0.8319291228229364,0.008083119071160461,106.48692772133586,1.034639241108539,0.8319291228229364,0.008083119071160461,106.48692772133586,1.034639241108539
2000,75.0,i704-o128,16,aggregated,2,48,48,48,48,1.0,1.0,2.1560189480347356,0.010619301241773104,275.97042534844616,1.3592705589469574,2.1560189480347356,0.010619301241773104,275.97042534844616,1.3592705589469574
2000,75.0,i704-o128,16,disaggregated,2,48,38,38,48,0.7916666666666666,0.7916666666666666,1.4542400322140403,0.00040741926012290483,186.14272412339716,0.05214966529573182,1.8369347775335245,0.0005146348548921647,235.12765152429114,0.06587326142619708
2000,75.0,i704-o16,4,aggregated,2,48,48,48,48,1.0,1.0,6.386628387760931,0.0325483227158781,102.1860542041749,0.5207731634540496,6.386628387760931,0.0325483227158781,102.1860542041749,0.5207731634540496
2000,75.0,i704-o16,4,disaggregated,2,48,48,48,48,1.0,1.0,4.528020386382782,0.06357611558228561,72.44832618212452,1.0172178493165698,4.528020386382782,0.06357611558228561,72.44832618212452,1.0172178493165698
2000,75.0,i704-o16,16,aggregated,2,48,48,48,48,1.0,1.0,12.330837265738975,0.0829447267704739,197.2933962518236,1.3271156283275825,12.330837265738975,0.0829447267704739,197.2933962518236,1.3271156283275825
2000,75.0,i704-o16,16,disaggregated,2,48,37,37,48,0.7083333333333334,0.7708333333333334,4.4799105440474865,0.7199901258710754,71.67856870475978,11.519842013937206,5.796330368067693,0.26939943206114925,92.74128588908309,4.310390912978388
2000,75.0,mixed,4,aggregated,2,48,48,48,48,1.0,1.0,1.2369114239214989,0.028555657463817986,112.14663576888258,2.5890462767195084,1.2369114239214989,0.028555657463817986,112.14663576888258,2.5890462767195084
2000,75.0,mixed,4,disaggregated,2,48,48,48,48,1.0,1.0,1.172395388996908,0.009404420422368559,106.29718193571966,0.8526674516280676,1.172395388996908,0.009404420422368559,106.29718193571966,0.8526674516280676
2000,75.0,mixed,16,aggregated,2,48,48,48,48,1.0,1.0,3.184861842817317,0.07746990779234589,288.7608070821034,7.023938306506047,3.184861842817317,0.07746990779234589,288.7608070821034,7.023938306506047
2000,75.0,mixed,16,disaggregated,2,48,48,48,48,1.0,1.0,2.7073001053640393,0.08933462046834471,245.4618762196729,8.099672255796575,2.7073001053640393,0.08933462046834471,245.4618762196729,8.099672255796575
5000,25.0,i64-o128,4,aggregated,2,48,0,48,0,0.0,0.0,0.0,0.0,0.0,0.0,0.9399557516412358,0.004294618894272414,120.31433621007818,0.549711218466869
5000,25.0,i64-o128,4,disaggregated,2,48,0,48,0,0.0,0.0,0.0,0.0,0.0,0.0,0.8801834378355037,0.010845852460193001,112.66348004294447,1.3882691149047042
5000,25.0,i64-o128,16,aggregated,2,48,0,48,0,0.0,0.0,0.0,0.0,0.0,0.0,2.354488786029968,0.030598367167080226,301.3745646118359,3.916590997386269
5000,25.0,i64-o128,16,disaggregated,2,48,0,48,0,0.0,0.0,0.0,0.0,0.0,0.0,2.1612603814214992,0.01463519365580729,276.6413288219519,1.873304787943333
5000,25.0,i64-o16,4,aggregated,2,48,2,48,2,0.041666666666666664,0.041666666666666664,0.3078497179251993,0.006153430576566014,4.925595486803188,0.09845488922505623,7.388393230204782,0.14768233383758497,118.21429168327651,2.3629173414013596
5000,25.0,i64-o16,4,disaggregated,2,48,3,48,3,0.041666666666666664,0.0625,0.3810143122026273,0.1819913905325773,6.096228995242037,2.9118622485212367,6.086133541468364,0.04283138293511719,97.37813666349382,0.6853021269618751
5000,25.0,i64-o16,16,aggregated,2,48,2,48,2,0.041666666666666664,0.041666666666666664,0.7196778727965374,0.012706215751607804,11.514845964744598,0.20329945202572486,17.272268947116896,0.304949178038586,276.35630315387033,4.879186848617376
5000,25.0,i64-o16,16,disaggregated,2,48,2,48,2,0.041666666666666664,0.041666666666666664,0.5392280530140409,0.0005399936165127859,8.627648848224654,0.008639897864204575,12.94147327233698,0.012959846796306863,207.06357235739168,0.2073575487409098
5000,25.0,i704-o128,4,aggregated,2,48,0,48,0,0.0,0.0,0.0,0.0,0.0,0.0,0.910382361475916,0.013586611015685842,116.52894226891725,1.7390862100077877
5000,25.0,i704-o128,4,disaggregated,2,48,0,48,0,0.0,0.0,0.0,0.0,0.0,0.0,0.8319291228229364,0.008083119071160461,106.48692772133586,1.034639241108539
5000,25.0,i704-o128,16,aggregated,2,48,0,48,0,0.0,0.0,0.0,0.0,0.0,0.0,2.1560189480347356,0.010619301241773104,275.97042534844616,1.3592705589469574
5000,25.0,i704-o128,16,disaggregated,2,48,0,48,0,0.0,0.0,0.0,0.0,0.0,0.0,1.8369347775335245,0.0005146348548921647,235.12765152429114,0.06587326142619708
5000,25.0,i704-o16,4,aggregated,2,48,5,48,5,0.08333333333333333,0.10416666666666667,0.6647943083145003,0.18477739312977357,10.636708933032004,2.956438290076377,6.386628387760931,0.0325483227158781,102.1860542041749,0.5207731634540496
5000,25.0,i704-o16,4,disaggregated,2,48,10,48,10,0.20833333333333334,0.20833333333333334,0.943337580496413,0.013245024079642861,15.093401287942608,0.21192038527428578,4.528020386382782,0.06357611558228561,72.44832618212452,1.0172178493165698
5000,25.0,i704-o16,16,aggregated,2,48,1,48,1,0.0,0.020833333333333332,0.2581143342604592,0.3650287921540438,4.129829348167347,5.840460674464701,12.330837265738975,0.0829447267704739,197.2933962518236,1.3271156283275825
5000,25.0,i704-o16,16,disaggregated,2,48,2,48,2,0.041666666666666664,0.041666666666666664,0.24151376533615387,0.01122497633588122,3.864220245378462,0.17959962137409952,5.796330368067693,0.26939943206114925,92.74128588908309,4.310390912978388
5000,25.0,mixed,4,aggregated,2,48,0,48,0,0.0,0.0,0.0,0.0,0.0,0.0,1.2369114239214989,0.028555657463817986,112.14663576888258,2.5890462767195084
5000,25.0,mixed,4,disaggregated,2,48,0,48,0,0.0,0.0,0.0,0.0,0.0,0.0,1.172395388996908,0.009404420422368559,106.29718193571966,0.8526674516280676
5000,25.0,mixed,16,aggregated,2,48,0,48,0,0.0,0.0,0.0,0.0,0.0,0.0,3.184861842817317,0.07746990779234589,288.7608070821034,7.023938306506047
5000,25.0,mixed,16,disaggregated,2,48,0,48,0,0.0,0.0,0.0,0.0,0.0,0.0,2.7073001053640393,0.08933462046834471,245.4618762196729,8.099672255796575
5000,30.0,i64-o128,4,aggregated,2,48,1,48,1,0.0,0.020833333333333332,0.01964567720383308,0.027783183143664684,2.514646682090634,3.5562474423890795,0.9399557516412358,0.004294618894272414,120.31433621007818,0.549711218466869
5000,30.0,i64-o128,4,disaggregated,2,48,0,48,0,0.0,0.0,0.0,0.0,0.0,0.0,0.8801834378355037,0.010845852460193001,112.66348004294447,1.3882691149047042
5000,30.0,i64-o128,16,aggregated,2,48,0,48,0,0.0,0.0,0.0,0.0,0.0,0.0,2.354488786029968,0.030598367167080226,301.3745646118359,3.916590997386269
5000,30.0,i64-o128,16,disaggregated,2,48,0,48,0,0.0,0.0,0.0,0.0,0.0,0.0,2.1612603814214992,0.01463519365580729,276.6413288219519,1.873304787943333
5000,30.0,i64-o16,4,aggregated,2,48,31,48,31,0.5833333333333334,0.6458333333333334,4.778197326572965,0.7484260433305961,76.45115722516744,11.974816693289538,7.388393230204782,0.14768233383758497,118.21429168327651,2.3629173414013596
5000,30.0,i64-o16,4,disaggregated,2,48,26,48,26,0.4583333333333333,0.5416666666666666,3.2991795317387824,0.7404580488197184,52.78687250782052,11.847328781115495,6.086133541468364,0.04283138293511719,97.37813666349382,0.6853021269618751
5000,30.0,i64-o16,16,aggregated,2,48,5,48,5,0.08333333333333333,0.10416666666666667,1.8036870076519338,0.5406546435033605,28.85899212243094,8.650474296053767,17.272268947116896,0.304949178038586,276.35630315387033,4.879186848617376
5000,30.0,i64-o16,16,disaggregated,2,48,3,48,3,0.041666666666666664,0.0625,0.8086511629470445,0.38048182246747825,12.938418607152713,6.087709159479652,12.94147327233698,0.012959846796306863,207.06357235739168,0.2073575487409098
5000,30.0,i704-o128,4,aggregated,2,48,0,48,0,0.0,0.0,0.0,0.0,0.0,0.0,0.910382361475916,0.013586611015685842,116.52894226891725,1.7390862100077877
5000,30.0,i704-o128,4,disaggregated,2,48,0,48,0,0.0,0.0,0.0,0.0,0.0,0.0,0.8319291228229364,0.008083119071160461,106.48692772133586,1.034639241108539
5000,30.0,i704-o128,16,aggregated,2,48,0,48,0,0.0,0.0,0.0,0.0,0.0,0.0,2.1560189480347356,0.010619301241773104,275.97042534844616,1.3592705589469574
5000,30.0,i704-o128,16,disaggregated,2,48,0,48,0,0.0,0.0,0.0,0.0,0.0,0.0,1.8369347775335245,0.0005146348548921647,235.12765152429114,0.06587326142619708
5000,30.0,i704-o16,4,aggregated,2,48,24,48,24,0.4583333333333333,0.5,3.194273158034992,0.3926098481832946,51.108370528559874,6.281757570932713,6.386628387760931,0.0325483227158781,102.1860542041749,0.5207731634540496
5000,30.0,i704-o16,4,disaggregated,2,48,18,48,18,0.375,0.375,1.6980076448935433,0.023841043343357102,27.168122318296692,0.38145669349371364,4.528020386382782,0.06357611558228561,72.44832618212452,1.0172178493165698
5000,30.0,i704-o16,16,aggregated,2,48,5,48,5,0.08333333333333333,0.10416666666666667,1.2856841064053737,0.37194085271824995,20.57094570248598,5.951053643491999,12.330837265738975,0.0829447267704739,197.2933962518236,1.3271156283275825
5000,30.0,i704-o16,16,disaggregated,2,48,10,48,10,0.16666666666666666,0.20833333333333334,1.2155060835665294,0.3976769241175879,19.44809733706447,6.362830785881407,5.796330368067693,0.26939943206114925,92.74128588908309,4.310390912978388
5000,30.0,mixed,4,aggregated,2,48,10,48,10,0.20833333333333334,0.20833333333333334,0.2576898799836456,0.0059490953049620866,4.12303807973833,0.09518552487939339,1.2369114239214989,0.028555657463817986,112.14663576888258,2.5890462767195084
5000,30.0,mixed,4,disaggregated,2,48,5,48,5,0.08333333333333333,0.10416666666666667,0.12198597949022405,0.033562403280651354,1.9517756718435848,0.5369984524904217,1.172395388996908,0.009404420422368559,106.29718193571966,0.8526674516280676
5000,30.0,mixed,16,aggregated,2,48,0,48,0,0.0,0.0,0.0,0.0,0.0,0.0,3.184861842817317,0.07746990779234589,288.7608070821034,7.023938306506047
5000,30.0,mixed,16,disaggregated,2,48,0,48,0,0.0,0.0,0.0,0.0,0.0,0.0,2.7073001053640393,0.08933462046834471,245.4618762196729,8.099672255796575
5000,35.0,i64-o128,4,aggregated,2,48,48,48,48,1.0,1.0,0.9399557516412358,0.004294618894272414,120.31433621007818,0.549711218466869,0.9399557516412358,0.004294618894272414,120.31433621007818,0.549711218466869
5000,35.0,i64-o128,4,disaggregated,2,48,42,48,42,0.875,0.875,0.7701605081060657,0.009490120902668877,98.58054503757641,1.2147354755416162,0.8801834378355037,0.010845852460193001,112.66348004294447,1.3882691149047042
5000,35.0,i64-o128,16,aggregated,2,48,11,48,11,0.16666666666666666,0.22916666666666666,0.5409226163558518,0.21512149916280668,69.23809489354903,27.535551892839255,2.354488786029968,0.030598367167080226,301.3745646118359,3.916590997386269
5000,35.0,i64-o128,16,disaggregated,2,48,0,48,0,0.0,0.0,0.0,0.0,0.0,0.0,2.1612603814214992,0.01463519365580729,276.6413288219519,1.873304787943333
5000,35.0,i64-o16,4,aggregated,2,48,47,48,47,0.9583333333333334,0.9791666666666666,7.236643937486308,0.3622882416805757,115.78630299978093,5.7966118668892115,7.388393230204782,0.14768233383758497,118.21429168327651,2.3629173414013596
5000,35.0,i64-o16,4,disaggregated,2,48,48,48,48,1.0,1.0,6.086133541468364,0.04283138293511719,97.37813666349382,0.6853021269618751,6.086133541468364,0.04283138293511719,97.37813666349382,0.6853021269618751
5000,35.0,i64-o16,16,aggregated,2,48,17,48,17,0.3333333333333333,0.3541666666666667,6.121754244431158,0.6168919380130071,97.94806791089853,9.870271008208114,17.272268947116896,0.304949178038586,276.35630315387033,4.879186848617376
5000,35.0,i64-o16,16,disaggregated,2,48,8,48,8,0.16666666666666666,0.16666666666666666,2.1569122120561635,0.0021599744660511437,34.510595392898615,0.0345595914568183,12.94147327233698,0.012959846796306863,207.06357235739168,0.2073575487409098
5000,35.0,i704-o128,4,aggregated,2,48,48,48,48,1.0,1.0,0.910382361475916,0.013586611015685842,116.52894226891725,1.7390862100077877,0.910382361475916,0.013586611015685842,116.52894226891725,1.7390862100077877
5000,35.0,i704-o128,4,disaggregated,2,48,38,48,38,0.75,0.7916666666666666,0.6588487067476729,0.05542102961589156,84.33263446370214,7.093891790834119,0.8319291228229364,0.008083119071160461,106.48692772133586,1.034639241108539
5000,35.0,i704-o128,16,aggregated,2,48,9,48,9,0.16666666666666666,0.1875,0.4040971156748562,0.061531198455586196,51.72443080638159,7.875993402315033,2.1560189480347356,0.010619301241773104,275.97042534844616,1.3592705589469574
5000,35.0,i704-o128,16,disaggregated,2,48,0,48,0,0.0,0.0,0.0,0.0,0.0,0.0,1.8369347775335245,0.0005146348548921647,235.12765152429114,0.06587326142619708
5000,35.0,i704-o16,4,aggregated,2,48,48,48,48,1.0,1.0,6.386628387760931,0.0325483227158781,102.1860542041749,0.5207731634540496,6.386628387760931,0.0325483227158781,102.1860542041749,0.5207731634540496
5000,35.0,i704-o16,4,disaggregated,2,48,47,48,47,0.9583333333333334,0.9791666666666666,4.434623192967511,0.19565969319774604,70.95397108748017,3.1305550911639366,4.528020386382782,0.06357611558228561,72.44832618212452,1.0172178493165698
5000,35.0,i704-o16,16,aggregated,2,48,13,48,13,0.25,0.2708333333333333,3.338379868246742,0.3408365801793224,53.41407789194787,5.453385282869158,12.330837265738975,0.0829447267704739,197.2933962518236,1.3271156283275825
5000,35.0,i704-o16,16,disaggregated,2,48,21,48,21,0.4166666666666667,0.4375,2.5398631644724956,0.288638272745844,40.63781063155993,4.618212363933504,5.796330368067693,0.26939943206114925,92.74128588908309,4.310390912978388
5000,35.0,mixed,4,aggregated,2,48,46,48,46,0.9166666666666666,0.9583333333333334,1.1862147770511826,0.10025154303465894,105.65746496948208,11.766119629787141,1.2369114239214989,0.028555657463817986,112.14663576888258,2.5890462767195084
5000,35.0,mixed,4,disaggregated,2,48,42,48,42,0.875,0.875,1.0258459653722944,0.008228867869572292,87.53885571176914,0.7021967248701857,1.172395388996908,0.009404420422368559,106.29718193571966,0.8526674516280676
5000,35.0,mixed,16,aggregated,2,48,1,48,1,0.0,0.020833333333333332,0.06749252791573294,0.09544884833727425,1.079880446651727,1.527181573396388,3.184861842817317,0.07746990779234589,288.7608070821034,7.023938306506047
5000,35.0,mixed,16,disaggregated,2,48,1,48,1,0.0,0.020833333333333332,0.05771810877691526,0.08162573222683914,0.9234897404306441,1.3060117156294262,2.7073001053640393,0.08933462046834471,245.4618762196729,8.099672255796575
5000,40.0,i64-o128,4,aggregated,2,48,48,48,48,1.0,1.0,0.9399557516412358,0.004294618894272414,120.31433621007818,0.549711218466869,0.9399557516412358,0.004294618894272414,120.31433621007818,0.549711218466869
5000,40.0,i64-o128,4,disaggregated,2,48,48,48,48,1.0,1.0,0.8801834378355037,0.010845852460193001,112.66348004294447,1.3882691149047042,0.8801834378355037,0.010845852460193001,112.66348004294447,1.3882691149047042
5000,40.0,i64-o128,16,aggregated,2,48,17,48,17,0.3333333333333333,0.3541666666666667,0.8343322015713863,0.08020671282290226,106.79452180113745,10.26645924133149,2.354488786029968,0.030598367167080226,301.3745646118359,3.916590997386269
5000,40.0,i64-o128,16,disaggregated,2,48,16,48,16,0.3333333333333333,0.3333333333333333,0.7204201271404997,0.004878397885269123,92.21377627398397,0.6244349293144478,2.1612603814214992,0.01463519365580729,276.6413288219519,1.873304787943333
5000,40.0,i64-o16,4,aggregated,2,48,48,48,48,1.0,1.0,7.388393230204782,0.14768233383758497,118.21429168327651,2.3629173414013596,7.388393230204782,0.14768233383758497,118.21429168327651,2.3629173414013596
5000,40.0,i64-o16,4,disaggregated,2,48,48,48,48,1.0,1.0,6.086133541468364,0.04283138293511719,97.37813666349382,0.6853021269618751,6.086133541468364,0.04283138293511719,97.37813666349382,0.6853021269618751
5000,40.0,i64-o16,16,aggregated,2,48,42,48,42,0.875,0.875,15.113235328727285,0.26683053078376406,241.81176525963656,4.269288492540225,17.272268947116896,0.304949178038586,276.35630315387033,4.879186848617376
5000,40.0,i64-o16,16,disaggregated,2,48,24,48,24,0.5,0.5,6.47073663616849,0.0064799233981534315,103.53178617869584,0.1036787743704549,12.94147327233698,0.012959846796306863,207.06357235739168,0.2073575487409098
5000,40.0,i704-o128,4,aggregated,2,48,48,48,48,1.0,1.0,0.910382361475916,0.013586611015685842,116.52894226891725,1.7390862100077877,0.910382361475916,0.013586611015685842,116.52894226891725,1.7390862100077877
5000,40.0,i704-o128,4,disaggregated,2,48,48,48,48,1.0,1.0,0.8319291228229364,0.008083119071160461,106.48692772133586,1.034639241108539,0.8319291228229364,0.008083119071160461,106.48692772133586,1.034639241108539
5000,40.0,i704-o128,16,aggregated,2,48,16,48,16,0.3333333333333333,0.3333333333333333,0.7186729826782451,0.003539767080591035,91.99014178281537,0.45309018631565245,2.1560189480347356,0.010619301241773104,275.97042534844616,1.3592705589469574
5000,40.0,i704-o128,16,disaggregated,2,48,11,48,11,0.20833333333333334,0.22916666666666666,0.42097180113884375,0.05423914706221935,53.884390545772,6.942610823964077,1.8369347775335245,0.0005146348548921647,235.12765152429114,0.06587326142619708
5000,40.0,i704-o16,4,aggregated,2,48,48,48,48,1.0,1.0,6.386628387760931,0.0325483227158781,102.1860542041749,0.5207731634540496,6.386628387760931,0.0325483227158781,102.1860542041749,0.5207731634540496
5000,40.0,i704-o16,4,disaggregated,2,48,48,48,48,1.0,1.0,4.528020386382782,0.06357611558228561,72.44832618212452,1.0172178493165698,4.528020386382782,0.06357611558228561,72.44832618212452,1.0172178493165698
5000,40.0,i704-o16,16,aggregated,2,48,22,48,22,0.4583333333333333,0.4583333333333333,5.65163374679703,0.03801633310313329,90.42613994875248,0.6082613296501327,12.330837265738975,0.0829447267704739,197.2933962518236,1.3271156283275825
5000,40.0,i704-o16,16,disaggregated,2,48,47,48,47,0.9583333333333334,0.9791666666666666,5.671604856956735,0.09301092267411791,90.74567771130776,1.4881747627858866,5.796330368067693,0.26939943206114925,92.74128588908309,4.310390912978388
5000,40.0,mixed,4,aggregated,2,48,48,48,48,1.0,1.0,1.2369114239214989,0.028555657463817986,112.14663576888258,2.5890462767195084,1.2369114239214989,0.028555657463817986,112.14663576888258,2.5890462767195084
5000,40.0,mixed,4,disaggregated,2,48,48,48,48,1.0,1.0,1.172395388996908,0.009404420422368559,106.29718193571966,0.8526674516280676,1.172395388996908,0.009404420422368559,106.29718193571966,0.8526674516280676
5000,40.0,mixed,16,aggregated,2,48,19,48,19,0.2916666666666667,0.3958333333333333,1.266380677067049,0.49983963145913884,117.25302321182978,41.87587832649178,3.184861842817317,0.07746990779234589,288.7608070821034,7.023938306506047
5000,40.0,mixed,16,disaggregated,2,48,6,48,6,0.125,0.125,0.3384125131705049,0.01116682755854309,18.048667369093593,0.595564136455631,2.7073001053640393,0.08933462046834471,245.4618762196729,8.099672255796575
5000,50.0,i64-o128,4,aggregated,2,48,48,48,48,1.0,1.0,0.9399557516412358,0.004294618894272414,120.31433621007818,0.549711218466869,0.9399557516412358,0.004294618894272414,120.31433621007818,0.549711218466869
5000,50.0,i64-o128,4,disaggregated,2,48,48,48,48,1.0,1.0,0.8801834378355037,0.010845852460193001,112.66348004294447,1.3882691149047042,0.8801834378355037,0.010845852460193001,112.66348004294447,1.3882691149047042
5000,50.0,i64-o128,16,aggregated,2,48,48,48,48,1.0,1.0,2.354488786029968,0.030598367167080226,301.3745646118359,3.916590997386269,2.354488786029968,0.030598367167080226,301.3745646118359,3.916590997386269
5000,50.0,i64-o128,16,disaggregated,2,48,48,48,48,1.0,1.0,2.1612603814214992,0.01463519365580729,276.6413288219519,1.873304787943333,2.1612603814214992,0.01463519365580729,276.6413288219519,1.873304787943333
5000,50.0,i64-o16,4,aggregated,2,48,48,48,48,1.0,1.0,7.388393230204782,0.14768233383758497,118.21429168327651,2.3629173414013596,7.388393230204782,0.14768233383758497,118.21429168327651,2.3629173414013596
5000,50.0,i64-o16,4,disaggregated,2,48,48,48,48,1.0,1.0,6.086133541468364,0.04283138293511719,97.37813666349382,0.6853021269618751,6.086133541468364,0.04283138293511719,97.37813666349382,0.6853021269618751
5000,50.0,i64-o16,16,aggregated,2,48,48,48,48,1.0,1.0,17.272268947116896,0.304949178038586,276.35630315387033,4.879186848617376,17.272268947116896,0.304949178038586,276.35630315387033,4.879186848617376
5000,50.0,i64-o16,16,disaggregated,2,48,48,48,48,1.0,1.0,12.94147327233698,0.012959846796306863,207.06357235739168,0.2073575487409098,12.94147327233698,0.012959846796306863,207.06357235739168,0.2073575487409098
5000,50.0,i704-o128,4,aggregated,2,48,48,48,48,1.0,1.0,0.910382361475916,0.013586611015685842,116.52894226891725,1.7390862100077877,0.910382361475916,0.013586611015685842,116.52894226891725,1.7390862100077877
5000,50.0,i704-o128,4,disaggregated,2,48,48,48,48,1.0,1.0,0.8319291228229364,0.008083119071160461,106.48692772133586,1.034639241108539,0.8319291228229364,0.008083119071160461,106.48692772133586,1.034639241108539
5000,50.0,i704-o128,16,aggregated,2,48,48,48,48,1.0,1.0,2.1560189480347356,0.010619301241773104,275.97042534844616,1.3592705589469574,2.1560189480347356,0.010619301241773104,275.97042534844616,1.3592705589469574
5000,50.0,i704-o128,16,disaggregated,2,48,37,48,37,0.75,0.7708333333333334,1.415962976394681,0.05372451220732726,181.24326097851917,6.8767375625378895,1.8369347775335245,0.0005146348548921647,235.12765152429114,0.06587326142619708
5000,50.0,i704-o16,4,aggregated,2,48,48,48,48,1.0,1.0,6.386628387760931,0.0325483227158781,102.1860542041749,0.5207731634540496,6.386628387760931,0.0325483227158781,102.1860542041749,0.5207731634540496
5000,50.0,i704-o16,4,disaggregated,2,48,48,48,48,1.0,1.0,4.528020386382782,0.06357611558228561,72.44832618212452,1.0172178493165698,4.528020386382782,0.06357611558228561,72.44832618212452,1.0172178493165698
5000,50.0,i704-o16,16,aggregated,2,48,35,48,35,0.7083333333333334,0.7291666666666666,8.990013615043772,0.30282024707618815,143.84021784070035,4.8451239532190105,12.330837265738975,0.0829447267704739,197.2933962518236,1.3271156283275825
5000,50.0,i704-o16,16,disaggregated,2,48,48,48,48,1.0,1.0,5.796330368067693,0.26939943206114925,92.74128588908309,4.310390912978388,5.796330368067693,0.26939943206114925,92.74128588908309,4.310390912978388
5000,50.0,mixed,4,aggregated,2,48,48,48,48,1.0,1.0,1.2369114239214989,0.028555657463817986,112.14663576888258,2.5890462767195084,1.2369114239214989,0.028555657463817986,112.14663576888258,2.5890462767195084
5000,50.0,mixed,4,disaggregated,2,48,48,48,48,1.0,1.0,1.172395388996908,0.009404420422368559,106.29718193571966,0.8526674516280676,1.172395388996908,0.009404420422368559,106.29718193571966,0.8526674516280676
5000,50.0,mixed,16,aggregated,2,48,48,48,48,1.0,1.0,3.184861842817317,0.07746990779234589,288.7608070821034,7.023938306506047,3.184861842817317,0.07746990779234589,288.7608070821034,7.023938306506047
5000,50.0,mixed,16,disaggregated,2,48,48,48,48,1.0,1.0,2.7073001053640393,0.08933462046834471,245.4618762196729,8.099672255796575,2.7073001053640393,0.08933462046834471,245.4618762196729,8.099672255796575
5000,75.0,i64-o128,4,aggregated,2,48,48,48,48,1.0,1.0,0.9399557516412358,0.004294618894272414,120.31433621007818,0.549711218466869,0.9399557516412358,0.004294618894272414,120.31433621007818,0.549711218466869
5000,75.0,i64-o128,4,disaggregated,2,48,48,48,48,1.0,1.0,0.8801834378355037,0.010845852460193001,112.66348004294447,1.3882691149047042,0.8801834378355037,0.010845852460193001,112.66348004294447,1.3882691149047042
5000,75.0,i64-o128,16,aggregated,2,48,48,48,48,1.0,1.0,2.354488786029968,0.030598367167080226,301.3745646118359,3.916590997386269,2.354488786029968,0.030598367167080226,301.3745646118359,3.916590997386269
5000,75.0,i64-o128,16,disaggregated,2,48,48,48,48,1.0,1.0,2.1612603814214992,0.01463519365580729,276.6413288219519,1.873304787943333,2.1612603814214992,0.01463519365580729,276.6413288219519,1.873304787943333
5000,75.0,i64-o16,4,aggregated,2,48,48,48,48,1.0,1.0,7.388393230204782,0.14768233383758497,118.21429168327651,2.3629173414013596,7.388393230204782,0.14768233383758497,118.21429168327651,2.3629173414013596
5000,75.0,i64-o16,4,disaggregated,2,48,48,48,48,1.0,1.0,6.086133541468364,0.04283138293511719,97.37813666349382,0.6853021269618751,6.086133541468364,0.04283138293511719,97.37813666349382,0.6853021269618751
5000,75.0,i64-o16,16,aggregated,2,48,48,48,48,1.0,1.0,17.272268947116896,0.304949178038586,276.35630315387033,4.879186848617376,17.272268947116896,0.304949178038586,276.35630315387033,4.879186848617376
5000,75.0,i64-o16,16,disaggregated,2,48,48,48,48,1.0,1.0,12.94147327233698,0.012959846796306863,207.06357235739168,0.2073575487409098,12.94147327233698,0.012959846796306863,207.06357235739168,0.2073575487409098
5000,75.0,i704-o128,4,aggregated,2,48,48,48,48,1.0,1.0,0.910382361475916,0.013586611015685842,116.52894226891725,1.7390862100077877,0.910382361475916,0.013586611015685842,116.52894226891725,1.7390862100077877
5000,75.0,i704-o128,4,disaggregated,2,48,48,48,48,1.0,1.0,0.8319291228229364,0.008083119071160461,106.48692772133586,1.034639241108539,0.8319291228229364,0.008083119071160461,106.48692772133586,1.034639241108539
5000,75.0,i704-o128,16,aggregated,2,48,48,48,48,1.0,1.0,2.1560189480347356,0.010619301241773104,275.97042534844616,1.3592705589469574,2.1560189480347356,0.010619301241773104,275.97042534844616,1.3592705589469574
5000,75.0,i704-o128,16,disaggregated,2,48,48,48,48,1.0,1.0,1.8369347775335245,0.0005146348548921647,235.12765152429114,0.06587326142619708,1.8369347775335245,0.0005146348548921647,235.12765152429114,0.06587326142619708
5000,75.0,i704-o16,4,aggregated,2,48,48,48,48,1.0,1.0,6.386628387760931,0.0325483227158781,102.1860542041749,0.5207731634540496,6.386628387760931,0.0325483227158781,102.1860542041749,0.5207731634540496
5000,75.0,i704-o16,4,disaggregated,2,48,48,48,48,1.0,1.0,4.528020386382782,0.06357611558228561,72.44832618212452,1.0172178493165698,4.528020386382782,0.06357611558228561,72.44832618212452,1.0172178493165698
5000,75.0,i704-o16,16,aggregated,2,48,48,48,48,1.0,1.0,12.330837265738975,0.0829447267704739,197.2933962518236,1.3271156283275825,12.330837265738975,0.0829447267704739,197.2933962518236,1.3271156283275825
5000,75.0,i704-o16,16,disaggregated,2,48,48,48,48,1.0,1.0,5.796330368067693,0.26939943206114925,92.74128588908309,4.310390912978388,5.796330368067693,0.26939943206114925,92.74128588908309,4.310390912978388
5000,75.0,mixed,4,aggregated,2,48,48,48,48,1.0,1.0,1.2369114239214989,0.028555657463817986,112.14663576888258,2.5890462767195084,1.2369114239214989,0.028555657463817986,112.14663576888258,2.5890462767195084
5000,75.0,mixed,4,disaggregated,2,48,48,48,48,1.0,1.0,1.172395388996908,0.009404420422368559,106.29718193571966,0.8526674516280676,1.172395388996908,0.009404420422368559,106.29718193571966,0.8526674516280676
5000,75.0,mixed,16,aggregated,2,48,48,48,48,1.0,1.0,3.184861842817317,0.07746990779234589,288.7608070821034,7.023938306506047,3.184861842817317,0.07746990779234589,288.7608070821034,7.023938306506047
5000,75.0,mixed,16,disaggregated,2,48,48,48,48,1.0,1.0,2.7073001053640393,0.08933462046834471,245.4618762196729,8.099672255796575,2.7073001053640393,0.08933462046834471,245.4618762196729,8.099672255796575
10000,25.0,i64-o128,4,aggregated,2,48,0,48,0,0.0,0.0,0.0,0.0,0.0,0.0,0.9399557516412358,0.004294618894272414,120.31433621007818,0.549711218466869
10000,25.0,i64-o128,4,disaggregated,2,48,0,48,0,0.0,0.0,0.0,0.0,0.0,0.0,0.8801834378355037,0.010845852460193001,112.66348004294447,1.3882691149047042
10000,25.0,i64-o128,16,aggregated,2,48,0,48,0,0.0,0.0,0.0,0.0,0.0,0.0,2.354488786029968,0.030598367167080226,301.3745646118359,3.916590997386269
10000,25.0,i64-o128,16,disaggregated,2,48,0,48,0,0.0,0.0,0.0,0.0,0.0,0.0,2.1612603814214992,0.01463519365580729,276.6413288219519,1.873304787943333
10000,25.0,i64-o16,4,aggregated,2,48,2,48,2,0.041666666666666664,0.041666666666666664,0.3078497179251993,0.006153430576566014,4.925595486803188,0.09845488922505623,7.388393230204782,0.14768233383758497,118.21429168327651,2.3629173414013596
10000,25.0,i64-o16,4,disaggregated,2,48,3,48,3,0.041666666666666664,0.0625,0.3810143122026273,0.1819913905325773,6.096228995242037,2.9118622485212367,6.086133541468364,0.04283138293511719,97.37813666349382,0.6853021269618751
10000,25.0,i64-o16,16,aggregated,2,48,2,48,2,0.041666666666666664,0.041666666666666664,0.7196778727965374,0.012706215751607804,11.514845964744598,0.20329945202572486,17.272268947116896,0.304949178038586,276.35630315387033,4.879186848617376
10000,25.0,i64-o16,16,disaggregated,2,48,2,48,2,0.041666666666666664,0.041666666666666664,0.5392280530140409,0.0005399936165127859,8.627648848224654,0.008639897864204575,12.94147327233698,0.012959846796306863,207.06357235739168,0.2073575487409098
10000,25.0,i704-o128,4,aggregated,2,48,0,48,0,0.0,0.0,0.0,0.0,0.0,0.0,0.910382361475916,0.013586611015685842,116.52894226891725,1.7390862100077877
10000,25.0,i704-o128,4,disaggregated,2,48,0,48,0,0.0,0.0,0.0,0.0,0.0,0.0,0.8319291228229364,0.008083119071160461,106.48692772133586,1.034639241108539
10000,25.0,i704-o128,16,aggregated,2,48,0,48,0,0.0,0.0,0.0,0.0,0.0,0.0,2.1560189480347356,0.010619301241773104,275.97042534844616,1.3592705589469574
10000,25.0,i704-o128,16,disaggregated,2,48,0,48,0,0.0,0.0,0.0,0.0,0.0,0.0,1.8369347775335245,0.0005146348548921647,235.12765152429114,0.06587326142619708
10000,25.0,i704-o16,4,aggregated,2,48,5,48,5,0.08333333333333333,0.10416666666666667,0.6647943083145003,0.18477739312977357,10.636708933032004,2.956438290076377,6.386628387760931,0.0325483227158781,102.1860542041749,0.5207731634540496
10000,25.0,i704-o16,4,disaggregated,2,48,10,48,10,0.20833333333333334,0.20833333333333334,0.943337580496413,0.013245024079642861,15.093401287942608,0.21192038527428578,4.528020386382782,0.06357611558228561,72.44832618212452,1.0172178493165698
10000,25.0,i704-o16,16,aggregated,2,48,1,48,1,0.0,0.020833333333333332,0.2581143342604592,0.3650287921540438,4.129829348167347,5.840460674464701,12.330837265738975,0.0829447267704739,197.2933962518236,1.3271156283275825
10000,25.0,i704-o16,16,disaggregated,2,48,2,48,2,0.041666666666666664,0.041666666666666664,0.24151376533615387,0.01122497633588122,3.864220245378462,0.17959962137409952,5.796330368067693,0.26939943206114925,92.74128588908309,4.310390912978388
10000,25.0,mixed,4,aggregated,2,48,0,48,0,0.0,0.0,0.0,0.0,0.0,0.0,1.2369114239214989,0.028555657463817986,112.14663576888258,2.5890462767195084
10000,25.0,mixed,4,disaggregated,2,48,0,48,0,0.0,0.0,0.0,0.0,0.0,0.0,1.172395388996908,0.009404420422368559,106.29718193571966,0.8526674516280676
10000,25.0,mixed,16,aggregated,2,48,0,48,0,0.0,0.0,0.0,0.0,0.0,0.0,3.184861842817317,0.07746990779234589,288.7608070821034,7.023938306506047
10000,25.0,mixed,16,disaggregated,2,48,0,48,0,0.0,0.0,0.0,0.0,0.0,0.0,2.7073001053640393,0.08933462046834471,245.4618762196729,8.099672255796575
10000,30.0,i64-o128,4,aggregated,2,48,1,48,1,0.0,0.020833333333333332,0.01964567720383308,0.027783183143664684,2.514646682090634,3.5562474423890795,0.9399557516412358,0.004294618894272414,120.31433621007818,0.549711218466869
10000,30.0,i64-o128,4,disaggregated,2,48,0,48,0,0.0,0.0,0.0,0.0,0.0,0.0,0.8801834378355037,0.010845852460193001,112.66348004294447,1.3882691149047042
10000,30.0,i64-o128,16,aggregated,2,48,0,48,0,0.0,0.0,0.0,0.0,0.0,0.0,2.354488786029968,0.030598367167080226,301.3745646118359,3.916590997386269
10000,30.0,i64-o128,16,disaggregated,2,48,0,48,0,0.0,0.0,0.0,0.0,0.0,0.0,2.1612603814214992,0.01463519365580729,276.6413288219519,1.873304787943333
10000,30.0,i64-o16,4,aggregated,2,48,31,48,31,0.5833333333333334,0.6458333333333334,4.778197326572965,0.7484260433305961,76.45115722516744,11.974816693289538,7.388393230204782,0.14768233383758497,118.21429168327651,2.3629173414013596
10000,30.0,i64-o16,4,disaggregated,2,48,26,48,26,0.4583333333333333,0.5416666666666666,3.2991795317387824,0.7404580488197184,52.78687250782052,11.847328781115495,6.086133541468364,0.04283138293511719,97.37813666349382,0.6853021269618751
10000,30.0,i64-o16,16,aggregated,2,48,5,48,5,0.08333333333333333,0.10416666666666667,1.8036870076519338,0.5406546435033605,28.85899212243094,8.650474296053767,17.272268947116896,0.304949178038586,276.35630315387033,4.879186848617376
10000,30.0,i64-o16,16,disaggregated,2,48,3,48,3,0.041666666666666664,0.0625,0.8086511629470445,0.38048182246747825,12.938418607152713,6.087709159479652,12.94147327233698,0.012959846796306863,207.06357235739168,0.2073575487409098
10000,30.0,i704-o128,4,aggregated,2,48,0,48,0,0.0,0.0,0.0,0.0,0.0,0.0,0.910382361475916,0.013586611015685842,116.52894226891725,1.7390862100077877
10000,30.0,i704-o128,4,disaggregated,2,48,0,48,0,0.0,0.0,0.0,0.0,0.0,0.0,0.8319291228229364,0.008083119071160461,106.48692772133586,1.034639241108539
10000,30.0,i704-o128,16,aggregated,2,48,0,48,0,0.0,0.0,0.0,0.0,0.0,0.0,2.1560189480347356,0.010619301241773104,275.97042534844616,1.3592705589469574
10000,30.0,i704-o128,16,disaggregated,2,48,0,48,0,0.0,0.0,0.0,0.0,0.0,0.0,1.8369347775335245,0.0005146348548921647,235.12765152429114,0.06587326142619708
10000,30.0,i704-o16,4,aggregated,2,48,24,48,24,0.4583333333333333,0.5,3.194273158034992,0.3926098481832946,51.108370528559874,6.281757570932713,6.386628387760931,0.0325483227158781,102.1860542041749,0.5207731634540496
10000,30.0,i704-o16,4,disaggregated,2,48,18,48,18,0.375,0.375,1.6980076448935433,0.023841043343357102,27.168122318296692,0.38145669349371364,4.528020386382782,0.06357611558228561,72.44832618212452,1.0172178493165698
10000,30.0,i704-o16,16,aggregated,2,48,5,48,5,0.08333333333333333,0.10416666666666667,1.2856841064053737,0.37194085271824995,20.57094570248598,5.951053643491999,12.330837265738975,0.0829447267704739,197.2933962518236,1.3271156283275825
10000,30.0,i704-o16,16,disaggregated,2,48,10,48,10,0.16666666666666666,0.20833333333333334,1.2155060835665294,0.3976769241175879,19.44809733706447,6.362830785881407,5.796330368067693,0.26939943206114925,92.74128588908309,4.310390912978388
10000,30.0,mixed,4,aggregated,2,48,10,48,10,0.20833333333333334,0.20833333333333334,0.2576898799836456,0.0059490953049620866,4.12303807973833,0.09518552487939339,1.2369114239214989,0.028555657463817986,112.14663576888258,2.5890462767195084
10000,30.0,mixed,4,disaggregated,2,48,5,48,5,0.08333333333333333,0.10416666666666667,0.12198597949022405,0.033562403280651354,1.9517756718435848,0.5369984524904217,1.172395388996908,0.009404420422368559,106.29718193571966,0.8526674516280676
10000,30.0,mixed,16,aggregated,2,48,0,48,0,0.0,0.0,0.0,0.0,0.0,0.0,3.184861842817317,0.07746990779234589,288.7608070821034,7.023938306506047
10000,30.0,mixed,16,disaggregated,2,48,0,48,0,0.0,0.0,0.0,0.0,0.0,0.0,2.7073001053640393,0.08933462046834471,245.4618762196729,8.099672255796575
10000,35.0,i64-o128,4,aggregated,2,48,48,48,48,1.0,1.0,0.9399557516412358,0.004294618894272414,120.31433621007818,0.549711218466869,0.9399557516412358,0.004294618894272414,120.31433621007818,0.549711218466869
10000,35.0,i64-o128,4,disaggregated,2,48,42,48,42,0.875,0.875,0.7701605081060657,0.009490120902668877,98.58054503757641,1.2147354755416162,0.8801834378355037,0.010845852460193001,112.66348004294447,1.3882691149047042
10000,35.0,i64-o128,16,aggregated,2,48,11,48,11,0.16666666666666666,0.22916666666666666,0.5409226163558518,0.21512149916280668,69.23809489354903,27.535551892839255,2.354488786029968,0.030598367167080226,301.3745646118359,3.916590997386269
10000,35.0,i64-o128,16,disaggregated,2,48,0,48,0,0.0,0.0,0.0,0.0,0.0,0.0,2.1612603814214992,0.01463519365580729,276.6413288219519,1.873304787943333
10000,35.0,i64-o16,4,aggregated,2,48,47,48,47,0.9583333333333334,0.9791666666666666,7.236643937486308,0.3622882416805757,115.78630299978093,5.7966118668892115,7.388393230204782,0.14768233383758497,118.21429168327651,2.3629173414013596
10000,35.0,i64-o16,4,disaggregated,2,48,48,48,48,1.0,1.0,6.086133541468364,0.04283138293511719,97.37813666349382,0.6853021269618751,6.086133541468364,0.04283138293511719,97.37813666349382,0.6853021269618751
10000,35.0,i64-o16,16,aggregated,2,48,17,48,17,0.3333333333333333,0.3541666666666667,6.121754244431158,0.6168919380130071,97.94806791089853,9.870271008208114,17.272268947116896,0.304949178038586,276.35630315387033,4.879186848617376
10000,35.0,i64-o16,16,disaggregated,2,48,8,48,8,0.16666666666666666,0.16666666666666666,2.1569122120561635,0.0021599744660511437,34.510595392898615,0.0345595914568183,12.94147327233698,0.012959846796306863,207.06357235739168,0.2073575487409098
10000,35.0,i704-o128,4,aggregated,2,48,48,48,48,1.0,1.0,0.910382361475916,0.013586611015685842,116.52894226891725,1.7390862100077877,0.910382361475916,0.013586611015685842,116.52894226891725,1.7390862100077877
10000,35.0,i704-o128,4,disaggregated,2,48,38,48,38,0.75,0.7916666666666666,0.6588487067476729,0.05542102961589156,84.33263446370214,7.093891790834119,0.8319291228229364,0.008083119071160461,106.48692772133586,1.034639241108539
10000,35.0,i704-o128,16,aggregated,2,48,9,48,9,0.16666666666666666,0.1875,0.4040971156748562,0.061531198455586196,51.72443080638159,7.875993402315033,2.1560189480347356,0.010619301241773104,275.97042534844616,1.3592705589469574
10000,35.0,i704-o128,16,disaggregated,2,48,0,48,0,0.0,0.0,0.0,0.0,0.0,0.0,1.8369347775335245,0.0005146348548921647,235.12765152429114,0.06587326142619708
10000,35.0,i704-o16,4,aggregated,2,48,48,48,48,1.0,1.0,6.386628387760931,0.0325483227158781,102.1860542041749,0.5207731634540496,6.386628387760931,0.0325483227158781,102.1860542041749,0.5207731634540496
10000,35.0,i704-o16,4,disaggregated,2,48,47,48,47,0.9583333333333334,0.9791666666666666,4.434623192967511,0.19565969319774604,70.95397108748017,3.1305550911639366,4.528020386382782,0.06357611558228561,72.44832618212452,1.0172178493165698
10000,35.0,i704-o16,16,aggregated,2,48,13,48,13,0.25,0.2708333333333333,3.338379868246742,0.3408365801793224,53.41407789194787,5.453385282869158,12.330837265738975,0.0829447267704739,197.2933962518236,1.3271156283275825
10000,35.0,i704-o16,16,disaggregated,2,48,21,48,21,0.4166666666666667,0.4375,2.5398631644724956,0.288638272745844,40.63781063155993,4.618212363933504,5.796330368067693,0.26939943206114925,92.74128588908309,4.310390912978388
10000,35.0,mixed,4,aggregated,2,48,46,48,46,0.9166666666666666,0.9583333333333334,1.1862147770511826,0.10025154303465894,105.65746496948208,11.766119629787141,1.2369114239214989,0.028555657463817986,112.14663576888258,2.5890462767195084
10000,35.0,mixed,4,disaggregated,2,48,42,48,42,0.875,0.875,1.0258459653722944,0.008228867869572292,87.53885571176914,0.7021967248701857,1.172395388996908,0.009404420422368559,106.29718193571966,0.8526674516280676
10000,35.0,mixed,16,aggregated,2,48,1,48,1,0.0,0.020833333333333332,0.06749252791573294,0.09544884833727425,1.079880446651727,1.527181573396388,3.184861842817317,0.07746990779234589,288.7608070821034,7.023938306506047
10000,35.0,mixed,16,disaggregated,2,48,1,48,1,0.0,0.020833333333333332,0.05771810877691526,0.08162573222683914,0.9234897404306441,1.3060117156294262,2.7073001053640393,0.08933462046834471,245.4618762196729,8.099672255796575
10000,40.0,i64-o128,4,aggregated,2,48,48,48,48,1.0,1.0,0.9399557516412358,0.004294618894272414,120.31433621007818,0.549711218466869,0.9399557516412358,0.004294618894272414,120.31433621007818,0.549711218466869
10000,40.0,i64-o128,4,disaggregated,2,48,48,48,48,1.0,1.0,0.8801834378355037,0.010845852460193001,112.66348004294447,1.3882691149047042,0.8801834378355037,0.010845852460193001,112.66348004294447,1.3882691149047042
10000,40.0,i64-o128,16,aggregated,2,48,17,48,17,0.3333333333333333,0.3541666666666667,0.8343322015713863,0.08020671282290226,106.79452180113745,10.26645924133149,2.354488786029968,0.030598367167080226,301.3745646118359,3.916590997386269
10000,40.0,i64-o128,16,disaggregated,2,48,16,48,16,0.3333333333333333,0.3333333333333333,0.7204201271404997,0.004878397885269123,92.21377627398397,0.6244349293144478,2.1612603814214992,0.01463519365580729,276.6413288219519,1.873304787943333
10000,40.0,i64-o16,4,aggregated,2,48,48,48,48,1.0,1.0,7.388393230204782,0.14768233383758497,118.21429168327651,2.3629173414013596,7.388393230204782,0.14768233383758497,118.21429168327651,2.3629173414013596
10000,40.0,i64-o16,4,disaggregated,2,48,48,48,48,1.0,1.0,6.086133541468364,0.04283138293511719,97.37813666349382,0.6853021269618751,6.086133541468364,0.04283138293511719,97.37813666349382,0.6853021269618751
10000,40.0,i64-o16,16,aggregated,2,48,42,48,42,0.875,0.875,15.113235328727285,0.26683053078376406,241.81176525963656,4.269288492540225,17.272268947116896,0.304949178038586,276.35630315387033,4.879186848617376
10000,40.0,i64-o16,16,disaggregated,2,48,24,48,24,0.5,0.5,6.47073663616849,0.0064799233981534315,103.53178617869584,0.1036787743704549,12.94147327233698,0.012959846796306863,207.06357235739168,0.2073575487409098
10000,40.0,i704-o128,4,aggregated,2,48,48,48,48,1.0,1.0,0.910382361475916,0.013586611015685842,116.52894226891725,1.7390862100077877,0.910382361475916,0.013586611015685842,116.52894226891725,1.7390862100077877
10000,40.0,i704-o128,4,disaggregated,2,48,48,48,48,1.0,1.0,0.8319291228229364,0.008083119071160461,106.48692772133586,1.034639241108539,0.8319291228229364,0.008083119071160461,106.48692772133586,1.034639241108539
10000,40.0,i704-o128,16,aggregated,2,48,16,48,16,0.3333333333333333,0.3333333333333333,0.7186729826782451,0.003539767080591035,91.99014178281537,0.45309018631565245,2.1560189480347356,0.010619301241773104,275.97042534844616,1.3592705589469574
10000,40.0,i704-o128,16,disaggregated,2,48,11,48,11,0.20833333333333334,0.22916666666666666,0.42097180113884375,0.05423914706221935,53.884390545772,6.942610823964077,1.8369347775335245,0.0005146348548921647,235.12765152429114,0.06587326142619708
10000,40.0,i704-o16,4,aggregated,2,48,48,48,48,1.0,1.0,6.386628387760931,0.0325483227158781,102.1860542041749,0.5207731634540496,6.386628387760931,0.0325483227158781,102.1860542041749,0.5207731634540496
10000,40.0,i704-o16,4,disaggregated,2,48,48,48,48,1.0,1.0,4.528020386382782,0.06357611558228561,72.44832618212452,1.0172178493165698,4.528020386382782,0.06357611558228561,72.44832618212452,1.0172178493165698
10000,40.0,i704-o16,16,aggregated,2,48,22,48,22,0.4583333333333333,0.4583333333333333,5.65163374679703,0.03801633310313329,90.42613994875248,0.6082613296501327,12.330837265738975,0.0829447267704739,197.2933962518236,1.3271156283275825
10000,40.0,i704-o16,16,disaggregated,2,48,47,48,47,0.9583333333333334,0.9791666666666666,5.671604856956735,0.09301092267411791,90.74567771130776,1.4881747627858866,5.796330368067693,0.26939943206114925,92.74128588908309,4.310390912978388
10000,40.0,mixed,4,aggregated,2,48,48,48,48,1.0,1.0,1.2369114239214989,0.028555657463817986,112.14663576888258,2.5890462767195084,1.2369114239214989,0.028555657463817986,112.14663576888258,2.5890462767195084
10000,40.0,mixed,4,disaggregated,2,48,48,48,48,1.0,1.0,1.172395388996908,0.009404420422368559,106.29718193571966,0.8526674516280676,1.172395388996908,0.009404420422368559,106.29718193571966,0.8526674516280676
10000,40.0,mixed,16,aggregated,2,48,19,48,19,0.2916666666666667,0.3958333333333333,1.266380677067049,0.49983963145913884,117.25302321182978,41.87587832649178,3.184861842817317,0.07746990779234589,288.7608070821034,7.023938306506047
10000,40.0,mixed,16,disaggregated,2,48,6,48,6,0.125,0.125,0.3384125131705049,0.01116682755854309,18.048667369093593,0.595564136455631,2.7073001053640393,0.08933462046834471,245.4618762196729,8.099672255796575
10000,50.0,i64-o128,4,aggregated,2,48,48,48,48,1.0,1.0,0.9399557516412358,0.004294618894272414,120.31433621007818,0.549711218466869,0.9399557516412358,0.004294618894272414,120.31433621007818,0.549711218466869
10000,50.0,i64-o128,4,disaggregated,2,48,48,48,48,1.0,1.0,0.8801834378355037,0.010845852460193001,112.66348004294447,1.3882691149047042,0.8801834378355037,0.010845852460193001,112.66348004294447,1.3882691149047042
10000,50.0,i64-o128,16,aggregated,2,48,48,48,48,1.0,1.0,2.354488786029968,0.030598367167080226,301.3745646118359,3.916590997386269,2.354488786029968,0.030598367167080226,301.3745646118359,3.916590997386269
10000,50.0,i64-o128,16,disaggregated,2,48,48,48,48,1.0,1.0,2.1612603814214992,0.01463519365580729,276.6413288219519,1.873304787943333,2.1612603814214992,0.01463519365580729,276.6413288219519,1.873304787943333
10000,50.0,i64-o16,4,aggregated,2,48,48,48,48,1.0,1.0,7.388393230204782,0.14768233383758497,118.21429168327651,2.3629173414013596,7.388393230204782,0.14768233383758497,118.21429168327651,2.3629173414013596
10000,50.0,i64-o16,4,disaggregated,2,48,48,48,48,1.0,1.0,6.086133541468364,0.04283138293511719,97.37813666349382,0.6853021269618751,6.086133541468364,0.04283138293511719,97.37813666349382,0.6853021269618751
10000,50.0,i64-o16,16,aggregated,2,48,48,48,48,1.0,1.0,17.272268947116896,0.304949178038586,276.35630315387033,4.879186848617376,17.272268947116896,0.304949178038586,276.35630315387033,4.879186848617376
10000,50.0,i64-o16,16,disaggregated,2,48,48,48,48,1.0,1.0,12.94147327233698,0.012959846796306863,207.06357235739168,0.2073575487409098,12.94147327233698,0.012959846796306863,207.06357235739168,0.2073575487409098
10000,50.0,i704-o128,4,aggregated,2,48,48,48,48,1.0,1.0,0.910382361475916,0.013586611015685842,116.52894226891725,1.7390862100077877,0.910382361475916,0.013586611015685842,116.52894226891725,1.7390862100077877
10000,50.0,i704-o128,4,disaggregated,2,48,48,48,48,1.0,1.0,0.8319291228229364,0.008083119071160461,106.48692772133586,1.034639241108539,0.8319291228229364,0.008083119071160461,106.48692772133586,1.034639241108539
10000,50.0,i704-o128,16,aggregated,2,48,48,48,48,1.0,1.0,2.1560189480347356,0.010619301241773104,275.97042534844616,1.3592705589469574,2.1560189480347356,0.010619301241773104,275.97042534844616,1.3592705589469574
10000,50.0,i704-o128,16,disaggregated,2,48,37,48,37,0.75,0.7708333333333334,1.415962976394681,0.05372451220732726,181.24326097851917,6.8767375625378895,1.8369347775335245,0.0005146348548921647,235.12765152429114,0.06587326142619708
10000,50.0,i704-o16,4,aggregated,2,48,48,48,48,1.0,1.0,6.386628387760931,0.0325483227158781,102.1860542041749,0.5207731634540496,6.386628387760931,0.0325483227158781,102.1860542041749,0.5207731634540496
10000,50.0,i704-o16,4,disaggregated,2,48,48,48,48,1.0,1.0,4.528020386382782,0.06357611558228561,72.44832618212452,1.0172178493165698,4.528020386382782,0.06357611558228561,72.44832618212452,1.0172178493165698
10000,50.0,i704-o16,16,aggregated,2,48,35,48,35,0.7083333333333334,0.7291666666666666,8.990013615043772,0.30282024707618815,143.84021784070035,4.8451239532190105,12.330837265738975,0.0829447267704739,197.2933962518236,1.3271156283275825
10000,50.0,i704-o16,16,disaggregated,2,48,48,48,48,1.0,1.0,5.796330368067693,0.26939943206114925,92.74128588908309,4.310390912978388,5.796330368067693,0.26939943206114925,92.74128588908309,4.310390912978388
10000,50.0,mixed,4,aggregated,2,48,48,48,48,1.0,1.0,1.2369114239214989,0.028555657463817986,112.14663576888258,2.5890462767195084,1.2369114239214989,0.028555657463817986,112.14663576888258,2.5890462767195084
10000,50.0,mixed,4,disaggregated,2,48,48,48,48,1.0,1.0,1.172395388996908,0.009404420422368559,106.29718193571966,0.8526674516280676,1.172395388996908,0.009404420422368559,106.29718193571966,0.8526674516280676
10000,50.0,mixed,16,aggregated,2,48,48,48,48,1.0,1.0,3.184861842817317,0.07746990779234589,288.7608070821034,7.023938306506047,3.184861842817317,0.07746990779234589,288.7608070821034,7.023938306506047
10000,50.0,mixed,16,disaggregated,2,48,48,48,48,1.0,1.0,2.7073001053640393,0.08933462046834471,245.4618762196729,8.099672255796575,2.7073001053640393,0.08933462046834471,245.4618762196729,8.099672255796575
10000,75.0,i64-o128,4,aggregated,2,48,48,48,48,1.0,1.0,0.9399557516412358,0.004294618894272414,120.31433621007818,0.549711218466869,0.9399557516412358,0.004294618894272414,120.31433621007818,0.549711218466869
10000,75.0,i64-o128,4,disaggregated,2,48,48,48,48,1.0,1.0,0.8801834378355037,0.010845852460193001,112.66348004294447,1.3882691149047042,0.8801834378355037,0.010845852460193001,112.66348004294447,1.3882691149047042
10000,75.0,i64-o128,16,aggregated,2,48,48,48,48,1.0,1.0,2.354488786029968,0.030598367167080226,301.3745646118359,3.916590997386269,2.354488786029968,0.030598367167080226,301.3745646118359,3.916590997386269
10000,75.0,i64-o128,16,disaggregated,2,48,48,48,48,1.0,1.0,2.1612603814214992,0.01463519365580729,276.6413288219519,1.873304787943333,2.1612603814214992,0.01463519365580729,276.6413288219519,1.873304787943333
10000,75.0,i64-o16,4,aggregated,2,48,48,48,48,1.0,1.0,7.388393230204782,0.14768233383758497,118.21429168327651,2.3629173414013596,7.388393230204782,0.14768233383758497,118.21429168327651,2.3629173414013596
10000,75.0,i64-o16,4,disaggregated,2,48,48,48,48,1.0,1.0,6.086133541468364,0.04283138293511719,97.37813666349382,0.6853021269618751,6.086133541468364,0.04283138293511719,97.37813666349382,0.6853021269618751
10000,75.0,i64-o16,16,aggregated,2,48,48,48,48,1.0,1.0,17.272268947116896,0.304949178038586,276.35630315387033,4.879186848617376,17.272268947116896,0.304949178038586,276.35630315387033,4.879186848617376
10000,75.0,i64-o16,16,disaggregated,2,48,48,48,48,1.0,1.0,12.94147327233698,0.012959846796306863,207.06357235739168,0.2073575487409098,12.94147327233698,0.012959846796306863,207.06357235739168,0.2073575487409098
10000,75.0,i704-o128,4,aggregated,2,48,48,48,48,1.0,1.0,0.910382361475916,0.013586611015685842,116.52894226891725,1.7390862100077877,0.910382361475916,0.013586611015685842,116.52894226891725,1.7390862100077877
10000,75.0,i704-o128,4,disaggregated,2,48,48,48,48,1.0,1.0,0.8319291228229364,0.008083119071160461,106.48692772133586,1.034639241108539,0.8319291228229364,0.008083119071160461,106.48692772133586,1.034639241108539
10000,75.0,i704-o128,16,aggregated,2,48,48,48,48,1.0,1.0,2.1560189480347356,0.010619301241773104,275.97042534844616,1.3592705589469574,2.1560189480347356,0.010619301241773104,275.97042534844616,1.3592705589469574
10000,75.0,i704-o128,16,disaggregated,2,48,48,48,48,1.0,1.0,1.8369347775335245,0.0005146348548921647,235.12765152429114,0.06587326142619708,1.8369347775335245,0.0005146348548921647,235.12765152429114,0.06587326142619708
10000,75.0,i704-o16,4,aggregated,2,48,48,48,48,1.0,1.0,6.386628387760931,0.0325483227158781,102.1860542041749,0.5207731634540496,6.386628387760931,0.0325483227158781,102.1860542041749,0.5207731634540496
10000,75.0,i704-o16,4,disaggregated,2,48,48,48,48,1.0,1.0,4.528020386382782,0.06357611558228561,72.44832618212452,1.0172178493165698,4.528020386382782,0.06357611558228561,72.44832618212452,1.0172178493165698
10000,75.0,i704-o16,16,aggregated,2,48,48,48,48,1.0,1.0,12.330837265738975,0.0829447267704739,197.2933962518236,1.3271156283275825,12.330837265738975,0.0829447267704739,197.2933962518236,1.3271156283275825
10000,75.0,i704-o16,16,disaggregated,2,48,48,48,48,1.0,1.0,5.796330368067693,0.26939943206114925,92.74128588908309,4.310390912978388,5.796330368067693,0.26939943206114925,92.74128588908309,4.310390912978388
10000,75.0,mixed,4,aggregated,2,48,48,48,48,1.0,1.0,1.2369114239214989,0.028555657463817986,112.14663576888258,2.5890462767195084,1.2369114239214989,0.028555657463817986,112.14663576888258,2.5890462767195084
10000,75.0,mixed,4,disaggregated,2,48,48,48,48,1.0,1.0,1.172395388996908,0.009404420422368559,106.29718193571966,0.8526674516280676,1.172395388996908,0.009404420422368559,106.29718193571966,0.8526674516280676
10000,75.0,mixed,16,aggregated,2,48,48,48,48,1.0,1.0,3.184861842817317,0.07746990779234589,288.7608070821034,7.023938306506047,3.184861842817317,0.07746990779234589,288.7608070821034,7.023938306506047
10000,75.0,mixed,16,disaggregated,2,48,48,48,48,1.0,1.0,2.7073001053640393,0.08933462046834471,245.4618762196729,8.099672255796575,2.7073001053640393,0.08933462046834471,245.4618762196729,8.099672255796575
20000,25.0,i64-o128,4,aggregated,2,48,0,48,0,0.0,0.0,0.0,0.0,0.0,0.0,0.9399557516412358,0.004294618894272414,120.31433621007818,0.549711218466869
20000,25.0,i64-o128,4,disaggregated,2,48,0,48,0,0.0,0.0,0.0,0.0,0.0,0.0,0.8801834378355037,0.010845852460193001,112.66348004294447,1.3882691149047042
20000,25.0,i64-o128,16,aggregated,2,48,0,48,0,0.0,0.0,0.0,0.0,0.0,0.0,2.354488786029968,0.030598367167080226,301.3745646118359,3.916590997386269
20000,25.0,i64-o128,16,disaggregated,2,48,0,48,0,0.0,0.0,0.0,0.0,0.0,0.0,2.1612603814214992,0.01463519365580729,276.6413288219519,1.873304787943333
20000,25.0,i64-o16,4,aggregated,2,48,2,48,2,0.041666666666666664,0.041666666666666664,0.3078497179251993,0.006153430576566014,4.925595486803188,0.09845488922505623,7.388393230204782,0.14768233383758497,118.21429168327651,2.3629173414013596
20000,25.0,i64-o16,4,disaggregated,2,48,3,48,3,0.041666666666666664,0.0625,0.3810143122026273,0.1819913905325773,6.096228995242037,2.9118622485212367,6.086133541468364,0.04283138293511719,97.37813666349382,0.6853021269618751
20000,25.0,i64-o16,16,aggregated,2,48,2,48,2,0.041666666666666664,0.041666666666666664,0.7196778727965374,0.012706215751607804,11.514845964744598,0.20329945202572486,17.272268947116896,0.304949178038586,276.35630315387033,4.879186848617376
20000,25.0,i64-o16,16,disaggregated,2,48,2,48,2,0.041666666666666664,0.041666666666666664,0.5392280530140409,0.0005399936165127859,8.627648848224654,0.008639897864204575,12.94147327233698,0.012959846796306863,207.06357235739168,0.2073575487409098
20000,25.0,i704-o128,4,aggregated,2,48,0,48,0,0.0,0.0,0.0,0.0,0.0,0.0,0.910382361475916,0.013586611015685842,116.52894226891725,1.7390862100077877
20000,25.0,i704-o128,4,disaggregated,2,48,0,48,0,0.0,0.0,0.0,0.0,0.0,0.0,0.8319291228229364,0.008083119071160461,106.48692772133586,1.034639241108539
20000,25.0,i704-o128,16,aggregated,2,48,0,48,0,0.0,0.0,0.0,0.0,0.0,0.0,2.1560189480347356,0.010619301241773104,275.97042534844616,1.3592705589469574
20000,25.0,i704-o128,16,disaggregated,2,48,0,48,0,0.0,0.0,0.0,0.0,0.0,0.0,1.8369347775335245,0.0005146348548921647,235.12765152429114,0.06587326142619708
20000,25.0,i704-o16,4,aggregated,2,48,5,48,5,0.08333333333333333,0.10416666666666667,0.6647943083145003,0.18477739312977357,10.636708933032004,2.956438290076377,6.386628387760931,0.0325483227158781,102.1860542041749,0.5207731634540496
20000,25.0,i704-o16,4,disaggregated,2,48,10,48,10,0.20833333333333334,0.20833333333333334,0.943337580496413,0.013245024079642861,15.093401287942608,0.21192038527428578,4.528020386382782,0.06357611558228561,72.44832618212452,1.0172178493165698
20000,25.0,i704-o16,16,aggregated,2,48,1,48,1,0.0,0.020833333333333332,0.2581143342604592,0.3650287921540438,4.129829348167347,5.840460674464701,12.330837265738975,0.0829447267704739,197.2933962518236,1.3271156283275825
20000,25.0,i704-o16,16,disaggregated,2,48,2,48,2,0.041666666666666664,0.041666666666666664,0.24151376533615387,0.01122497633588122,3.864220245378462,0.17959962137409952,5.796330368067693,0.26939943206114925,92.74128588908309,4.310390912978388
20000,25.0,mixed,4,aggregated,2,48,0,48,0,0.0,0.0,0.0,0.0,0.0,0.0,1.2369114239214989,0.028555657463817986,112.14663576888258,2.5890462767195084
20000,25.0,mixed,4,disaggregated,2,48,0,48,0,0.0,0.0,0.0,0.0,0.0,0.0,1.172395388996908,0.009404420422368559,106.29718193571966,0.8526674516280676
20000,25.0,mixed,16,aggregated,2,48,0,48,0,0.0,0.0,0.0,0.0,0.0,0.0,3.184861842817317,0.07746990779234589,288.7608070821034,7.023938306506047
20000,25.0,mixed,16,disaggregated,2,48,0,48,0,0.0,0.0,0.0,0.0,0.0,0.0,2.7073001053640393,0.08933462046834471,245.4618762196729,8.099672255796575
20000,30.0,i64-o128,4,aggregated,2,48,1,48,1,0.0,0.020833333333333332,0.01964567720383308,0.027783183143664684,2.514646682090634,3.5562474423890795,0.9399557516412358,0.004294618894272414,120.31433621007818,0.549711218466869
20000,30.0,i64-o128,4,disaggregated,2,48,0,48,0,0.0,0.0,0.0,0.0,0.0,0.0,0.8801834378355037,0.010845852460193001,112.66348004294447,1.3882691149047042
20000,30.0,i64-o128,16,aggregated,2,48,0,48,0,0.0,0.0,0.0,0.0,0.0,0.0,2.354488786029968,0.030598367167080226,301.3745646118359,3.916590997386269
20000,30.0,i64-o128,16,disaggregated,2,48,0,48,0,0.0,0.0,0.0,0.0,0.0,0.0,2.1612603814214992,0.01463519365580729,276.6413288219519,1.873304787943333
20000,30.0,i64-o16,4,aggregated,2,48,31,48,31,0.5833333333333334,0.6458333333333334,4.778197326572965,0.7484260433305961,76.45115722516744,11.974816693289538,7.388393230204782,0.14768233383758497,118.21429168327651,2.3629173414013596
20000,30.0,i64-o16,4,disaggregated,2,48,26,48,26,0.4583333333333333,0.5416666666666666,3.2991795317387824,0.7404580488197184,52.78687250782052,11.847328781115495,6.086133541468364,0.04283138293511719,97.37813666349382,0.6853021269618751
20000,30.0,i64-o16,16,aggregated,2,48,5,48,5,0.08333333333333333,0.10416666666666667,1.8036870076519338,0.5406546435033605,28.85899212243094,8.650474296053767,17.272268947116896,0.304949178038586,276.35630315387033,4.879186848617376
20000,30.0,i64-o16,16,disaggregated,2,48,3,48,3,0.041666666666666664,0.0625,0.8086511629470445,0.38048182246747825,12.938418607152713,6.087709159479652,12.94147327233698,0.012959846796306863,207.06357235739168,0.2073575487409098
20000,30.0,i704-o128,4,aggregated,2,48,0,48,0,0.0,0.0,0.0,0.0,0.0,0.0,0.910382361475916,0.013586611015685842,116.52894226891725,1.7390862100077877
20000,30.0,i704-o128,4,disaggregated,2,48,0,48,0,0.0,0.0,0.0,0.0,0.0,0.0,0.8319291228229364,0.008083119071160461,106.48692772133586,1.034639241108539
20000,30.0,i704-o128,16,aggregated,2,48,0,48,0,0.0,0.0,0.0,0.0,0.0,0.0,2.1560189480347356,0.010619301241773104,275.97042534844616,1.3592705589469574
20000,30.0,i704-o128,16,disaggregated,2,48,0,48,0,0.0,0.0,0.0,0.0,0.0,0.0,1.8369347775335245,0.0005146348548921647,235.12765152429114,0.06587326142619708
20000,30.0,i704-o16,4,aggregated,2,48,24,48,24,0.4583333333333333,0.5,3.194273158034992,0.3926098481832946,51.108370528559874,6.281757570932713,6.386628387760931,0.0325483227158781,102.1860542041749,0.5207731634540496
20000,30.0,i704-o16,4,disaggregated,2,48,18,48,18,0.375,0.375,1.6980076448935433,0.023841043343357102,27.168122318296692,0.38145669349371364,4.528020386382782,0.06357611558228561,72.44832618212452,1.0172178493165698
20000,30.0,i704-o16,16,aggregated,2,48,5,48,5,0.08333333333333333,0.10416666666666667,1.2856841064053737,0.37194085271824995,20.57094570248598,5.951053643491999,12.330837265738975,0.0829447267704739,197.2933962518236,1.3271156283275825
20000,30.0,i704-o16,16,disaggregated,2,48,10,48,10,0.16666666666666666,0.20833333333333334,1.2155060835665294,0.3976769241175879,19.44809733706447,6.362830785881407,5.796330368067693,0.26939943206114925,92.74128588908309,4.310390912978388
20000,30.0,mixed,4,aggregated,2,48,10,48,10,0.20833333333333334,0.20833333333333334,0.2576898799836456,0.0059490953049620866,4.12303807973833,0.09518552487939339,1.2369114239214989,0.028555657463817986,112.14663576888258,2.5890462767195084
20000,30.0,mixed,4,disaggregated,2,48,5,48,5,0.08333333333333333,0.10416666666666667,0.12198597949022405,0.033562403280651354,1.9517756718435848,0.5369984524904217,1.172395388996908,0.009404420422368559,106.29718193571966,0.8526674516280676
20000,30.0,mixed,16,aggregated,2,48,0,48,0,0.0,0.0,0.0,0.0,0.0,0.0,3.184861842817317,0.07746990779234589,288.7608070821034,7.023938306506047
20000,30.0,mixed,16,disaggregated,2,48,0,48,0,0.0,0.0,0.0,0.0,0.0,0.0,2.7073001053640393,0.08933462046834471,245.4618762196729,8.099672255796575
20000,35.0,i64-o128,4,aggregated,2,48,48,48,48,1.0,1.0,0.9399557516412358,0.004294618894272414,120.31433621007818,0.549711218466869,0.9399557516412358,0.004294618894272414,120.31433621007818,0.549711218466869
20000,35.0,i64-o128,4,disaggregated,2,48,42,48,42,0.875,0.875,0.7701605081060657,0.009490120902668877,98.58054503757641,1.2147354755416162,0.8801834378355037,0.010845852460193001,112.66348004294447,1.3882691149047042
20000,35.0,i64-o128,16,aggregated,2,48,11,48,11,0.16666666666666666,0.22916666666666666,0.5409226163558518,0.21512149916280668,69.23809489354903,27.535551892839255,2.354488786029968,0.030598367167080226,301.3745646118359,3.916590997386269
20000,35.0,i64-o128,16,disaggregated,2,48,0,48,0,0.0,0.0,0.0,0.0,0.0,0.0,2.1612603814214992,0.01463519365580729,276.6413288219519,1.873304787943333
20000,35.0,i64-o16,4,aggregated,2,48,47,48,47,0.9583333333333334,0.9791666666666666,7.236643937486308,0.3622882416805757,115.78630299978093,5.7966118668892115,7.388393230204782,0.14768233383758497,118.21429168327651,2.3629173414013596
20000,35.0,i64-o16,4,disaggregated,2,48,48,48,48,1.0,1.0,6.086133541468364,0.04283138293511719,97.37813666349382,0.6853021269618751,6.086133541468364,0.04283138293511719,97.37813666349382,0.6853021269618751
20000,35.0,i64-o16,16,aggregated,2,48,17,48,17,0.3333333333333333,0.3541666666666667,6.121754244431158,0.6168919380130071,97.94806791089853,9.870271008208114,17.272268947116896,0.304949178038586,276.35630315387033,4.879186848617376
20000,35.0,i64-o16,16,disaggregated,2,48,8,48,8,0.16666666666666666,0.16666666666666666,2.1569122120561635,0.0021599744660511437,34.510595392898615,0.0345595914568183,12.94147327233698,0.012959846796306863,207.06357235739168,0.2073575487409098
20000,35.0,i704-o128,4,aggregated,2,48,48,48,48,1.0,1.0,0.910382361475916,0.013586611015685842,116.52894226891725,1.7390862100077877,0.910382361475916,0.013586611015685842,116.52894226891725,1.7390862100077877
20000,35.0,i704-o128,4,disaggregated,2,48,38,48,38,0.75,0.7916666666666666,0.6588487067476729,0.05542102961589156,84.33263446370214,7.093891790834119,0.8319291228229364,0.008083119071160461,106.48692772133586,1.034639241108539
20000,35.0,i704-o128,16,aggregated,2,48,9,48,9,0.16666666666666666,0.1875,0.4040971156748562,0.061531198455586196,51.72443080638159,7.875993402315033,2.1560189480347356,0.010619301241773104,275.97042534844616,1.3592705589469574
20000,35.0,i704-o128,16,disaggregated,2,48,0,48,0,0.0,0.0,0.0,0.0,0.0,0.0,1.8369347775335245,0.0005146348548921647,235.12765152429114,0.06587326142619708
20000,35.0,i704-o16,4,aggregated,2,48,48,48,48,1.0,1.0,6.386628387760931,0.0325483227158781,102.1860542041749,0.5207731634540496,6.386628387760931,0.0325483227158781,102.1860542041749,0.5207731634540496
20000,35.0,i704-o16,4,disaggregated,2,48,47,48,47,0.9583333333333334,0.9791666666666666,4.434623192967511,0.19565969319774604,70.95397108748017,3.1305550911639366,4.528020386382782,0.06357611558228561,72.44832618212452,1.0172178493165698
20000,35.0,i704-o16,16,aggregated,2,48,13,48,13,0.25,0.2708333333333333,3.338379868246742,0.3408365801793224,53.41407789194787,5.453385282869158,12.330837265738975,0.0829447267704739,197.2933962518236,1.3271156283275825
20000,35.0,i704-o16,16,disaggregated,2,48,21,48,21,0.4166666666666667,0.4375,2.5398631644724956,0.288638272745844,40.63781063155993,4.618212363933504,5.796330368067693,0.26939943206114925,92.74128588908309,4.310390912978388
20000,35.0,mixed,4,aggregated,2,48,46,48,46,0.9166666666666666,0.9583333333333334,1.1862147770511826,0.10025154303465894,105.65746496948208,11.766119629787141,1.2369114239214989,0.028555657463817986,112.14663576888258,2.5890462767195084
20000,35.0,mixed,4,disaggregated,2,48,42,48,42,0.875,0.875,1.0258459653722944,0.008228867869572292,87.53885571176914,0.7021967248701857,1.172395388996908,0.009404420422368559,106.29718193571966,0.8526674516280676
20000,35.0,mixed,16,aggregated,2,48,1,48,1,0.0,0.020833333333333332,0.06749252791573294,0.09544884833727425,1.079880446651727,1.527181573396388,3.184861842817317,0.07746990779234589,288.7608070821034,7.023938306506047
20000,35.0,mixed,16,disaggregated,2,48,1,48,1,0.0,0.020833333333333332,0.05771810877691526,0.08162573222683914,0.9234897404306441,1.3060117156294262,2.7073001053640393,0.08933462046834471,245.4618762196729,8.099672255796575
20000,40.0,i64-o128,4,aggregated,2,48,48,48,48,1.0,1.0,0.9399557516412358,0.004294618894272414,120.31433621007818,0.549711218466869,0.9399557516412358,0.004294618894272414,120.31433621007818,0.549711218466869
20000,40.0,i64-o128,4,disaggregated,2,48,48,48,48,1.0,1.0,0.8801834378355037,0.010845852460193001,112.66348004294447,1.3882691149047042,0.8801834378355037,0.010845852460193001,112.66348004294447,1.3882691149047042
20000,40.0,i64-o128,16,aggregated,2,48,17,48,17,0.3333333333333333,0.3541666666666667,0.8343322015713863,0.08020671282290226,106.79452180113745,10.26645924133149,2.354488786029968,0.030598367167080226,301.3745646118359,3.916590997386269
20000,40.0,i64-o128,16,disaggregated,2,48,16,48,16,0.3333333333333333,0.3333333333333333,0.7204201271404997,0.004878397885269123,92.21377627398397,0.6244349293144478,2.1612603814214992,0.01463519365580729,276.6413288219519,1.873304787943333
20000,40.0,i64-o16,4,aggregated,2,48,48,48,48,1.0,1.0,7.388393230204782,0.14768233383758497,118.21429168327651,2.3629173414013596,7.388393230204782,0.14768233383758497,118.21429168327651,2.3629173414013596
20000,40.0,i64-o16,4,disaggregated,2,48,48,48,48,1.0,1.0,6.086133541468364,0.04283138293511719,97.37813666349382,0.6853021269618751,6.086133541468364,0.04283138293511719,97.37813666349382,0.6853021269618751
20000,40.0,i64-o16,16,aggregated,2,48,42,48,42,0.875,0.875,15.113235328727285,0.26683053078376406,241.81176525963656,4.269288492540225,17.272268947116896,0.304949178038586,276.35630315387033,4.879186848617376
20000,40.0,i64-o16,16,disaggregated,2,48,24,48,24,0.5,0.5,6.47073663616849,0.0064799233981534315,103.53178617869584,0.1036787743704549,12.94147327233698,0.012959846796306863,207.06357235739168,0.2073575487409098
20000,40.0,i704-o128,4,aggregated,2,48,48,48,48,1.0,1.0,0.910382361475916,0.013586611015685842,116.52894226891725,1.7390862100077877,0.910382361475916,0.013586611015685842,116.52894226891725,1.7390862100077877
20000,40.0,i704-o128,4,disaggregated,2,48,48,48,48,1.0,1.0,0.8319291228229364,0.008083119071160461,106.48692772133586,1.034639241108539,0.8319291228229364,0.008083119071160461,106.48692772133586,1.034639241108539
20000,40.0,i704-o128,16,aggregated,2,48,16,48,16,0.3333333333333333,0.3333333333333333,0.7186729826782451,0.003539767080591035,91.99014178281537,0.45309018631565245,2.1560189480347356,0.010619301241773104,275.97042534844616,1.3592705589469574
20000,40.0,i704-o128,16,disaggregated,2,48,11,48,11,0.20833333333333334,0.22916666666666666,0.42097180113884375,0.05423914706221935,53.884390545772,6.942610823964077,1.8369347775335245,0.0005146348548921647,235.12765152429114,0.06587326142619708
20000,40.0,i704-o16,4,aggregated,2,48,48,48,48,1.0,1.0,6.386628387760931,0.0325483227158781,102.1860542041749,0.5207731634540496,6.386628387760931,0.0325483227158781,102.1860542041749,0.5207731634540496
20000,40.0,i704-o16,4,disaggregated,2,48,48,48,48,1.0,1.0,4.528020386382782,0.06357611558228561,72.44832618212452,1.0172178493165698,4.528020386382782,0.06357611558228561,72.44832618212452,1.0172178493165698
20000,40.0,i704-o16,16,aggregated,2,48,22,48,22,0.4583333333333333,0.4583333333333333,5.65163374679703,0.03801633310313329,90.42613994875248,0.6082613296501327,12.330837265738975,0.0829447267704739,197.2933962518236,1.3271156283275825
20000,40.0,i704-o16,16,disaggregated,2,48,47,48,47,0.9583333333333334,0.9791666666666666,5.671604856956735,0.09301092267411791,90.74567771130776,1.4881747627858866,5.796330368067693,0.26939943206114925,92.74128588908309,4.310390912978388
20000,40.0,mixed,4,aggregated,2,48,48,48,48,1.0,1.0,1.2369114239214989,0.028555657463817986,112.14663576888258,2.5890462767195084,1.2369114239214989,0.028555657463817986,112.14663576888258,2.5890462767195084
20000,40.0,mixed,4,disaggregated,2,48,48,48,48,1.0,1.0,1.172395388996908,0.009404420422368559,106.29718193571966,0.8526674516280676,1.172395388996908,0.009404420422368559,106.29718193571966,0.8526674516280676
20000,40.0,mixed,16,aggregated,2,48,19,48,19,0.2916666666666667,0.3958333333333333,1.266380677067049,0.49983963145913884,117.25302321182978,41.87587832649178,3.184861842817317,0.07746990779234589,288.7608070821034,7.023938306506047
20000,40.0,mixed,16,disaggregated,2,48,6,48,6,0.125,0.125,0.3384125131705049,0.01116682755854309,18.048667369093593,0.595564136455631,2.7073001053640393,0.08933462046834471,245.4618762196729,8.099672255796575
20000,50.0,i64-o128,4,aggregated,2,48,48,48,48,1.0,1.0,0.9399557516412358,0.004294618894272414,120.31433621007818,0.549711218466869,0.9399557516412358,0.004294618894272414,120.31433621007818,0.549711218466869
20000,50.0,i64-o128,4,disaggregated,2,48,48,48,48,1.0,1.0,0.8801834378355037,0.010845852460193001,112.66348004294447,1.3882691149047042,0.8801834378355037,0.010845852460193001,112.66348004294447,1.3882691149047042
20000,50.0,i64-o128,16,aggregated,2,48,48,48,48,1.0,1.0,2.354488786029968,0.030598367167080226,301.3745646118359,3.916590997386269,2.354488786029968,0.030598367167080226,301.3745646118359,3.916590997386269
20000,50.0,i64-o128,16,disaggregated,2,48,48,48,48,1.0,1.0,2.1612603814214992,0.01463519365580729,276.6413288219519,1.873304787943333,2.1612603814214992,0.01463519365580729,276.6413288219519,1.873304787943333
20000,50.0,i64-o16,4,aggregated,2,48,48,48,48,1.0,1.0,7.388393230204782,0.14768233383758497,118.21429168327651,2.3629173414013596,7.388393230204782,0.14768233383758497,118.21429168327651,2.3629173414013596
20000,50.0,i64-o16,4,disaggregated,2,48,48,48,48,1.0,1.0,6.086133541468364,0.04283138293511719,97.37813666349382,0.6853021269618751,6.086133541468364,0.04283138293511719,97.37813666349382,0.6853021269618751
20000,50.0,i64-o16,16,aggregated,2,48,48,48,48,1.0,1.0,17.272268947116896,0.304949178038586,276.35630315387033,4.879186848617376,17.272268947116896,0.304949178038586,276.35630315387033,4.879186848617376
20000,50.0,i64-o16,16,disaggregated,2,48,48,48,48,1.0,1.0,12.94147327233698,0.012959846796306863,207.06357235739168,0.2073575487409098,12.94147327233698,0.012959846796306863,207.06357235739168,0.2073575487409098
20000,50.0,i704-o128,4,aggregated,2,48,48,48,48,1.0,1.0,0.910382361475916,0.013586611015685842,116.52894226891725,1.7390862100077877,0.910382361475916,0.013586611015685842,116.52894226891725,1.7390862100077877
20000,50.0,i704-o128,4,disaggregated,2,48,48,48,48,1.0,1.0,0.8319291228229364,0.008083119071160461,106.48692772133586,1.034639241108539,0.8319291228229364,0.008083119071160461,106.48692772133586,1.034639241108539
20000,50.0,i704-o128,16,aggregated,2,48,48,48,48,1.0,1.0,2.1560189480347356,0.010619301241773104,275.97042534844616,1.3592705589469574,2.1560189480347356,0.010619301241773104,275.97042534844616,1.3592705589469574
20000,50.0,i704-o128,16,disaggregated,2,48,37,48,37,0.75,0.7708333333333334,1.415962976394681,0.05372451220732726,181.24326097851917,6.8767375625378895,1.8369347775335245,0.0005146348548921647,235.12765152429114,0.06587326142619708
20000,50.0,i704-o16,4,aggregated,2,48,48,48,48,1.0,1.0,6.386628387760931,0.0325483227158781,102.1860542041749,0.5207731634540496,6.386628387760931,0.0325483227158781,102.1860542041749,0.5207731634540496
20000,50.0,i704-o16,4,disaggregated,2,48,48,48,48,1.0,1.0,4.528020386382782,0.06357611558228561,72.44832618212452,1.0172178493165698,4.528020386382782,0.06357611558228561,72.44832618212452,1.0172178493165698
20000,50.0,i704-o16,16,aggregated,2,48,35,48,35,0.7083333333333334,0.7291666666666666,8.990013615043772,0.30282024707618815,143.84021784070035,4.8451239532190105,12.330837265738975,0.0829447267704739,197.2933962518236,1.3271156283275825
20000,50.0,i704-o16,16,disaggregated,2,48,48,48,48,1.0,1.0,5.796330368067693,0.26939943206114925,92.74128588908309,4.310390912978388,5.796330368067693,0.26939943206114925,92.74128588908309,4.310390912978388
20000,50.0,mixed,4,aggregated,2,48,48,48,48,1.0,1.0,1.2369114239214989,0.028555657463817986,112.14663576888258,2.5890462767195084,1.2369114239214989,0.028555657463817986,112.14663576888258,2.5890462767195084
20000,50.0,mixed,4,disaggregated,2,48,48,48,48,1.0,1.0,1.172395388996908,0.009404420422368559,106.29718193571966,0.8526674516280676,1.172395388996908,0.009404420422368559,106.29718193571966,0.8526674516280676
20000,50.0,mixed,16,aggregated,2,48,48,48,48,1.0,1.0,3.184861842817317,0.07746990779234589,288.7608070821034,7.023938306506047,3.184861842817317,0.07746990779234589,288.7608070821034,7.023938306506047
20000,50.0,mixed,16,disaggregated,2,48,48,48,48,1.0,1.0,2.7073001053640393,0.08933462046834471,245.4618762196729,8.099672255796575,2.7073001053640393,0.08933462046834471,245.4618762196729,8.099672255796575
20000,75.0,i64-o128,4,aggregated,2,48,48,48,48,1.0,1.0,0.9399557516412358,0.004294618894272414,120.31433621007818,0.549711218466869,0.9399557516412358,0.004294618894272414,120.31433621007818,0.549711218466869
20000,75.0,i64-o128,4,disaggregated,2,48,48,48,48,1.0,1.0,0.8801834378355037,0.010845852460193001,112.66348004294447,1.3882691149047042,0.8801834378355037,0.010845852460193001,112.66348004294447,1.3882691149047042
20000,75.0,i64-o128,16,aggregated,2,48,48,48,48,1.0,1.0,2.354488786029968,0.030598367167080226,301.3745646118359,3.916590997386269,2.354488786029968,0.030598367167080226,301.3745646118359,3.916590997386269
20000,75.0,i64-o128,16,disaggregated,2,48,48,48,48,1.0,1.0,2.1612603814214992,0.01463519365580729,276.6413288219519,1.873304787943333,2.1612603814214992,0.01463519365580729,276.6413288219519,1.873304787943333
20000,75.0,i64-o16,4,aggregated,2,48,48,48,48,1.0,1.0,7.388393230204782,0.14768233383758497,118.21429168327651,2.3629173414013596,7.388393230204782,0.14768233383758497,118.21429168327651,2.3629173414013596
20000,75.0,i64-o16,4,disaggregated,2,48,48,48,48,1.0,1.0,6.086133541468364,0.04283138293511719,97.37813666349382,0.6853021269618751,6.086133541468364,0.04283138293511719,97.37813666349382,0.6853021269618751
20000,75.0,i64-o16,16,aggregated,2,48,48,48,48,1.0,1.0,17.272268947116896,0.304949178038586,276.35630315387033,4.879186848617376,17.272268947116896,0.304949178038586,276.35630315387033,4.879186848617376
20000,75.0,i64-o16,16,disaggregated,2,48,48,48,48,1.0,1.0,12.94147327233698,0.012959846796306863,207.06357235739168,0.2073575487409098,12.94147327233698,0.012959846796306863,207.06357235739168,0.2073575487409098
20000,75.0,i704-o128,4,aggregated,2,48,48,48,48,1.0,1.0,0.910382361475916,0.013586611015685842,116.52894226891725,1.7390862100077877,0.910382361475916,0.013586611015685842,116.52894226891725,1.7390862100077877
20000,75.0,i704-o128,4,disaggregated,2,48,48,48,48,1.0,1.0,0.8319291228229364,0.008083119071160461,106.48692772133586,1.034639241108539,0.8319291228229364,0.008083119071160461,106.48692772133586,1.034639241108539
20000,75.0,i704-o128,16,aggregated,2,48,48,48,48,1.0,1.0,2.1560189480347356,0.010619301241773104,275.97042534844616,1.3592705589469574,2.1560189480347356,0.010619301241773104,275.97042534844616,1.3592705589469574
20000,75.0,i704-o128,16,disaggregated,2,48,48,48,48,1.0,1.0,1.8369347775335245,0.0005146348548921647,235.12765152429114,0.06587326142619708,1.8369347775335245,0.0005146348548921647,235.12765152429114,0.06587326142619708
20000,75.0,i704-o16,4,aggregated,2,48,48,48,48,1.0,1.0,6.386628387760931,0.0325483227158781,102.1860542041749,0.5207731634540496,6.386628387760931,0.0325483227158781,102.1860542041749,0.5207731634540496
20000,75.0,i704-o16,4,disaggregated,2,48,48,48,48,1.0,1.0,4.528020386382782,0.06357611558228561,72.44832618212452,1.0172178493165698,4.528020386382782,0.06357611558228561,72.44832618212452,1.0172178493165698
20000,75.0,i704-o16,16,aggregated,2,48,48,48,48,1.0,1.0,12.330837265738975,0.0829447267704739,197.2933962518236,1.3271156283275825,12.330837265738975,0.0829447267704739,197.2933962518236,1.3271156283275825
20000,75.0,i704-o16,16,disaggregated,2,48,48,48,48,1.0,1.0,5.796330368067693,0.26939943206114925,92.74128588908309,4.310390912978388,5.796330368067693,0.26939943206114925,92.74128588908309,4.310390912978388
20000,75.0,mixed,4,aggregated,2,48,48,48,48,1.0,1.0,1.2369114239214989,0.028555657463817986,112.14663576888258,2.5890462767195084,1.2369114239214989,0.028555657463817986,112.14663576888258,2.5890462767195084
20000,75.0,mixed,4,disaggregated,2,48,48,48,48,1.0,1.0,1.172395388996908,0.009404420422368559,106.29718193571966,0.8526674516280676,1.172395388996908,0.009404420422368559,106.29718193571966,0.8526674516280676
20000,75.0,mixed,16,aggregated,2,48,48,48,48,1.0,1.0,3.184861842817317,0.07746990779234589,288.7608070821034,7.023938306506047,3.184861842817317,0.07746990779234589,288.7608070821034,7.023938306506047
20000,75.0,mixed,16,disaggregated,2,48,48,48,48,1.0,1.0,2.7073001053640393,0.08933462046834471,245.4618762196729,8.099672255796575,2.7073001053640393,0.08933462046834471,245.4618762196729,8.099672255796575
