ttft_slo_ms,tpot_slo_ms,workload,concurrency,mode,repetitions,requests,good_requests,ttft_pass,tpot_pass,min_repetition_attainment,attainment,request_goodput,request_goodput_std,token_goodput,token_goodput_std,request_throughput,request_throughput_std,token_throughput,token_throughput_std
100,25,i256-o16,1,aggregated,3,96,0,54,32,0.0,0.0,0.0,0.0,0.0,0.0,2.095743024165223,0.00926042345225116,33.531888386643566,0.14816677523601857
100,25,i256-o16,1,disaggregated,3,96,0,0,32,0.0,0.0,0.0,0.0,0.0,0.0,1.8779790777557706,0.03930303639384769,30.04766524409233,0.628848582301563
100,25,i256-o16,2,aggregated,3,96,0,54,27,0.0,0.0,0.0,0.0,0.0,0.0,4.121102994620531,0.02270022132089188,65.9376479139285,0.36320354113427006
100,25,i256-o16,2,disaggregated,3,96,0,0,28,0.0,0.0,0.0,0.0,0.0,0.0,3.7332473317280837,0.05683451735659063,59.73195730764934,0.9093522777054501
100,25,i256-o16,4,aggregated,3,96,0,51,8,0.0,0.0,0.0,0.0,0.0,0.0,7.549238361982489,0.19520763464891508,120.78781379171983,3.1233221543826413
100,25,i256-o16,4,disaggregated,3,96,0,0,9,0.0,0.0,0.0,0.0,0.0,0.0,5.810593578392465,0.13308093979812466,92.96949725427945,2.1292950367699945
100,25,i256-o16,8,aggregated,3,96,0,4,13,0.0,0.0,0.0,0.0,0.0,0.0,7.6864815158297635,0.0974544058928763,122.98370425327622,1.5592704942860207
100,25,i256-o16,8,disaggregated,3,96,0,0,12,0.0,0.0,0.0,0.0,0.0,0.0,5.880239402270708,0.09013848278998511,94.08383043633133,1.4422157246397618
100,25,i256-o256,1,aggregated,3,96,0,54,0,0.0,0.0,0.0,0.0,0.0,0.0,0.13468152047288184,0.0009767785451678136,34.47846924105775,0.2500553075629603
100,25,i256-o256,1,disaggregated,3,96,0,0,0,0.0,0.0,0.0,0.0,0.0,0.0,0.1340783425654771,0.002039709424550647,34.32405569676214,0.5221656126849656
100,25,i256-o256,2,aggregated,3,96,0,54,0,0.0,0.0,0.0,0.0,0.0,0.0,0.2682490491074594,0.0010473976364467066,68.6717565715096,0.2681337949303569
100,25,i256-o256,2,disaggregated,3,96,0,0,0,0.0,0.0,0.0,0.0,0.0,0.0,0.2669674524931047,0.004201077372182297,68.34366783823481,1.075475807278668
100,25,i256-o256,4,aggregated,3,96,0,33,0,0.0,0.0,0.0,0.0,0.0,0.0,0.5023034342476068,0.004622936634290753,128.58967916738735,1.1834717783784328
100,25,i256-o256,4,disaggregated,3,96,0,0,0,0.0,0.0,0.0,0.0,0.0,0.0,0.3827854162958466,0.008871425275032901,97.99306657173673,2.2710848704084228
100,25,i256-o256,8,aggregated,3,96,0,0,0,0.0,0.0,0.0,0.0,0.0,0.0,0.5027104281091086,0.005674246352636646,128.6938695959318,1.4526070662749815
100,25,i256-o256,8,disaggregated,3,96,0,0,0,0.0,0.0,0.0,0.0,0.0,0.0,0.37997334334851557,0.006318956168215353,97.27317589721999,1.6176527790631303
100,25,i256-o64,1,aggregated,3,96,0,54,0,0.0,0.0,0.0,0.0,0.0,0.0,0.5371730481620268,0.004071085573812895,34.37907508236972,0.2605494767240253
100,25,i256-o64,1,disaggregated,3,96,0,0,0,0.0,0.0,0.0,0.0,0.0,0.0,0.521395680355397,0.007589752506458044,33.369323542745406,0.4857441604133148
100,25,i256-o64,2,aggregated,3,96,0,54,0,0.0,0.0,0.0,0.0,0.0,0.0,1.0668221017734503,0.004768924920999102,68.27661451350082,0.30521119494394255
100,25,i256-o64,2,disaggregated,3,96,0,0,0,0.0,0.0,0.0,0.0,0.0,0.0,1.038939472508178,0.013320016656098803,66.49212624052339,0.8524810659903234
100,25,i256-o64,4,aggregated,3,96,0,36,0,0.0,0.0,0.0,0.0,0.0,0.0,1.975817126195673,0.0057593728230623115,126.45229607652307,0.36859986067598793
100,25,i256-o64,4,disaggregated,3,96,0,0,0,0.0,0.0,0.0,0.0,0.0,0.0,1.5125377519478755,0.019817767080911906,96.80241612466403,1.268337093178362
100,25,i256-o64,8,aggregated,3,96,0,2,0,0.0,0.0,0.0,0.0,0.0,0.0,1.9922015938518371,0.015706642949864118,127.50090200651758,1.0052251487913035
100,25,i256-o64,8,disaggregated,3,96,0,0,0,0.0,0.0,0.0,0.0,0.0,0.0,1.50892125619985,0.02171101314456493,96.5709603967904,1.3895048412521556
100,25,i64-o16,1,aggregated,3,96,24,89,30,0.21875,0.25,0.5304113523715166,0.06899458603306896,8.486581637944266,1.1039133765291034,2.120744658231485,0.010853245263595452,33.93191453170376,0.17365192421752723
100,25,i64-o16,1,disaggregated,3,96,0,39,42,0.0,0.0,0.0,0.0,0.0,0.0,2.0556847531098885,0.027501446169903385,32.890956049758216,0.44002313871845417
100,25,i64-o16,2,aggregated,3,96,28,88,34,0.21875,0.2916666666666667,1.2304172652963303,0.27549585245807495,19.686676244741285,4.407933639329199,4.217835986081198,0.009471339556007987,67.48537577729917,0.1515414328961278
100,25,i64-o16,2,disaggregated,3,96,0,36,33,0.0,0.0,0.0,0.0,0.0,0.0,3.964687804867304,0.07208857292455283,63.435004877876864,1.1534171667928452
100,25,i64-o16,4,aggregated,3,96,2,56,9,0.0,0.020833333333333332,0.16263034343927138,0.14084798442900326,2.602085495028342,2.253567750864052,7.803976160478475,0.04170443942929311,124.8636185676556,0.6672710308686898
100,25,i64-o16,4,disaggregated,3,96,0,6,11,0.0,0.0,0.0,0.0,0.0,0.0,5.640218821154343,0.7724160768234212,90.24350113846948,12.358657229174739
100,25,i64-o16,8,aggregated,3,96,0,8,8,0.0,0.0,0.0,0.0,0.0,0.0,7.744913468815028,0.10533698778079977,123.91861550104045,1.6853918044927962
100,25,i64-o16,8,disaggregated,3,96,0,3,12,0.0,0.0,0.0,0.0,0.0,0.0,5.920288111108862,0.3463379506091306,94.72460977774179,5.541407209746089
100,25,i64-o256,1,aggregated,3,96,0,68,0,0.0,0.0,0.0,0.0,0.0,0.0,0.13529434025893733,0.0009768817592908968,34.635351106287956,0.2500817303784696
100,25,i64-o256,1,disaggregated,3,96,0,39,0,0.0,0.0,0.0,0.0,0.0,0.0,0.13486909063847818,0.0020652583201577154,34.526487203450415,0.5287061299603751
100,25,i64-o256,2,aggregated,3,96,0,87,0,0.0,0.0,0.0,0.0,0.0,0.0,0.26918178349348154,0.0006358395052080113,68.91053657433127,0.1627749133332509
100,25,i64-o256,2,disaggregated,3,96,0,37,0,0.0,0.0,0.0,0.0,0.0,0.0,0.269717758183404,0.003832365232771815,69.04774609495142,0.9810854995895847
100,25,i64-o256,4,aggregated,3,96,0,45,0,0.0,0.0,0.0,0.0,0.0,0.0,0.5018380722774222,0.004919935539386469,128.47054650302007,1.259503498082936
100,25,i64-o256,4,disaggregated,3,96,0,8,0,0.0,0.0,0.0,0.0,0.0,0.0,0.3835581623173795,0.007726159588768941,98.19088955324915,1.977896854724849
100,25,i64-o256,8,aggregated,3,96,0,6,0,0.0,0.0,0.0,0.0,0.0,0.0,0.5056166299895594,0.006544388469786255,129.4378572773272,1.6753634482652813
100,25,i64-o256,8,disaggregated,3,96,0,3,0,0.0,0.0,0.0,0.0,0.0,0.0,0.38441359800658825,0.009644968976149536,98.40988108968659,2.4691120578942813
100,25,i64-o64,1,aggregated,3,96,0,90,0,0.0,0.0,0.0,0.0,0.0,0.0,0.5407570371232046,0.0057328671774340735,34.60845037588509,0.3669034993557807
100,25,i64-o64,1,disaggregated,3,96,0,39,0,0.0,0.0,0.0,0.0,0.0,0.0,0.5327703019269415,0.008553826804920702,34.09729932332426,0.5474449155149249
100,25,i64-o64,2,aggregated,3,96,0,86,0,0.0,0.0,0.0,0.0,0.0,0.0,1.0760819012459542,0.004883848551188994,68.86924167974107,0.31256630727609563
100,25,i64-o64,2,disaggregated,3,96,0,37,0,0.0,0.0,0.0,0.0,0.0,0.0,1.0619980915836817,0.014895657079479771,67.96787786135563,0.9533220530867054
100,25,i64-o64,4,aggregated,3,96,0,53,0,0.0,0.0,0.0,0.0,0.0,0.0,2.0013958188843204,0.023549000906719728,128.0893324085965,1.5071360580300626
100,25,i64-o64,4,disaggregated,3,96,0,7,0,0.0,0.0,0.0,0.0,0.0,0.0,1.543640202039512,0.034548528578471245,98.79297293052876,2.2111058290221597
100,25,i64-o64,8,aggregated,3,96,0,9,0,0.0,0.0,0.0,0.0,0.0,0.0,2.0259607285119743,0.025549662484497044,129.66148662476635,1.6351783990078108
100,25,i64-o64,8,disaggregated,3,96,0,3,0,0.0,0.0,0.0,0.0,0.0,0.0,1.5354845179922796,0.038351583028497616,98.2710091515059,2.4545013138238474
100,25,i704-o16,1,aggregated,3,96,0,0,37,0.0,0.0,0.0,0.0,0.0,0.0,1.7675390160318332,0.015710485856984677,28.28062425650933,0.25136777371175484
100,25,i704-o16,1,disaggregated,3,96,0,0,38,0.0,0.0,0.0,0.0,0.0,0.0,1.5068743964037539,0.015042369053473831,24.109990342460062,0.2406779048555813
100,25,i704-o16,2,aggregated,3,96,0,0,35,0.0,0.0,0.0,0.0,0.0,0.0,3.4231353134510694,0.020904963219625067,54.77016501521711,0.33447941151400107
100,25,i704-o16,2,disaggregated,3,96,0,0,31,0.0,0.0,0.0,0.0,0.0,0.0,2.9038899371858675,0.025379549177124205,46.46223899497388,0.4060727868339873
100,25,i704-o16,4,aggregated,3,96,0,0,25,0.0,0.0,0.0,0.0,0.0,0.0,6.13705847899473,0.026451181948233923,98.19293566391568,0.42321891117174276
100,25,i704-o16,4,disaggregated,3,96,0,0,25,0.0,0.0,0.0,0.0,0.0,0.0,4.807706438515174,0.1250408454339715,76.92330301624278,2.000653526943544
100,25,i704-o16,8,aggregated,3,96,0,0,25,0.0,0.0,0.0,0.0,0.0,0.0,6.26901513982759,0.05323281135010287,100.30424223724144,0.8517249816016459
100,25,i704-o16,8,disaggregated,3,96,0,0,22,0.0,0.0,0.0,0.0,0.0,0.0,5.194695140033942,0.1180547323063891,83.11512224054307,1.8888757169022257
100,25,i704-o256,1,aggregated,3,96,0,0,0,0.0,0.0,0.0,0.0,0.0,0.0,0.13315973441342704,0.0012079164472832916,34.08889200983732,0.30922661050452266
100,25,i704-o256,1,disaggregated,3,96,0,0,0,0.0,0.0,0.0,0.0,0.0,0.0,0.13193384669232183,0.002131816651440936,33.77506475323439,0.5457450627688796
100,25,i704-o256,2,aggregated,3,96,0,0,0,0.0,0.0,0.0,0.0,0.0,0.0,0.26410580486760143,0.001362346291233675,67.61108604610597,0.3487606505558208
100,25,i704-o256,2,disaggregated,3,96,0,0,0,0.0,0.0,0.0,0.0,0.0,0.0,0.26134501584656855,0.0037909228940693155,66.90432405672155,0.9704762608817448
100,25,i704-o256,4,aggregated,3,96,0,0,0,0.0,0.0,0.0,0.0,0.0,0.0,0.49510610991416354,0.006680299480468798,126.74716413802587,1.7101566670000123
100,25,i704-o256,4,disaggregated,3,96,0,0,0,0.0,0.0,0.0,0.0,0.0,0.0,0.3779514943446062,0.007244794533137345,96.75558255221918,1.8546674004831603
100,25,i704-o256,8,aggregated,3,96,0,0,0,0.0,0.0,0.0,0.0,0.0,0.0,0.49630706390823565,0.006032745851796616,127.05460836050833,1.5443829380599337
100,25,i704-o256,8,disaggregated,3,96,0,0,0,0.0,0.0,0.0,0.0,0.0,0.0,0.3762571932752105,0.006835298015528307,96.32184147845389,1.7498362919752466
100,25,i704-o64,1,aggregated,3,96,0,0,0,0.0,0.0,0.0,0.0,0.0,0.0,0.5129146812802884,0.0037243163276673703,32.82653960193846,0.2383562449707117
100,25,i704-o64,1,disaggregated,3,96,0,0,0,0.0,0.0,0.0,0.0,0.0,0.0,0.4876659180427332,0.007876828035810949,31.210618754734924,0.5041169942919007
100,25,i704-o64,2,aggregated,3,96,0,0,0,0.0,0.0,0.0,0.0,0.0,0.0,1.0153539462500099,0.005588110358331045,64.98265256000063,0.35763906293318687
100,25,i704-o64,2,disaggregated,3,96,0,0,0,0.0,0.0,0.0,0.0,0.0,0.0,0.9621512714349714,0.015229829721129363,61.57768137183817,0.9747091021522792
100,25,i704-o64,4,aggregated,3,96,0,0,0,0.0,0.0,0.0,0.0,0.0,0.0,1.8599615857959877,0.00974979465902817,119.03754149094321,0.6239868581778029
100,25,i704-o64,4,disaggregated,3,96,0,0,0,0.0,0.0,0.0,0.0,0.0,0.0,1.4630005116005735,0.027717615942049825,93.6320327424367,1.7739274202911888
100,25,i704-o64,8,aggregated,3,96,0,0,0,0.0,0.0,0.0,0.0,0.0,0.0,1.8899157972095058,0.008830952057150027,120.95461102140837,0.5651809316576017
100,25,i704-o64,8,disaggregated,3,96,0,0,0,0.0,0.0,0.0,0.0,0.0,0.0,1.4696514602957602,0.02710767303287764,94.05769345892865,1.734891074104169
100,25,mixed,1,aggregated,3,96,0,47,18,0.0,0.0,0.0,0.0,0.0,0.0,0.2261834766108772,0.00161737723607549,34.15370496824246,0.24422396264740048
100,25,mixed,1,disaggregated,3,96,0,33,16,0.0,0.0,0.0,0.0,0.0,0.0,0.22444138376508363,0.0033440931328650994,33.89064894852763,0.5049580630626318
100,25,mixed,2,aggregated,3,96,0,50,16,0.0,0.0,0.0,0.0,0.0,0.0,0.44730072718407815,0.004167870441603936,67.54240980479581,0.6293484366821898
100,25,mixed,2,disaggregated,3,96,0,32,16,0.0,0.0,0.0,0.0,0.0,0.0,0.38683378874800795,0.0028800321584030067,58.4119021009492,0.4348848559188518
100,25,mixed,4,aggregated,3,96,0,29,13,0.0,0.0,0.0,0.0,0.0,0.0,0.6691043364925959,0.007554465552609897,101.034754810382,1.1407242984440988
100,25,mixed,4,disaggregated,3,96,0,18,12,0.0,0.0,0.0,0.0,0.0,0.0,0.581791526784986,0.017240912705006384,87.85052054453288,2.603377818455967
100,25,mixed,8,aggregated,3,96,0,13,15,0.0,0.0,0.0,0.0,0.0,0.0,0.7098480381050456,0.05799319648479546,107.18705375386189,8.75697266920412
100,25,mixed,8,disaggregated,3,96,0,3,13,0.0,0.0,0.0,0.0,0.0,0.0,0.5925752017704643,0.01083443006427746,89.4788554673401,1.6359989397058987
100,30,i256-o16,1,aggregated,3,96,54,54,96,0.5625,0.5625,1.1788554510929379,0.005208988191891215,18.861687217487006,0.08334381107025944,2.095743024165223,0.00926042345225116,33.531888386643566,0.14816677523601857
100,30,i256-o16,1,disaggregated,3,96,0,0,96,0.0,0.0,0.0,0.0,0.0,0.0,1.8779790777557706,0.03930303639384769,30.04766524409233,0.628848582301563
100,30,i256-o16,2,aggregated,3,96,54,54,96,0.5625,0.5625,2.318120434474049,0.012768874493001622,37.089926951584786,0.20430199188802595,4.121102994620531,0.02270022132089188,65.9376479139285,0.36320354113427006
100,30,i256-o16,2,disaggregated,3,96,0,0,96,0.0,0.0,0.0,0.0,0.0,0.0,3.7332473317280837,0.05683451735659063,59.73195730764934,0.9093522777054501
100,30,i256-o16,4,aggregated,3,96,44,51,87,0.375,0.4583333333333333,3.4713880380957023,0.8123988385751735,55.54220860953124,12.998381417202776,7.549238361982489,0.19520763464891508,120.78781379171983,3.1233221543826413
100,30,i256-o16,4,disaggregated,3,96,0,0,82,0.0,0.0,0.0,0.0,0.0,0.0,5.810593578392465,0.13308093979812466,92.96949725427945,2.1292950367699945
100,30,i256-o16,8,aggregated,3,96,3,4,90,0.03125,0.03125,0.2402025473696801,0.003045450184152384,3.8432407579148817,0.04872720294643815,7.6864815158297635,0.0974544058928763,122.98370425327622,1.5592704942860207
100,30,i256-o16,8,disaggregated,3,96,0,0,82,0.0,0.0,0.0,0.0,0.0,0.0,5.880239402270708,0.09013848278998511,94.08383043633133,1.4422157246397618
100,30,i256-o256,1,aggregated,3,96,54,54,96,0.5625,0.5625,0.07575835526599604,0.0005494379316568934,19.394138948094987,0.1406561105041647,0.13468152047288184,0.0009767785451678136,34.47846924105775,0.2500553075629603
100,30,i256-o256,1,disaggregated,3,96,0,0,93,0.0,0.0,0.0,0.0,0.0,0.0,0.1340783425654771,0.002039709424550647,34.32405569676214,0.5221656126849656
100,30,i256-o256,2,aggregated,3,96,54,54,96,0.5625,0.5625,0.1508900901229459,0.000589161170501276,38.62786307147415,0.15082525964832666,0.2682490491074594,0.0010473976364467066,68.6717565715096,0.2681337949303569
100,30,i256-o256,2,disaggregated,3,96,0,0,91,0.0,0.0,0.0,0.0,0.0,0.0,0.2669674524931047,0.004201077372182297,68.34366783823481,1.075475807278668
100,30,i256-o256,4,aggregated,3,96,15,33,43,0.09375,0.15625,0.07831768381908426,0.03085038726581024,20.04932705768557,7.897699140047421,0.5023034342476068,0.004622936634290753,128.58967916738735,1.1834717783784328
100,30,i256-o256,4,disaggregated,3,96,0,0,79,0.0,0.0,0.0,0.0,0.0,0.0,0.3827854162958466,0.008871425275032901,97.99306657173673,2.2710848704084228
100,30,i256-o256,8,aggregated,3,96,0,0,38,0.0,0.0,0.0,0.0,0.0,0.0,0.5027104281091086,0.005674246352636646,128.6938695959318,1.4526070662749815
100,30,i256-o256,8,disaggregated,3,96,0,0,81,0.0,0.0,0.0,0.0,0.0,0.0,0.37997334334851557,0.006318956168215353,97.27317589721999,1.6176527790631303
100,30,i256-o64,1,aggregated,3,96,54,54,96,0.5625,0.5625,0.30215983959114007,0.0022899856352697626,19.338229733832964,0.1465590806572648,0.5371730481620268,0.004071085573812895,34.37907508236972,0.2605494767240253
100,30,i256-o64,1,disaggregated,3,96,0,0,96,0.0,0.0,0.0,0.0,0.0,0.0,0.521395680355397,0.007589752506458044,33.369323542745406,0.4857441604133148
100,30,i256-o64,2,aggregated,3,96,54,54,96,0.5625,0.5625,0.6000874322475658,0.002682520268061968,38.40559566384421,0.17168129715596595,1.0668221017734503,0.004768924920999102,68.27661451350082,0.30521119494394255
100,30,i256-o64,2,disaggregated,3,96,0,0,96,0.0,0.0,0.0,0.0,0.0,0.0,1.038939472508178,0.013320016656098803,66.49212624052339,0.8524810659903234
100,30,i256-o64,4,aggregated,3,96,21,36,62,0.15625,0.21875,0.4319705069607972,0.12224451650515908,27.64611244549102,7.823649056330181,1.975817126195673,0.0057593728230623115,126.45229607652307,0.36859986067598793
100,30,i256-o64,4,disaggregated,3,96,0,0,82,0.0,0.0,0.0,0.0,0.0,0.0,1.5125377519478755,0.019817767080911906,96.80241612466403,1.268337093178362
100,30,i256-o64,8,aggregated,3,96,2,2,66,0.0,0.020833333333333332,0.04134912311177178,0.03581048832126597,2.646343879153394,2.291871252561022,1.9922015938518371,0.015706642949864118,127.50090200651758,1.0052251487913035
100,30,i256-o64,8,disaggregated,3,96,0,0,80,0.0,0.0,0.0,0.0,0.0,0.0,1.50892125619985,0.02171101314456493,96.5709603967904,1.3895048412521556
100,30,i64-o16,1,aggregated,3,96,89,89,96,0.90625,0.9270833333333334,1.9662137340057086,0.046763858925856265,31.45941974409134,0.7482217428137002,2.120744658231485,0.010853245263595452,33.93191453170376,0.17365192421752723
100,30,i64-o16,1,disaggregated,3,96,39,39,96,0.40625,0.40625,0.8351219309508923,0.011172462506523258,13.361950895214276,0.17875940010437213,2.0556847531098885,0.027501446169903385,32.890956049758216,0.44002313871845417
100,30,i64-o16,2,aggregated,3,96,88,88,96,0.875,0.9166666666666666,3.8665121009052843,0.15836986021802973,61.86419361448455,2.5339177634884757,4.217835986081198,0.009471339556007987,67.48537577729917,0.1515414328961278
100,30,i64-o16,2,disaggregated,3,96,35,36,94,0.3125,0.3645833333333333,1.4463775625304478,0.19931437256752849,23.142041000487165,3.1890299610804558,3.964687804867304,0.07208857292455283,63.435004877876864,1.1534171667928452
100,30,i64-o16,4,aggregated,3,96,54,56,93,0.53125,0.5625,4.391105256414019,0.4450186248241173,70.25768410262431,7.120297997185877,7.803976160478475,0.04170443942929311,124.8636185676556,0.6672710308686898
100,30,i64-o16,4,disaggregated,3,96,5,6,71,0.0,0.052083333333333336,0.318068321321117,0.29515423969325477,5.089093141137872,4.722467835092076,5.640218821154343,0.7724160768234212,90.24350113846948,12.358657229174739
100,30,i64-o16,8,aggregated,3,96,7,8,88,0.0625,0.07291666666666667,0.5660002035188589,0.14851281072545072,9.056003256301743,2.3762049716072116,7.744913468815028,0.10533698778079977,123.91861550104045,1.6853918044927962
100,30,i64-o16,8,disaggregated,3,96,1,3,82,0.0,0.010416666666666666,0.0628095664758021,0.10878936033746411,1.0049530636128337,1.7406297653994258,5.920288111108862,0.3463379506091306,94.72460977774179,5.541407209746089
100,30,i64-o256,1,aggregated,3,96,68,68,96,0.6875,0.7083333333333334,0.0958163506270654,0.004386601741475314,24.52898576052874,1.1229700458176803,0.13529434025893733,0.0009768817592908968,34.635351106287956,0.2500817303784696
100,30,i64-o256,1,disaggregated,3,96,38,39,94,0.375,0.3958333333333333,0.053410522810050924,0.0032293172571164924,13.673093839373037,0.826705217821822,0.13486909063847818,0.0020652583201577154,34.526487203450415,0.5287061299603751
100,30,i64-o256,2,aggregated,3,96,87,87,96,0.875,0.90625,0.24394516545204445,0.008407101292345854,62.44996235572338,2.1522179308405387,0.26918178349348154,0.0006358395052080113,68.91053657433127,0.1627749133332509
100,30,i64-o256,2,disaggregated,3,96,35,37,94,0.3125,0.3645833333333333,0.09844443950982576,0.014054243350641586,25.201776514515394,3.597886297764246,0.269717758183404,0.003832365232771815,69.04774609495142,0.9810854995895847
100,30,i64-o256,4,aggregated,3,96,25,45,42,0.1875,0.2604166666666667,0.13068925228368428,0.032565659204725296,33.456448584623175,8.336808756409676,0.5018380722774222,0.004919935539386469,128.47054650302007,1.259503498082936
100,30,i64-o256,4,disaggregated,3,96,7,8,82,0.03125,0.07291666666666667,0.028017503762909457,0.01862797527135321,7.172480963304821,4.768761669466421,0.3835581623173795,0.007726159588768941,98.19088955324915,1.977896854724849
100,30,i64-o256,8,aggregated,3,96,1,6,41,0.0,0.010416666666666666,0.005337954208381399,0.009245607897392689,1.366516277345638,2.3668756217325284,0.5056166299895594,0.006544388469786255,129.4378572773272,1.6753634482652813
100,30,i64-o256,8,disaggregated,3,96,2,3,83,0.0,0.020833333333333332,0.008124627372180636,0.0070361337227952585,2.079904607278243,1.8012502330355862,0.38441359800658825,0.009644968976149536,98.40988108968659,2.4691120578942813
100,30,i64-o64,1,aggregated,3,96,90,90,96,0.9375,0.9375,0.5069597223030042,0.005374562978844481,32.44542222739227,0.3439720306460468,0.5407570371232046,0.0057328671774340735,34.60845037588509,0.3669034993557807
100,30,i64-o64,1,disaggregated,3,96,38,39,95,0.375,0.3958333333333333,0.2109888761810087,0.012857254968177115,13.503288075584557,0.8228643179633354,0.5327703019269415,0.008553826804920702,34.09729932332426,0.5474449155149249
100,30,i64-o64,2,aggregated,3,96,86,86,96,0.84375,0.8958333333333334,0.9641420004481229,0.05555600768440052,61.70508802867987,3.5555844918016333,1.0760819012459542,0.004883848551188994,68.86924167974107,0.31256630727609563
100,30,i64-o64,2,disaggregated,3,96,37,37,96,0.375,0.3854166666666667,0.4091373450450116,0.013481465806600212,26.184790082880742,0.8628138116224136,1.0619980915836817,0.014895657079479771,67.96787786135563,0.9533220530867054
100,30,i64-o64,4,aggregated,3,96,39,53,70,0.3125,0.40625,0.8151510477715619,0.2837931247718208,52.16966705737996,18.16275998539653,2.0013958188843204,0.023549000906719728,128.0893324085965,1.5071360580300626
100,30,i64-o64,4,disaggregated,3,96,7,7,91,0.03125,0.07291666666666667,0.11338802831917899,0.057500373766197495,7.256833812427455,3.6800239210366397,1.543640202039512,0.034548528578471245,98.79297293052876,2.2111058290221597
100,30,i64-o64,8,aggregated,3,96,5,9,76,0.03125,0.052083333333333336,0.10559443756384941,0.03684735740238395,6.758044004086362,2.358230873752573,2.0259607285119743,0.025549662484497044,129.66148662476635,1.6351783990078108
100,30,i64-o64,8,disaggregated,3,96,2,3,88,0.0,0.020833333333333332,0.03244782146056918,0.028100940080902075,2.0766605734764276,1.7984601651777328,1.5354845179922796,0.038351583028497616,98.2710091515059,2.4545013138238474
100,30,i704-o16,1,aggregated,3,96,0,0,96,0.0,0.0,0.0,0.0,0.0,0.0,1.7675390160318332,0.015710485856984677,28.28062425650933,0.25136777371175484
100,30,i704-o16,1,disaggregated,3,96,0,0,96,0.0,0.0,0.0,0.0,0.0,0.0,1.5068743964037539,0.015042369053473831,24.109990342460062,0.2406779048555813
100,30,i704-o16,2,aggregated,3,96,0,0,96,0.0,0.0,0.0,0.0,0.0,0.0,3.4231353134510694,0.020904963219625067,54.77016501521711,0.33447941151400107
100,30,i704-o16,2,disaggregated,3,96,0,0,96,0.0,0.0,0.0,0.0,0.0,0.0,2.9038899371858675,0.025379549177124205,46.46223899497388,0.4060727868339873
100,30,i704-o16,4,aggregated,3,96,0,0,89,0.0,0.0,0.0,0.0,0.0,0.0,6.13705847899473,0.026451181948233923,98.19293566391568,0.42321891117174276
100,30,i704-o16,4,disaggregated,3,96,0,0,75,0.0,0.0,0.0,0.0,0.0,0.0,4.807706438515174,0.1250408454339715,76.92330301624278,2.000653526943544
100,30,i704-o16,8,aggregated,3,96,0,0,89,0.0,0.0,0.0,0.0,0.0,0.0,6.26901513982759,0.05323281135010287,100.30424223724144,0.8517249816016459
100,30,i704-o16,8,disaggregated,3,96,0,0,52,0.0,0.0,0.0,0.0,0.0,0.0,5.194695140033942,0.1180547323063891,83.11512224054307,1.8888757169022257
100,30,i704-o256,1,aggregated,3,96,0,0,96,0.0,0.0,0.0,0.0,0.0,0.0,0.13315973441342704,0.0012079164472832916,34.08889200983732,0.30922661050452266
100,30,i704-o256,1,disaggregated,3,96,0,0,95,0.0,0.0,0.0,0.0,0.0,0.0,0.13193384669232183,0.002131816651440936,33.77506475323439,0.5457450627688796
100,30,i704-o256,2,aggregated,3,96,0,0,96,0.0,0.0,0.0,0.0,0.0,0.0,0.26410580486760143,0.001362346291233675,67.61108604610597,0.3487606505558208
100,30,i704-o256,2,disaggregated,3,96,0,0,92,0.0,0.0,0.0,0.0,0.0,0.0,0.26134501584656855,0.0037909228940693155,66.90432405672155,0.9704762608817448
100,30,i704-o256,4,aggregated,3,96,0,0,37,0.0,0.0,0.0,0.0,0.0,0.0,0.49510610991416354,0.006680299480468798,126.74716413802587,1.7101566670000123
100,30,i704-o256,4,disaggregated,3,96,0,0,77,0.0,0.0,0.0,0.0,0.0,0.0,0.3779514943446062,0.007244794533137345,96.75558255221918,1.8546674004831603
100,30,i704-o256,8,aggregated,3,96,0,0,43,0.0,0.0,0.0,0.0,0.0,0.0,0.49630706390823565,0.006032745851796616,127.05460836050833,1.5443829380599337
100,30,i704-o256,8,disaggregated,3,96,0,0,70,0.0,0.0,0.0,0.0,0.0,0.0,0.3762571932752105,0.006835298015528307,96.32184147845389,1.7498362919752466
100,30,i704-o64,1,aggregated,3,96,0,0,96,0.0,0.0,0.0,0.0,0.0,0.0,0.5129146812802884,0.0037243163276673703,32.82653960193846,0.2383562449707117
100,30,i704-o64,1,disaggregated,3,96,0,0,96,0.0,0.0,0.0,0.0,0.0,0.0,0.4876659180427332,0.007876828035810949,31.210618754734924,0.5041169942919007
100,30,i704-o64,2,aggregated,3,96,0,0,96,0.0,0.0,0.0,0.0,0.0,0.0,1.0153539462500099,0.005588110358331045,64.98265256000063,0.35763906293318687
100,30,i704-o64,2,disaggregated,3,96,0,0,95,0.0,0.0,0.0,0.0,0.0,0.0,0.9621512714349714,0.015229829721129363,61.57768137183817,0.9747091021522792
100,30,i704-o64,4,aggregated,3,96,0,0,60,0.0,0.0,0.0,0.0,0.0,0.0,1.8599615857959877,0.00974979465902817,119.03754149094321,0.6239868581778029
100,30,i704-o64,4,disaggregated,3,96,0,0,74,0.0,0.0,0.0,0.0,0.0,0.0,1.4630005116005735,0.027717615942049825,93.6320327424367,1.7739274202911888
100,30,i704-o64,8,aggregated,3,96,0,0,60,0.0,0.0,0.0,0.0,0.0,0.0,1.8899157972095058,0.008830952057150027,120.95461102140837,0.5651809316576017
100,30,i704-o64,8,disaggregated,3,96,0,0,66,0.0,0.0,0.0,0.0,0.0,0.0,1.4696514602957602,0.02710767303287764,94.05769345892865,1.734891074104169
100,30,mixed,1,aggregated,3,96,47,47,96,0.46875,0.4895833333333333,0.11075237552685623,0.00476472655748043,28.352608134875194,1.2197699987149901,0.2261834766108772,0.00161737723607549,34.15370496824246,0.24422396264740048
100,30,mixed,1,disaggregated,3,96,31,33,94,0.28125,0.3229166666666667,0.0725561252235845,0.009107039461191343,18.57436805723763,2.3314021020649838,0.22444138376508363,0.0033440931328650994,33.89064894852763,0.5049580630626318
100,30,mixed,2,aggregated,3,96,50,50,96,0.5,0.5208333333333334,0.233000645799937,0.009563999798618801,59.648165324783875,2.448383948446413,0.44730072718407815,0.004167870441603936,67.54240980479581,0.6293484366821898
100,30,mixed,2,disaggregated,3,96,31,32,95,0.3125,0.3229166666666667,0.12491853104003107,0.007131485774174754,31.979143946247955,1.825660358188737,0.38683378874800795,0.0028800321584030067,58.4119021009492,0.4348848559188518
100,30,mixed,4,aggregated,3,96,15,29,75,0.09375,0.15625,0.10469232093293304,0.036737437482560246,26.80123415883086,9.404783995535423,0.6691043364925959,0.007554465552609897,101.034754810382,1.1407242984440988
100,30,mixed,4,disaggregated,3,96,13,18,86,0.0625,0.13541666666666666,0.07948051634307247,0.039418485140117684,20.347012183826553,10.091132195870127,0.581791526784986,0.017240912705006384,87.85052054453288,2.603377818455967
100,30,mixed,8,aggregated,3,96,6,13,66,0.03125,0.0625,0.04326818446154364,0.01933694923967592,11.076655222155171,4.950259005357036,0.7098480381050456,0.05799319648479546,107.18705375386189,8.75697266920412
100,30,mixed,8,disaggregated,3,96,2,3,79,0.0,0.020833333333333332,0.012229368414469742,0.010592071350339622,3.130718314104254,2.711570265686943,0.5925752017704643,0.01083443006427746,89.4788554673401,1.6359989397058987
100,35,i256-o16,1,aggregated,3,96,54,54,96,0.5625,0.5625,1.1788554510929379,0.005208988191891215,18.861687217487006,0.08334381107025944,2.095743024165223,0.00926042345225116,33.531888386643566,0.14816677523601857
100,35,i256-o16,1,disaggregated,3,96,0,0,96,0.0,0.0,0.0,0.0,0.0,0.0,1.8779790777557706,0.03930303639384769,30.04766524409233,0.628848582301563
100,35,i256-o16,2,aggregated,3,96,54,54,96,0.5625,0.5625,2.318120434474049,0.012768874493001622,37.089926951584786,0.20430199188802595,4.121102994620531,0.02270022132089188,65.9376479139285,0.36320354113427006
100,35,i256-o16,2,disaggregated,3,96,0,0,96,0.0,0.0,0.0,0.0,0.0,0.0,3.7332473317280837,0.05683451735659063,59.73195730764934,0.9093522777054501
100,35,i256-o16,4,aggregated,3,96,51,51,96,0.46875,0.53125,4.0134842850954815,0.46043440963735044,64.2157485615277,7.366950554197607,7.549238361982489,0.19520763464891508,120.78781379171983,3.1233221543826413
100,35,i256-o16,4,disaggregated,3,96,0,0,96,0.0,0.0,0.0,0.0,0.0,0.0,5.810593578392465,0.13308093979812466,92.96949725427945,2.1292950367699945
100,35,i256-o16,8,aggregated,3,96,4,4,96,0.03125,0.041666666666666664,0.31910524787356886,0.1336376427596561,5.105683965977102,2.1382022841544974,7.6864815158297635,0.0974544058928763,122.98370425327622,1.5592704942860207
100,35,i256-o16,8,disaggregated,3,96,0,0,96,0.0,0.0,0.0,0.0,0.0,0.0,5.880239402270708,0.09013848278998511,94.08383043633133,1.4422157246397618
100,35,i256-o256,1,aggregated,3,96,54,54,96,0.5625,0.5625,0.07575835526599604,0.0005494379316568934,19.394138948094987,0.1406561105041647,0.13468152047288184,0.0009767785451678136,34.47846924105775,0.2500553075629603
100,35,i256-o256,1,disaggregated,3,96,0,0,96,0.0,0.0,0.0,0.0,0.0,0.0,0.1340783425654771,0.002039709424550647,34.32405569676214,0.5221656126849656
100,35,i256-o256,2,aggregated,3,96,54,54,96,0.5625,0.5625,0.1508900901229459,0.000589161170501276,38.62786307147415,0.15082525964832666,0.2682490491074594,0.0010473976364467066,68.6717565715096,0.2681337949303569
100,35,i256-o256,2,disaggregated,3,96,0,0,96,0.0,0.0,0.0,0.0,0.0,0.0,0.2669674524931047,0.004201077372182297,68.34366783823481,1.075475807278668
100,35,i256-o256,4,aggregated,3,96,33,33,96,0.3125,0.34375,0.1725831916315627,0.014376599170842108,44.18129705768005,3.6804093877355797,0.5023034342476068,0.004622936634290753,128.58967916738735,1.1834717783784328
100,35,i256-o256,4,disaggregated,3,96,0,0,96,0.0,0.0,0.0,0.0,0.0,0.0,0.3827854162958466,0.008871425275032901,97.99306657173673,2.2710848704084228
100,35,i256-o256,8,aggregated,3,96,0,0,96,0.0,0.0,0.0,0.0,0.0,0.0,0.5027104281091086,0.005674246352636646,128.6938695959318,1.4526070662749815
100,35,i256-o256,8,disaggregated,3,96,0,0,96,0.0,0.0,0.0,0.0,0.0,0.0,0.37997334334851557,0.006318956168215353,97.27317589721999,1.6176527790631303
100,35,i256-o64,1,aggregated,3,96,54,54,96,0.5625,0.5625,0.30215983959114007,0.0022899856352697626,19.338229733832964,0.1465590806572648,0.5371730481620268,0.004071085573812895,34.37907508236972,0.2605494767240253
100,35,i256-o64,1,disaggregated,3,96,0,0,96,0.0,0.0,0.0,0.0,0.0,0.0,0.521395680355397,0.007589752506458044,33.369323542745406,0.4857441604133148
100,35,i256-o64,2,aggregated,3,96,54,54,96,0.5625,0.5625,0.6000874322475658,0.002682520268061968,38.40559566384421,0.17168129715596595,1.0668221017734503,0.004768924920999102,68.27661451350082,0.30521119494394255
100,35,i256-o64,2,disaggregated,3,96,0,0,96,0.0,0.0,0.0,0.0,0.0,0.0,1.038939472508178,0.013320016656098803,66.49212624052339,0.8524810659903234
100,35,i256-o64,4,aggregated,3,96,36,36,96,0.3125,0.375,0.7408248766903854,0.12236024187206651,47.41279210818467,7.831055479812257,1.975817126195673,0.0057593728230623115,126.45229607652307,0.36859986067598793
100,35,i256-o64,4,disaggregated,3,96,0,0,96,0.0,0.0,0.0,0.0,0.0,0.0,1.5125377519478755,0.019817767080911906,96.80241612466403,1.268337093178362
100,35,i256-o64,8,aggregated,3,96,2,2,96,0.0,0.020833333333333332,0.04134912311177178,0.03581048832126597,2.646343879153394,2.291871252561022,1.9922015938518371,0.015706642949864118,127.50090200651758,1.0052251487913035
100,35,i256-o64,8,disaggregated,3,96,0,0,96,0.0,0.0,0.0,0.0,0.0,0.0,1.50892125619985,0.02171101314456493,96.5709603967904,1.3895048412521556
100,35,i64-o16,1,aggregated,3,96,89,89,96,0.90625,0.9270833333333334,1.9662137340057086,0.046763858925856265,31.45941974409134,0.7482217428137002,2.120744658231485,0.010853245263595452,33.93191453170376,0.17365192421752723
100,35,i64-o16,1,disaggregated,3,96,39,39,96,0.40625,0.40625,0.8351219309508923,0.011172462506523258,13.361950895214276,0.17875940010437213,2.0556847531098885,0.027501446169903385,32.890956049758216,0.44002313871845417
100,35,i64-o16,2,aggregated,3,96,88,88,96,0.875,0.9166666666666666,3.8665121009052843,0.15836986021802973,61.86419361448455,2.5339177634884757,4.217835986081198,0.009471339556007987,67.48537577729917,0.1515414328961278
100,35,i64-o16,2,disaggregated,3,96,36,36,96,0.34375,0.375,1.487088287205937,0.13119356528490772,23.793412595294992,2.0990970445585235,3.964687804867304,0.07208857292455283,63.435004877876864,1.1534171667928452
100,35,i64-o16,4,aggregated,3,96,56,56,96,0.53125,0.5833333333333334,4.554096808376309,0.532538404674929,72.86554893402095,8.520614474798863,7.803976160478475,0.04170443942929311,124.8636185676556,0.6672710308686898
100,35,i64-o16,4,disaggregated,3,96,6,6,87,0.03125,0.0625,0.36768674257974143,0.217153965021351,5.882987881275863,3.474463440341616,5.640218821154343,0.7724160768234212,90.24350113846948,12.358657229174739
100,35,i64-o16,8,aggregated,3,96,8,8,96,0.0625,0.08333333333333333,0.6460550407172898,0.1438999952913246,10.336880651476637,2.3023999246611937,7.744913468815028,0.10533698778079977,123.91861550104045,1.6853918044927962
100,35,i64-o16,8,disaggregated,3,96,2,3,90,0.0,0.020833333333333332,0.12737928190239534,0.11034528478017358,2.0380685104383254,1.7655245564827773,5.920288111108862,0.3463379506091306,94.72460977774179,5.541407209746089
100,35,i64-o256,1,aggregated,3,96,68,68,96,0.6875,0.7083333333333334,0.0958163506270654,0.004386601741475314,24.52898576052874,1.1229700458176803,0.13529434025893733,0.0009768817592908968,34.635351106287956,0.2500817303784696
100,35,i64-o256,1,disaggregated,3,96,39,39,96,0.40625,0.40625,0.05479056807188176,0.0008390111925640705,14.026385426401731,0.21478686529640204,0.13486909063847818,0.0020652583201577154,34.526487203450415,0.5287061299603751
100,35,i64-o256,2,aggregated,3,96,87,87,96,0.875,0.90625,0.24394516545204445,0.008407101292345854,62.44996235572338,2.1522179308405387,0.26918178349348154,0.0006358395052080113,68.91053657433127,0.1627749133332509
100,35,i64-o256,2,disaggregated,3,96,37,37,96,0.375,0.3854166666666667,0.1039719877630637,0.005624454854331982,26.616828867344307,1.4398604427089874,0.269717758183404,0.003832365232771815,69.04774609495142,0.9810854995895847
100,35,i64-o256,4,aggregated,3,96,45,45,96,0.4375,0.46875,0.23510997801813752,0.025453063914733644,60.188154372643204,6.515984362171813,0.5018380722774222,0.004919935539386469,128.47054650302007,1.259503498082936
100,35,i64-o256,4,disaggregated,3,96,8,8,96,0.03125,0.08333333333333333,0.03191997850034229,0.018406633352963456,8.171514496087626,4.712098138358645,0.3835581623173795,0.007726159588768941,98.19088955324915,1.977896854724849
100,35,i64-o256,8,aggregated,3,96,6,6,96,0.03125,0.0625,0.03167848222647557,0.016135078091144624,8.109691449977745,4.130579991333024,0.5056166299895594,0.006544388469786255,129.4378572773272,1.6753634482652813
100,35,i64-o256,8,disaggregated,3,96,3,3,96,0.03125,0.03125,0.012012924937705883,0.000301405280504673,3.075308784052706,0.07715975180919629,0.38441359800658825,0.009644968976149536,98.40988108968659,2.4691120578942813
100,35,i64-o64,1,aggregated,3,96,90,90,96,0.9375,0.9375,0.5069597223030042,0.005374562978844481,32.44542222739227,0.3439720306460468,0.5407570371232046,0.0057328671774340735,34.60845037588509,0.3669034993557807
100,35,i64-o64,1,disaggregated,3,96,39,39,96,0.40625,0.40625,0.21643793515782,0.0034749921394990457,13.85202785010048,0.22239949692793892,0.5327703019269415,0.008553826804920702,34.09729932332426,0.5474449155149249
100,35,i64-o64,2,aggregated,3,96,86,86,96,0.84375,0.8958333333333334,0.9641420004481229,0.05555600768440052,61.70508802867987,3.5555844918016333,1.0760819012459542,0.004883848551188994,68.86924167974107,0.31256630727609563
100,35,i64-o64,2,disaggregated,3,96,37,37,96,0.375,0.3854166666666667,0.4091373450450116,0.013481465806600212,26.184790082880742,0.8628138116224136,1.0619980915836817,0.014895657079479771,67.96787786135563,0.9533220530867054
100,35,i64-o64,4,aggregated,3,96,53,53,96,0.5,0.5520833333333334,1.105445788550687,0.10501667081075214,70.74853046724397,6.721066931888137,2.0013958188843204,0.023549000906719728,128.0893324085965,1.5071360580300626
100,35,i64-o64,4,disaggregated,3,96,7,7,96,0.03125,0.07291666666666667,0.11338802831917899,0.057500373766197495,7.256833812427455,3.6800239210366397,1.543640202039512,0.034548528578471245,98.79297293052876,2.2111058290221597
100,35,i64-o64,8,aggregated,3,96,9,9,96,0.09375,0.09375,0.18993381829799758,0.002395280857921598,12.155764371071845,0.15329797490698227,2.0259607285119743,0.025549662484497044,129.66148662476635,1.6351783990078108
100,35,i64-o64,8,disaggregated,3,96,3,3,96,0.03125,0.03125,0.04798389118725874,0.0011984869696405505,3.070969035984559,0.07670316605699523,1.5354845179922796,0.038351583028497616,98.2710091515059,2.4545013138238474
100,35,i704-o16,1,aggregated,3,96,0,0,96,0.0,0.0,0.0,0.0,0.0,0.0,1.7675390160318332,0.015710485856984677,28.28062425650933,0.25136777371175484
100,35,i704-o16,1,disaggregated,3,96,0,0,96,0.0,0.0,0.0,0.0,0.0,0.0,1.5068743964037539,0.015042369053473831,24.109990342460062,0.2406779048555813
100,35,i704-o16,2,aggregated,3,96,0,0,96,0.0,0.0,0.0,0.0,0.0,0.0,3.4231353134510694,0.020904963219625067,54.77016501521711,0.33447941151400107
100,35,i704-o16,2,disaggregated,3,96,0,0,96,0.0,0.0,0.0,0.0,0.0,0.0,2.9038899371858675,0.025379549177124205,46.46223899497388,0.4060727868339873
100,35,i704-o16,4,aggregated,3,96,0,0,96,0.0,0.0,0.0,0.0,0.0,0.0,6.13705847899473,0.026451181948233923,98.19293566391568,0.42321891117174276
100,35,i704-o16,4,disaggregated,3,96,0,0,96,0.0,0.0,0.0,0.0,0.0,0.0,4.807706438515174,0.1250408454339715,76.92330301624278,2.000653526943544
100,35,i704-o16,8,aggregated,3,96,0,0,96,0.0,0.0,0.0,0.0,0.0,0.0,6.26901513982759,0.05323281135010287,100.30424223724144,0.8517249816016459
100,35,i704-o16,8,disaggregated,3,96,0,0,94,0.0,0.0,0.0,0.0,0.0,0.0,5.194695140033942,0.1180547323063891,83.11512224054307,1.8888757169022257
100,35,i704-o256,1,aggregated,3,96,0,0,96,0.0,0.0,0.0,0.0,0.0,0.0,0.13315973441342704,0.0012079164472832916,34.08889200983732,0.30922661050452266
100,35,i704-o256,1,disaggregated,3,96,0,0,96,0.0,0.0,0.0,0.0,0.0,0.0,0.13193384669232183,0.002131816651440936,33.77506475323439,0.5457450627688796
100,35,i704-o256,2,aggregated,3,96,0,0,96,0.0,0.0,0.0,0.0,0.0,0.0,0.26410580486760143,0.001362346291233675,67.61108604610597,0.3487606505558208
100,35,i704-o256,2,disaggregated,3,96,0,0,96,0.0,0.0,0.0,0.0,0.0,0.0,0.26134501584656855,0.0037909228940693155,66.90432405672155,0.9704762608817448
100,35,i704-o256,4,aggregated,3,96,0,0,96,0.0,0.0,0.0,0.0,0.0,0.0,0.49510610991416354,0.006680299480468798,126.74716413802587,1.7101566670000123
100,35,i704-o256,4,disaggregated,3,96,0,0,96,0.0,0.0,0.0,0.0,0.0,0.0,0.3779514943446062,0.007244794533137345,96.75558255221918,1.8546674004831603
100,35,i704-o256,8,aggregated,3,96,0,0,96,0.0,0.0,0.0,0.0,0.0,0.0,0.49630706390823565,0.006032745851796616,127.05460836050833,1.5443829380599337
100,35,i704-o256,8,disaggregated,3,96,0,0,96,0.0,0.0,0.0,0.0,0.0,0.0,0.3762571932752105,0.006835298015528307,96.32184147845389,1.7498362919752466
100,35,i704-o64,1,aggregated,3,96,0,0,96,0.0,0.0,0.0,0.0,0.0,0.0,0.5129146812802884,0.0037243163276673703,32.82653960193846,0.2383562449707117
100,35,i704-o64,1,disaggregated,3,96,0,0,96,0.0,0.0,0.0,0.0,0.0,0.0,0.4876659180427332,0.007876828035810949,31.210618754734924,0.5041169942919007
100,35,i704-o64,2,aggregated,3,96,0,0,96,0.0,0.0,0.0,0.0,0.0,0.0,1.0153539462500099,0.005588110358331045,64.98265256000063,0.35763906293318687
100,35,i704-o64,2,disaggregated,3,96,0,0,96,0.0,0.0,0.0,0.0,0.0,0.0,0.9621512714349714,0.015229829721129363,61.57768137183817,0.9747091021522792
100,35,i704-o64,4,aggregated,3,96,0,0,96,0.0,0.0,0.0,0.0,0.0,0.0,1.8599615857959877,0.00974979465902817,119.03754149094321,0.6239868581778029
100,35,i704-o64,4,disaggregated,3,96,0,0,96,0.0,0.0,0.0,0.0,0.0,0.0,1.4630005116005735,0.027717615942049825,93.6320327424367,1.7739274202911888
100,35,i704-o64,8,aggregated,3,96,0,0,96,0.0,0.0,0.0,0.0,0.0,0.0,1.8899157972095058,0.008830952057150027,120.95461102140837,0.5651809316576017
100,35,i704-o64,8,disaggregated,3,96,0,0,96,0.0,0.0,0.0,0.0,0.0,0.0,1.4696514602957602,0.02710767303287764,94.05769345892865,1.734891074104169
100,35,mixed,1,aggregated,3,96,47,47,96,0.46875,0.4895833333333333,0.11075237552685623,0.00476472655748043,28.352608134875194,1.2197699987149901,0.2261834766108772,0.00161737723607549,34.15370496824246,0.24422396264740048
100,35,mixed,1,disaggregated,3,96,33,33,96,0.34375,0.34375,0.0771517256692475,0.0011495320144223754,19.75084177132736,0.2942801956921281,0.22444138376508363,0.0033440931328650994,33.89064894852763,0.5049580630626318
100,35,mixed,2,aggregated,3,96,50,50,96,0.5,0.5208333333333334,0.233000645799937,0.009563999798618801,59.648165324783875,2.448383948446413,0.44730072718407815,0.004167870441603936,67.54240980479581,0.6293484366821898
100,35,mixed,2,disaggregated,3,96,32,32,96,0.3125,0.3333333333333333,0.12891647207334084,0.006251067844100304,33.002616850775254,1.600273368089678,0.38683378874800795,0.0028800321584030067,58.4119021009492,0.4348848559188518
100,35,mixed,4,aggregated,3,96,29,29,96,0.25,0.3020833333333333,0.20217923030881566,0.03233750898682066,51.75788295905681,8.27840230062609,0.6691043364925959,0.007554465552609897,101.034754810382,1.1407242984440988
100,35,mixed,4,disaggregated,3,96,18,18,96,0.15625,0.1875,0.10875410846842065,0.015152604126168827,27.841051767915687,3.8790666562992198,0.581791526784986,0.017240912705006384,87.85052054453288,2.603377818455967
100,35,mixed,8,aggregated,3,96,13,13,96,0.09375,0.13541666666666666,0.09670905913268601,0.029563777494274763,24.75751913796762,7.568327038534339,0.7098480381050456,0.05799319648479546,107.18705375386189,8.75697266920412
100,35,mixed,8,disaggregated,3,96,3,3,96,0.03125,0.03125,0.01851797505532701,0.0003385759395086706,4.740601614163714,0.08667544051421967,0.5925752017704643,0.01083443006427746,89.4788554673401,1.6359989397058987
100,50,i256-o16,1,aggregated,3,96,54,54,96,0.5625,0.5625,1.1788554510929379,0.005208988191891215,18.861687217487006,0.08334381107025944,2.095743024165223,0.00926042345225116,33.531888386643566,0.14816677523601857
100,50,i256-o16,1,disaggregated,3,96,0,0,96,0.0,0.0,0.0,0.0,0.0,0.0,1.8779790777557706,0.03930303639384769,30.04766524409233,0.628848582301563
100,50,i256-o16,2,aggregated,3,96,54,54,96,0.5625,0.5625,2.318120434474049,0.012768874493001622,37.089926951584786,0.20430199188802595,4.121102994620531,0.02270022132089188,65.9376479139285,0.36320354113427006
100,50,i256-o16,2,disaggregated,3,96,0,0,96,0.0,0.0,0.0,0.0,0.0,0.0,3.7332473317280837,0.05683451735659063,59.73195730764934,0.9093522777054501
100,50,i256-o16,4,aggregated,3,96,51,51,96,0.46875,0.53125,4.0134842850954815,0.46043440963735044,64.2157485615277,7.366950554197607,7.549238361982489,0.19520763464891508,120.78781379171983,3.1233221543826413
100,50,i256-o16,4,disaggregated,3,96,0,0,96,0.0,0.0,0.0,0.0,0.0,0.0,5.810593578392465,0.13308093979812466,92.96949725427945,2.1292950367699945
100,50,i256-o16,8,aggregated,3,96,4,4,96,0.03125,0.041666666666666664,0.31910524787356886,0.1336376427596561,5.105683965977102,2.1382022841544974,7.6864815158297635,0.0974544058928763,122.98370425327622,1.5592704942860207
100,50,i256-o16,8,disaggregated,3,96,0,0,96,0.0,0.0,0.0,0.0,0.0,0.0,5.880239402270708,0.09013848278998511,94.08383043633133,1.4422157246397618
100,50,i256-o256,1,aggregated,3,96,54,54,96,0.5625,0.5625,0.07575835526599604,0.0005494379316568934,19.394138948094987,0.1406561105041647,0.13468152047288184,0.0009767785451678136,34.47846924105775,0.2500553075629603
100,50,i256-o256,1,disaggregated,3,96,0,0,96,0.0,0.0,0.0,0.0,0.0,0.0,0.1340783425654771,0.002039709424550647,34.32405569676214,0.5221656126849656
100,50,i256-o256,2,aggregated,3,96,54,54,96,0.5625,0.5625,0.1508900901229459,0.000589161170501276,38.62786307147415,0.15082525964832666,0.2682490491074594,0.0010473976364467066,68.6717565715096,0.2681337949303569
100,50,i256-o256,2,disaggregated,3,96,0,0,96,0.0,0.0,0.0,0.0,0.0,0.0,0.2669674524931047,0.004201077372182297,68.34366783823481,1.075475807278668
100,50,i256-o256,4,aggregated,3,96,33,33,96,0.3125,0.34375,0.1725831916315627,0.014376599170842108,44.18129705768005,3.6804093877355797,0.5023034342476068,0.004622936634290753,128.58967916738735,1.1834717783784328
100,50,i256-o256,4,disaggregated,3,96,0,0,96,0.0,0.0,0.0,0.0,0.0,0.0,0.3827854162958466,0.008871425275032901,97.99306657173673,2.2710848704084228
100,50,i256-o256,8,aggregated,3,96,0,0,96,0.0,0.0,0.0,0.0,0.0,0.0,0.5027104281091086,0.005674246352636646,128.6938695959318,1.4526070662749815
100,50,i256-o256,8,disaggregated,3,96,0,0,96,0.0,0.0,0.0,0.0,0.0,0.0,0.37997334334851557,0.006318956168215353,97.27317589721999,1.6176527790631303
100,50,i256-o64,1,aggregated,3,96,54,54,96,0.5625,0.5625,0.30215983959114007,0.0022899856352697626,19.338229733832964,0.1465590806572648,0.5371730481620268,0.004071085573812895,34.37907508236972,0.2605494767240253
100,50,i256-o64,1,disaggregated,3,96,0,0,96,0.0,0.0,0.0,0.0,0.0,0.0,0.521395680355397,0.007589752506458044,33.369323542745406,0.4857441604133148
100,50,i256-o64,2,aggregated,3,96,54,54,96,0.5625,0.5625,0.6000874322475658,0.002682520268061968,38.40559566384421,0.17168129715596595,1.0668221017734503,0.004768924920999102,68.27661451350082,0.30521119494394255
100,50,i256-o64,2,disaggregated,3,96,0,0,96,0.0,0.0,0.0,0.0,0.0,0.0,1.038939472508178,0.013320016656098803,66.49212624052339,0.8524810659903234
100,50,i256-o64,4,aggregated,3,96,36,36,96,0.3125,0.375,0.7408248766903854,0.12236024187206651,47.41279210818467,7.831055479812257,1.975817126195673,0.0057593728230623115,126.45229607652307,0.36859986067598793
100,50,i256-o64,4,disaggregated,3,96,0,0,96,0.0,0.0,0.0,0.0,0.0,0.0,1.5125377519478755,0.019817767080911906,96.80241612466403,1.268337093178362
100,50,i256-o64,8,aggregated,3,96,2,2,96,0.0,0.020833333333333332,0.04134912311177178,0.03581048832126597,2.646343879153394,2.291871252561022,1.9922015938518371,0.015706642949864118,127.50090200651758,1.0052251487913035
100,50,i256-o64,8,disaggregated,3,96,0,0,96,0.0,0.0,0.0,0.0,0.0,0.0,1.50892125619985,0.02171101314456493,96.5709603967904,1.3895048412521556
100,50,i64-o16,1,aggregated,3,96,89,89,96,0.90625,0.9270833333333334,1.9662137340057086,0.046763858925856265,31.45941974409134,0.7482217428137002,2.120744658231485,0.010853245263595452,33.93191453170376,0.17365192421752723
100,50,i64-o16,1,disaggregated,3,96,39,39,96,0.40625,0.40625,0.8351219309508923,0.011172462506523258,13.361950895214276,0.17875940010437213,2.0556847531098885,0.027501446169903385,32.890956049758216,0.44002313871845417
100,50,i64-o16,2,aggregated,3,96,88,88,96,0.875,0.9166666666666666,3.8665121009052843,0.15836986021802973,61.86419361448455,2.5339177634884757,4.217835986081198,0.009471339556007987,67.48537577729917,0.1515414328961278
100,50,i64-o16,2,disaggregated,3,96,36,36,96,0.34375,0.375,1.487088287205937,0.13119356528490772,23.793412595294992,2.0990970445585235,3.964687804867304,0.07208857292455283,63.435004877876864,1.1534171667928452
100,50,i64-o16,4,aggregated,3,96,56,56,96,0.53125,0.5833333333333334,4.554096808376309,0.532538404674929,72.86554893402095,8.520614474798863,7.803976160478475,0.04170443942929311,124.8636185676556,0.6672710308686898
100,50,i64-o16,4,disaggregated,3,96,6,6,96,0.03125,0.0625,0.36768674257974143,0.217153965021351,5.882987881275863,3.474463440341616,5.640218821154343,0.7724160768234212,90.24350113846948,12.358657229174739
100,50,i64-o16,8,aggregated,3,96,8,8,96,0.0625,0.08333333333333333,0.6460550407172898,0.1438999952913246,10.336880651476637,2.3023999246611937,7.744913468815028,0.10533698778079977,123.91861550104045,1.6853918044927962
100,50,i64-o16,8,disaggregated,3,96,3,3,96,0.03125,0.03125,0.18500900347215193,0.01082306095653533,2.960144055554431,0.1731689753045653,5.920288111108862,0.3463379506091306,94.72460977774179,5.541407209746089
100,50,i64-o256,1,aggregated,3,96,68,68,96,0.6875,0.7083333333333334,0.0958163506270654,0.004386601741475314,24.52898576052874,1.1229700458176803,0.13529434025893733,0.0009768817592908968,34.635351106287956,0.2500817303784696
100,50,i64-o256,1,disaggregated,3,96,39,39,96,0.40625,0.40625,0.05479056807188176,0.0008390111925640705,14.026385426401731,0.21478686529640204,0.13486909063847818,0.0020652583201577154,34.526487203450415,0.5287061299603751
100,50,i64-o256,2,aggregated,3,96,87,87,96,0.875,0.90625,0.24394516545204445,0.008407101292345854,62.44996235572338,2.1522179308405387,0.26918178349348154,0.0006358395052080113,68.91053657433127,0.1627749133332509
100,50,i64-o256,2,disaggregated,3,96,37,37,96,0.375,0.3854166666666667,0.1039719877630637,0.005624454854331982,26.616828867344307,1.4398604427089874,0.269717758183404,0.003832365232771815,69.04774609495142,0.9810854995895847
100,50,i64-o256,4,aggregated,3,96,45,45,96,0.4375,0.46875,0.23510997801813752,0.025453063914733644,60.188154372643204,6.515984362171813,0.5018380722774222,0.004919935539386469,128.47054650302007,1.259503498082936
100,50,i64-o256,4,disaggregated,3,96,8,8,96,0.03125,0.08333333333333333,0.03191997850034229,0.018406633352963456,8.171514496087626,4.712098138358645,0.3835581623173795,0.007726159588768941,98.19088955324915,1.977896854724849
100,50,i64-o256,8,aggregated,3,96,6,6,96,0.03125,0.0625,0.03167848222647557,0.016135078091144624,8.109691449977745,4.130579991333024,0.5056166299895594,0.006544388469786255,129.4378572773272,1.6753634482652813
100,50,i64-o256,8,disaggregated,3,96,3,3,96,0.03125,0.03125,0.012012924937705883,0.000301405280504673,3.075308784052706,0.07715975180919629,0.38441359800658825,0.009644968976149536,98.40988108968659,2.4691120578942813
100,50,i64-o64,1,aggregated,3,96,90,90,96,0.9375,0.9375,0.5069597223030042,0.005374562978844481,32.44542222739227,0.3439720306460468,0.5407570371232046,0.0057328671774340735,34.60845037588509,0.3669034993557807
100,50,i64-o64,1,disaggregated,3,96,39,39,96,0.40625,0.40625,0.21643793515782,0.0034749921394990457,13.85202785010048,0.22239949692793892,0.5327703019269415,0.008553826804920702,34.09729932332426,0.5474449155149249
100,50,i64-o64,2,aggregated,3,96,86,86,96,0.84375,0.8958333333333334,0.9641420004481229,0.05555600768440052,61.70508802867987,3.5555844918016333,1.0760819012459542,0.004883848551188994,68.86924167974107,0.31256630727609563
100,50,i64-o64,2,disaggregated,3,96,37,37,96,0.375,0.3854166666666667,0.4091373450450116,0.013481465806600212,26.184790082880742,0.8628138116224136,1.0619980915836817,0.014895657079479771,67.96787786135563,0.9533220530867054
100,50,i64-o64,4,aggregated,3,96,53,53,96,0.5,0.5520833333333334,1.105445788550687,0.10501667081075214,70.74853046724397,6.721066931888137,2.0013958188843204,0.023549000906719728,128.0893324085965,1.5071360580300626
100,50,i64-o64,4,disaggregated,3,96,7,7,96,0.03125,0.07291666666666667,0.11338802831917899,0.057500373766197495,7.256833812427455,3.6800239210366397,1.543640202039512,0.034548528578471245,98.79297293052876,2.2111058290221597
100,50,i64-o64,8,aggregated,3,96,9,9,96,0.09375,0.09375,0.18993381829799758,0.002395280857921598,12.155764371071845,0.15329797490698227,2.0259607285119743,0.025549662484497044,129.66148662476635,1.6351783990078108
100,50,i64-o64,8,disaggregated,3,96,3,3,96,0.03125,0.03125,0.04798389118725874,0.0011984869696405505,3.070969035984559,0.07670316605699523,1.5354845179922796,0.038351583028497616,98.2710091515059,2.4545013138238474
100,50,i704-o16,1,aggregated,3,96,0,0,96,0.0,0.0,0.0,0.0,0.0,0.0,1.7675390160318332,0.015710485856984677,28.28062425650933,0.25136777371175484
100,50,i704-o16,1,disaggregated,3,96,0,0,96,0.0,0.0,0.0,0.0,0.0,0.0,1.5068743964037539,0.015042369053473831,24.109990342460062,0.2406779048555813
100,50,i704-o16,2,aggregated,3,96,0,0,96,0.0,0.0,0.0,0.0,0.0,0.0,3.4231353134510694,0.020904963219625067,54.77016501521711,0.33447941151400107
100,50,i704-o16,2,disaggregated,3,96,0,0,96,0.0,0.0,0.0,0.0,0.0,0.0,2.9038899371858675,0.025379549177124205,46.46223899497388,0.4060727868339873
100,50,i704-o16,4,aggregated,3,96,0,0,96,0.0,0.0,0.0,0.0,0.0,0.0,6.13705847899473,0.026451181948233923,98.19293566391568,0.42321891117174276
100,50,i704-o16,4,disaggregated,3,96,0,0,96,0.0,0.0,0.0,0.0,0.0,0.0,4.807706438515174,0.1250408454339715,76.92330301624278,2.000653526943544
100,50,i704-o16,8,aggregated,3,96,0,0,96,0.0,0.0,0.0,0.0,0.0,0.0,6.26901513982759,0.05323281135010287,100.30424223724144,0.8517249816016459
100,50,i704-o16,8,disaggregated,3,96,0,0,96,0.0,0.0,0.0,0.0,0.0,0.0,5.194695140033942,0.1180547323063891,83.11512224054307,1.8888757169022257
100,50,i704-o256,1,aggregated,3,96,0,0,96,0.0,0.0,0.0,0.0,0.0,0.0,0.13315973441342704,0.0012079164472832916,34.08889200983732,0.30922661050452266
100,50,i704-o256,1,disaggregated,3,96,0,0,96,0.0,0.0,0.0,0.0,0.0,0.0,0.13193384669232183,0.002131816651440936,33.77506475323439,0.5457450627688796
100,50,i704-o256,2,aggregated,3,96,0,0,96,0.0,0.0,0.0,0.0,0.0,0.0,0.26410580486760143,0.001362346291233675,67.61108604610597,0.3487606505558208
100,50,i704-o256,2,disaggregated,3,96,0,0,96,0.0,0.0,0.0,0.0,0.0,0.0,0.26134501584656855,0.0037909228940693155,66.90432405672155,0.9704762608817448
100,50,i704-o256,4,aggregated,3,96,0,0,96,0.0,0.0,0.0,0.0,0.0,0.0,0.49510610991416354,0.006680299480468798,126.74716413802587,1.7101566670000123
100,50,i704-o256,4,disaggregated,3,96,0,0,96,0.0,0.0,0.0,0.0,0.0,0.0,0.3779514943446062,0.007244794533137345,96.75558255221918,1.8546674004831603
100,50,i704-o256,8,aggregated,3,96,0,0,96,0.0,0.0,0.0,0.0,0.0,0.0,0.49630706390823565,0.006032745851796616,127.05460836050833,1.5443829380599337
100,50,i704-o256,8,disaggregated,3,96,0,0,96,0.0,0.0,0.0,0.0,0.0,0.0,0.3762571932752105,0.006835298015528307,96.32184147845389,1.7498362919752466
100,50,i704-o64,1,aggregated,3,96,0,0,96,0.0,0.0,0.0,0.0,0.0,0.0,0.5129146812802884,0.0037243163276673703,32.82653960193846,0.2383562449707117
100,50,i704-o64,1,disaggregated,3,96,0,0,96,0.0,0.0,0.0,0.0,0.0,0.0,0.4876659180427332,0.007876828035810949,31.210618754734924,0.5041169942919007
100,50,i704-o64,2,aggregated,3,96,0,0,96,0.0,0.0,0.0,0.0,0.0,0.0,1.0153539462500099,0.005588110358331045,64.98265256000063,0.35763906293318687
100,50,i704-o64,2,disaggregated,3,96,0,0,96,0.0,0.0,0.0,0.0,0.0,0.0,0.9621512714349714,0.015229829721129363,61.57768137183817,0.9747091021522792
100,50,i704-o64,4,aggregated,3,96,0,0,96,0.0,0.0,0.0,0.0,0.0,0.0,1.8599615857959877,0.00974979465902817,119.03754149094321,0.6239868581778029
100,50,i704-o64,4,disaggregated,3,96,0,0,96,0.0,0.0,0.0,0.0,0.0,0.0,1.4630005116005735,0.027717615942049825,93.6320327424367,1.7739274202911888
100,50,i704-o64,8,aggregated,3,96,0,0,96,0.0,0.0,0.0,0.0,0.0,0.0,1.8899157972095058,0.008830952057150027,120.95461102140837,0.5651809316576017
100,50,i704-o64,8,disaggregated,3,96,0,0,96,0.0,0.0,0.0,0.0,0.0,0.0,1.4696514602957602,0.02710767303287764,94.05769345892865,1.734891074104169
100,50,mixed,1,aggregated,3,96,47,47,96,0.46875,0.4895833333333333,0.11075237552685623,0.00476472655748043,28.352608134875194,1.2197699987149901,0.2261834766108772,0.00161737723607549,34.15370496824246,0.24422396264740048
100,50,mixed,1,disaggregated,3,96,33,33,96,0.34375,0.34375,0.0771517256692475,0.0011495320144223754,19.75084177132736,0.2942801956921281,0.22444138376508363,0.0033440931328650994,33.89064894852763,0.5049580630626318
100,50,mixed,2,aggregated,3,96,50,50,96,0.5,0.5208333333333334,0.233000645799937,0.009563999798618801,59.648165324783875,2.448383948446413,0.44730072718407815,0.004167870441603936,67.54240980479581,0.6293484366821898
100,50,mixed,2,disaggregated,3,96,32,32,96,0.3125,0.3333333333333333,0.12891647207334084,0.006251067844100304,33.002616850775254,1.600273368089678,0.38683378874800795,0.0028800321584030067,58.4119021009492,0.4348848559188518
100,50,mixed,4,aggregated,3,96,29,29,96,0.25,0.3020833333333333,0.20217923030881566,0.03233750898682066,51.75788295905681,8.27840230062609,0.6691043364925959,0.007554465552609897,101.034754810382,1.1407242984440988
100,50,mixed,4,disaggregated,3,96,18,18,96,0.15625,0.1875,0.10875410846842065,0.015152604126168827,27.841051767915687,3.8790666562992198,0.581791526784986,0.017240912705006384,87.85052054453288,2.603377818455967
100,50,mixed,8,aggregated,3,96,13,13,96,0.09375,0.13541666666666666,0.09670905913268601,0.029563777494274763,24.75751913796762,7.568327038534339,0.7098480381050456,0.05799319648479546,107.18705375386189,8.75697266920412
100,50,mixed,8,disaggregated,3,96,3,3,96,0.03125,0.03125,0.01851797505532701,0.0003385759395086706,4.740601614163714,0.08667544051421967,0.5925752017704643,0.01083443006427746,89.4788554673401,1.6359989397058987
250,25,i256-o16,1,aggregated,3,96,32,96,32,0.28125,0.3333333333333333,0.6987902535651195,0.10231448951914338,11.180644057041912,1.637031832306294,2.095743024165223,0.00926042345225116,33.531888386643566,0.14816677523601857
250,25,i256-o16,1,disaggregated,3,96,32,96,32,0.21875,0.3333333333333333,0.6288556069794914,0.21831085503910397,10.061689711671862,3.4929736806256635,1.8779790777557706,0.03930303639384769,30.04766524409233,0.628848582301563
250,25,i256-o16,2,aggregated,3,96,27,96,27,0.21875,0.28125,1.1595959115896293,0.26055396810499126,18.55353458543407,4.16886348967986,4.121102994620531,0.02270022132089188,65.9376479139285,0.36320354113427006
250,25,i256-o16,2,disaggregated,3,96,28,96,28,0.1875,0.2916666666666667,1.0925485582030663,0.4235817087570164,17.48077693124906,6.777307340112262,3.7332473317280837,0.05683451735659063,59.73195730764934,0.9093522777054501
250,25,i256-o16,4,aggregated,3,96,8,96,8,0.0625,0.08333333333333333,0.6304576080658308,0.14518717846872928,10.087321729053293,2.3229948554996684,7.549238361982489,0.19520763464891508,120.78781379171983,3.1233221543826413
250,25,i256-o16,4,disaggregated,3,96,7,63,9,0.0625,0.07291666666666667,0.42385562010976396,0.1063117885828577,6.781689921756223,1.7009886173257232,5.810593578392465,0.13308093979812466,92.96949725427945,2.1292950367699945
250,25,i256-o16,8,aggregated,3,96,0,12,13,0.0,0.0,0.0,0.0,0.0,0.0,7.6864815158297635,0.0974544058928763,122.98370425327622,1.5592704942860207
250,25,i256-o16,8,disaggregated,3,96,0,7,12,0.0,0.0,0.0,0.0,0.0,0.0,5.880239402270708,0.09013848278998511,94.08383043633133,1.4422157246397618
250,25,i256-o256,1,aggregated,3,96,0,96,0,0.0,0.0,0.0,0.0,0.0,0.0,0.13468152047288184,0.0009767785451678136,34.47846924105775,0.2500553075629603
250,25,i256-o256,1,disaggregated,3,96,0,95,0,0.0,0.0,0.0,0.0,0.0,0.0,0.1340783425654771,0.002039709424550647,34.32405569676214,0.5221656126849656
250,25,i256-o256,2,aggregated,3,96,0,96,0,0.0,0.0,0.0,0.0,0.0,0.0,0.2682490491074594,0.0010473976364467066,68.6717565715096,0.2681337949303569
250,25,i256-o256,2,disaggregated,3,96,0,96,0,0.0,0.0,0.0,0.0,0.0,0.0,0.2669674524931047,0.004201077372182297,68.34366783823481,1.075475807278668
250,25,i256-o256,4,aggregated,3,96,0,86,0,0.0,0.0,0.0,0.0,0.0,0.0,0.5023034342476068,0.004622936634290753,128.58967916738735,1.1834717783784328
250,25,i256-o256,4,disaggregated,3,96,0,45,0,0.0,0.0,0.0,0.0,0.0,0.0,0.3827854162958466,0.008871425275032901,97.99306657173673,2.2710848704084228
250,25,i256-o256,8,aggregated,3,96,0,12,0,0.0,0.0,0.0,0.0,0.0,0.0,0.5027104281091086,0.005674246352636646,128.6938695959318,1.4526070662749815
250,25,i256-o256,8,disaggregated,3,96,0,6,0,0.0,0.0,0.0,0.0,0.0,0.0,0.37997334334851557,0.006318956168215353,97.27317589721999,1.6176527790631303
250,25,i256-o64,1,aggregated,3,96,0,96,0,0.0,0.0,0.0,0.0,0.0,0.0,0.5371730481620268,0.004071085573812895,34.37907508236972,0.2605494767240253
250,25,i256-o64,1,disaggregated,3,96,0,95,0,0.0,0.0,0.0,0.0,0.0,0.0,0.521395680355397,0.007589752506458044,33.369323542745406,0.4857441604133148
250,25,i256-o64,2,aggregated,3,96,0,96,0,0.0,0.0,0.0,0.0,0.0,0.0,1.0668221017734503,0.004768924920999102,68.27661451350082,0.30521119494394255
250,25,i256-o64,2,disaggregated,3,96,0,96,0,0.0,0.0,0.0,0.0,0.0,0.0,1.038939472508178,0.013320016656098803,66.49212624052339,0.8524810659903234
250,25,i256-o64,4,aggregated,3,96,0,94,0,0.0,0.0,0.0,0.0,0.0,0.0,1.975817126195673,0.0057593728230623115,126.45229607652307,0.36859986067598793
250,25,i256-o64,4,disaggregated,3,96,0,50,0,0.0,0.0,0.0,0.0,0.0,0.0,1.5125377519478755,0.019817767080911906,96.80241612466403,1.268337093178362
250,25,i256-o64,8,aggregated,3,96,0,12,0,0.0,0.0,0.0,0.0,0.0,0.0,1.9922015938518371,0.015706642949864118,127.50090200651758,1.0052251487913035
250,25,i256-o64,8,disaggregated,3,96,0,6,0,0.0,0.0,0.0,0.0,0.0,0.0,1.50892125619985,0.02171101314456493,96.5709603967904,1.3895048412521556
250,25,i64-o16,1,aggregated,3,96,30,96,30,0.28125,0.3125,0.6629578935109844,0.0696705488710359,10.607326296175751,1.1147287819365743,2.120744658231485,0.010853245263595452,33.93191453170376,0.17365192421752723
250,25,i64-o16,1,disaggregated,3,96,42,96,42,0.25,0.4375,0.9023649161031415,0.34986670890389643,14.437838657650264,5.597867342462343,2.0556847531098885,0.027501446169903385,32.890956049758216,0.44002313871845417
250,25,i64-o16,2,aggregated,3,96,34,96,34,0.28125,0.3541666666666667,1.4940320144264052,0.27581078740823256,23.904512230822483,4.412972598531721,4.217835986081198,0.009471339556007987,67.48537577729917,0.1515414328961278
250,25,i64-o16,2,disaggregated,3,96,33,96,33,0.21875,0.34375,1.3644079103902176,0.4361141898599375,21.83052656624348,6.977827037759,3.964687804867304,0.07208857292455283,63.435004877876864,1.1534171667928452
250,25,i64-o16,4,aggregated,3,96,9,96,9,0.09375,0.09375,0.7316227650448571,0.003909791196496226,11.705964240717714,0.06255665914393961,7.803976160478475,0.04170443942929311,124.8636185676556,0.6672710308686898
250,25,i64-o16,4,disaggregated,3,96,8,61,11,0.0,0.08333333333333333,0.5006645513498149,0.5649975992732544,8.010632821597039,9.039961588372071,5.640218821154343,0.7724160768234212,90.24350113846948,12.358657229174739
250,25,i64-o16,8,aggregated,3,96,0,12,8,0.0,0.0,0.0,0.0,0.0,0.0,7.744913468815028,0.10533698778079977,123.91861550104045,1.6853918044927962
250,25,i64-o16,8,disaggregated,3,96,0,8,12,0.0,0.0,0.0,0.0,0.0,0.0,5.920288111108862,0.3463379506091306,94.72460977774179,5.541407209746089
250,25,i64-o256,1,aggregated,3,96,0,96,0,0.0,0.0,0.0,0.0,0.0,0.0,0.13529434025893733,0.0009768817592908968,34.635351106287956,0.2500817303784696
250,25,i64-o256,1,disaggregated,3,96,0,96,0,0.0,0.0,0.0,0.0,0.0,0.0,0.13486909063847818,0.0020652583201577154,34.526487203450415,0.5287061299603751
250,25,i64-o256,2,aggregated,3,96,0,96,0,0.0,0.0,0.0,0.0,0.0,0.0,0.26918178349348154,0.0006358395052080113,68.91053657433127,0.1627749133332509
250,25,i64-o256,2,disaggregated,3,96,0,96,0,0.0,0.0,0.0,0.0,0.0,0.0,0.269717758183404,0.003832365232771815,69.04774609495142,0.9810854995895847
250,25,i64-o256,4,aggregated,3,96,0,82,0,0.0,0.0,0.0,0.0,0.0,0.0,0.5018380722774222,0.004919935539386469,128.47054650302007,1.259503498082936
250,25,i64-o256,4,disaggregated,3,96,0,47,0,0.0,0.0,0.0,0.0,0.0,0.0,0.3835581623173795,0.007726159588768941,98.19088955324915,1.977896854724849
250,25,i64-o256,8,aggregated,3,96,0,12,0,0.0,0.0,0.0,0.0,0.0,0.0,0.5056166299895594,0.006544388469786255,129.4378572773272,1.6753634482652813
250,25,i64-o256,8,disaggregated,3,96,0,9,0,0.0,0.0,0.0,0.0,0.0,0.0,0.38441359800658825,0.009644968976149536,98.40988108968659,2.4691120578942813
250,25,i64-o64,1,aggregated,3,96,0,96,0,0.0,0.0,0.0,0.0,0.0,0.0,0.5407570371232046,0.0057328671774340735,34.60845037588509,0.3669034993557807
250,25,i64-o64,1,disaggregated,3,96,0,96,0,0.0,0.0,0.0,0.0,0.0,0.0,0.5327703019269415,0.008553826804920702,34.09729932332426,0.5474449155149249
250,25,i64-o64,2,aggregated,3,96,0,96,0,0.0,0.0,0.0,0.0,0.0,0.0,1.0760819012459542,0.004883848551188994,68.86924167974107,0.31256630727609563
250,25,i64-o64,2,disaggregated,3,96,0,96,0,0.0,0.0,0.0,0.0,0.0,0.0,1.0619980915836817,0.014895657079479771,67.96787786135563,0.9533220530867054
250,25,i64-o64,4,aggregated,3,96,0,96,0,0.0,0.0,0.0,0.0,0.0,0.0,2.0013958188843204,0.023549000906719728,128.0893324085965,1.5071360580300626
250,25,i64-o64,4,disaggregated,3,96,0,65,0,0.0,0.0,0.0,0.0,0.0,0.0,1.543640202039512,0.034548528578471245,98.79297293052876,2.2111058290221597
250,25,i64-o64,8,aggregated,3,96,0,12,0,0.0,0.0,0.0,0.0,0.0,0.0,2.0259607285119743,0.025549662484497044,129.66148662476635,1.6351783990078108
250,25,i64-o64,8,disaggregated,3,96,0,9,0,0.0,0.0,0.0,0.0,0.0,0.0,1.5354845179922796,0.038351583028497616,98.2710091515059,2.4545013138238474
250,25,i704-o16,1,aggregated,3,96,27,86,37,0.1875,0.28125,0.4980324693269641,0.169498590129389,7.968519509231426,2.711977442070224,1.7675390160318332,0.015710485856984677,28.28062425650933,0.25136777371175484
250,25,i704-o16,1,disaggregated,3,96,0,0,38,0.0,0.0,0.0,0.0,0.0,0.0,1.5068743964037539,0.015042369053473831,24.109990342460062,0.2406779048555813
250,25,i704-o16,2,aggregated,3,96,14,75,35,0.0625,0.14583333333333334,0.49866934444166894,0.2459012547603479,7.978709511066703,3.9344200761655665,3.4231353134510694,0.020904963219625067,54.77016501521711,0.33447941151400107
250,25,i704-o16,2,disaggregated,3,96,0,0,31,0.0,0.0,0.0,0.0,0.0,0.0,2.9038899371858675,0.025379549177124205,46.46223899497388,0.4060727868339873
250,25,i704-o16,4,aggregated,3,96,0,68,25,0.0,0.0,0.0,0.0,0.0,0.0,6.13705847899473,0.026451181948233923,98.19293566391568,0.42321891117174276
250,25,i704-o16,4,disaggregated,3,96,0,0,25,0.0,0.0,0.0,0.0,0.0,0.0,4.807706438515174,0.1250408454339715,76.92330301624278,2.000653526943544
250,25,i704-o16,8,aggregated,3,96,0,6,25,0.0,0.0,0.0,0.0,0.0,0.0,6.26901513982759,0.05323281135010287,100.30424223724144,0.8517249816016459
250,25,i704-o16,8,disaggregated,3,96,0,0,22,0.0,0.0,0.0,0.0,0.0,0.0,5.194695140033942,0.1180547323063891,83.11512224054307,1.8888757169022257
250,25,i704-o256,1,aggregated,3,96,0,75,0,0.0,0.0,0.0,0.0,0.0,0.0,0.13315973441342704,0.0012079164472832916,34.08889200983732,0.30922661050452266
250,25,i704-o256,1,disaggregated,3,96,0,0,0,0.0,0.0,0.0,0.0,0.0,0.0,0.13193384669232183,0.002131816651440936,33.77506475323439,0.5457450627688796
250,25,i704-o256,2,aggregated,3,96,0,76,0,0.0,0.0,0.0,0.0,0.0,0.0,0.26410580486760143,0.001362346291233675,67.61108604610597,0.3487606505558208
250,25,i704-o256,2,disaggregated,3,96,0,0,0,0.0,0.0,0.0,0.0,0.0,0.0,0.26134501584656855,0.0037909228940693155,66.90432405672155,0.9704762608817448
250,25,i704-o256,4,aggregated,3,96,0,56,0,0.0,0.0,0.0,0.0,0.0,0.0,0.49510610991416354,0.006680299480468798,126.74716413802587,1.7101566670000123
250,25,i704-o256,4,disaggregated,3,96,0,0,0,0.0,0.0,0.0,0.0,0.0,0.0,0.3779514943446062,0.007244794533137345,96.75558255221918,1.8546674004831603
250,25,i704-o256,8,aggregated,3,96,0,4,0,0.0,0.0,0.0,0.0,0.0,0.0,0.49630706390823565,0.006032745851796616,127.05460836050833,1.5443829380599337
250,25,i704-o256,8,disaggregated,3,96,0,0,0,0.0,0.0,0.0,0.0,0.0,0.0,0.3762571932752105,0.006835298015528307,96.32184147845389,1.7498362919752466
250,25,i704-o64,1,aggregated,3,96,0,81,0,0.0,0.0,0.0,0.0,0.0,0.0,0.5129146812802884,0.0037243163276673703,32.82653960193846,0.2383562449707117
250,25,i704-o64,1,disaggregated,3,96,0,0,0,0.0,0.0,0.0,0.0,0.0,0.0,0.4876659180427332,0.007876828035810949,31.210618754734924,0.5041169942919007
250,25,i704-o64,2,aggregated,3,96,0,78,0,0.0,0.0,0.0,0.0,0.0,0.0,1.0153539462500099,0.005588110358331045,64.98265256000063,0.35763906293318687
250,25,i704-o64,2,disaggregated,3,96,0,0,0,0.0,0.0,0.0,0.0,0.0,0.0,0.9621512714349714,0.015229829721129363,61.57768137183817,0.9747091021522792
250,25,i704-o64,4,aggregated,3,96,0,62,0,0.0,0.0,0.0,0.0,0.0,0.0,1.8599615857959877,0.00974979465902817,119.03754149094321,0.6239868581778029
250,25,i704-o64,4,disaggregated,3,96,0,0,0,0.0,0.0,0.0,0.0,0.0,0.0,1.4630005116005735,0.027717615942049825,93.6320327424367,1.7739274202911888
250,25,i704-o64,8,aggregated,3,96,0,8,0,0.0,0.0,0.0,0.0,0.0,0.0,1.8899157972095058,0.008830952057150027,120.95461102140837,0.5651809316576017
250,25,i704-o64,8,disaggregated,3,96,0,0,0,0.0,0.0,0.0,0.0,0.0,0.0,1.4696514602957602,0.02710767303287764,94.05769345892865,1.734891074104169
250,25,mixed,1,aggregated,3,96,11,89,18,0.0625,0.11458333333333333,0.025967264098706647,0.010962702178373718,0.41547622557930636,0.1754032348539795,0.2261834766108772,0.00161737723607549,34.15370496824246,0.24422396264740048
250,25,mixed,1,disaggregated,3,96,0,54,16,0.0,0.0,0.0,0.0,0.0,0.0,0.22444138376508363,0.0033440931328650994,33.89064894852763,0.5049580630626318
250,25,mixed,2,aggregated,3,96,7,87,16,0.03125,0.07291666666666667,0.03265168565855382,0.016222632777336033,0.5224269705368612,0.25956212443737653,0.44730072718407815,0.004167870441603936,67.54240980479581,0.6293484366821898
250,25,mixed,2,disaggregated,3,96,0,48,16,0.0,0.0,0.0,0.0,0.0,0.0,0.38683378874800795,0.0028800321584030067,58.4119021009492,0.4348848559188518
250,25,mixed,4,aggregated,3,96,1,60,13,0.0,0.010416666666666666,0.00692158071980957,0.011988529475399336,0.11074529151695311,0.19181647160638937,0.6691043364925959,0.007554465552609897,101.034754810382,1.1407242984440988
250,25,mixed,4,disaggregated,3,96,0,36,12,0.0,0.0,0.0,0.0,0.0,0.0,0.581791526784986,0.017240912705006384,87.85052054453288,2.603377818455967
250,25,mixed,8,aggregated,3,96,0,21,15,0.0,0.0,0.0,0.0,0.0,0.0,0.7098480381050456,0.05799319648479546,107.18705375386189,8.75697266920412
250,25,mixed,8,disaggregated,3,96,0,11,13,0.0,0.0,0.0,0.0,0.0,0.0,0.5925752017704643,0.01083443006427746,89.4788554673401,1.6359989397058987
250,30,i256-o16,1,aggregated,3,96,96,96,96,1.0,1.0,2.095743024165223,0.00926042345225116,33.531888386643566,0.14816677523601857,2.095743024165223,0.00926042345225116,33.531888386643566,0.14816677523601857
250,30,i256-o16,1,disaggregated,3,96,96,96,96,1.0,1.0,1.8779790777557706,0.03930303639384769,30.04766524409233,0.628848582301563,1.8779790777557706,0.03930303639384769,30.04766524409233,0.628848582301563
250,30,i256-o16,2,aggregated,3,96,96,96,96,1.0,1.0,4.121102994620531,0.02270022132089188,65.9376479139285,0.36320354113427006,4.121102994620531,0.02270022132089188,65.9376479139285,0.36320354113427006
250,30,i256-o16,2,disaggregated,3,96,96,96,96,1.0,1.0,3.7332473317280837,0.05683451735659063,59.73195730764934,0.9093522777054501,3.7332473317280837,0.05683451735659063,59.73195730764934,0.9093522777054501
250,30,i256-o16,4,aggregated,3,96,87,96,87,0.84375,0.90625,6.851833919302931,0.8047180672160116,109.62934270884689,12.875489075456185,7.549238361982489,0.19520763464891508,120.78781379171983,3.1233221543826413
250,30,i256-o16,4,disaggregated,3,96,56,63,82,0.5,0.5833333333333334,3.3953608897154686,0.4863625763448007,54.3257742354475,7.781801221516811,5.810593578392465,0.13308093979812466,92.96949725427945,2.1292950367699945
250,30,i256-o16,8,aggregated,3,96,10,12,90,0.09375,0.10416666666666667,0.8013712917888873,0.14549837352336203,12.821940668622197,2.3279739763737926,7.6864815158297635,0.0974544058928763,122.98370425327622,1.5592704942860207
250,30,i256-o16,8,disaggregated,3,96,1,7,82,0.0,0.010416666666666666,0.061735631998324346,0.1069292512584727,0.9877701119731895,1.7108680201355633,5.880239402270708,0.09013848278998511,94.08383043633133,1.4422157246397618
250,30,i256-o256,1,aggregated,3,96,96,96,96,1.0,1.0,0.13468152047288184,0.0009767785451678136,34.47846924105775,0.2500553075629603,0.13468152047288184,0.0009767785451678136,34.47846924105775,0.2500553075629603
250,30,i256-o256,1,disaggregated,3,96,92,95,93,0.875,0.9583333333333334,0.1285898652618073,0.011545769788084994,32.91900550702267,2.9557170657497585,0.1340783425654771,0.002039709424550647,34.32405569676214,0.5221656126849656
250,30,i256-o256,2,aggregated,3,96,96,96,96,1.0,1.0,0.2682490491074594,0.0010473976364467066,68.6717565715096,0.2681337949303569,0.2682490491074594,0.0010473976364467066,68.6717565715096,0.2681337949303569
250,30,i256-o256,2,disaggregated,3,96,91,96,91,0.84375,0.9479166666666666,0.25331470564994235,0.027836359000380614,64.84856464638524,7.126107904097437,0.2669674524931047,0.004201077372182297,68.34366783823481,1.075475807278668
250,30,i256-o256,4,aggregated,3,96,40,86,43,0.40625,0.4166666666666667,0.20934870237640263,0.011037020906732782,53.59326780835907,2.8254773521235923,0.5023034342476068,0.004622936634290753,128.58967916738735,1.1834717783784328
250,30,i256-o256,4,disaggregated,3,96,42,45,79,0.34375,0.4375,0.16792526731045146,0.05457754612506659,42.988868431475574,13.971851808017046,0.3827854162958466,0.008871425275032901,97.99306657173673,2.2710848704084228
250,30,i256-o256,8,aggregated,3,96,4,12,38,0.03125,0.041666666666666664,0.02089698907456333,0.008857466376861318,5.349629203088212,2.2675113924764974,0.5027104281091086,0.005674246352636646,128.6938695959318,1.4526070662749815
250,30,i256-o256,8,disaggregated,3,96,2,6,81,0.0,0.020833333333333332,0.007992078920571865,0.006921346162794819,2.0459722036663974,1.7718646176754738,0.37997334334851557,0.006318956168215353,97.27317589721999,1.6176527790631303
250,30,i256-o64,1,aggregated,3,96,96,96,96,1.0,1.0,0.5371730481620268,0.004071085573812895,34.37907508236972,0.2605494767240253,0.5371730481620268,0.004071085573812895,34.37907508236972,0.2605494767240253
250,30,i256-o64,1,disaggregated,3,96,95,95,96,0.96875,0.9895833333333334,0.5160544341332015,0.01678013031140404,33.0274837845249,1.0739283399298585,0.521395680355397,0.007589752506458044,33.369323542745406,0.4857441604133148
250,30,i256-o64,2,aggregated,3,96,96,96,96,1.0,1.0,1.0668221017734503,0.004768924920999102,68.27661451350082,0.30521119494394255,1.0668221017734503,0.004768924920999102,68.27661451350082,0.30521119494394255
250,30,i256-o64,2,disaggregated,3,96,96,96,96,1.0,1.0,1.038939472508178,0.013320016656098803,66.49212624052339,0.8524810659903234,1.038939472508178,0.013320016656098803,66.49212624052339,0.8524810659903234
250,30,i256-o64,4,aggregated,3,96,61,94,62,0.59375,0.6354166666666666,1.255516005398576,0.09524691127626901,80.35302434550887,6.095802321681217,1.975817126195673,0.0057593728230623115,126.45229607652307,0.36859986067598793
250,30,i256-o64,4,disaggregated,3,96,44,50,82,0.3125,0.4583333333333333,0.6948596115957519,0.2443931453770364,44.471015142128124,15.64116130413033,1.5125377519478755,0.019817767080911906,96.80241612466403,1.268337093178362
250,30,i256-o64,8,aggregated,3,96,8,12,66,0.0625,0.08333333333333333,0.16600089315847377,0.03587728039161741,10.624057162142321,2.296145945063514,1.9922015938518371,0.015706642949864118,127.50090200651758,1.0052251487913035
250,30,i256-o64,8,disaggregated,3,96,2,6,80,0.0,0.020833333333333332,0.03169649703450646,0.02745000406413382,2.0285758102084133,1.7568002601045645,1.50892125619985,0.02171101314456493,96.5709603967904,1.3895048412521556
250,30,i64-o16,1,aggregated,3,96,96,96,96,1.0,1.0,2.120744658231485,0.010853245263595452,33.93191453170376,0.17365192421752723,2.120744658231485,0.010853245263595452,33.93191453170376,0.17365192421752723
250,30,i64-o16,1,disaggregated,3,96,96,96,96,1.0,1.0,2.0556847531098885,0.027501446169903385,32.890956049758216,0.44002313871845417,2.0556847531098885,0.027501446169903385,32.890956049758216,0.44002313871845417
250,30,i64-o16,2,aggregated,3,96,96,96,96,1.0,1.0,4.217835986081198,0.009471339556007987,67.48537577729917,0.1515414328961278,4.217835986081198,0.009471339556007987,67.48537577729917,0.1515414328961278
250,30,i64-o16,2,disaggregated,3,96,94,96,94,0.9375,0.9791666666666666,3.883266355516325,0.19716960669247482,62.1322616882612,3.154713707079597,3.964687804867304,0.07208857292455283,63.435004877876864,1.1534171667928452
250,30,i64-o16,4,aggregated,3,96,93,96,93,0.96875,0.96875,7.560101905463523,0.040401175697127326,120.96163048741637,0.6464188111540372,7.803976160478475,0.04170443942929311,124.8636185676556,0.6672710308686898
250,30,i64-o16,4,disaggregated,3,96,47,61,71,0.09375,0.4895833333333333,2.9349004356297463,2.1571506824318587,46.95840697007594,34.51441091890974,5.640218821154343,0.7724160768234212,90.24350113846948,12.358657229174739
250,30,i64-o16,8,aggregated,3,96,11,12,88,0.09375,0.11458333333333333,0.8880593464034476,0.1455692397834905,14.208949542455162,2.329107836535848,7.744913468815028,0.10533698778079977,123.91861550104045,1.6853918044927962
250,30,i64-o16,8,disaggregated,3,96,6,8,82,0.03125,0.0625,0.3751978518503494,0.196483695882658,6.00316562960559,3.143739134122528,5.920288111108862,0.3463379506091306,94.72460977774179,5.541407209746089
250,30,i64-o256,1,aggregated,3,96,96,96,96,1.0,1.0,0.13529434025893733,0.0009768817592908968,34.635351106287956,0.2500817303784696,0.13529434025893733,0.0009768817592908968,34.635351106287956,0.2500817303784696
250,30,i64-o256,1,disaggregated,3,96,94,96,94,0.9375,0.9791666666666666,0.13210900011481652,0.00684586966101398,33.81990402939303,1.7525426332195788,0.13486909063847818,0.0020652583201577154,34.526487203450415,0.5287061299603751
250,30,i64-o256,2,aggregated,3,96,96,96,96,1.0,1.0,0.26918178349348154,0.0006358395052080113,68.91053657433127,0.1627749133332509,0.26918178349348154,0.0006358395052080113,68.91053657433127,0.1627749133332509
250,30,i64-o256,2,disaggregated,3,96,94,96,94,0.9375,0.9791666666666666,0.26419020993016606,0.013387921648446321,67.63269374212251,3.4273079420022583,0.269717758183404,0.003832365232771815,69.04774609495142,0.9810854995895847
250,30,i64-o256,4,aggregated,3,96,40,82,42,0.3125,0.4166666666666667,0.20927252985434258,0.04919330686137088,53.5737676427117,12.593486556510944,0.5018380722774222,0.004919935539386469,128.47054650302007,1.259503498082936
250,30,i64-o256,4,disaggregated,3,96,45,47,82,0.34375,0.46875,0.18035911784139247,0.0659774771110387,46.17193416739647,16.890234140425907,0.3835581623173795,0.007726159588768941,98.19088955324915,1.977896854724849
250,30,i64-o256,8,aggregated,3,96,3,12,41,0.0,0.03125,0.015858976920887974,0.015782104097662814,4.059898091747321,4.04021864900168,0.5056166299895594,0.006544388469786255,129.4378572773272,1.6753634482652813
250,30,i64-o256,8,disaggregated,3,96,7,9,83,0.03125,0.07291666666666667,0.028262179682067155,0.01437367226116106,7.235117998609192,3.6796600988572314,0.38441359800658825,0.009644968976149536,98.40988108968659,2.4691120578942813
250,30,i64-o64,1,aggregated,3,96,96,96,96,1.0,1.0,0.5407570371232046,0.0057328671774340735,34.60845037588509,0.3669034993557807,0.5407570371232046,0.0057328671774340735,34.60845037588509,0.3669034993557807
250,30,i64-o64,1,disaggregated,3,96,95,96,95,0.96875,0.9895833333333334,0.5273212429501303,0.017893263482388004,33.74855954880834,1.1451688628728323,0.5327703019269415,0.008553826804920702,34.09729932332426,0.5474449155149249
250,30,i64-o64,2,aggregated,3,96,96,96,96,1.0,1.0,1.0760819012459542,0.004883848551188994,68.86924167974107,0.31256630727609563,1.0760819012459542,0.004883848551188994,68.86924167974107,0.31256630727609563
250,30,i64-o64,2,disaggregated,3,96,96,96,96,1.0,1.0,1.0619980915836817,0.014895657079479771,67.96787786135563,0.9533220530867054,1.0619980915836817,0.014895657079479771,67.96787786135563,0.9533220530867054
250,30,i64-o64,4,aggregated,3,96,70,96,70,0.625,0.7291666666666666,1.4613760899657564,0.2788955874619162,93.52806975780841,17.849317597562635,2.0013958188843204,0.023549000906719728,128.0893324085965,1.5071360580300626
250,30,i64-o64,4,disaggregated,3,96,62,65,91,0.59375,0.6458333333333334,0.9979655084668783,0.09412654348304078,63.86979254188021,6.02409878291461,1.543640202039512,0.034548528578471245,98.79297293052876,2.2111058290221597
250,30,i64-o64,8,aggregated,3,96,8,12,76,0.0625,0.08333333333333333,0.1689057103298486,0.0370841218181642,10.80996546111031,2.373383796362509,2.0259607285119743,0.025549662484497044,129.66148662476635,1.6351783990078108
250,30,i64-o64,8,disaggregated,3,96,8,9,88,0.0625,0.08333333333333333,0.12841560383508666,0.030485897576984295,8.218598645445546,1.9510974449269949,1.5354845179922796,0.038351583028497616,98.2710091515059,2.4545013138238474
250,30,i704-o16,1,aggregated,3,96,86,86,96,0.8125,0.8958333333333334,1.5841683821901777,0.14085694408184074,25.346694115042844,2.253711105309452,1.7675390160318332,0.015710485856984677,28.28062425650933,0.25136777371175484
250,30,i704-o16,1,disaggregated,3,96,0,0,96,0.0,0.0,0.0,0.0,0.0,0.0,1.5068743964037539,0.015042369053473831,24.109990342460062,0.2406779048555813
250,30,i704-o16,2,aggregated,3,96,75,75,96,0.78125,0.78125,2.674324463633648,0.016332002515332227,42.789191418138365,0.2613120402453156,3.4231353134510694,0.020904963219625067,54.77016501521711,0.33447941151400107
250,30,i704-o16,2,disaggregated,3,96,0,0,96,0.0,0.0,0.0,0.0,0.0,0.0,2.9038899371858675,0.025379549177124205,46.46223899497388,0.4060727868339873
250,30,i704-o16,4,aggregated,3,96,61,68,89,0.59375,0.6354166666666666,3.8998254904913043,0.2280579157355692,62.39720784786087,3.648926651769107,6.13705847899473,0.026451181948233923,98.19293566391568,0.42321891117174276
250,30,i704-o16,4,disaggregated,3,96,0,0,75,0.0,0.0,0.0,0.0,0.0,0.0,4.807706438515174,0.1250408454339715,76.92330301624278,2.000653526943544
250,30,i704-o16,8,aggregated,3,96,6,6,89,0.0625,0.0625,0.39181344623922437,0.0033270507093814293,6.26901513982759,0.05323281135010287,6.26901513982759,0.05323281135010287,100.30424223724144,0.8517249816016459
250,30,i704-o16,8,disaggregated,3,96,0,0,52,0.0,0.0,0.0,0.0,0.0,0.0,5.194695140033942,0.1180547323063891,83.11512224054307,1.8888757169022257
250,30,i704-o256,1,aggregated,3,96,75,75,96,0.78125,0.78125,0.10403104251048989,0.0009436847244400703,26.631946882685412,0.241583289456658,0.13315973441342704,0.0012079164472832916,34.08889200983732,0.30922661050452266
250,30,i704-o256,1,disaggregated,3,96,0,0,95,0.0,0.0,0.0,0.0,0.0,0.0,0.13193384669232183,0.002131816651440936,33.77506475323439,0.5457450627688796
250,30,i704-o256,2,aggregated,3,96,76,76,96,0.78125,0.7916666666666666,0.2090836430966914,0.004874711741826079,53.525412632752996,1.2479262059074763,0.26410580486760143,0.001362346291233675,67.61108604610597,0.3487606505558208
250,30,i704-o256,2,disaggregated,3,96,0,0,92,0.0,0.0,0.0,0.0,0.0,0.0,0.26134501584656855,0.0037909228940693155,66.90432405672155,0.9704762608817448
250,30,i704-o256,4,aggregated,3,96,22,56,37,0.09375,0.22916666666666666,0.11340671502274831,0.061984154220839874,29.032119045823567,15.867943480535008,0.49510610991416354,0.006680299480468798,126.74716413802587,1.7101566670000123
250,30,i704-o256,4,disaggregated,3,96,0,0,77,0.0,0.0,0.0,0.0,0.0,0.0,0.3779514943446062,0.007244794533137345,96.75558255221918,1.8546674004831603
250,30,i704-o256,8,aggregated,3,96,2,4,43,0.0,0.020833333333333332,0.010372961249435058,0.008984811124346688,2.6554780798553748,2.300111647832752,0.49630706390823565,0.006032745851796616,127.05460836050833,1.5443829380599337
250,30,i704-o256,8,disaggregated,3,96,0,0,70,0.0,0.0,0.0,0.0,0.0,0.0,0.3762571932752105,0.006835298015528307,96.32184147845389,1.7498362919752466
250,30,i704-o64,1,aggregated,3,96,81,81,96,0.78125,0.84375,0.432891756639959,0.030499512484875008,27.705072424957375,1.9519687990320005,0.5129146812802884,0.0037243163276673703,32.82653960193846,0.2383562449707117
250,30,i704-o64,1,disaggregated,3,96,0,0,96,0.0,0.0,0.0,0.0,0.0,0.0,0.4876659180427332,0.007876828035810949,31.210618754734924,0.5041169942919007
250,30,i704-o64,2,aggregated,3,96,78,78,96,0.78125,0.8125,0.8250914028276196,0.03627160542347225,52.805849780967655,2.321382747102224,1.0153539462500099,0.005588110358331045,64.98265256000063,0.35763906293318687
250,30,i704-o64,2,disaggregated,3,96,0,0,95,0.0,0.0,0.0,0.0,0.0,0.0,0.9621512714349714,0.015229829721129363,61.57768137183817,0.9747091021522792
250,30,i704-o64,4,aggregated,3,96,36,62,60,0.21875,0.375,0.6979294086921818,0.2673160728500414,44.667482156299634,17.10822866240265,1.8599615857959877,0.00974979465902817,119.03754149094321,0.6239868581778029
250,30,i704-o64,4,disaggregated,3,96,0,0,74,0.0,0.0,0.0,0.0,0.0,0.0,1.4630005116005735,0.027717615942049825,93.6320327424367,1.7739274202911888
250,30,i704-o64,8,aggregated,3,96,5,8,60,0.03125,0.052083333333333336,0.09852385220606429,0.034413752140288634,6.305526541188114,2.2024801369784726,1.8899157972095058,0.008830952057150027,120.95461102140837,0.5651809316576017
250,30,i704-o64,8,disaggregated,3,96,0,0,66,0.0,0.0,0.0,0.0,0.0,0.0,1.4696514602957602,0.02710767303287764,94.05769345892865,1.734891074104169
250,30,mixed,1,aggregated,3,96,89,89,96,0.875,0.9270833333333334,0.20974133884504437,0.012254244745819712,33.89063076398913,0.41282472827865474,0.2261834766108772,0.00161737723607549,34.15370496824246,0.24422396264740048
250,30,mixed,1,disaggregated,3,96,52,54,94,0.5,0.5416666666666666,0.12165267792219654,0.009837372692757574,31.143085548082315,2.518367409345939,0.22444138376508363,0.0033440931328650994,33.89064894852763,0.5049580630626318
250,30,mixed,2,aggregated,3,96,87,87,96,0.90625,0.90625,0.40536628401057084,0.0037771325877035754,66.87145871401968,0.6230966310197851,0.44730072718407815,0.004167870441603936,67.54240980479581,0.6293484366821898
250,30,mixed,2,disaggregated,3,96,47,48,95,0.46875,0.4895833333333333,0.1894189533406942,0.008258545794930778,48.491252055217714,2.1141877235022792,0.38683378874800795,0.0028800321584030067,58.4119021009492,0.4348848559188518
250,30,mixed,4,aggregated,3,96,42,60,75,0.40625,0.4375,0.29300556630337365,0.039755318032781574,49.91801235519131,9.894232099711331,0.6691043364925959,0.007554465552609897,101.034754810382,1.1407242984440988
250,30,mixed,4,disaggregated,3,96,30,36,86,0.1875,0.3125,0.18304351199395194,0.06725957348782707,46.8591390704517,17.21845081288373,0.581791526784986,0.017240912705006384,87.85052054453288,2.603377818455967
250,30,mixed,8,aggregated,3,96,11,21,66,0.09375,0.11458333333333333,0.08162865635251701,0.016688770299127128,17.277639359003796,1.5137908095022357,0.7098480381050456,0.05799319648479546,107.18705375386189,8.75697266920412
250,30,mixed,8,disaggregated,3,96,9,11,79,0.0625,0.09375,0.0554315203971422,0.018146789121528912,14.190469221668403,4.6455780151114014,0.5925752017704643,0.01083443006427746,89.4788554673401,1.6359989397058987
250,35,i256-o16,1,aggregated,3,96,96,96,96,1.0,1.0,2.095743024165223,0.00926042345225116,33.531888386643566,0.14816677523601857,2.095743024165223,0.00926042345225116,33.531888386643566,0.14816677523601857
250,35,i256-o16,1,disaggregated,3,96,96,96,96,1.0,1.0,1.8779790777557706,0.03930303639384769,30.04766524409233,0.628848582301563,1.8779790777557706,0.03930303639384769,30.04766524409233,0.628848582301563
250,35,i256-o16,2,aggregated,3,96,96,96,96,1.0,1.0,4.121102994620531,0.02270022132089188,65.9376479139285,0.36320354113427006,4.121102994620531,0.02270022132089188,65.9376479139285,0.36320354113427006
250,35,i256-o16,2,disaggregated,3,96,96,96,96,1.0,1.0,3.7332473317280837,0.05683451735659063,59.73195730764934,0.9093522777054501,3.7332473317280837,0.05683451735659063,59.73195730764934,0.9093522777054501
250,35,i256-o16,4,aggregated,3,96,96,96,96,1.0,1.0,7.549238361982489,0.19520763464891508,120.78781379171983,3.1233221543826413,7.549238361982489,0.19520763464891508,120.78781379171983,3.1233221543826413
250,35,i256-o16,4,disaggregated,3,96,63,63,96,0.65625,0.65625,3.8132020358200553,0.0873343667425195,61.011232573120886,1.397349867880312,5.810593578392465,0.13308093979812466,92.96949725427945,2.1292950367699945
250,35,i256-o16,8,aggregated,3,96,12,12,96,0.125,0.125,0.9608101894787204,0.012181800736609537,15.372963031659527,0.1949088117857526,7.6864815158297635,0.0974544058928763,122.98370425327622,1.5592704942860207
250,35,i256-o16,8,disaggregated,3,96,7,7,96,0.0625,0.07291666666666667,0.4292505946402436,0.109555858040036,6.868009514243898,1.752893728640576,5.880239402270708,0.09013848278998511,94.08383043633133,1.4422157246397618
250,35,i256-o256,1,aggregated,3,96,96,96,96,1.0,1.0,0.13468152047288184,0.0009767785451678136,34.47846924105775,0.2500553075629603,0.13468152047288184,0.0009767785451678136,34.47846924105775,0.2500553075629603
250,35,i256-o256,1,disaggregated,3,96,95,95,96,0.96875,0.9895833333333334,0.13270622323955966,0.004416119099538547,33.97279314932727,1.130526489481868,0.1340783425654771,0.002039709424550647,34.32405569676214,0.5221656126849656
250,35,i256-o256,2,aggregated,3,96,96,96,96,1.0,1.0,0.2682490491074594,0.0010473976364467066,68.6717565715096,0.2681337949303569,0.2682490491074594,0.0010473976364467066,68.6717565715096,0.2681337949303569
250,35,i256-o256,2,disaggregated,3,96,96,96,96,1.0,1.0,0.2669674524931047,0.004201077372182297,68.34366783823481,1.075475807278668,0.2669674524931047,0.004201077372182297,68.34366783823481,1.075475807278668
250,35,i256-o256,4,aggregated,3,96,86,86,96,0.8125,0.8958333333333334,0.4501753967467378,0.042981112512425416,115.24490156716487,11.003164803180907,0.5023034342476068,0.004622936634290753,128.58967916738735,1.1834717783784328
250,35,i256-o256,4,disaggregated,3,96,45,45,96,0.375,0.46875,0.17956739793682766,0.044644106523922845,45.96925387182788,11.428891270124248,0.3827854162958466,0.008871425275032901,97.99306657173673,2.2710848704084228
250,35,i256-o256,8,aggregated,3,96,12,12,96,0.125,0.125,0.06283880351363857,0.0007092807940795808,16.086733699491475,0.18157588328437269,0.5027104281091086,0.005674246352636646,128.6938695959318,1.4526070662749815
250,35,i256-o256,8,disaggregated,3,96,6,6,96,0.0625,0.0625,0.023748333959282223,0.00039493476051345955,6.079573493576249,0.10110329869144564,0.37997334334851557,0.006318956168215353,97.27317589721999,1.6176527790631303
250,35,i256-o64,1,aggregated,3,96,96,96,96,1.0,1.0,0.5371730481620268,0.004071085573812895,34.37907508236972,0.2605494767240253,0.5371730481620268,0.004071085573812895,34.37907508236972,0.2605494767240253
250,35,i256-o64,1,disaggregated,3,96,95,95,96,0.96875,0.9895833333333334,0.5160544341332015,0.01678013031140404,33.0274837845249,1.0739283399298585,0.521395680355397,0.007589752506458044,33.369323542745406,0.4857441604133148
250,35,i256-o64,2,aggregated,3,96,96,96,96,1.0,1.0,1.0668221017734503,0.004768924920999102,68.27661451350082,0.30521119494394255,1.0668221017734503,0.004768924920999102,68.27661451350082,0.30521119494394255
250,35,i256-o64,2,disaggregated,3,96,96,96,96,1.0,1.0,1.038939472508178,0.013320016656098803,66.49212624052339,0.8524810659903234,1.038939472508178,0.013320016656098803,66.49212624052339,0.8524810659903234
250,35,i256-o64,4,aggregated,3,96,94,94,96,0.9375,0.9791666666666666,1.9345301250145897,0.06639985439423438,123.80992800093374,4.249590681231,1.975817126195673,0.0057593728230623115,126.45229607652307,0.36859986067598793
250,35,i256-o64,4,disaggregated,3,96,50,50,96,0.4375,0.5208333333333334,0.7879643504686359,0.14723010780766121,50.4297184299927,9.422726899690318,1.5125377519478755,0.019817767080911906,96.80241612466403,1.268337093178362
250,35,i256-o64,8,aggregated,3,96,12,12,96,0.125,0.125,0.24902519923147964,0.0019633303687330147,15.937612750814697,0.12565314359891294,1.9922015938518371,0.015706642949864118,127.50090200651758,1.0052251487913035
250,35,i256-o64,8,disaggregated,3,96,6,6,96,0.0625,0.0625,0.09430757851249062,0.0013569383215353082,6.0356850247994,0.08684405257825972,1.50892125619985,0.02171101314456493,96.5709603967904,1.3895048412521556
250,35,i64-o16,1,aggregated,3,96,96,96,96,1.0,1.0,2.120744658231485,0.010853245263595452,33.93191453170376,0.17365192421752723,2.120744658231485,0.010853245263595452,33.93191453170376,0.17365192421752723
250,35,i64-o16,1,disaggregated,3,96,96,96,96,1.0,1.0,2.0556847531098885,0.027501446169903385,32.890956049758216,0.44002313871845417,2.0556847531098885,0.027501446169903385,32.890956049758216,0.44002313871845417
250,35,i64-o16,2,aggregated,3,96,96,96,96,1.0,1.0,4.217835986081198,0.009471339556007987,67.48537577729917,0.1515414328961278,4.217835986081198,0.009471339556007987,67.48537577729917,0.1515414328961278
250,35,i64-o16,2,disaggregated,3,96,96,96,96,1.0,1.0,3.964687804867304,0.07208857292455283,63.435004877876864,1.1534171667928452,3.964687804867304,0.07208857292455283,63.435004877876864,1.1534171667928452
250,35,i64-o16,4,aggregated,3,96,96,96,96,1.0,1.0,7.803976160478475,0.04170443942929311,124.8636185676556,0.6672710308686898,7.803976160478475,0.04170443942929311,124.8636185676556,0.6672710308686898
250,35,i64-o16,4,disaggregated,3,96,56,61,87,0.375,0.5833333333333334,3.3814662269573663,1.3848995256358103,54.10345963131786,22.158392410172965,5.640218821154343,0.7724160768234212,90.24350113846948,12.358657229174739
250,35,i64-o16,8,aggregated,3,96,12,12,96,0.125,0.125,0.9681141836018785,0.01316712347259997,15.489826937630056,0.21067397556159953,7.744913468815028,0.10533698778079977,123.91861550104045,1.6853918044927962
250,35,i64-o16,8,disaggregated,3,96,7,8,90,0.03125,0.07291666666666667,0.4397675672769426,0.23125915838181688,7.036281076431082,3.70014653410907,5.920288111108862,0.3463379506091306,94.72460977774179,5.541407209746089
250,35,i64-o256,1,aggregated,3,96,96,96,96,1.0,1.0,0.13529434025893733,0.0009768817592908968,34.635351106287956,0.2500817303784696,0.13529434025893733,0.0009768817592908968,34.635351106287956,0.2500817303784696
250,35,i64-o256,1,disaggregated,3,96,96,96,96,1.0,1.0,0.13486909063847818,0.0020652583201577154,34.526487203450415,0.5287061299603751,0.13486909063847818,0.0020652583201577154,34.526487203450415,0.5287061299603751
250,35,i64-o256,2,aggregated,3,96,96,96,96,1.0,1.0,0.26918178349348154,0.0006358395052080113,68.91053657433127,0.1627749133332509,0.26918178349348154,0.0006358395052080113,68.91053657433127,0.1627749133332509
250,35,i64-o256,2,disaggregated,3,96,96,96,96,1.0,1.0,0.269717758183404,0.003832365232771815,69.04774609495142,0.9810854995895847,0.269717758183404,0.003832365232771815,69.04774609495142,0.9810854995895847
250,35,i64-o256,4,aggregated,3,96,82,82,96,0.78125,0.8541666666666666,0.4285563753186653,0.03786516907232723,109.71043208157832,9.693483282515771,0.5018380722774222,0.004919935539386469,128.47054650302007,1.259503498082936
250,35,i64-o256,4,disaggregated,3,96,47,47,96,0.40625,0.4895833333333333,0.18816406731625815,0.05768969566318328,48.170001232962086,14.76856208977492,0.3835581623173795,0.007726159588768941,98.19088955324915,1.977896854724849
250,35,i64-o256,8,aggregated,3,96,12,12,96,0.125,0.125,0.06320207874869492,0.0008180485587232819,16.1797321596659,0.20942043103316016,0.5056166299895594,0.006544388469786255,129.4378572773272,1.6753634482652813
250,35,i64-o256,8,disaggregated,3,96,9,9,96,0.09375,0.09375,0.036038774813117645,0.0009042158415140226,9.225926352158117,0.2314792554275898,0.38441359800658825,0.009644968976149536,98.40988108968659,2.4691120578942813
250,35,i64-o64,1,aggregated,3,96,96,96,96,1.0,1.0,0.5407570371232046,0.0057328671774340735,34.60845037588509,0.3669034993557807,0.5407570371232046,0.0057328671774340735,34.60845037588509,0.3669034993557807
250,35,i64-o64,1,disaggregated,3,96,96,96,96,1.0,1.0,0.5327703019269415,0.008553826804920702,34.09729932332426,0.5474449155149249,0.5327703019269415,0.008553826804920702,34.09729932332426,0.5474449155149249
250,35,i64-o64,2,aggregated,3,96,96,96,96,1.0,1.0,1.0760819012459542,0.004883848551188994,68.86924167974107,0.31256630727609563,1.0760819012459542,0.004883848551188994,68.86924167974107,0.31256630727609563
250,35,i64-o64,2,disaggregated,3,96,96,96,96,1.0,1.0,1.0619980915836817,0.014895657079479771,67.96787786135563,0.9533220530867054,1.0619980915836817,0.014895657079479771,67.96787786135563,0.9533220530867054
250,35,i64-o64,4,aggregated,3,96,96,96,96,1.0,1.0,2.0013958188843204,0.023549000906719728,128.0893324085965,1.5071360580300626,2.0013958188843204,0.023549000906719728,128.0893324085965,1.5071360580300626
250,35,i64-o64,4,disaggregated,3,96,65,65,96,0.65625,0.6770833333333334,1.0449578693999162,0.025815871744421976,66.87730364159464,1.6522157916430065,1.543640202039512,0.034548528578471245,98.79297293052876,2.2111058290221597
250,35,i64-o64,8,aggregated,3,96,12,12,96,0.125,0.125,0.2532450910639968,0.0031937078105621305,16.207685828095794,0.20439729987597635,2.0259607285119743,0.025549662484497044,129.66148662476635,1.6351783990078108
250,35,i64-o64,8,disaggregated,3,96,9,9,96,0.09375,0.09375,0.1439516735617762,0.0035954609089216493,9.212907107953678,0.23010949817098555,1.5354845179922796,0.038351583028497616,98.2710091515059,2.4545013138238474
250,35,i704-o16,1,aggregated,3,96,86,86,96,0.8125,0.8958333333333334,1.5841683821901777,0.14085694408184074,25.346694115042844,2.253711105309452,1.7675390160318332,0.015710485856984677,28.28062425650933,0.25136777371175484
250,35,i704-o16,1,disaggregated,3,96,0,0,96,0.0,0.0,0.0,0.0,0.0,0.0,1.5068743964037539,0.015042369053473831,24.109990342460062,0.2406779048555813
250,35,i704-o16,2,aggregated,3,96,75,75,96,0.78125,0.78125,2.674324463633648,0.016332002515332227,42.789191418138365,0.2613120402453156,3.4231353134510694,0.020904963219625067,54.77016501521711,0.33447941151400107
250,35,i704-o16,2,disaggregated,3,96,0,0,96,0.0,0.0,0.0,0.0,0.0,0.0,2.9038899371858675,0.025379549177124205,46.46223899497388,0.4060727868339873
250,35,i704-o16,4,aggregated,3,96,68,68,96,0.6875,0.7083333333333334,4.346768188316309,0.09249410296831796,69.54829101306095,1.4799056474930874,6.13705847899473,0.026451181948233923,98.19293566391568,0.42321891117174276
250,35,i704-o16,4,disaggregated,3,96,0,0,96,0.0,0.0,0.0,0.0,0.0,0.0,4.807706438515174,0.1250408454339715,76.92330301624278,2.000653526943544
250,35,i704-o16,8,aggregated,3,96,6,6,96,0.0625,0.0625,0.39181344623922437,0.0033270507093814293,6.26901513982759,0.05323281135010287,6.26901513982759,0.05323281135010287,100.30424223724144,0.8517249816016459
250,35,i704-o16,8,disaggregated,3,96,0,0,94,0.0,0.0,0.0,0.0,0.0,0.0,5.194695140033942,0.1180547323063891,83.11512224054307,1.8888757169022257
250,35,i704-o256,1,aggregated,3,96,75,75,96,0.78125,0.78125,0.10403104251048989,0.0009436847244400703,26.631946882685412,0.241583289456658,0.13315973441342704,0.0012079164472832916,34.08889200983732,0.30922661050452266
250,35,i704-o256,1,disaggregated,3,96,0,0,96,0.0,0.0,0.0,0.0,0.0,0.0,0.13193384669232183,0.002131816651440936,33.77506475323439,0.5457450627688796
250,35,i704-o256,2,aggregated,3,96,76,76,96,0.78125,0.7916666666666666,0.2090836430966914,0.004874711741826079,53.525412632752996,1.2479262059074763,0.26410580486760143,0.001362346291233675,67.61108604610597,0.3487606505558208
250,35,i704-o256,2,disaggregated,3,96,0,0,96,0.0,0.0,0.0,0.0,0.0,0.0,0.26134501584656855,0.0037909228940693155,66.90432405672155,0.9704762608817448
250,35,i704-o256,4,aggregated,3,96,56,56,96,0.5625,0.5833333333333334,0.2888342673350565,0.010699503747802113,73.94157243777447,2.739072959437341,0.49510610991416354,0.006680299480468798,126.74716413802587,1.7101566670000123
250,35,i704-o256,4,disaggregated,3,96,0,0,96,0.0,0.0,0.0,0.0,0.0,0.0,0.3779514943446062,0.007244794533137345,96.75558255221918,1.8546674004831603
250,35,i704-o256,8,aggregated,3,96,4,4,96,0.03125,0.041666666666666664,0.020640212322117046,0.00878594851322568,5.283894354461964,2.2492028193857743,0.49630706390823565,0.006032745851796616,127.05460836050833,1.5443829380599337
250,35,i704-o256,8,disaggregated,3,96,0,0,96,0.0,0.0,0.0,0.0,0.0,0.0,0.3762571932752105,0.006835298015528307,96.32184147845389,1.7498362919752466
250,35,i704-o64,1,aggregated,3,96,81,81,96,0.78125,0.84375,0.432891756639959,0.030499512484875008,27.705072424957375,1.9519687990320005,0.5129146812802884,0.0037243163276673703,32.82653960193846,0.2383562449707117
250,35,i704-o64,1,disaggregated,3,96,0,0,96,0.0,0.0,0.0,0.0,0.0,0.0,0.4876659180427332,0.007876828035810949,31.210618754734924,0.5041169942919007
250,35,i704-o64,2,aggregated,3,96,78,78,96,0.78125,0.8125,0.8250914028276196,0.03627160542347225,52.805849780967655,2.321382747102224,1.0153539462500099,0.005588110358331045,64.98265256000063,0.35763906293318687
250,35,i704-o64,2,disaggregated,3,96,0,0,96,0.0,0.0,0.0,0.0,0.0,0.0,0.9621512714349714,0.015229829721129363,61.57768137183817,0.9747091021522792
250,35,i704-o64,4,aggregated,3,96,62,62,96,0.53125,0.6458333333333334,1.2017698681187066,0.19185545206093357,76.91327155959722,12.278748931899749,1.8599615857959877,0.00974979465902817,119.03754149094321,0.6239868581778029
250,35,i704-o64,4,disaggregated,3,96,0,0,96,0.0,0.0,0.0,0.0,0.0,0.0,1.4630005116005735,0.027717615942049825,93.6320327424367,1.7739274202911888
250,35,i704-o64,8,aggregated,3,96,8,8,96,0.0625,0.08333333333333333,0.15758372086886135,0.0346509726833936,10.085358135607127,2.2176622517371904,1.8899157972095058,0.008830952057150027,120.95461102140837,0.5651809316576017
250,35,i704-o64,8,disaggregated,3,96,0,0,96,0.0,0.0,0.0,0.0,0.0,0.0,1.4696514602957602,0.02710767303287764,94.05769345892865,1.734891074104169
250,35,mixed,1,aggregated,3,96,89,89,96,0.875,0.9270833333333334,0.20974133884504437,0.012254244745819712,33.89063076398913,0.41282472827865474,0.2261834766108772,0.00161737723607549,34.15370496824246,0.24422396264740048
250,35,mixed,1,disaggregated,3,96,54,54,96,0.5625,0.5625,0.12624827836785954,0.0018810523872366221,32.31955926217204,0.48154941113257527,0.22444138376508363,0.0033440931328650994,33.89064894852763,0.5049580630626318
250,35,mixed,2,aggregated,3,96,87,87,96,0.90625,0.90625,0.40536628401057084,0.0037771325877035754,66.87145871401968,0.6230966310197851,0.44730072718407815,0.004167870441603936,67.54240980479581,0.6293484366821898
250,35,mixed,2,disaggregated,3,96,48,48,96,0.5,0.5,0.19341689437400397,0.0014400160792015033,49.51472495974502,0.36864411627558485,0.38683378874800795,0.0028800321584030067,58.4119021009492,0.4348848559188518
250,35,mixed,4,aggregated,3,96,60,60,96,0.59375,0.625,0.41832927278914844,0.02525306043690359,82.00088121554965,6.204250021952343,0.6691043364925959,0.007554465552609897,101.034754810382,1.1407242984440988
250,35,mixed,4,disaggregated,3,96,36,36,96,0.375,0.375,0.21817182254436976,0.0064653422643773835,55.85198657135866,1.6551276196806102,0.581791526784986,0.017240912705006384,87.85052054453288,2.603377818455967
250,35,mixed,8,aggregated,3,96,21,21,96,0.1875,0.21875,0.15626577027496039,0.034139223478637695,36.384740523149304,6.486460574594193,0.7098480381050456,0.05799319648479546,107.18705375386189,8.75697266920412
250,35,mixed,8,disaggregated,3,96,11,11,96,0.09375,0.11458333333333333,0.06800873367885674,0.011662732052670006,17.410235821787325,2.9856594054835215,0.5925752017704643,0.01083443006427746,89.4788554673401,1.6359989397058987
250,50,i256-o16,1,aggregated,3,96,96,96,96,1.0,1.0,2.095743024165223,0.00926042345225116,33.531888386643566,0.14816677523601857,2.095743024165223,0.00926042345225116,33.531888386643566,0.14816677523601857
250,50,i256-o16,1,disaggregated,3,96,96,96,96,1.0,1.0,1.8779790777557706,0.03930303639384769,30.04766524409233,0.628848582301563,1.8779790777557706,0.03930303639384769,30.04766524409233,0.628848582301563
250,50,i256-o16,2,aggregated,3,96,96,96,96,1.0,1.0,4.121102994620531,0.02270022132089188,65.9376479139285,0.36320354113427006,4.121102994620531,0.02270022132089188,65.9376479139285,0.36320354113427006
250,50,i256-o16,2,disaggregated,3,96,96,96,96,1.0,1.0,3.7332473317280837,0.05683451735659063,59.73195730764934,0.9093522777054501,3.7332473317280837,0.05683451735659063,59.73195730764934,0.9093522777054501
250,50,i256-o16,4,aggregated,3,96,96,96,96,1.0,1.0,7.549238361982489,0.19520763464891508,120.78781379171983,3.1233221543826413,7.549238361982489,0.19520763464891508,120.78781379171983,3.1233221543826413
250,50,i256-o16,4,disaggregated,3,96,63,63,96,0.65625,0.65625,3.8132020358200553,0.0873343667425195,61.011232573120886,1.397349867880312,5.810593578392465,0.13308093979812466,92.96949725427945,2.1292950367699945
250,50,i256-o16,8,aggregated,3,96,12,12,96,0.125,0.125,0.9608101894787204,0.012181800736609537,15.372963031659527,0.1949088117857526,7.6864815158297635,0.0974544058928763,122.98370425327622,1.5592704942860207
250,50,i256-o16,8,disaggregated,3,96,7,7,96,0.0625,0.07291666666666667,0.4292505946402436,0.109555858040036,6.868009514243898,1.752893728640576,5.880239402270708,0.09013848278998511,94.08383043633133,1.4422157246397618
250,50,i256-o256,1,aggregated,3,96,96,96,96,1.0,1.0,0.13468152047288184,0.0009767785451678136,34.47846924105775,0.2500553075629603,0.13468152047288184,0.0009767785451678136,34.47846924105775,0.2500553075629603
250,50,i256-o256,1,disaggregated,3,96,95,95,96,0.96875,0.9895833333333334,0.13270622323955966,0.004416119099538547,33.97279314932727,1.130526489481868,0.1340783425654771,0.002039709424550647,34.32405569676214,0.5221656126849656
250,50,i256-o256,2,aggregated,3,96,96,96,96,1.0,1.0,0.2682490491074594,0.0010473976364467066,68.6717565715096,0.2681337949303569,0.2682490491074594,0.0010473976364467066,68.6717565715096,0.2681337949303569
250,50,i256-o256,2,disaggregated,3,96,96,96,96,1.0,1.0,0.2669674524931047,0.004201077372182297,68.34366783823481,1.075475807278668,0.2669674524931047,0.004201077372182297,68.34366783823481,1.075475807278668
250,50,i256-o256,4,aggregated,3,96,86,86,96,0.8125,0.8958333333333334,0.4501753967467378,0.042981112512425416,115.24490156716487,11.003164803180907,0.5023034342476068,0.004622936634290753,128.58967916738735,1.1834717783784328
250,50,i256-o256,4,disaggregated,3,96,45,45,96,0.375,0.46875,0.17956739793682766,0.044644106523922845,45.96925387182788,11.428891270124248,0.3827854162958466,0.008871425275032901,97.99306657173673,2.2710848704084228
250,50,i256-o256,8,aggregated,3,96,12,12,96,0.125,0.125,0.06283880351363857,0.0007092807940795808,16.086733699491475,0.18157588328437269,0.5027104281091086,0.005674246352636646,128.6938695959318,1.4526070662749815
250,50,i256-o256,8,disaggregated,3,96,6,6,96,0.0625,0.0625,0.023748333959282223,0.00039493476051345955,6.079573493576249,0.10110329869144564,0.37997334334851557,0.006318956168215353,97.27317589721999,1.6176527790631303
250,50,i256-o64,1,aggregated,3,96,96,96,96,1.0,1.0,0.5371730481620268,0.004071085573812895,34.37907508236972,0.2605494767240253,0.5371730481620268,0.004071085573812895,34.37907508236972,0.2605494767240253
250,50,i256-o64,1,disaggregated,3,96,95,95,96,0.96875,0.9895833333333334,0.5160544341332015,0.01678013031140404,33.0274837845249,1.0739283399298585,0.521395680355397,0.007589752506458044,33.369323542745406,0.4857441604133148
250,50,i256-o64,2,aggregated,3,96,96,96,96,1.0,1.0,1.0668221017734503,0.004768924920999102,68.27661451350082,0.30521119494394255,1.0668221017734503,0.004768924920999102,68.27661451350082,0.30521119494394255
250,50,i256-o64,2,disaggregated,3,96,96,96,96,1.0,1.0,1.038939472508178,0.013320016656098803,66.49212624052339,0.8524810659903234,1.038939472508178,0.013320016656098803,66.49212624052339,0.8524810659903234
250,50,i256-o64,4,aggregated,3,96,94,94,96,0.9375,0.9791666666666666,1.9345301250145897,0.06639985439423438,123.80992800093374,4.249590681231,1.975817126195673,0.0057593728230623115,126.45229607652307,0.36859986067598793
250,50,i256-o64,4,disaggregated,3,96,50,50,96,0.4375,0.5208333333333334,0.7879643504686359,0.14723010780766121,50.4297184299927,9.422726899690318,1.5125377519478755,0.019817767080911906,96.80241612466403,1.268337093178362
250,50,i256-o64,8,aggregated,3,96,12,12,96,0.125,0.125,0.24902519923147964,0.0019633303687330147,15.937612750814697,0.12565314359891294,1.9922015938518371,0.015706642949864118,127.50090200651758,1.0052251487913035
250,50,i256-o64,8,disaggregated,3,96,6,6,96,0.0625,0.0625,0.09430757851249062,0.0013569383215353082,6.0356850247994,0.08684405257825972,1.50892125619985,0.02171101314456493,96.5709603967904,1.3895048412521556
250,50,i64-o16,1,aggregated,3,96,96,96,96,1.0,1.0,2.120744658231485,0.010853245263595452,33.93191453170376,0.17365192421752723,2.120744658231485,0.010853245263595452,33.93191453170376,0.17365192421752723
250,50,i64-o16,1,disaggregated,3,96,96,96,96,1.0,1.0,2.0556847531098885,0.027501446169903385,32.890956049758216,0.44002313871845417,2.0556847531098885,0.027501446169903385,32.890956049758216,0.44002313871845417
250,50,i64-o16,2,aggregated,3,96,96,96,96,1.0,1.0,4.217835986081198,0.009471339556007987,67.48537577729917,0.1515414328961278,4.217835986081198,0.009471339556007987,67.48537577729917,0.1515414328961278
250,50,i64-o16,2,disaggregated,3,96,96,96,96,1.0,1.0,3.964687804867304,0.07208857292455283,63.435004877876864,1.1534171667928452,3.964687804867304,0.07208857292455283,63.435004877876864,1.1534171667928452
250,50,i64-o16,4,aggregated,3,96,96,96,96,1.0,1.0,7.803976160478475,0.04170443942929311,124.8636185676556,0.6672710308686898,7.803976160478475,0.04170443942929311,124.8636185676556,0.6672710308686898
250,50,i64-o16,4,disaggregated,3,96,61,61,96,0.53125,0.6354166666666666,3.6295583332504884,0.9567256206110117,58.072933332007814,15.307609929776188,5.640218821154343,0.7724160768234212,90.24350113846948,12.358657229174739
250,50,i64-o16,8,aggregated,3,96,12,12,96,0.125,0.125,0.9681141836018785,0.01316712347259997,15.489826937630056,0.21067397556159953,7.744913468815028,0.10533698778079977,123.91861550104045,1.6853918044927962
250,50,i64-o16,8,disaggregated,3,96,8,8,96,0.0625,0.08333333333333333,0.4973972888466992,0.13154455010079313,7.958356621547187,2.10471280161269,5.920288111108862,0.3463379506091306,94.72460977774179,5.541407209746089
250,50,i64-o256,1,aggregated,3,96,96,96,96,1.0,1.0,0.13529434025893733,0.0009768817592908968,34.635351106287956,0.2500817303784696,0.13529434025893733,0.0009768817592908968,34.635351106287956,0.2500817303784696
250,50,i64-o256,1,disaggregated,3,96,96,96,96,1.0,1.0,0.13486909063847818,0.0020652583201577154,34.526487203450415,0.5287061299603751,0.13486909063847818,0.0020652583201577154,34.526487203450415,0.5287061299603751
250,50,i64-o256,2,aggregated,3,96,96,96,96,1.0,1.0,0.26918178349348154,0.0006358395052080113,68.91053657433127,0.1627749133332509,0.26918178349348154,0.0006358395052080113,68.91053657433127,0.1627749133332509
250,50,i64-o256,2,disaggregated,3,96,96,96,96,1.0,1.0,0.269717758183404,0.003832365232771815,69.04774609495142,0.9810854995895847,0.269717758183404,0.003832365232771815,69.04774609495142,0.9810854995895847
250,50,i64-o256,4,aggregated,3,96,82,82,96,0.78125,0.8541666666666666,0.4285563753186653,0.03786516907232723,109.71043208157832,9.693483282515771,0.5018380722774222,0.004919935539386469,128.47054650302007,1.259503498082936
250,50,i64-o256,4,disaggregated,3,96,47,47,96,0.40625,0.4895833333333333,0.18816406731625815,0.05768969566318328,48.170001232962086,14.76856208977492,0.3835581623173795,0.007726159588768941,98.19088955324915,1.977896854724849
250,50,i64-o256,8,aggregated,3,96,12,12,96,0.125,0.125,0.06320207874869492,0.0008180485587232819,16.1797321596659,0.20942043103316016,0.5056166299895594,0.006544388469786255,129.4378572773272,1.6753634482652813
250,50,i64-o256,8,disaggregated,3,96,9,9,96,0.09375,0.09375,0.036038774813117645,0.0009042158415140226,9.225926352158117,0.2314792554275898,0.38441359800658825,0.009644968976149536,98.40988108968659,2.4691120578942813
250,50,i64-o64,1,aggregated,3,96,96,96,96,1.0,1.0,0.5407570371232046,0.0057328671774340735,34.60845037588509,0.3669034993557807,0.5407570371232046,0.0057328671774340735,34.60845037588509,0.3669034993557807
250,50,i64-o64,1,disaggregated,3,96,96,96,96,1.0,1.0,0.5327703019269415,0.008553826804920702,34.09729932332426,0.5474449155149249,0.5327703019269415,0.008553826804920702,34.09729932332426,0.5474449155149249
250,50,i64-o64,2,aggregated,3,96,96,96,96,1.0,1.0,1.0760819012459542,0.004883848551188994,68.86924167974107,0.31256630727609563,1.0760819012459542,0.004883848551188994,68.86924167974107,0.31256630727609563
250,50,i64-o64,2,disaggregated,3,96,96,96,96,1.0,1.0,1.0619980915836817,0.014895657079479771,67.96787786135563,0.9533220530867054,1.0619980915836817,0.014895657079479771,67.96787786135563,0.9533220530867054
250,50,i64-o64,4,aggregated,3,96,96,96,96,1.0,1.0,2.0013958188843204,0.023549000906719728,128.0893324085965,1.5071360580300626,2.0013958188843204,0.023549000906719728,128.0893324085965,1.5071360580300626
250,50,i64-o64,4,disaggregated,3,96,65,65,96,0.65625,0.6770833333333334,1.0449578693999162,0.025815871744421976,66.87730364159464,1.6522157916430065,1.543640202039512,0.034548528578471245,98.79297293052876,2.2111058290221597
250,50,i64-o64,8,aggregated,3,96,12,12,96,0.125,0.125,0.2532450910639968,0.0031937078105621305,16.207685828095794,0.20439729987597635,2.0259607285119743,0.025549662484497044,129.66148662476635,1.6351783990078108
250,50,i64-o64,8,disaggregated,3,96,9,9,96,0.09375,0.09375,0.1439516735617762,0.0035954609089216493,9.212907107953678,0.23010949817098555,1.5354845179922796,0.038351583028497616,98.2710091515059,2.4545013138238474
250,50,i704-o16,1,aggregated,3,96,86,86,96,0.8125,0.8958333333333334,1.5841683821901777,0.14085694408184074,25.346694115042844,2.253711105309452,1.7675390160318332,0.015710485856984677,28.28062425650933,0.25136777371175484
250,50,i704-o16,1,disaggregated,3,96,0,0,96,0.0,0.0,0.0,0.0,0.0,0.0,1.5068743964037539,0.015042369053473831,24.109990342460062,0.2406779048555813
250,50,i704-o16,2,aggregated,3,96,75,75,96,0.78125,0.78125,2.674324463633648,0.016332002515332227,42.789191418138365,0.2613120402453156,3.4231353134510694,0.020904963219625067,54.77016501521711,0.33447941151400107
250,50,i704-o16,2,disaggregated,3,96,0,0,96,0.0,0.0,0.0,0.0,0.0,0.0,2.9038899371858675,0.025379549177124205,46.46223899497388,0.4060727868339873
250,50,i704-o16,4,aggregated,3,96,68,68,96,0.6875,0.7083333333333334,4.346768188316309,0.09249410296831796,69.54829101306095,1.4799056474930874,6.13705847899473,0.026451181948233923,98.19293566391568,0.42321891117174276
250,50,i704-o16,4,disaggregated,3,96,0,0,96,0.0,0.0,0.0,0.0,0.0,0.0,4.807706438515174,0.1250408454339715,76.92330301624278,2.000653526943544
250,50,i704-o16,8,aggregated,3,96,6,6,96,0.0625,0.0625,0.39181344623922437,0.0033270507093814293,6.26901513982759,0.05323281135010287,6.26901513982759,0.05323281135010287,100.30424223724144,0.8517249816016459
250,50,i704-o16,8,disaggregated,3,96,0,0,96,0.0,0.0,0.0,0.0,0.0,0.0,5.194695140033942,0.1180547323063891,83.11512224054307,1.8888757169022257
250,50,i704-o256,1,aggregated,3,96,75,75,96,0.78125,0.78125,0.10403104251048989,0.0009436847244400703,26.631946882685412,0.241583289456658,0.13315973441342704,0.0012079164472832916,34.08889200983732,0.30922661050452266
250,50,i704-o256,1,disaggregated,3,96,0,0,96,0.0,0.0,0.0,0.0,0.0,0.0,0.13193384669232183,0.002131816651440936,33.77506475323439,0.5457450627688796
250,50,i704-o256,2,aggregated,3,96,76,76,96,0.78125,0.7916666666666666,0.2090836430966914,0.004874711741826079,53.525412632752996,1.2479262059074763,0.26410580486760143,0.001362346291233675,67.61108604610597,0.3487606505558208
250,50,i704-o256,2,disaggregated,3,96,0,0,96,0.0,0.0,0.0,0.0,0.0,0.0,0.26134501584656855,0.0037909228940693155,66.90432405672155,0.9704762608817448
250,50,i704-o256,4,aggregated,3,96,56,56,96,0.5625,0.5833333333333334,0.2888342673350565,0.010699503747802113,73.94157243777447,2.739072959437341,0.49510610991416354,0.006680299480468798,126.74716413802587,1.7101566670000123
250,50,i704-o256,4,disaggregated,3,96,0,0,96,0.0,0.0,0.0,0.0,0.0,0.0,0.3779514943446062,0.007244794533137345,96.75558255221918,1.8546674004831603
250,50,i704-o256,8,aggregated,3,96,4,4,96,0.03125,0.041666666666666664,0.020640212322117046,0.00878594851322568,5.283894354461964,2.2492028193857743,0.49630706390823565,0.006032745851796616,127.05460836050833,1.5443829380599337
250,50,i704-o256,8,disaggregated,3,96,0,0,96,0.0,0.0,0.0,0.0,0.0,0.0,0.3762571932752105,0.006835298015528307,96.32184147845389,1.7498362919752466
250,50,i704-o64,1,aggregated,3,96,81,81,96,0.78125,0.84375,0.432891756639959,0.030499512484875008,27.705072424957375,1.9519687990320005,0.5129146812802884,0.0037243163276673703,32.82653960193846,0.2383562449707117
250,50,i704-o64,1,disaggregated,3,96,0,0,96,0.0,0.0,0.0,0.0,0.0,0.0,0.4876659180427332,0.007876828035810949,31.210618754734924,0.5041169942919007
250,50,i704-o64,2,aggregated,3,96,78,78,96,0.78125,0.8125,0.8250914028276196,0.03627160542347225,52.805849780967655,2.321382747102224,1.0153539462500099,0.005588110358331045,64.98265256000063,0.35763906293318687
250,50,i704-o64,2,disaggregated,3,96,0,0,96,0.0,0.0,0.0,0.0,0.0,0.0,0.9621512714349714,0.015229829721129363,61.57768137183817,0.9747091021522792
250,50,i704-o64,4,aggregated,3,96,62,62,96,0.53125,0.6458333333333334,1.2017698681187066,0.19185545206093357,76.91327155959722,12.278748931899749,1.8599615857959877,0.00974979465902817,119.03754149094321,0.6239868581778029
250,50,i704-o64,4,disaggregated,3,96,0,0,96,0.0,0.0,0.0,0.0,0.0,0.0,1.4630005116005735,0.027717615942049825,93.6320327424367,1.7739274202911888
250,50,i704-o64,8,aggregated,3,96,8,8,96,0.0625,0.08333333333333333,0.15758372086886135,0.0346509726833936,10.085358135607127,2.2176622517371904,1.8899157972095058,0.008830952057150027,120.95461102140837,0.5651809316576017
250,50,i704-o64,8,disaggregated,3,96,0,0,96,0.0,0.0,0.0,0.0,0.0,0.0,1.4696514602957602,0.02710767303287764,94.05769345892865,1.734891074104169
250,50,mixed,1,aggregated,3,96,89,89,96,0.875,0.9270833333333334,0.20974133884504437,0.012254244745819712,33.89063076398913,0.41282472827865474,0.2261834766108772,0.00161737723607549,34.15370496824246,0.24422396264740048
250,50,mixed,1,disaggregated,3,96,54,54,96,0.5625,0.5625,0.12624827836785954,0.0018810523872366221,32.31955926217204,0.48154941113257527,0.22444138376508363,0.0033440931328650994,33.89064894852763,0.5049580630626318
250,50,mixed,2,aggregated,3,96,87,87,96,0.90625,0.90625,0.40536628401057084,0.0037771325877035754,66.87145871401968,0.6230966310197851,0.44730072718407815,0.004167870441603936,67.54240980479581,0.6293484366821898
250,50,mixed,2,disaggregated,3,96,48,48,96,0.5,0.5,0.19341689437400397,0.0014400160792015033,49.51472495974502,0.36864411627558485,0.38683378874800795,0.0028800321584030067,58.4119021009492,0.4348848559188518
250,50,mixed,4,aggregated,3,96,60,60,96,0.59375,0.625,0.41832927278914844,0.02525306043690359,82.00088121554965,6.204250021952343,0.6691043364925959,0.007554465552609897,101.034754810382,1.1407242984440988
250,50,mixed,4,disaggregated,3,96,36,36,96,0.375,0.375,0.21817182254436976,0.0064653422643773835,55.85198657135866,1.6551276196806102,0.581791526784986,0.017240912705006384,87.85052054453288,2.603377818455967
250,50,mixed,8,aggregated,3,96,21,21,96,0.1875,0.21875,0.15626577027496039,0.034139223478637695,36.384740523149304,6.486460574594193,0.7098480381050456,0.05799319648479546,107.18705375386189,8.75697266920412
250,50,mixed,8,disaggregated,3,96,11,11,96,0.09375,0.11458333333333333,0.06800873367885674,0.011662732052670006,17.410235821787325,2.9856594054835215,0.5925752017704643,0.01083443006427746,89.4788554673401,1.6359989397058987
500,25,i256-o16,1,aggregated,3,96,32,96,32,0.28125,0.3333333333333333,0.6987902535651195,0.10231448951914338,11.180644057041912,1.637031832306294,2.095743024165223,0.00926042345225116,33.531888386643566,0.14816677523601857
500,25,i256-o16,1,disaggregated,3,96,32,96,32,0.21875,0.3333333333333333,0.6288556069794914,0.21831085503910397,10.061689711671862,3.4929736806256635,1.8779790777557706,0.03930303639384769,30.04766524409233,0.628848582301563
500,25,i256-o16,2,aggregated,3,96,27,96,27,0.21875,0.28125,1.1595959115896293,0.26055396810499126,18.55353458543407,4.16886348967986,4.121102994620531,0.02270022132089188,65.9376479139285,0.36320354113427006
500,25,i256-o16,2,disaggregated,3,96,28,96,28,0.1875,0.2916666666666667,1.0925485582030663,0.4235817087570164,17.48077693124906,6.777307340112262,3.7332473317280837,0.05683451735659063,59.73195730764934,0.9093522777054501
500,25,i256-o16,4,aggregated,3,96,8,96,8,0.0625,0.08333333333333333,0.6304576080658308,0.14518717846872928,10.087321729053293,2.3229948554996684,7.549238361982489,0.19520763464891508,120.78781379171983,3.1233221543826413
500,25,i256-o16,4,disaggregated,3,96,9,93,9,0.0625,0.09375,0.5436141657649545,0.1789970131544665,8.697826652239272,2.863952210471464,5.810593578392465,0.13308093979812466,92.96949725427945,2.1292950367699945
500,25,i256-o16,8,aggregated,3,96,0,15,13,0.0,0.0,0.0,0.0,0.0,0.0,7.6864815158297635,0.0974544058928763,122.98370425327622,1.5592704942860207
500,25,i256-o16,8,disaggregated,3,96,0,9,12,0.0,0.0,0.0,0.0,0.0,0.0,5.880239402270708,0.09013848278998511,94.08383043633133,1.4422157246397618
500,25,i256-o256,1,aggregated,3,96,0,96,0,0.0,0.0,0.0,0.0,0.0,0.0,0.13468152047288184,0.0009767785451678136,34.47846924105775,0.2500553075629603
500,25,i256-o256,1,disaggregated,3,96,0,96,0,0.0,0.0,0.0,0.0,0.0,0.0,0.1340783425654771,0.002039709424550647,34.32405569676214,0.5221656126849656
500,25,i256-o256,2,aggregated,3,96,0,96,0,0.0,0.0,0.0,0.0,0.0,0.0,0.2682490491074594,0.0010473976364467066,68.6717565715096,0.2681337949303569
500,25,i256-o256,2,disaggregated,3,96,0,96,0,0.0,0.0,0.0,0.0,0.0,0.0,0.2669674524931047,0.004201077372182297,68.34366783823481,1.075475807278668
500,25,i256-o256,4,aggregated,3,96,0,92,0,0.0,0.0,0.0,0.0,0.0,0.0,0.5023034342476068,0.004622936634290753,128.58967916738735,1.1834717783784328
500,25,i256-o256,4,disaggregated,3,96,0,63,0,0.0,0.0,0.0,0.0,0.0,0.0,0.3827854162958466,0.008871425275032901,97.99306657173673,2.2710848704084228
500,25,i256-o256,8,aggregated,3,96,0,12,0,0.0,0.0,0.0,0.0,0.0,0.0,0.5027104281091086,0.005674246352636646,128.6938695959318,1.4526070662749815
500,25,i256-o256,8,disaggregated,3,96,0,9,0,0.0,0.0,0.0,0.0,0.0,0.0,0.37997334334851557,0.006318956168215353,97.27317589721999,1.6176527790631303
500,25,i256-o64,1,aggregated,3,96,0,96,0,0.0,0.0,0.0,0.0,0.0,0.0,0.5371730481620268,0.004071085573812895,34.37907508236972,0.2605494767240253
500,25,i256-o64,1,disaggregated,3,96,0,96,0,0.0,0.0,0.0,0.0,0.0,0.0,0.521395680355397,0.007589752506458044,33.369323542745406,0.4857441604133148
500,25,i256-o64,2,aggregated,3,96,0,96,0,0.0,0.0,0.0,0.0,0.0,0.0,1.0668221017734503,0.004768924920999102,68.27661451350082,0.30521119494394255
500,25,i256-o64,2,disaggregated,3,96,0,96,0,0.0,0.0,0.0,0.0,0.0,0.0,1.038939472508178,0.013320016656098803,66.49212624052339,0.8524810659903234
500,25,i256-o64,4,aggregated,3,96,0,96,0,0.0,0.0,0.0,0.0,0.0,0.0,1.975817126195673,0.0057593728230623115,126.45229607652307,0.36859986067598793
500,25,i256-o64,4,disaggregated,3,96,0,65,0,0.0,0.0,0.0,0.0,0.0,0.0,1.5125377519478755,0.019817767080911906,96.80241612466403,1.268337093178362
500,25,i256-o64,8,aggregated,3,96,0,12,0,0.0,0.0,0.0,0.0,0.0,0.0,1.9922015938518371,0.015706642949864118,127.50090200651758,1.0052251487913035
500,25,i256-o64,8,disaggregated,3,96,0,9,0,0.0,0.0,0.0,0.0,0.0,0.0,1.50892125619985,0.02171101314456493,96.5709603967904,1.3895048412521556
500,25,i64-o16,1,aggregated,3,96,30,96,30,0.28125,0.3125,0.6629578935109844,0.0696705488710359,10.607326296175751,1.1147287819365743,2.120744658231485,0.010853245263595452,33.93191453170376,0.17365192421752723
500,25,i64-o16,1,disaggregated,3,96,42,96,42,0.25,0.4375,0.9023649161031415,0.34986670890389643,14.437838657650264,5.597867342462343,2.0556847531098885,0.027501446169903385,32.890956049758216,0.44002313871845417
500,25,i64-o16,2,aggregated,3,96,34,96,34,0.28125,0.3541666666666667,1.4940320144264052,0.27581078740823256,23.904512230822483,4.412972598531721,4.217835986081198,0.009471339556007987,67.48537577729917,0.1515414328961278
500,25,i64-o16,2,disaggregated,3,96,33,96,33,0.21875,0.34375,1.3644079103902176,0.4361141898599375,21.83052656624348,6.977827037759,3.964687804867304,0.07208857292455283,63.435004877876864,1.1534171667928452
500,25,i64-o16,4,aggregated,3,96,9,96,9,0.09375,0.09375,0.7316227650448571,0.003909791196496226,11.705964240717714,0.06255665914393961,7.803976160478475,0.04170443942929311,124.8636185676556,0.6672710308686898
500,25,i64-o16,4,disaggregated,3,96,11,89,11,0.03125,0.11458333333333333,0.6769213895108881,0.5806749914962149,10.83074223217421,9.290799863939439,5.640218821154343,0.7724160768234212,90.24350113846948,12.358657229174739
500,25,i64-o16,8,aggregated,3,96,1,20,8,0.0,0.010416666666666666,0.08194311171791972,0.1419296328257296,1.3110897874867156,2.2708741252116735,7.744913468815028,0.10533698778079977,123.91861550104045,1.6853918044927962
500,25,i64-o16,8,disaggregated,3,96,0,9,12,0.0,0.0,0.0,0.0,0.0,0.0,5.920288111108862,0.3463379506091306,94.72460977774179,5.541407209746089
500,25,i64-o256,1,aggregated,3,96,0,96,0,0.0,0.0,0.0,0.0,0.0,0.0,0.13529434025893733,0.0009768817592908968,34.635351106287956,0.2500817303784696
500,25,i64-o256,1,disaggregated,3,96,0,96,0,0.0,0.0,0.0,0.0,0.0,0.0,0.13486909063847818,0.0020652583201577154,34.526487203450415,0.5287061299603751
500,25,i64-o256,2,aggregated,3,96,0,96,0,0.0,0.0,0.0,0.0,0.0,0.0,0.26918178349348154,0.0006358395052080113,68.91053657433127,0.1627749133332509
500,25,i64-o256,2,disaggregated,3,96,0,96,0,0.0,0.0,0.0,0.0,0.0,0.0,0.269717758183404,0.003832365232771815,69.04774609495142,0.9810854995895847
500,25,i64-o256,4,aggregated,3,96,0,90,0,0.0,0.0,0.0,0.0,0.0,0.0,0.5018380722774222,0.004919935539386469,128.47054650302007,1.259503498082936
500,25,i64-o256,4,disaggregated,3,96,0,59,0,0.0,0.0,0.0,0.0,0.0,0.0,0.3835581623173795,0.007726159588768941,98.19088955324915,1.977896854724849
500,25,i64-o256,8,aggregated,3,96,0,12,0,0.0,0.0,0.0,0.0,0.0,0.0,0.5056166299895594,0.006544388469786255,129.4378572773272,1.6753634482652813
500,25,i64-o256,8,disaggregated,3,96,0,9,0,0.0,0.0,0.0,0.0,0.0,0.0,0.38441359800658825,0.009644968976149536,98.40988108968659,2.4691120578942813
500,25,i64-o64,1,aggregated,3,96,0,96,0,0.0,0.0,0.0,0.0,0.0,0.0,0.5407570371232046,0.0057328671774340735,34.60845037588509,0.3669034993557807
500,25,i64-o64,1,disaggregated,3,96,0,96,0,0.0,0.0,0.0,0.0,0.0,0.0,0.5327703019269415,0.008553826804920702,34.09729932332426,0.5474449155149249
500,25,i64-o64,2,aggregated,3,96,0,96,0,0.0,0.0,0.0,0.0,0.0,0.0,1.0760819012459542,0.004883848551188994,68.86924167974107,0.31256630727609563
500,25,i64-o64,2,disaggregated,3,96,0,96,0,0.0,0.0,0.0,0.0,0.0,0.0,1.0619980915836817,0.014895657079479771,67.96787786135563,0.9533220530867054
500,25,i64-o64,4,aggregated,3,96,0,96,0,0.0,0.0,0.0,0.0,0.0,0.0,2.0013958188843204,0.023549000906719728,128.0893324085965,1.5071360580300626
500,25,i64-o64,4,disaggregated,3,96,0,66,0,0.0,0.0,0.0,0.0,0.0,0.0,1.543640202039512,0.034548528578471245,98.79297293052876,2.2111058290221597
500,25,i64-o64,8,aggregated,3,96,0,12,0,0.0,0.0,0.0,0.0,0.0,0.0,2.0259607285119743,0.025549662484497044,129.66148662476635,1.6351783990078108
500,25,i64-o64,8,disaggregated,3,96,0,9,0,0.0,0.0,0.0,0.0,0.0,0.0,1.5354845179922796,0.038351583028497616,98.2710091515059,2.4545013138238474
500,25,i704-o16,1,aggregated,3,96,37,96,37,0.34375,0.3854166666666667,0.6814031031686195,0.0869639484459665,10.902449650697912,1.391423175135464,1.7675390160318332,0.015710485856984677,28.28062425650933,0.25136777371175484
500,25,i704-o16,1,disaggregated,3,96,38,96,38,0.34375,0.3958333333333333,0.5969469029534998,0.07758874581029279,9.551150447255997,1.2414199329646847,1.5068743964037539,0.015042369053473831,24.109990342460062,0.2406779048555813
500,25,i704-o16,2,aggregated,3,96,35,96,35,0.28125,0.3645833333333333,1.2474801942590905,0.24353911483393256,19.959683108145448,3.896625837342921,3.4231353134510694,0.020904963219625067,54.77016501521711,0.33447941151400107
500,25,i704-o16,2,disaggregated,3,96,28,93,31,0.25,0.2916666666666667,0.8475726821082888,0.11159924416771226,13.561162913732622,1.7855879066833962,2.9038899371858675,0.025379549177124205,46.46223899497388,0.4060727868339873
500,25,i704-o16,4,aggregated,3,96,25,96,25,0.25,0.2604166666666667,1.598074187923176,0.10824054141403133,25.569187006770814,1.7318486626245013,6.13705847899473,0.026451181948233923,98.19293566391568,0.42321891117174276
500,25,i704-o16,4,disaggregated,3,96,16,84,25,0.125,0.16666666666666666,0.8042149864391576,0.1913218826359943,12.867439783026521,3.061150122175909,4.807706438515174,0.1250408454339715,76.92330301624278,2.000653526943544
500,25,i704-o16,8,aggregated,3,96,6,12,25,0.0625,0.0625,0.39181344623922437,0.0033270507093814293,6.26901513982759,0.05323281135010287,6.26901513982759,0.05323281135010287,100.30424223724144,0.8517249816016459
500,25,i704-o16,8,disaggregated,3,96,0,3,22,0.0,0.0,0.0,0.0,0.0,0.0,5.194695140033942,0.1180547323063891,83.11512224054307,1.8888757169022257
500,25,i704-o256,1,aggregated,3,96,0,96,0,0.0,0.0,0.0,0.0,0.0,0.0,0.13315973441342704,0.0012079164472832916,34.08889200983732,0.30922661050452266
500,25,i704-o256,1,disaggregated,3,96,0,96,0,0.0,0.0,0.0,0.0,0.0,0.0,0.13193384669232183,0.002131816651440936,33.77506475323439,0.5457450627688796
500,25,i704-o256,2,aggregated,3,96,0,96,0,0.0,0.0,0.0,0.0,0.0,0.0,0.26410580486760143,0.001362346291233675,67.61108604610597,0.3487606505558208
500,25,i704-o256,2,disaggregated,3,96,0,93,0,0.0,0.0,0.0,0.0,0.0,0.0,0.26134501584656855,0.0037909228940693155,66.90432405672155,0.9704762608817448
500,25,i704-o256,4,aggregated,3,96,0,91,0,0.0,0.0,0.0,0.0,0.0,0.0,0.49510610991416354,0.006680299480468798,126.74716413802587,1.7101566670000123
500,25,i704-o256,4,disaggregated,3,96,0,48,0,0.0,0.0,0.0,0.0,0.0,0.0,0.3779514943446062,0.007244794533137345,96.75558255221918,1.8546674004831603
500,25,i704-o256,8,aggregated,3,96,0,12,0,0.0,0.0,0.0,0.0,0.0,0.0,0.49630706390823565,0.006032745851796616,127.05460836050833,1.5443829380599337
500,25,i704-o256,8,disaggregated,3,96,0,3,0,0.0,0.0,0.0,0.0,0.0,0.0,0.3762571932752105,0.006835298015528307,96.32184147845389,1.7498362919752466
500,25,i704-o64,1,aggregated,3,96,0,96,0,0.0,0.0,0.0,0.0,0.0,0.0,0.5129146812802884,0.0037243163276673703,32.82653960193846,0.2383562449707117
500,25,i704-o64,1,disaggregated,3,96,0,96,0,0.0,0.0,0.0,0.0,0.0,0.0,0.4876659180427332,0.007876828035810949,31.210618754734924,0.5041169942919007
500,25,i704-o64,2,aggregated,3,96,0,96,0,0.0,0.0,0.0,0.0,0.0,0.0,1.0153539462500099,0.005588110358331045,64.98265256000063,0.35763906293318687
500,25,i704-o64,2,disaggregated,3,96,0,93,0,0.0,0.0,0.0,0.0,0.0,0.0,0.9621512714349714,0.015229829721129363,61.57768137183817,0.9747091021522792
500,25,i704-o64,4,aggregated,3,96,0,96,0,0.0,0.0,0.0,0.0,0.0,0.0,1.8599615857959877,0.00974979465902817,119.03754149094321,0.6239868581778029
500,25,i704-o64,4,disaggregated,3,96,0,56,0,0.0,0.0,0.0,0.0,0.0,0.0,1.4630005116005735,0.027717615942049825,93.6320327424367,1.7739274202911888
500,25,i704-o64,8,aggregated,3,96,0,12,0,0.0,0.0,0.0,0.0,0.0,0.0,1.8899157972095058,0.008830952057150027,120.95461102140837,0.5651809316576017
500,25,i704-o64,8,disaggregated,3,96,0,3,0,0.0,0.0,0.0,0.0,0.0,0.0,1.4696514602957602,0.02710767303287764,94.05769345892865,1.734891074104169
500,25,mixed,1,aggregated,3,96,18,96,18,0.1875,0.1875,0.042409401864539474,0.0003032582317641552,0.6785504298326316,0.0048521317082264835,0.2261834766108772,0.00161737723607549,34.15370496824246,0.24422396264740048
500,25,mixed,1,disaggregated,3,96,16,96,16,0.15625,0.16666666666666666,0.03742932161529857,0.004400985783354958,0.5988691458447771,0.07041577253367932,0.22444138376508363,0.0033440931328650994,33.89064894852763,0.5049580630626318
500,25,mixed,2,aggregated,3,96,16,96,16,0.125,0.16666666666666666,0.07458612883206114,0.016375109750876745,1.1933780613129783,0.2620017560140279,0.44730072718407815,0.004167870441603936,67.54240980479581,0.6293484366821898
500,25,mixed,2,disaggregated,3,96,13,87,16,0.125,0.13541666666666666,0.05241186640228787,0.007323335398753847,0.8385898624366059,0.11717336638006155,0.38683378874800795,0.0028800321584030067,58.4119021009492,0.4348848559188518
500,25,mixed,4,aggregated,3,96,9,78,13,0.0625,0.09375,0.0627228256714919,0.02075986211672827,1.0035652107438704,0.3321577938676523,0.6691043364925959,0.007554465552609897,101.034754810382,1.1407242984440988
500,25,mixed,4,disaggregated,3,96,5,59,12,0.03125,0.052083333333333336,0.030460476328285437,0.02148080093163328,0.487367621252567,0.34369281490613246,0.581791526784986,0.017240912705006384,87.85052054453288,2.603377818455967
500,25,mixed,8,aggregated,3,96,4,25,15,0.03125,0.041666666666666664,0.03027161154087803,0.01581584006795642,0.4843457846540485,0.2530534410873027,0.7098480381050456,0.05799319648479546,107.18705375386189,8.75697266920412
500,25,mixed,8,disaggregated,3,96,2,17,13,0.0,0.020833333333333332,0.012351773183308566,0.010702293112429522,0.19762837093293706,0.17123668979887235,0.5925752017704643,0.01083443006427746,89.4788554673401,1.6359989397058987
500,30,i256-o16,1,aggregated,3,96,96,96,96,1.0,1.0,2.095743024165223,0.00926042345225116,33.531888386643566,0.14816677523601857,2.095743024165223,0.00926042345225116,33.531888386643566,0.14816677523601857
500,30,i256-o16,1,disaggregated,3,96,96,96,96,1.0,1.0,1.8779790777557706,0.03930303639384769,30.04766524409233,0.628848582301563,1.8779790777557706,0.03930303639384769,30.04766524409233,0.628848582301563
500,30,i256-o16,2,aggregated,3,96,96,96,96,1.0,1.0,4.121102994620531,0.02270022132089188,65.9376479139285,0.36320354113427006,4.121102994620531,0.02270022132089188,65.9376479139285,0.36320354113427006
500,30,i256-o16,2,disaggregated,3,96,96,96,96,1.0,1.0,3.7332473317280837,0.05683451735659063,59.73195730764934,0.9093522777054501,3.7332473317280837,0.05683451735659063,59.73195730764934,0.9093522777054501
500,30,i256-o16,4,aggregated,3,96,87,96,87,0.84375,0.90625,6.851833919302931,0.8047180672160116,109.62934270884689,12.875489075456185,7.549238361982489,0.19520763464891508,120.78781379171983,3.1233221543826413
500,30,i256-o16,4,disaggregated,3,96,80,93,82,0.65625,0.8333333333333334,4.8551527405281005,0.9923116865017052,77.68244384844961,15.876986984027283,5.810593578392465,0.13308093979812466,92.96949725427945,2.1292950367699945
500,30,i256-o16,8,aggregated,3,96,13,15,90,0.09375,0.13541666666666666,1.0418012916524702,0.3736246501625819,16.668820666439522,5.97799440260131,7.6864815158297635,0.0974544058928763,122.98370425327622,1.5592704942860207
500,30,i256-o16,8,disaggregated,3,96,2,9,82,0.0,0.020833333333333332,0.12190599365499676,0.10559979226804665,1.950495898479948,1.6895966762887464,5.880239402270708,0.09013848278998511,94.08383043633133,1.4422157246397618
500,30,i256-o256,1,aggregated,3,96,96,96,96,1.0,1.0,0.13468152047288184,0.0009767785451678136,34.47846924105775,0.2500553075629603,0.13468152047288184,0.0009767785451678136,34.47846924105775,0.2500553075629603
500,30,i256-o256,1,disaggregated,3,96,93,96,93,0.90625,0.96875,0.12996198458772476,0.009169203925790766,33.27026805445754,2.347316205002436,0.1340783425654771,0.002039709424550647,34.32405569676214,0.5221656126849656
500,30,i256-o256,2,aggregated,3,96,96,96,96,1.0,1.0,0.2682490491074594,0.0010473976364467066,68.6717565715096,0.2681337949303569,0.2682490491074594,0.0010473976364467066,68.6717565715096,0.2681337949303569
500,30,i256-o256,2,disaggregated,3,96,91,96,91,0.84375,0.9479166666666666,0.25331470564994235,0.027836359000380614,64.84856464638524,7.126107904097437,0.2669674524931047,0.004201077372182297,68.34366783823481,1.075475807278668
500,30,i256-o256,4,aggregated,3,96,42,92,43,0.40625,0.4375,0.21984136637438012,0.017527335665578247,56.27938979184131,4.486997930388031,0.5023034342476068,0.004622936634290753,128.58967916738735,1.1834717783784328
500,30,i256-o256,4,disaggregated,3,96,56,63,79,0.4375,0.5833333333333334,0.22403132290595196,0.054189182337104416,57.3520186639237,13.87243067829873,0.3827854162958466,0.008871425275032901,97.99306657173673,2.2710848704084228
500,30,i256-o256,8,aggregated,3,96,4,12,38,0.03125,0.041666666666666664,0.02089698907456333,0.008857466376861318,5.349629203088212,2.2675113924764974,0.5027104281091086,0.005674246352636646,128.6938695959318,1.4526070662749815
500,30,i256-o256,8,disaggregated,3,96,5,9,81,0.03125,0.052083333333333336,0.019866245900212975,0.0071187238356250305,5.0857589504545215,1.8223933019200078,0.37997334334851557,0.006318956168215353,97.27317589721999,1.6176527790631303
500,30,i256-o64,1,aggregated,3,96,96,96,96,1.0,1.0,0.5371730481620268,0.004071085573812895,34.37907508236972,0.2605494767240253,0.5371730481620268,0.004071085573812895,34.37907508236972,0.2605494767240253
500,30,i256-o64,1,disaggregated,3,96,96,96,96,1.0,1.0,0.521395680355397,0.007589752506458044,33.369323542745406,0.4857441604133148,0.521395680355397,0.007589752506458044,33.369323542745406,0.4857441604133148
500,30,i256-o64,2,aggregated,3,96,96,96,96,1.0,1.0,1.0668221017734503,0.004768924920999102,68.27661451350082,0.30521119494394255,1.0668221017734503,0.004768924920999102,68.27661451350082,0.30521119494394255
500,30,i256-o64,2,disaggregated,3,96,96,96,96,1.0,1.0,1.038939472508178,0.013320016656098803,66.49212624052339,0.8524810659903234,1.038939472508178,0.013320016656098803,66.49212624052339,0.8524810659903234
500,30,i256-o64,4,aggregated,3,96,62,96,62,0.59375,0.6458333333333334,1.2761595059891178,0.09645434803382129,81.67420838330354,6.1730782741645625,1.975817126195673,0.0057593728230623115,126.45229607652307,0.36859986067598793
500,30,i256-o64,4,disaggregated,3,96,58,65,82,0.46875,0.6041666666666666,0.9153638560152113,0.1894254790691701,58.583286784973524,12.123230660426886,1.5125377519478755,0.019817767080911906,96.80241612466403,1.268337093178362
500,30,i256-o64,8,aggregated,3,96,8,12,66,0.0625,0.08333333333333333,0.16600089315847377,0.03587728039161741,10.624057162142321,2.296145945063514,1.9922015938518371,0.015706642949864118,127.50090200651758,1.0052251487913035
500,30,i256-o64,8,disaggregated,3,96,5,9,80,0.03125,0.052083333333333336,0.07885028629075176,0.02812725437296479,5.046418322608113,1.8001442798697465,1.50892125619985,0.02171101314456493,96.5709603967904,1.3895048412521556
500,30,i64-o16,1,aggregated,3,96,96,96,96,1.0,1.0,2.120744658231485,0.010853245263595452,33.93191453170376,0.17365192421752723,2.120744658231485,0.010853245263595452,33.93191453170376,0.17365192421752723
500,30,i64-o16,1,disaggregated,3,96,96,96,96,1.0,1.0,2.0556847531098885,0.027501446169903385,32.890956049758216,0.44002313871845417,2.0556847531098885,0.027501446169903385,32.890956049758216,0.44002313871845417
500,30,i64-o16,2,aggregated,3,96,96,96,96,1.0,1.0,4.217835986081198,0.009471339556007987,67.48537577729917,0.1515414328961278,4.217835986081198,0.009471339556007987,67.48537577729917,0.1515414328961278
500,30,i64-o16,2,disaggregated,3,96,94,96,94,0.9375,0.9791666666666666,3.883266355516325,0.19716960669247482,62.1322616882612,3.154713707079597,3.964687804867304,0.07208857292455283,63.435004877876864,1.1534171667928452
500,30,i64-o16,4,aggregated,3,96,93,96,93,0.96875,0.96875,7.560101905463523,0.040401175697127326,120.96163048741637,0.6464188111540372,7.803976160478475,0.04170443942929311,124.8636185676556,0.6672710308686898
500,30,i64-o16,4,disaggregated,3,96,67,89,71,0.15625,0.6979166666666666,4.173883030269034,2.9732808927735577,66.78212848430455,47.57249428437692,5.640218821154343,0.7724160768234212,90.24350113846948,12.358657229174739
500,30,i64-o16,8,aggregated,3,96,17,20,88,0.125,0.17708333333333334,1.3759172274576765,0.5254392938851739,22.014675639322824,8.407028702162782,7.744913468815028,0.10533698778079977,123.91861550104045,1.6853918044927962
500,30,i64-o16,8,disaggregated,3,96,6,9,82,0.03125,0.0625,0.3751978518503494,0.196483695882658,6.00316562960559,3.143739134122528,5.920288111108862,0.3463379506091306,94.72460977774179,5.541407209746089
500,30,i64-o256,1,aggregated,3,96,96,96,96,1.0,1.0,0.13529434025893733,0.0009768817592908968,34.635351106287956,0.2500817303784696,0.13529434025893733,0.0009768817592908968,34.635351106287956,0.2500817303784696
500,30,i64-o256,1,disaggregated,3,96,94,96,94,0.9375,0.9791666666666666,0.13210900011481652,0.00684586966101398,33.81990402939303,1.7525426332195788,0.13486909063847818,0.0020652583201577154,34.526487203450415,0.5287061299603751
500,30,i64-o256,2,aggregated,3,96,96,96,96,1.0,1.0,0.26918178349348154,0.0006358395052080113,68.91053657433127,0.1627749133332509,0.26918178349348154,0.0006358395052080113,68.91053657433127,0.1627749133332509
500,30,i64-o256,2,disaggregated,3,96,94,96,94,0.9375,0.9791666666666666,0.26419020993016606,0.013387921648446321,67.63269374212251,3.4273079420022583,0.269717758183404,0.003832365232771815,69.04774609495142,0.9810854995895847
500,30,i64-o256,4,aggregated,3,96,42,90,42,0.3125,0.4375,0.21974230983192453,0.05777731991690918,56.25403131697268,14.79099389872875,0.5018380722774222,0.004919935539386469,128.47054650302007,1.259503498082936
500,30,i64-o256,4,disaggregated,3,96,53,59,82,0.46875,0.5520833333333334,0.21213427932737394,0.04825161995434874,54.30637550780773,12.352414708313278,0.3835581623173795,0.007726159588768941,98.19088955324915,1.977896854724849
500,30,i64-o256,8,aggregated,3,96,3,12,41,0.0,0.03125,0.015858976920887974,0.015782104097662814,4.059898091747321,4.04021864900168,0.5056166299895594,0.006544388469786255,129.4378572773272,1.6753634482652813
500,30,i64-o256,8,disaggregated,3,96,7,9,83,0.03125,0.07291666666666667,0.028262179682067155,0.01437367226116106,7.235117998609192,3.6796600988572314,0.38441359800658825,0.009644968976149536,98.40988108968659,2.4691120578942813
500,30,i64-o64,1,aggregated,3,96,96,96,96,1.0,1.0,0.5407570371232046,0.0057328671774340735,34.60845037588509,0.3669034993557807,0.5407570371232046,0.0057328671774340735,34.60845037588509,0.3669034993557807
500,30,i64-o64,1,disaggregated,3,96,95,96,95,0.96875,0.9895833333333334,0.5273212429501303,0.017893263482388004,33.74855954880834,1.1451688628728323,0.5327703019269415,0.008553826804920702,34.09729932332426,0.5474449155149249
500,30,i64-o64,2,aggregated,3,96,96,96,96,1.0,1.0,1.0760819012459542,0.004883848551188994,68.86924167974107,0.31256630727609563,1.0760819012459542,0.004883848551188994,68.86924167974107,0.31256630727609563
500,30,i64-o64,2,disaggregated,3,96,96,96,96,1.0,1.0,1.0619980915836817,0.014895657079479771,67.96787786135563,0.9533220530867054,1.0619980915836817,0.014895657079479771,67.96787786135563,0.9533220530867054
500,30,i64-o64,4,aggregated,3,96,70,96,70,0.625,0.7291666666666666,1.4613760899657564,0.2788955874619162,93.52806975780841,17.849317597562635,2.0013958188843204,0.023549000906719728,128.0893324085965,1.5071360580300626
500,30,i64-o64,4,disaggregated,3,96,63,66,91,0.59375,0.65625,1.0142602779691265,0.10514132828868203,64.9126577900241,6.72904501047565,1.543640202039512,0.034548528578471245,98.79297293052876,2.2111058290221597
500,30,i64-o64,8,aggregated,3,96,8,12,76,0.0625,0.08333333333333333,0.1689057103298486,0.0370841218181642,10.80996546111031,2.373383796362509,2.0259607285119743,0.025549662484497044,129.66148662476635,1.6351783990078108
500,30,i64-o64,8,disaggregated,3,96,8,9,88,0.0625,0.08333333333333333,0.12841560383508666,0.030485897576984295,8.218598645445546,1.9510974449269949,1.5354845179922796,0.038351583028497616,98.2710091515059,2.4545013138238474
500,30,i704-o16,1,aggregated,3,96,96,96,96,1.0,1.0,1.7675390160318332,0.015710485856984677,28.28062425650933,0.25136777371175484,1.7675390160318332,0.015710485856984677,28.28062425650933,0.25136777371175484
500,30,i704-o16,1,disaggregated,3,96,96,96,96,1.0,1.0,1.5068743964037539,0.015042369053473831,24.109990342460062,0.2406779048555813,1.5068743964037539,0.015042369053473831,24.109990342460062,0.2406779048555813
500,30,i704-o16,2,aggregated,3,96,96,96,96,1.0,1.0,3.4231353134510694,0.020904963219625067,54.77016501521711,0.33447941151400107,3.4231353134510694,0.020904963219625067,54.77016501521711,0.33447941151400107
500,30,i704-o16,2,disaggregated,3,96,93,93,96,0.96875,0.96875,2.813143376648809,0.024586438265339027,45.01029402638095,0.39338301224542443,2.9038899371858675,0.025379549177124205,46.46223899497388,0.4060727868339873
500,30,i704-o16,4,aggregated,3,96,89,96,89,0.875,0.9270833333333334,5.690115781169725,0.30981333296684654,91.0418524987156,4.957013327469545,6.13705847899473,0.026451181948233923,98.19293566391568,0.42321891117174276
500,30,i704-o16,4,disaggregated,3,96,63,84,75,0.53125,0.65625,3.1638490903354684,0.5931274108420609,50.621585445367494,9.490038573472974,4.807706438515174,0.1250408454339715,76.92330301624278,2.000653526943544
500,30,i704-o16,8,aggregated,3,96,12,12,89,0.125,0.125,0.7836268924784487,0.0066541014187628585,12.53803027965518,0.10646562270020574,6.26901513982759,0.05323281135010287,100.30424223724144,0.8517249816016459
500,30,i704-o16,8,disaggregated,3,96,3,3,52,0.03125,0.03125,0.1623342231260607,0.0036892103845746595,2.597347570016971,0.05902736615319455,5.194695140033942,0.1180547323063891,83.11512224054307,1.8888757169022257
500,30,i704-o256,1,aggregated,3,96,96,96,96,1.0,1.0,0.13315973441342704,0.0012079164472832916,34.08889200983732,0.30922661050452266,0.13315973441342704,0.0012079164472832916,34.08889200983732,0.30922661050452266
500,30,i704-o256,1,disaggregated,3,96,95,96,95,0.96875,0.9895833333333334,0.13058516528652345,0.0044672678937833585,33.42980231335,1.1436205808085398,0.13193384669232183,0.002131816651440936,33.77506475323439,0.5457450627688796
500,30,i704-o256,2,aggregated,3,96,96,96,96,1.0,1.0,0.26410580486760143,0.001362346291233675,67.61108604610597,0.3487606505558208,0.26410580486760143,0.001362346291233675,67.61108604610597,0.3487606505558208
500,30,i704-o256,2,disaggregated,3,96,89,93,92,0.84375,0.9270833333333334,0.24247088313157045,0.022215746855702073,62.072546081682034,5.687231195059731,0.26134501584656855,0.0037909228940693155,66.90432405672155,0.9704762608817448
500,30,i704-o256,4,aggregated,3,96,36,91,37,0.25,0.375,0.18579901052857814,0.05425066725439795,47.564546695316004,13.888170817125875,0.49510610991416354,0.006680299480468798,126.74716413802587,1.7101566670000123
500,30,i704-o256,4,disaggregated,3,96,40,48,77,0.34375,0.4166666666666667,0.1577540793454842,0.03181990529388714,40.38504431244395,8.145895755235108,0.3779514943446062,0.007244794533137345,96.75558255221918,1.8546674004831603
500,30,i704-o256,8,aggregated,3,96,5,12,43,0.03125,0.052083333333333336,0.025882556996567423,0.009075775562825761,6.62593459112126,2.323398544083395,0.49630706390823565,0.006032745851796616,127.05460836050833,1.5443829380599337
500,30,i704-o256,8,disaggregated,3,96,1,3,70,0.0,0.010416666666666666,0.003946854415913046,0.00683615237843898,1.0103947304737397,1.7500550088803788,0.3762571932752105,0.006835298015528307,96.32184147845389,1.7498362919752466
500,30,i704-o64,1,aggregated,3,96,96,96,96,1.0,1.0,0.5129146812802884,0.0037243163276673703,32.82653960193846,0.2383562449707117,0.5129146812802884,0.0037243163276673703,32.82653960193846,0.2383562449707117
500,30,i704-o64,1,disaggregated,3,96,96,96,96,1.0,1.0,0.4876659180427332,0.007876828035810949,31.210618754734924,0.5041169942919007,0.4876659180427332,0.007876828035810949,31.210618754734924,0.5041169942919007
500,30,i704-o64,2,aggregated,3,96,96,96,96,1.0,1.0,1.0153539462500099,0.005588110358331045,64.98265256000063,0.35763906293318687,1.0153539462500099,0.005588110358331045,64.98265256000063,0.35763906293318687
500,30,i704-o64,2,disaggregated,3,96,92,93,95,0.9375,0.9583333333333334,0.9222445000522014,0.03178260811932868,59.02364800334089,2.0340869196370357,0.9621512714349714,0.015229829721129363,61.57768137183817,0.9747091021522792
500,30,i704-o64,4,aggregated,3,96,60,96,60,0.5,0.625,1.162858444047245,0.21219277370092413,74.42294041902367,13.580337516859144,1.8599615857959877,0.00974979465902817,119.03754149094321,0.6239868581778029
500,30,i704-o64,4,disaggregated,3,96,47,56,74,0.40625,0.4895833333333333,0.7166686598422691,0.14481105827439464,45.866794229905224,9.267907729561257,1.4630005116005735,0.027717615942049825,93.6320327424367,1.7739274202911888
500,30,i704-o64,8,aggregated,3,96,8,12,60,0.0625,0.08333333333333333,0.15758372086886135,0.0346509726833936,10.085358135607127,2.2176622517371904,1.8899157972095058,0.008830952057150027,120.95461102140837,0.5651809316576017
500,30,i704-o64,8,disaggregated,3,96,0,3,66,0.0,0.0,0.0,0.0,0.0,0.0,1.4696514602957602,0.02710767303287764,94.05769345892865,1.734891074104169
500,30,mixed,1,aggregated,3,96,96,96,96,1.0,1.0,0.2261834766108772,0.00161737723607549,34.15370496824246,0.24422396264740048,0.2261834766108772,0.00161737723607549,34.15370496824246,0.24422396264740048
500,30,mixed,1,disaggregated,3,96,94,96,94,0.9375,0.9791666666666666,0.21984578331942062,0.011298499959211311,32.7141752344379,2.541741218965899,0.22444138376508363,0.0033440931328650994,33.89064894852763,0.5049580630626318
500,30,mixed,2,aggregated,3,96,96,96,96,1.0,1.0,0.44730072718407815,0.004167870441603936,67.54240980479581,0.6293484366821898,0.44730072718407815,0.004167870441603936,67.54240980479581,0.6293484366821898
500,30,mixed,2,disaggregated,3,96,86,87,95,0.875,0.8958333333333334,0.3465701800195724,0.009365516217004991,51.005671682079765,2.1317699670806514,0.38683378874800795,0.0028800321584030067,58.4119021009492,0.4348848559188518
500,30,mixed,4,aggregated,3,96,59,78,75,0.53125,0.6145833333333334,0.4116686994078238,0.06857198236791885,58.494714971385925,11.844720875329875,0.6691043364925959,0.007554465552609897,101.034754810382,1.1407242984440988
500,30,mixed,4,disaggregated,3,96,53,59,86,0.375,0.5520833333333334,0.322968478068893,0.09775236296835499,52.05624255652143,20.261419554414005,0.581791526784986,0.017240912705006384,87.85052054453288,2.603377818455967
500,30,mixed,8,aggregated,3,96,15,25,66,0.125,0.15625,0.11190026789339505,0.030793003432293572,17.761985143657846,1.766695580458054,0.7098480381050456,0.05799319648479546,107.18705375386189,8.75697266920412
500,30,mixed,8,disaggregated,3,96,14,17,79,0.125,0.14583333333333334,0.08630126863577778,0.0094177316264853,16.139545163674885,5.09176981507114,0.5925752017704643,0.01083443006427746,89.4788554673401,1.6359989397058987
500,35,i256-o16,1,aggregated,3,96,96,96,96,1.0,1.0,2.095743024165223,0.00926042345225116,33.531888386643566,0.14816677523601857,2.095743024165223,0.00926042345225116,33.531888386643566,0.14816677523601857
500,35,i256-o16,1,disaggregated,3,96,96,96,96,1.0,1.0,1.8779790777557706,0.03930303639384769,30.04766524409233,0.628848582301563,1.8779790777557706,0.03930303639384769,30.04766524409233,0.628848582301563
500,35,i256-o16,2,aggregated,3,96,96,96,96,1.0,1.0,4.121102994620531,0.02270022132089188,65.9376479139285,0.36320354113427006,4.121102994620531,0.02270022132089188,65.9376479139285,0.36320354113427006
500,35,i256-o16,2,disaggregated,3,96,96,96,96,1.0,1.0,3.7332473317280837,0.05683451735659063,59.73195730764934,0.9093522777054501,3.7332473317280837,0.05683451735659063,59.73195730764934,0.9093522777054501
500,35,i256-o16,4,aggregated,3,96,96,96,96,1.0,1.0,7.549238361982489,0.19520763464891508,120.78781379171983,3.1233221543826413,7.549238361982489,0.19520763464891508,120.78781379171983,3.1233221543826413
500,35,i256-o16,4,disaggregated,3,96,93,93,96,0.96875,0.96875,5.6290125290677,0.12892216042943336,90.0642004650832,2.0627545668709337,5.810593578392465,0.13308093979812466,92.96949725427945,2.1292950367699945
500,35,i256-o16,8,aggregated,3,96,15,15,96,0.125,0.15625,1.2012401893423033,0.24413734178155252,19.219843029476852,3.9061974685048404,7.6864815158297635,0.0974544058928763,122.98370425327622,1.5592704942860207
500,35,i256-o16,8,disaggregated,3,96,9,9,96,0.09375,0.09375,0.5512724439628789,0.008450482761561112,8.820359103406062,0.13520772418497778,5.880239402270708,0.09013848278998511,94.08383043633133,1.4422157246397618
500,35,i256-o256,1,aggregated,3,96,96,96,96,1.0,1.0,0.13468152047288184,0.0009767785451678136,34.47846924105775,0.2500553075629603,0.13468152047288184,0.0009767785451678136,34.47846924105775,0.2500553075629603
500,35,i256-o256,1,disaggregated,3,96,96,96,96,1.0,1.0,0.1340783425654771,0.002039709424550647,34.32405569676214,0.5221656126849656,0.1340783425654771,0.002039709424550647,34.32405569676214,0.5221656126849656
500,35,i256-o256,2,aggregated,3,96,96,96,96,1.0,1.0,0.2682490491074594,0.0010473976364467066,68.6717565715096,0.2681337949303569,0.2682490491074594,0.0010473976364467066,68.6717565715096,0.2681337949303569
500,35,i256-o256,2,disaggregated,3,96,96,96,96,1.0,1.0,0.2669674524931047,0.004201077372182297,68.34366783823481,1.075475807278668,0.2669674524931047,0.004201077372182297,68.34366783823481,1.075475807278668
500,35,i256-o256,4,aggregated,3,96,92,92,96,0.875,0.9583333333333334,0.481486160958566,0.038592399526862046,123.2604572053929,9.879654278876684,0.5023034342476068,0.004622936634290753,128.58967916738735,1.1834717783784328
500,35,i256-o256,4,disaggregated,3,96,63,63,96,0.625,0.65625,0.2511962943674965,0.013255307137305154,64.30625135807911,3.3933586271501195,0.3827854162958466,0.008871425275032901,97.99306657173673,2.2710848704084228
500,35,i256-o256,8,aggregated,3,96,12,12,96,0.125,0.125,0.06283880351363857,0.0007092807940795808,16.086733699491475,0.18157588328437269,0.5027104281091086,0.005674246352636646,128.6938695959318,1.4526070662749815
500,35,i256-o256,8,disaggregated,3,96,9,9,96,0.09375,0.09375,0.035622500938923336,0.0005924021407701878,9.119360240364374,0.15165494803716809,0.37997334334851557,0.006318956168215353,97.27317589721999,1.6176527790631303
500,35,i256-o64,1,aggregated,3,96,96,96,96,1.0,1.0,0.5371730481620268,0.004071085573812895,34.37907508236972,0.2605494767240253,0.5371730481620268,0.004071085573812895,34.37907508236972,0.2605494767240253
500,35,i256-o64,1,disaggregated,3,96,96,96,96,1.0,1.0,0.521395680355397,0.007589752506458044,33.369323542745406,0.4857441604133148,0.521395680355397,0.007589752506458044,33.369323542745406,0.4857441604133148
500,35,i256-o64,2,aggregated,3,96,96,96,96,1.0,1.0,1.0668221017734503,0.004768924920999102,68.27661451350082,0.30521119494394255,1.0668221017734503,0.004768924920999102,68.27661451350082,0.30521119494394255
500,35,i256-o64,2,disaggregated,3,96,96,96,96,1.0,1.0,1.038939472508178,0.013320016656098803,66.49212624052339,0.8524810659903234,1.038939472508178,0.013320016656098803,66.49212624052339,0.8524810659903234
500,35,i256-o64,4,aggregated,3,96,96,96,96,1.0,1.0,1.975817126195673,0.0057593728230623115,126.45229607652307,0.36859986067598793,1.975817126195673,0.0057593728230623115,126.45229607652307,0.36859986067598793
500,35,i256-o64,4,disaggregated,3,96,65,65,96,0.65625,0.6770833333333334,1.0239860513669095,0.02323331330613978,65.5351072874822,1.4869320515929458,1.5125377519478755,0.019817767080911906,96.80241612466403,1.268337093178362
500,35,i256-o64,8,aggregated,3,96,12,12,96,0.125,0.125,0.24902519923147964,0.0019633303687330147,15.937612750814697,0.12565314359891294,1.9922015938518371,0.015706642949864118,127.50090200651758,1.0052251487913035
500,35,i256-o64,8,disaggregated,3,96,9,9,96,0.09375,0.09375,0.14146136776873594,0.0020354074823029657,9.0535275371991,0.1302660788673898,1.50892125619985,0.02171101314456493,96.5709603967904,1.3895048412521556
500,35,i64-o16,1,aggregated,3,96,96,96,96,1.0,1.0,2.120744658231485,0.010853245263595452,33.93191453170376,0.17365192421752723,2.120744658231485,0.010853245263595452,33.93191453170376,0.17365192421752723
500,35,i64-o16,1,disaggregated,3,96,96,96,96,1.0,1.0,2.0556847531098885,0.027501446169903385,32.890956049758216,0.44002313871845417,2.0556847531098885,0.027501446169903385,32.890956049758216,0.44002313871845417
500,35,i64-o16,2,aggregated,3,96,96,96,96,1.0,1.0,4.217835986081198,0.009471339556007987,67.48537577729917,0.1515414328961278,4.217835986081198,0.009471339556007987,67.48537577729917,0.1515414328961278
500,35,i64-o16,2,disaggregated,3,96,96,96,96,1.0,1.0,3.964687804867304,0.07208857292455283,63.435004877876864,1.1534171667928452,3.964687804867304,0.07208857292455283,63.435004877876864,1.1534171667928452
500,35,i64-o16,4,aggregated,3,96,96,96,96,1.0,1.0,7.803976160478475,0.04170443942929311,124.8636185676556,0.6672710308686898,7.803976160478475,0.04170443942929311,124.8636185676556,0.6672710308686898
500,35,i64-o16,4,disaggregated,3,96,81,89,87,0.59375,0.84375,4.868540927889776,1.7722409227058071,77.89665484623642,28.355854763292914,5.640218821154343,0.7724160768234212,90.24350113846948,12.358657229174739
500,35,i64-o16,8,aggregated,3,96,20,20,96,0.1875,0.20833333333333334,1.6160574988386571,0.30360882431964237,25.856919981418514,4.857741189114278,7.744913468815028,0.10533698778079977,123.91861550104045,1.6853918044927962
500,35,i64-o16,8,disaggregated,3,96,7,9,90,0.03125,0.07291666666666667,0.4397675672769426,0.23125915838181688,7.036281076431082,3.70014653410907,5.920288111108862,0.3463379506091306,94.72460977774179,5.541407209746089
500,35,i64-o256,1,aggregated,3,96,96,96,96,1.0,1.0,0.13529434025893733,0.0009768817592908968,34.635351106287956,0.2500817303784696,0.13529434025893733,0.0009768817592908968,34.635351106287956,0.2500817303784696
500,35,i64-o256,1,disaggregated,3,96,96,96,96,1.0,1.0,0.13486909063847818,0.0020652583201577154,34.526487203450415,0.5287061299603751,0.13486909063847818,0.0020652583201577154,34.526487203450415,0.5287061299603751
500,35,i64-o256,2,aggregated,3,96,96,96,96,1.0,1.0,0.26918178349348154,0.0006358395052080113,68.91053657433127,0.1627749133332509,0.26918178349348154,0.0006358395052080113,68.91053657433127,0.1627749133332509
500,35,i64-o256,2,disaggregated,3,96,96,96,96,1.0,1.0,0.269717758183404,0.003832365232771815,69.04774609495142,0.9810854995895847,0.269717758183404,0.003832365232771815,69.04774609495142,0.9810854995895847
500,35,i64-o256,4,aggregated,3,96,90,90,96,0.84375,0.9375,0.47049026719332454,0.04191811530413117,120.44550840149108,10.73103751785758,0.5018380722774222,0.004919935539386469,128.47054650302007,1.259503498082936
500,35,i64-o256,4,disaggregated,3,96,59,59,96,0.5,0.6145833333333334,0.23554912775197095,0.037515977555288314,60.300576704504564,9.604090254153808,0.3835581623173795,0.007726159588768941,98.19088955324915,1.977896854724849
500,35,i64-o256,8,aggregated,3,96,12,12,96,0.125,0.125,0.06320207874869492,0.0008180485587232819,16.1797321596659,0.20942043103316016,0.5056166299895594,0.006544388469786255,129.4378572773272,1.6753634482652813
500,35,i64-o256,8,disaggregated,3,96,9,9,96,0.09375,0.09375,0.036038774813117645,0.0009042158415140226,9.225926352158117,0.2314792554275898,0.38441359800658825,0.009644968976149536,98.40988108968659,2.4691120578942813
500,35,i64-o64,1,aggregated,3,96,96,96,96,1.0,1.0,0.5407570371232046,0.0057328671774340735,34.60845037588509,0.3669034993557807,0.5407570371232046,0.0057328671774340735,34.60845037588509,0.3669034993557807
500,35,i64-o64,1,disaggregated,3,96,96,96,96,1.0,1.0,0.5327703019269415,0.008553826804920702,34.09729932332426,0.5474449155149249,0.5327703019269415,0.008553826804920702,34.09729932332426,0.5474449155149249
500,35,i64-o64,2,aggregated,3,96,96,96,96,1.0,1.0,1.0760819012459542,0.004883848551188994,68.86924167974107,0.31256630727609563,1.0760819012459542,0.004883848551188994,68.86924167974107,0.31256630727609563
500,35,i64-o64,2,disaggregated,3,96,96,96,96,1.0,1.0,1.0619980915836817,0.014895657079479771,67.96787786135563,0.9533220530867054,1.0619980915836817,0.014895657079479771,67.96787786135563,0.9533220530867054
500,35,i64-o64,4,aggregated,3,96,96,96,96,1.0,1.0,2.0013958188843204,0.023549000906719728,128.0893324085965,1.5071360580300626,2.0013958188843204,0.023549000906719728,128.0893324085965,1.5071360580300626
500,35,i64-o64,4,disaggregated,3,96,66,66,96,0.6875,0.6875,1.0612526389021646,0.02375211339769898,67.92016888973853,1.5201352574527347,1.543640202039512,0.034548528578471245,98.79297293052876,2.2111058290221597
500,35,i64-o64,8,aggregated,3,96,12,12,96,0.125,0.125,0.2532450910639968,0.0031937078105621305,16.207685828095794,0.20439729987597635,2.0259607285119743,0.025549662484497044,129.66148662476635,1.6351783990078108
500,35,i64-o64,8,disaggregated,3,96,9,9,96,0.09375,0.09375,0.1439516735617762,0.0035954609089216493,9.212907107953678,0.23010949817098555,1.5354845179922796,0.038351583028497616,98.2710091515059,2.4545013138238474
500,35,i704-o16,1,aggregated,3,96,96,96,96,1.0,1.0,1.7675390160318332,0.015710485856984677,28.28062425650933,0.25136777371175484,1.7675390160318332,0.015710485856984677,28.28062425650933,0.25136777371175484
500,35,i704-o16,1,disaggregated,3,96,96,96,96,1.0,1.0,1.5068743964037539,0.015042369053473831,24.109990342460062,0.2406779048555813,1.5068743964037539,0.015042369053473831,24.109990342460062,0.2406779048555813
500,35,i704-o16,2,aggregated,3,96,96,96,96,1.0,1.0,3.4231353134510694,0.020904963219625067,54.77016501521711,0.33447941151400107,3.4231353134510694,0.020904963219625067,54.77016501521711,0.33447941151400107
500,35,i704-o16,2,disaggregated,3,96,93,93,96,0.96875,0.96875,2.813143376648809,0.024586438265339027,45.01029402638095,0.39338301224542443,2.9038899371858675,0.025379549177124205,46.46223899497388,0.4060727868339873
500,35,i704-o16,4,aggregated,3,96,96,96,96,1.0,1.0,6.13705847899473,0.026451181948233923,98.19293566391568,0.42321891117174276,6.13705847899473,0.026451181948233923,98.19293566391568,0.42321891117174276
500,35,i704-o16,4,disaggregated,3,96,84,84,96,0.84375,0.875,4.209234706385791,0.2559664264926484,67.34775530217266,4.095462823882374,4.807706438515174,0.1250408454339715,76.92330301624278,2.000653526943544
500,35,i704-o16,8,aggregated,3,96,12,12,96,0.125,0.125,0.7836268924784487,0.0066541014187628585,12.53803027965518,0.10646562270020574,6.26901513982759,0.05323281135010287,100.30424223724144,0.8517249816016459
500,35,i704-o16,8,disaggregated,3,96,3,3,94,0.03125,0.03125,0.1623342231260607,0.0036892103845746595,2.597347570016971,0.05902736615319455,5.194695140033942,0.1180547323063891,83.11512224054307,1.8888757169022257
500,35,i704-o256,1,aggregated,3,96,96,96,96,1.0,1.0,0.13315973441342704,0.0012079164472832916,34.08889200983732,0.30922661050452266,0.13315973441342704,0.0012079164472832916,34.08889200983732,0.30922661050452266
500,35,i704-o256,1,disaggregated,3,96,96,96,96,1.0,1.0,0.13193384669232183,0.002131816651440936,33.77506475323439,0.5457450627688796,0.13193384669232183,0.002131816651440936,33.77506475323439,0.5457450627688796
500,35,i704-o256,2,aggregated,3,96,96,96,96,1.0,1.0,0.26410580486760143,0.001362346291233675,67.61108604610597,0.3487606505558208,0.26410580486760143,0.001362346291233675,67.61108604610597,0.3487606505558208
500,35,i704-o256,2,disaggregated,3,96,93,93,96,0.96875,0.96875,0.2531779841013633,0.0036724565536296536,64.813563929949,0.9401488777291913,0.26134501584656855,0.0037909228940693155,66.90432405672155,0.9704762608817448
500,35,i704-o256,4,aggregated,3,96,91,91,96,0.875,0.9479166666666666,0.46933079259211097,0.032933411532388206,120.14868290358041,8.43095335229138,0.49510610991416354,0.006680299480468798,126.74716413802587,1.7101566670000123
500,35,i704-o256,4,disaggregated,3,96,48,48,96,0.40625,0.5,0.1885583784529569,0.03199072998570461,48.270944883956965,8.18962687634038,0.3779514943446062,0.007244794533137345,96.75558255221918,1.8546674004831603
500,35,i704-o256,8,aggregated,3,96,12,12,96,0.125,0.125,0.062038382988529456,0.000754093231474577,15.88182604506354,0.1930478672574917,0.49630706390823565,0.006032745851796616,127.05460836050833,1.5443829380599337
500,35,i704-o256,8,disaggregated,3,96,3,3,96,0.03125,0.03125,0.011758037289850328,0.0002136030629852596,3.010057546201684,0.054682384124226456,0.3762571932752105,0.006835298015528307,96.32184147845389,1.7498362919752466
500,35,i704-o64,1,aggregated,3,96,96,96,96,1.0,1.0,0.5129146812802884,0.0037243163276673703,32.82653960193846,0.2383562449707117,0.5129146812802884,0.0037243163276673703,32.82653960193846,0.2383562449707117
500,35,i704-o64,1,disaggregated,3,96,96,96,96,1.0,1.0,0.4876659180427332,0.007876828035810949,31.210618754734924,0.5041169942919007,0.4876659180427332,0.007876828035810949,31.210618754734924,0.5041169942919007
500,35,i704-o64,2,aggregated,3,96,96,96,96,1.0,1.0,1.0153539462500099,0.005588110358331045,64.98265256000063,0.35763906293318687,1.0153539462500099,0.005588110358331045,64.98265256000063,0.35763906293318687
500,35,i704-o64,2,disaggregated,3,96,93,93,96,0.96875,0.96875,0.9320840442026286,0.014753897542344007,59.65337882896823,0.9442494427100164,0.9621512714349714,0.015229829721129363,61.57768137183817,0.9747091021522792
500,35,i704-o64,4,aggregated,3,96,96,96,96,1.0,1.0,1.8599615857959877,0.00974979465902817,119.03754149094321,0.6239868581778029,1.8599615857959877,0.00974979465902817,119.03754149094321,0.6239868581778029
500,35,i704-o64,4,disaggregated,3,96,56,56,96,0.5,0.5833333333333334,0.8528007489472946,0.09983456953715465,54.579247932626856,6.389412450377898,1.4630005116005735,0.027717615942049825,93.6320327424367,1.7739274202911888
500,35,i704-o64,8,aggregated,3,96,12,12,96,0.125,0.125,0.23623947465118822,0.0011038690071437534,15.119326377676046,0.07064761645720022,1.8899157972095058,0.008830952057150027,120.95461102140837,0.5651809316576017
500,35,i704-o64,8,disaggregated,3,96,3,3,96,0.03125,0.03125,0.04592660813424251,0.0008471147822774263,2.9393029205915204,0.05421534606575528,1.4696514602957602,0.02710767303287764,94.05769345892865,1.734891074104169
500,35,mixed,1,aggregated,3,96,96,96,96,1.0,1.0,0.2261834766108772,0.00161737723607549,34.15370496824246,0.24422396264740048,0.2261834766108772,0.00161737723607549,34.15370496824246,0.24422396264740048
500,35,mixed,1,disaggregated,3,96,96,96,96,1.0,1.0,0.22444138376508363,0.0033440931328650994,33.89064894852763,0.5049580630626318,0.22444138376508363,0.0033440931328650994,33.89064894852763,0.5049580630626318
500,35,mixed,2,aggregated,3,96,96,96,96,1.0,1.0,0.44730072718407815,0.004167870441603936,67.54240980479581,0.6293484366821898,0.44730072718407815,0.004167870441603936,67.54240980479581,0.6293484366821898
500,35,mixed,2,disaggregated,3,96,87,87,96,0.90625,0.90625,0.3505681210528822,0.002610029143552718,52.02914458660707,0.38736432530520276,0.38683378874800795,0.0028800321584030067,58.4119021009492,0.4348848559188518
500,35,mixed,4,aggregated,3,96,78,78,96,0.78125,0.8125,0.5439196924880971,0.04258676207229816,92.35096919993589,3.9419406363595972,0.6691043364925959,0.007554465552609897,101.034754810382,1.1407242984440988
500,35,mixed,4,disaggregated,3,96,59,59,96,0.5625,0.6145833333333334,0.3580967886193108,0.037861269441949376,61.049090057428394,4.69780308601231,0.581791526784986,0.017240912705006384,87.85052054453288,2.603377818455967
500,35,mixed,8,aggregated,3,96,25,25,96,0.21875,0.2604166666666667,0.18653738181583843,0.04949479341120853,36.86908630780335,6.739512933662616,0.7098480381050456,0.05799319648479546,107.18705375386189,8.75697266920412
500,35,mixed,8,disaggregated,3,96,17,17,96,0.15625,0.17708333333333334,0.10494164845994361,0.010970086339373434,19.456322428473026,0.4038403461222026,0.5925752017704643,0.01083443006427746,89.4788554673401,1.6359989397058987
500,50,i256-o16,1,aggregated,3,96,96,96,96,1.0,1.0,2.095743024165223,0.00926042345225116,33.531888386643566,0.14816677523601857,2.095743024165223,0.00926042345225116,33.531888386643566,0.14816677523601857
500,50,i256-o16,1,disaggregated,3,96,96,96,96,1.0,1.0,1.8779790777557706,0.03930303639384769,30.04766524409233,0.628848582301563,1.8779790777557706,0.03930303639384769,30.04766524409233,0.628848582301563
500,50,i256-o16,2,aggregated,3,96,96,96,96,1.0,1.0,4.121102994620531,0.02270022132089188,65.9376479139285,0.36320354113427006,4.121102994620531,0.02270022132089188,65.9376479139285,0.36320354113427006
500,50,i256-o16,2,disaggregated,3,96,96,96,96,1.0,1.0,3.7332473317280837,0.05683451735659063,59.73195730764934,0.9093522777054501,3.7332473317280837,0.05683451735659063,59.73195730764934,0.9093522777054501
500,50,i256-o16,4,aggregated,3,96,96,96,96,1.0,1.0,7.549238361982489,0.19520763464891508,120.78781379171983,3.1233221543826413,7.549238361982489,0.19520763464891508,120.78781379171983,3.1233221543826413
500,50,i256-o16,4,disaggregated,3,96,93,93,96,0.96875,0.96875,5.6290125290677,0.12892216042943336,90.0642004650832,2.0627545668709337,5.810593578392465,0.13308093979812466,92.96949725427945,2.1292950367699945
500,50,i256-o16,8,aggregated,3,96,15,15,96,0.125,0.15625,1.2012401893423033,0.24413734178155252,19.219843029476852,3.9061974685048404,7.6864815158297635,0.0974544058928763,122.98370425327622,1.5592704942860207
500,50,i256-o16,8,disaggregated,3,96,9,9,96,0.09375,0.09375,0.5512724439628789,0.008450482761561112,8.820359103406062,0.13520772418497778,5.880239402270708,0.09013848278998511,94.08383043633133,1.4422157246397618
500,50,i256-o256,1,aggregated,3,96,96,96,96,1.0,1.0,0.13468152047288184,0.0009767785451678136,34.47846924105775,0.2500553075629603,0.13468152047288184,0.0009767785451678136,34.47846924105775,0.2500553075629603
500,50,i256-o256,1,disaggregated,3,96,96,96,96,1.0,1.0,0.1340783425654771,0.002039709424550647,34.32405569676214,0.5221656126849656,0.1340783425654771,0.002039709424550647,34.32405569676214,0.5221656126849656
500,50,i256-o256,2,aggregated,3,96,96,96,96,1.0,1.0,0.2682490491074594,0.0010473976364467066,68.6717565715096,0.2681337949303569,0.2682490491074594,0.0010473976364467066,68.6717565715096,0.2681337949303569
500,50,i256-o256,2,disaggregated,3,96,96,96,96,1.0,1.0,0.2669674524931047,0.004201077372182297,68.34366783823481,1.075475807278668,0.2669674524931047,0.004201077372182297,68.34366783823481,1.075475807278668
500,50,i256-o256,4,aggregated,3,96,92,92,96,0.875,0.9583333333333334,0.481486160958566,0.038592399526862046,123.2604572053929,9.879654278876684,0.5023034342476068,0.004622936634290753,128.58967916738735,1.1834717783784328
500,50,i256-o256,4,disaggregated,3,96,63,63,96,0.625,0.65625,0.2511962943674965,0.013255307137305154,64.30625135807911,3.3933586271501195,0.3827854162958466,0.008871425275032901,97.99306657173673,2.2710848704084228
500,50,i256-o256,8,aggregated,3,96,12,12,96,0.125,0.125,0.06283880351363857,0.0007092807940795808,16.086733699491475,0.18157588328437269,0.5027104281091086,0.005674246352636646,128.6938695959318,1.4526070662749815
500,50,i256-o256,8,disaggregated,3,96,9,9,96,0.09375,0.09375,0.035622500938923336,0.0005924021407701878,9.119360240364374,0.15165494803716809,0.37997334334851557,0.006318956168215353,97.27317589721999,1.6176527790631303
500,50,i256-o64,1,aggregated,3,96,96,96,96,1.0,1.0,0.5371730481620268,0.004071085573812895,34.37907508236972,0.2605494767240253,0.5371730481620268,0.004071085573812895,34.37907508236972,0.2605494767240253
500,50,i256-o64,1,disaggregated,3,96,96,96,96,1.0,1.0,0.521395680355397,0.007589752506458044,33.369323542745406,0.4857441604133148,0.521395680355397,0.007589752506458044,33.369323542745406,0.4857441604133148
500,50,i256-o64,2,aggregated,3,96,96,96,96,1.0,1.0,1.0668221017734503,0.004768924920999102,68.27661451350082,0.30521119494394255,1.0668221017734503,0.004768924920999102,68.27661451350082,0.30521119494394255
500,50,i256-o64,2,disaggregated,3,96,96,96,96,1.0,1.0,1.038939472508178,0.013320016656098803,66.49212624052339,0.8524810659903234,1.038939472508178,0.013320016656098803,66.49212624052339,0.8524810659903234
500,50,i256-o64,4,aggregated,3,96,96,96,96,1.0,1.0,1.975817126195673,0.0057593728230623115,126.45229607652307,0.36859986067598793,1.975817126195673,0.0057593728230623115,126.45229607652307,0.36859986067598793
500,50,i256-o64,4,disaggregated,3,96,65,65,96,0.65625,0.6770833333333334,1.0239860513669095,0.02323331330613978,65.5351072874822,1.4869320515929458,1.5125377519478755,0.019817767080911906,96.80241612466403,1.268337093178362
500,50,i256-o64,8,aggregated,3,96,12,12,96,0.125,0.125,0.24902519923147964,0.0019633303687330147,15.937612750814697,0.12565314359891294,1.9922015938518371,0.015706642949864118,127.50090200651758,1.0052251487913035
500,50,i256-o64,8,disaggregated,3,96,9,9,96,0.09375,0.09375,0.14146136776873594,0.0020354074823029657,9.0535275371991,0.1302660788673898,1.50892125619985,0.02171101314456493,96.5709603967904,1.3895048412521556
500,50,i64-o16,1,aggregated,3,96,96,96,96,1.0,1.0,2.120744658231485,0.010853245263595452,33.93191453170376,0.17365192421752723,2.120744658231485,0.010853245263595452,33.93191453170376,0.17365192421752723
500,50,i64-o16,1,disaggregated,3,96,96,96,96,1.0,1.0,2.0556847531098885,0.027501446169903385,32.890956049758216,0.44002313871845417,2.0556847531098885,0.027501446169903385,32.890956049758216,0.44002313871845417
500,50,i64-o16,2,aggregated,3,96,96,96,96,1.0,1.0,4.217835986081198,0.009471339556007987,67.48537577729917,0.1515414328961278,4.217835986081198,0.009471339556007987,67.48537577729917,0.1515414328961278
500,50,i64-o16,2,disaggregated,3,96,96,96,96,1.0,1.0,3.964687804867304,0.07208857292455283,63.435004877876864,1.1534171667928452,3.964687804867304,0.07208857292455283,63.435004877876864,1.1534171667928452
500,50,i64-o16,4,aggregated,3,96,96,96,96,1.0,1.0,7.803976160478475,0.04170443942929311,124.8636185676556,0.6672710308686898,7.803976160478475,0.04170443942929311,124.8636185676556,0.6672710308686898
500,50,i64-o16,4,disaggregated,3,96,89,89,96,0.84375,0.9270833333333334,5.265488297958772,1.0880602887272184,84.24781276734035,17.408964619635494,5.640218821154343,0.7724160768234212,90.24350113846948,12.358657229174739
500,50,i64-o16,8,aggregated,3,96,20,20,96,0.1875,0.20833333333333334,1.6160574988386571,0.30360882431964237,25.856919981418514,4.857741189114278,7.744913468815028,0.10533698778079977,123.91861550104045,1.6853918044927962
500,50,i64-o16,8,disaggregated,3,96,9,9,96,0.09375,0.09375,0.5550270104164559,0.03246918286960599,8.880432166663294,0.5195069259136958,5.920288111108862,0.3463379506091306,94.72460977774179,5.541407209746089
500,50,i64-o256,1,aggregated,3,96,96,96,96,1.0,1.0,0.13529434025893733,0.0009768817592908968,34.635351106287956,0.2500817303784696,0.13529434025893733,0.0009768817592908968,34.635351106287956,0.2500817303784696
500,50,i64-o256,1,disaggregated,3,96,96,96,96,1.0,1.0,0.13486909063847818,0.0020652583201577154,34.526487203450415,0.5287061299603751,0.13486909063847818,0.0020652583201577154,34.526487203450415,0.5287061299603751
500,50,i64-o256,2,aggregated,3,96,96,96,96,1.0,1.0,0.26918178349348154,0.0006358395052080113,68.91053657433127,0.1627749133332509,0.26918178349348154,0.0006358395052080113,68.91053657433127,0.1627749133332509
500,50,i64-o256,2,disaggregated,3,96,96,96,96,1.0,1.0,0.269717758183404,0.003832365232771815,69.04774609495142,0.9810854995895847,0.269717758183404,0.003832365232771815,69.04774609495142,0.9810854995895847
500,50,i64-o256,4,aggregated,3,96,90,90,96,0.84375,0.9375,0.47049026719332454,0.04191811530413117,120.44550840149108,10.73103751785758,0.5018380722774222,0.004919935539386469,128.47054650302007,1.259503498082936
500,50,i64-o256,4,disaggregated,3,96,59,59,96,0.5,0.6145833333333334,0.23554912775197095,0.037515977555288314,60.300576704504564,9.604090254153808,0.3835581623173795,0.007726159588768941,98.19088955324915,1.977896854724849
500,50,i64-o256,8,aggregated,3,96,12,12,96,0.125,0.125,0.06320207874869492,0.0008180485587232819,16.1797321596659,0.20942043103316016,0.5056166299895594,0.006544388469786255,129.4378572773272,1.6753634482652813
500,50,i64-o256,8,disaggregated,3,96,9,9,96,0.09375,0.09375,0.036038774813117645,0.0009042158415140226,9.225926352158117,0.2314792554275898,0.38441359800658825,0.009644968976149536,98.40988108968659,2.4691120578942813
500,50,i64-o64,1,aggregated,3,96,96,96,96,1.0,1.0,0.5407570371232046,0.0057328671774340735,34.60845037588509,0.3669034993557807,0.5407570371232046,0.0057328671774340735,34.60845037588509,0.3669034993557807
500,50,i64-o64,1,disaggregated,3,96,96,96,96,1.0,1.0,0.5327703019269415,0.008553826804920702,34.09729932332426,0.5474449155149249,0.5327703019269415,0.008553826804920702,34.09729932332426,0.5474449155149249
500,50,i64-o64,2,aggregated,3,96,96,96,96,1.0,1.0,1.0760819012459542,0.004883848551188994,68.86924167974107,0.31256630727609563,1.0760819012459542,0.004883848551188994,68.86924167974107,0.31256630727609563
500,50,i64-o64,2,disaggregated,3,96,96,96,96,1.0,1.0,1.0619980915836817,0.014895657079479771,67.96787786135563,0.9533220530867054,1.0619980915836817,0.014895657079479771,67.96787786135563,0.9533220530867054
500,50,i64-o64,4,aggregated,3,96,96,96,96,1.0,1.0,2.0013958188843204,0.023549000906719728,128.0893324085965,1.5071360580300626,2.0013958188843204,0.023549000906719728,128.0893324085965,1.5071360580300626
500,50,i64-o64,4,disaggregated,3,96,66,66,96,0.6875,0.6875,1.0612526389021646,0.02375211339769898,67.92016888973853,1.5201352574527347,1.543640202039512,0.034548528578471245,98.79297293052876,2.2111058290221597
500,50,i64-o64,8,aggregated,3,96,12,12,96,0.125,0.125,0.2532450910639968,0.0031937078105621305,16.207685828095794,0.20439729987597635,2.0259607285119743,0.025549662484497044,129.66148662476635,1.6351783990078108
500,50,i64-o64,8,disaggregated,3,96,9,9,96,0.09375,0.09375,0.1439516735617762,0.0035954609089216493,9.212907107953678,0.23010949817098555,1.5354845179922796,0.038351583028497616,98.2710091515059,2.4545013138238474
500,50,i704-o16,1,aggregated,3,96,96,96,96,1.0,1.0,1.7675390160318332,0.015710485856984677,28.28062425650933,0.25136777371175484,1.7675390160318332,0.015710485856984677,28.28062425650933,0.25136777371175484
500,50,i704-o16,1,disaggregated,3,96,96,96,96,1.0,1.0,1.5068743964037539,0.015042369053473831,24.109990342460062,0.2406779048555813,1.5068743964037539,0.015042369053473831,24.109990342460062,0.2406779048555813
500,50,i704-o16,2,aggregated,3,96,96,96,96,1.0,1.0,3.4231353134510694,0.020904963219625067,54.77016501521711,0.33447941151400107,3.4231353134510694,0.020904963219625067,54.77016501521711,0.33447941151400107
500,50,i704-o16,2,disaggregated,3,96,93,93,96,0.96875,0.96875,2.813143376648809,0.024586438265339027,45.01029402638095,0.39338301224542443,2.9038899371858675,0.025379549177124205,46.46223899497388,0.4060727868339873
500,50,i704-o16,4,aggregated,3,96,96,96,96,1.0,1.0,6.13705847899473,0.026451181948233923,98.19293566391568,0.42321891117174276,6.13705847899473,0.026451181948233923,98.19293566391568,0.42321891117174276
500,50,i704-o16,4,disaggregated,3,96,84,84,96,0.84375,0.875,4.209234706385791,0.2559664264926484,67.34775530217266,4.095462823882374,4.807706438515174,0.1250408454339715,76.92330301624278,2.000653526943544
500,50,i704-o16,8,aggregated,3,96,12,12,96,0.125,0.125,0.7836268924784487,0.0066541014187628585,12.53803027965518,0.10646562270020574,6.26901513982759,0.05323281135010287,100.30424223724144,0.8517249816016459
500,50,i704-o16,8,disaggregated,3,96,3,3,96,0.03125,0.03125,0.1623342231260607,0.0036892103845746595,2.597347570016971,0.05902736615319455,5.194695140033942,0.1180547323063891,83.11512224054307,1.8888757169022257
500,50,i704-o256,1,aggregated,3,96,96,96,96,1.0,1.0,0.13315973441342704,0.0012079164472832916,34.08889200983732,0.30922661050452266,0.13315973441342704,0.0012079164472832916,34.08889200983732,0.30922661050452266
500,50,i704-o256,1,disaggregated,3,96,96,96,96,1.0,1.0,0.13193384669232183,0.002131816651440936,33.77506475323439,0.5457450627688796,0.13193384669232183,0.002131816651440936,33.77506475323439,0.5457450627688796
500,50,i704-o256,2,aggregated,3,96,96,96,96,1.0,1.0,0.26410580486760143,0.001362346291233675,67.61108604610597,0.3487606505558208,0.26410580486760143,0.001362346291233675,67.61108604610597,0.3487606505558208
500,50,i704-o256,2,disaggregated,3,96,93,93,96,0.96875,0.96875,0.2531779841013633,0.0036724565536296536,64.813563929949,0.9401488777291913,0.26134501584656855,0.0037909228940693155,66.90432405672155,0.9704762608817448
500,50,i704-o256,4,aggregated,3,96,91,91,96,0.875,0.9479166666666666,0.46933079259211097,0.032933411532388206,120.14868290358041,8.43095335229138,0.49510610991416354,0.006680299480468798,126.74716413802587,1.7101566670000123
500,50,i704-o256,4,disaggregated,3,96,48,48,96,0.40625,0.5,0.1885583784529569,0.03199072998570461,48.270944883956965,8.18962687634038,0.3779514943446062,0.007244794533137345,96.75558255221918,1.8546674004831603
500,50,i704-o256,8,aggregated,3,96,12,12,96,0.125,0.125,0.062038382988529456,0.000754093231474577,15.88182604506354,0.1930478672574917,0.49630706390823565,0.006032745851796616,127.05460836050833,1.5443829380599337
500,50,i704-o256,8,disaggregated,3,96,3,3,96,0.03125,0.03125,0.011758037289850328,0.0002136030629852596,3.010057546201684,0.054682384124226456,0.3762571932752105,0.006835298015528307,96.32184147845389,1.7498362919752466
500,50,i704-o64,1,aggregated,3,96,96,96,96,1.0,1.0,0.5129146812802884,0.0037243163276673703,32.82653960193846,0.2383562449707117,0.5129146812802884,0.0037243163276673703,32.82653960193846,0.2383562449707117
500,50,i704-o64,1,disaggregated,3,96,96,96,96,1.0,1.0,0.4876659180427332,0.007876828035810949,31.210618754734924,0.5041169942919007,0.4876659180427332,0.007876828035810949,31.210618754734924,0.5041169942919007
500,50,i704-o64,2,aggregated,3,96,96,96,96,1.0,1.0,1.0153539462500099,0.005588110358331045,64.98265256000063,0.35763906293318687,1.0153539462500099,0.005588110358331045,64.98265256000063,0.35763906293318687
500,50,i704-o64,2,disaggregated,3,96,93,93,96,0.96875,0.96875,0.9320840442026286,0.014753897542344007,59.65337882896823,0.9442494427100164,0.9621512714349714,0.015229829721129363,61.57768137183817,0.9747091021522792
500,50,i704-o64,4,aggregated,3,96,96,96,96,1.0,1.0,1.8599615857959877,0.00974979465902817,119.03754149094321,0.6239868581778029,1.8599615857959877,0.00974979465902817,119.03754149094321,0.6239868581778029
500,50,i704-o64,4,disaggregated,3,96,56,56,96,0.5,0.5833333333333334,0.8528007489472946,0.09983456953715465,54.579247932626856,6.389412450377898,1.4630005116005735,0.027717615942049825,93.6320327424367,1.7739274202911888
500,50,i704-o64,8,aggregated,3,96,12,12,96,0.125,0.125,0.23623947465118822,0.0011038690071437534,15.119326377676046,0.07064761645720022,1.8899157972095058,0.008830952057150027,120.95461102140837,0.5651809316576017
500,50,i704-o64,8,disaggregated,3,96,3,3,96,0.03125,0.03125,0.04592660813424251,0.0008471147822774263,2.9393029205915204,0.05421534606575528,1.4696514602957602,0.02710767303287764,94.05769345892865,1.734891074104169
500,50,mixed,1,aggregated,3,96,96,96,96,1.0,1.0,0.2261834766108772,0.00161737723607549,34.15370496824246,0.24422396264740048,0.2261834766108772,0.00161737723607549,34.15370496824246,0.24422396264740048
500,50,mixed,1,disaggregated,3,96,96,96,96,1.0,1.0,0.22444138376508363,0.0033440931328650994,33.89064894852763,0.5049580630626318,0.22444138376508363,0.0033440931328650994,33.89064894852763,0.5049580630626318
500,50,mixed,2,aggregated,3,96,96,96,96,1.0,1.0,0.44730072718407815,0.004167870441603936,67.54240980479581,0.6293484366821898,0.44730072718407815,0.004167870441603936,67.54240980479581,0.6293484366821898
500,50,mixed,2,disaggregated,3,96,87,87,96,0.90625,0.90625,0.3505681210528822,0.002610029143552718,52.02914458660707,0.38736432530520276,0.38683378874800795,0.0028800321584030067,58.4119021009492,0.4348848559188518
500,50,mixed,4,aggregated,3,96,78,78,96,0.78125,0.8125,0.5439196924880971,0.04258676207229816,92.35096919993589,3.9419406363595972,0.6691043364925959,0.007554465552609897,101.034754810382,1.1407242984440988
500,50,mixed,4,disaggregated,3,96,59,59,96,0.5625,0.6145833333333334,0.3580967886193108,0.037861269441949376,61.049090057428394,4.69780308601231,0.581791526784986,0.017240912705006384,87.85052054453288,2.603377818455967
500,50,mixed,8,aggregated,3,96,25,25,96,0.21875,0.2604166666666667,0.18653738181583843,0.04949479341120853,36.86908630780335,6.739512933662616,0.7098480381050456,0.05799319648479546,107.18705375386189,8.75697266920412
500,50,mixed,8,disaggregated,3,96,17,17,96,0.15625,0.17708333333333334,0.10494164845994361,0.010970086339373434,19.456322428473026,0.4038403461222026,0.5925752017704643,0.01083443006427746,89.4788554673401,1.6359989397058987
1000,25,i256-o16,1,aggregated,3,96,32,96,32,0.28125,0.3333333333333333,0.6987902535651195,0.10231448951914338,11.180644057041912,1.637031832306294,2.095743024165223,0.00926042345225116,33.531888386643566,0.14816677523601857
1000,25,i256-o16,1,disaggregated,3,96,32,96,32,0.21875,0.3333333333333333,0.6288556069794914,0.21831085503910397,10.061689711671862,3.4929736806256635,1.8779790777557706,0.03930303639384769,30.04766524409233,0.628848582301563
1000,25,i256-o16,2,aggregated,3,96,27,96,27,0.21875,0.28125,1.1595959115896293,0.26055396810499126,18.55353458543407,4.16886348967986,4.121102994620531,0.02270022132089188,65.9376479139285,0.36320354113427006
1000,25,i256-o16,2,disaggregated,3,96,28,96,28,0.1875,0.2916666666666667,1.0925485582030663,0.4235817087570164,17.48077693124906,6.777307340112262,3.7332473317280837,0.05683451735659063,59.73195730764934,0.9093522777054501
1000,25,i256-o16,4,aggregated,3,96,8,96,8,0.0625,0.08333333333333333,0.6304576080658308,0.14518717846872928,10.087321729053293,2.3229948554996684,7.549238361982489,0.19520763464891508,120.78781379171983,3.1233221543826413
1000,25,i256-o16,4,disaggregated,3,96,9,96,9,0.0625,0.09375,0.5436141657649545,0.1789970131544665,8.697826652239272,2.863952210471464,5.810593578392465,0.13308093979812466,92.96949725427945,2.1292950367699945
1000,25,i256-o16,8,aggregated,3,96,13,96,13,0.09375,0.13541666666666666,1.0378519408066509,0.3521616664034828,16.605631052906414,5.634586662455725,7.6864815158297635,0.0974544058928763,122.98370425327622,1.5592704942860207
1000,25,i256-o16,8,disaggregated,3,96,10,77,12,0.0625,0.10416666666666667,0.6145733463028552,0.28692316042694777,9.833173540845683,4.590770566831164,5.880239402270708,0.09013848278998511,94.08383043633133,1.4422157246397618
1000,25,i256-o256,1,aggregated,3,96,0,96,0,0.0,0.0,0.0,0.0,0.0,0.0,0.13468152047288184,0.0009767785451678136,34.47846924105775,0.2500553075629603
1000,25,i256-o256,1,disaggregated,3,96,0,96,0,0.0,0.0,0.0,0.0,0.0,0.0,0.1340783425654771,0.002039709424550647,34.32405569676214,0.5221656126849656
1000,25,i256-o256,2,aggregated,3,96,0,96,0,0.0,0.0,0.0,0.0,0.0,0.0,0.2682490491074594,0.0010473976364467066,68.6717565715096,0.2681337949303569
1000,25,i256-o256,2,disaggregated,3,96,0,96,0,0.0,0.0,0.0,0.0,0.0,0.0,0.2669674524931047,0.004201077372182297,68.34366783823481,1.075475807278668
1000,25,i256-o256,4,aggregated,3,96,0,96,0,0.0,0.0,0.0,0.0,0.0,0.0,0.5023034342476068,0.004622936634290753,128.58967916738735,1.1834717783784328
1000,25,i256-o256,4,disaggregated,3,96,0,66,0,0.0,0.0,0.0,0.0,0.0,0.0,0.3827854162958466,0.008871425275032901,97.99306657173673,2.2710848704084228
1000,25,i256-o256,8,aggregated,3,96,0,12,0,0.0,0.0,0.0,0.0,0.0,0.0,0.5027104281091086,0.005674246352636646,128.6938695959318,1.4526070662749815
1000,25,i256-o256,8,disaggregated,3,96,0,9,0,0.0,0.0,0.0,0.0,0.0,0.0,0.37997334334851557,0.006318956168215353,97.27317589721999,1.6176527790631303
1000,25,i256-o64,1,aggregated,3,96,0,96,0,0.0,0.0,0.0,0.0,0.0,0.0,0.5371730481620268,0.004071085573812895,34.37907508236972,0.2605494767240253
1000,25,i256-o64,1,disaggregated,3,96,0,96,0,0.0,0.0,0.0,0.0,0.0,0.0,0.521395680355397,0.007589752506458044,33.369323542745406,0.4857441604133148
1000,25,i256-o64,2,aggregated,3,96,0,96,0,0.0,0.0,0.0,0.0,0.0,0.0,1.0668221017734503,0.004768924920999102,68.27661451350082,0.30521119494394255
1000,25,i256-o64,2,disaggregated,3,96,0,96,0,0.0,0.0,0.0,0.0,0.0,0.0,1.038939472508178,0.013320016656098803,66.49212624052339,0.8524810659903234
1000,25,i256-o64,4,aggregated,3,96,0,96,0,0.0,0.0,0.0,0.0,0.0,0.0,1.975817126195673,0.0057593728230623115,126.45229607652307,0.36859986067598793
1000,25,i256-o64,4,disaggregated,3,96,0,66,0,0.0,0.0,0.0,0.0,0.0,0.0,1.5125377519478755,0.019817767080911906,96.80241612466403,1.268337093178362
1000,25,i256-o64,8,aggregated,3,96,0,12,0,0.0,0.0,0.0,0.0,0.0,0.0,1.9922015938518371,0.015706642949864118,127.50090200651758,1.0052251487913035
1000,25,i256-o64,8,disaggregated,3,96,0,9,0,0.0,0.0,0.0,0.0,0.0,0.0,1.50892125619985,0.02171101314456493,96.5709603967904,1.3895048412521556
1000,25,i64-o16,1,aggregated,3,96,30,96,30,0.28125,0.3125,0.6629578935109844,0.0696705488710359,10.607326296175751,1.1147287819365743,2.120744658231485,0.010853245263595452,33.93191453170376,0.17365192421752723
1000,25,i64-o16,1,disaggregated,3,96,42,96,42,0.25,0.4375,0.9023649161031415,0.34986670890389643,14.437838657650264,5.597867342462343,2.0556847531098885,0.027501446169903385,32.890956049758216,0.44002313871845417
1000,25,i64-o16,2,aggregated,3,96,34,96,34,0.28125,0.3541666666666667,1.4940320144264052,0.27581078740823256,23.904512230822483,4.412972598531721,4.217835986081198,0.009471339556007987,67.48537577729917,0.1515414328961278
1000,25,i64-o16,2,disaggregated,3,96,33,96,33,0.21875,0.34375,1.3644079103902176,0.4361141898599375,21.83052656624348,6.977827037759,3.964687804867304,0.07208857292455283,63.435004877876864,1.1534171667928452
1000,25,i64-o16,4,aggregated,3,96,9,96,9,0.09375,0.09375,0.7316227650448571,0.003909791196496226,11.705964240717714,0.06255665914393961,7.803976160478475,0.04170443942929311,124.8636185676556,0.6672710308686898
1000,25,i64-o16,4,disaggregated,3,96,11,96,11,0.03125,0.11458333333333333,0.6769213895108881,0.5806749914962149,10.83074223217421,9.290799863939439,5.640218821154343,0.7724160768234212,90.24350113846948,12.358657229174739
1000,25,i64-o16,8,aggregated,3,96,8,96,8,0.0625,0.08333333333333333,0.6441182857691773,0.27393814059425303,10.305892572306837,4.3830102495080485,7.744913468815028,0.10533698778079977,123.91861550104045,1.6853918044927962
1000,25,i64-o16,8,disaggregated,3,96,9,73,12,0.09375,0.09375,0.5550270104164559,0.03246918286960599,8.880432166663294,0.5195069259136958,5.920288111108862,0.3463379506091306,94.72460977774179,5.541407209746089
1000,25,i64-o256,1,aggregated,3,96,0,96,0,0.0,0.0,0.0,0.0,0.0,0.0,0.13529434025893733,0.0009768817592908968,34.635351106287956,0.2500817303784696
1000,25,i64-o256,1,disaggregated,3,96,0,96,0,0.0,0.0,0.0,0.0,0.0,0.0,0.13486909063847818,0.0020652583201577154,34.526487203450415,0.5287061299603751
1000,25,i64-o256,2,aggregated,3,96,0,96,0,0.0,0.0,0.0,0.0,0.0,0.0,0.26918178349348154,0.0006358395052080113,68.91053657433127,0.1627749133332509
1000,25,i64-o256,2,disaggregated,3,96,0,96,0,0.0,0.0,0.0,0.0,0.0,0.0,0.269717758183404,0.003832365232771815,69.04774609495142,0.9810854995895847
1000,25,i64-o256,4,aggregated,3,96,0,96,0,0.0,0.0,0.0,0.0,0.0,0.0,0.5018380722774222,0.004919935539386469,128.47054650302007,1.259503498082936
1000,25,i64-o256,4,disaggregated,3,96,0,66,0,0.0,0.0,0.0,0.0,0.0,0.0,0.3835581623173795,0.007726159588768941,98.19088955324915,1.977896854724849
1000,25,i64-o256,8,aggregated,3,96,0,12,0,0.0,0.0,0.0,0.0,0.0,0.0,0.5056166299895594,0.006544388469786255,129.4378572773272,1.6753634482652813
1000,25,i64-o256,8,disaggregated,3,96,0,9,0,0.0,0.0,0.0,0.0,0.0,0.0,0.38441359800658825,0.009644968976149536,98.40988108968659,2.4691120578942813
1000,25,i64-o64,1,aggregated,3,96,0,96,0,0.0,0.0,0.0,0.0,0.0,0.0,0.5407570371232046,0.0057328671774340735,34.60845037588509,0.3669034993557807
1000,25,i64-o64,1,disaggregated,3,96,0,96,0,0.0,0.0,0.0,0.0,0.0,0.0,0.5327703019269415,0.008553826804920702,34.09729932332426,0.5474449155149249
1000,25,i64-o64,2,aggregated,3,96,0,96,0,0.0,0.0,0.0,0.0,0.0,0.0,1.0760819012459542,0.004883848551188994,68.86924167974107,0.31256630727609563
1000,25,i64-o64,2,disaggregated,3,96,0,96,0,0.0,0.0,0.0,0.0,0.0,0.0,1.0619980915836817,0.014895657079479771,67.96787786135563,0.9533220530867054
1000,25,i64-o64,4,aggregated,3,96,0,96,0,0.0,0.0,0.0,0.0,0.0,0.0,2.0013958188843204,0.023549000906719728,128.0893324085965,1.5071360580300626
1000,25,i64-o64,4,disaggregated,3,96,0,66,0,0.0,0.0,0.0,0.0,0.0,0.0,1.543640202039512,0.034548528578471245,98.79297293052876,2.2111058290221597
1000,25,i64-o64,8,aggregated,3,96,0,12,0,0.0,0.0,0.0,0.0,0.0,0.0,2.0259607285119743,0.025549662484497044,129.66148662476635,1.6351783990078108
1000,25,i64-o64,8,disaggregated,3,96,0,9,0,0.0,0.0,0.0,0.0,0.0,0.0,1.5354845179922796,0.038351583028497616,98.2710091515059,2.4545013138238474
1000,25,i704-o16,1,aggregated,3,96,37,96,37,0.34375,0.3854166666666667,0.6814031031686195,0.0869639484459665,10.902449650697912,1.391423175135464,1.7675390160318332,0.015710485856984677,28.28062425650933,0.25136777371175484
1000,25,i704-o16,1,disaggregated,3,96,38,96,38,0.34375,0.3958333333333333,0.5969469029534998,0.07758874581029279,9.551150447255997,1.2414199329646847,1.5068743964037539,0.015042369053473831,24.109990342460062,0.2406779048555813
1000,25,i704-o16,2,aggregated,3,96,35,96,35,0.28125,0.3645833333333333,1.2474801942590905,0.24353911483393256,19.959683108145448,3.896625837342921,3.4231353134510694,0.020904963219625067,54.77016501521711,0.33447941151400107
1000,25,i704-o16,2,disaggregated,3,96,31,96,31,0.28125,0.3229166666666667,0.9383192426453473,0.11238594674476214,15.013107882325556,1.7981751479161943,2.9038899371858675,0.025379549177124205,46.46223899497388,0.4060727868339873
1000,25,i704-o16,4,aggregated,3,96,25,96,25,0.25,0.2604166666666667,1.598074187923176,0.10824054141403133,25.569187006770814,1.7318486626245013,6.13705847899473,0.026451181948233923,98.19293566391568,0.42321891117174276
1000,25,i704-o16,4,disaggregated,3,96,25,96,25,0.25,0.2604166666666667,1.2524458923649409,0.10114660037529495,20.039134277839054,1.6183456060047192,4.807706438515174,0.1250408454339715,76.92330301624278,2.000653526943544
1000,25,i704-o16,8,aggregated,3,96,22,93,25,0.15625,0.22916666666666666,1.437999592900061,0.41532310100532743,23.007993486400977,6.645169616085239,6.26901513982759,0.05323281135010287,100.30424223724144,0.8517249816016459
1000,25,i704-o16,8,disaggregated,3,96,14,63,22,0.125,0.14583333333333334,0.7589763147469838,0.1976761499806276,12.14362103595174,3.1628183996900416,5.194695140033942,0.1180547323063891,83.11512224054307,1.8888757169022257
1000,25,i704-o256,1,aggregated,3,96,0,96,0,0.0,0.0,0.0,0.0,0.0,0.0,0.13315973441342704,0.0012079164472832916,34.08889200983732,0.30922661050452266
1000,25,i704-o256,1,disaggregated,3,96,0,96,0,0.0,0.0,0.0,0.0,0.0,0.0,0.13193384669232183,0.002131816651440936,33.77506475323439,0.5457450627688796
1000,25,i704-o256,2,aggregated,3,96,0,96,0,0.0,0.0,0.0,0.0,0.0,0.0,0.26410580486760143,0.001362346291233675,67.61108604610597,0.3487606505558208
1000,25,i704-o256,2,disaggregated,3,96,0,96,0,0.0,0.0,0.0,0.0,0.0,0.0,0.26134501584656855,0.0037909228940693155,66.90432405672155,0.9704762608817448
1000,25,i704-o256,4,aggregated,3,96,0,96,0,0.0,0.0,0.0,0.0,0.0,0.0,0.49510610991416354,0.006680299480468798,126.74716413802587,1.7101566670000123
1000,25,i704-o256,4,disaggregated,3,96,0,63,0,0.0,0.0,0.0,0.0,0.0,0.0,0.3779514943446062,0.007244794533137345,96.75558255221918,1.8546674004831603
1000,25,i704-o256,8,aggregated,3,96,0,12,0,0.0,0.0,0.0,0.0,0.0,0.0,0.49630706390823565,0.006032745851796616,127.05460836050833,1.5443829380599337
1000,25,i704-o256,8,disaggregated,3,96,0,9,0,0.0,0.0,0.0,0.0,0.0,0.0,0.3762571932752105,0.006835298015528307,96.32184147845389,1.7498362919752466
1000,25,i704-o64,1,aggregated,3,96,0,96,0,0.0,0.0,0.0,0.0,0.0,0.0,0.5129146812802884,0.0037243163276673703,32.82653960193846,0.2383562449707117
1000,25,i704-o64,1,disaggregated,3,96,0,96,0,0.0,0.0,0.0,0.0,0.0,0.0,0.4876659180427332,0.007876828035810949,31.210618754734924,0.5041169942919007
1000,25,i704-o64,2,aggregated,3,96,0,96,0,0.0,0.0,0.0,0.0,0.0,0.0,1.0153539462500099,0.005588110358331045,64.98265256000063,0.35763906293318687
1000,25,i704-o64,2,disaggregated,3,96,0,96,0,0.0,0.0,0.0,0.0,0.0,0.0,0.9621512714349714,0.015229829721129363,61.57768137183817,0.9747091021522792
1000,25,i704-o64,4,aggregated,3,96,0,96,0,0.0,0.0,0.0,0.0,0.0,0.0,1.8599615857959877,0.00974979465902817,119.03754149094321,0.6239868581778029
1000,25,i704-o64,4,disaggregated,3,96,0,66,0,0.0,0.0,0.0,0.0,0.0,0.0,1.4630005116005735,0.027717615942049825,93.6320327424367,1.7739274202911888
1000,25,i704-o64,8,aggregated,3,96,0,12,0,0.0,0.0,0.0,0.0,0.0,0.0,1.8899157972095058,0.008830952057150027,120.95461102140837,0.5651809316576017
1000,25,i704-o64,8,disaggregated,3,96,0,9,0,0.0,0.0,0.0,0.0,0.0,0.0,1.4696514602957602,0.02710767303287764,94.05769345892865,1.734891074104169
1000,25,mixed,1,aggregated,3,96,18,96,18,0.1875,0.1875,0.042409401864539474,0.0003032582317641552,0.6785504298326316,0.0048521317082264835,0.2261834766108772,0.00161737723607549,34.15370496824246,0.24422396264740048
1000,25,mixed,1,disaggregated,3,96,16,96,16,0.15625,0.16666666666666666,0.03742932161529857,0.004400985783354958,0.5988691458447771,0.07041577253367932,0.22444138376508363,0.0033440931328650994,33.89064894852763,0.5049580630626318
1000,25,mixed,2,aggregated,3,96,16,96,16,0.125,0.16666666666666666,0.07458612883206114,0.016375109750876745,1.1933780613129783,0.2620017560140279,0.44730072718407815,0.004167870441603936,67.54240980479581,0.6293484366821898
1000,25,mixed,2,disaggregated,3,96,13,87,16,0.125,0.13541666666666666,0.05241186640228787,0.007323335398753847,0.8385898624366059,0.11717336638006155,0.38683378874800795,0.0028800321584030067,58.4119021009492,0.4348848559188518
1000,25,mixed,4,aggregated,3,96,12,87,13,0.125,0.125,0.08363804206157449,0.0009443081940762371,1.3382086729851919,0.015108931105219794,0.6691043364925959,0.007554465552609897,101.034754810382,1.1407242984440988
1000,25,mixed,4,disaggregated,3,96,8,65,12,0.0625,0.08333333333333333,0.048641461540316254,0.02170420410192436,0.7782633846450601,0.34726726563078975,0.581791526784986,0.017240912705006384,87.85052054453288,2.603377818455967
1000,25,mixed,8,aggregated,3,96,9,42,15,0.0625,0.09375,0.06665905955288806,0.02228334271879706,1.066544952846209,0.356533483500753,0.7098480381050456,0.05799319648479546,107.18705375386189,8.75697266920412
1000,25,mixed,8,disaggregated,3,96,3,31,13,0.03125,0.03125,0.01851797505532701,0.0003385759395086706,0.29628760088523215,0.00541721503213873,0.5925752017704643,0.01083443006427746,89.4788554673401,1.6359989397058987
1000,30,i256-o16,1,aggregated,3,96,96,96,96,1.0,1.0,2.095743024165223,0.00926042345225116,33.531888386643566,0.14816677523601857,2.095743024165223,0.00926042345225116,33.531888386643566,0.14816677523601857
1000,30,i256-o16,1,disaggregated,3,96,96,96,96,1.0,1.0,1.8779790777557706,0.03930303639384769,30.04766524409233,0.628848582301563,1.8779790777557706,0.03930303639384769,30.04766524409233,0.628848582301563
1000,30,i256-o16,2,aggregated,3,96,96,96,96,1.0,1.0,4.121102994620531,0.02270022132089188,65.9376479139285,0.36320354113427006,4.121102994620531,0.02270022132089188,65.9376479139285,0.36320354113427006
1000,30,i256-o16,2,disaggregated,3,96,96,96,96,1.0,1.0,3.7332473317280837,0.05683451735659063,59.73195730764934,0.9093522777054501,3.7332473317280837,0.05683451735659063,59.73195730764934,0.9093522777054501
1000,30,i256-o16,4,aggregated,3,96,87,96,87,0.84375,0.90625,6.851833919302931,0.8047180672160116,109.62934270884689,12.875489075456185,7.549238361982489,0.19520763464891508,120.78781379171983,3.1233221543826413
1000,30,i256-o16,4,disaggregated,3,96,82,96,82,0.65625,0.8541666666666666,4.97766876565791,1.0976490754566879,79.64270025052656,17.562385207307006,5.810593578392465,0.13308093979812466,92.96949725427945,2.1292950367699945
1000,30,i256-o16,8,aggregated,3,96,90,96,90,0.90625,0.9375,7.207937370266361,0.32512281390486863,115.32699792426178,5.201965022477898,7.6864815158297635,0.0974544058928763,122.98370425327622,1.5592704942860207
1000,30,i256-o16,8,disaggregated,3,96,65,77,82,0.46875,0.6770833333333334,3.9922334164572666,1.1124762613158161,63.875734663316265,17.799620181053058,5.880239402270708,0.09013848278998511,94.08383043633133,1.4422157246397618
1000,30,i256-o256,1,aggregated,3,96,96,96,96,1.0,1.0,0.13468152047288184,0.0009767785451678136,34.47846924105775,0.2500553075629603,0.13468152047288184,0.0009767785451678136,34.47846924105775,0.2500553075629603
1000,30,i256-o256,1,disaggregated,3,96,93,96,93,0.90625,0.96875,0.12996198458772476,0.009169203925790766,33.27026805445754,2.347316205002436,0.1340783425654771,0.002039709424550647,34.32405569676214,0.5221656126849656
1000,30,i256-o256,2,aggregated,3,96,96,96,96,1.0,1.0,0.2682490491074594,0.0010473976364467066,68.6717565715096,0.2681337949303569,0.2682490491074594,0.0010473976364467066,68.6717565715096,0.2681337949303569
1000,30,i256-o256,2,disaggregated,3,96,91,96,91,0.84375,0.9479166666666666,0.25331470564994235,0.027836359000380614,64.84856464638524,7.126107904097437,0.2669674524931047,0.004201077372182297,68.34366783823481,1.075475807278668
1000,30,i256-o256,4,aggregated,3,96,43,96,43,0.4375,0.4479166666666667,0.22504568469664035,0.011181486771656477,57.61169528233993,2.8624606135440582,0.5023034342476068,0.004622936634290753,128.58967916738735,1.1834717783784328
1000,30,i256-o256,4,disaggregated,3,96,58,66,79,0.4375,0.6041666666666666,0.23211929203305795,0.059868271736827294,59.422538760462835,15.326277564627787,0.3827854162958466,0.008871425275032901,97.99306657173673,2.2710848704084228
1000,30,i256-o256,8,aggregated,3,96,4,12,38,0.03125,0.041666666666666664,0.02089698907456333,0.008857466376861318,5.349629203088212,2.2675113924764974,0.5027104281091086,0.005674246352636646,128.6938695959318,1.4526070662749815
1000,30,i256-o256,8,disaggregated,3,96,5,9,81,0.03125,0.052083333333333336,0.019866245900212975,0.0071187238356250305,5.0857589504545215,1.8223933019200078,0.37997334334851557,0.006318956168215353,97.27317589721999,1.6176527790631303
1000,30,i256-o64,1,aggregated,3,96,96,96,96,1.0,1.0,0.5371730481620268,0.004071085573812895,34.37907508236972,0.2605494767240253,0.5371730481620268,0.004071085573812895,34.37907508236972,0.2605494767240253
1000,30,i256-o64,1,disaggregated,3,96,96,96,96,1.0,1.0,0.521395680355397,0.007589752506458044,33.369323542745406,0.4857441604133148,0.521395680355397,0.007589752506458044,33.369323542745406,0.4857441604133148
1000,30,i256-o64,2,aggregated,3,96,96,96,96,1.0,1.0,1.0668221017734503,0.004768924920999102,68.27661451350082,0.30521119494394255,1.0668221017734503,0.004768924920999102,68.27661451350082,0.30521119494394255
1000,30,i256-o64,2,disaggregated,3,96,96,96,96,1.0,1.0,1.038939472508178,0.013320016656098803,66.49212624052339,0.8524810659903234,1.038939472508178,0.013320016656098803,66.49212624052339,0.8524810659903234
1000,30,i256-o64,4,aggregated,3,96,62,96,62,0.59375,0.6458333333333334,1.2761595059891178,0.09645434803382129,81.67420838330354,6.1730782741645625,1.975817126195673,0.0057593728230623115,126.45229607652307,0.36859986067598793
1000,30,i256-o64,4,disaggregated,3,96,59,66,82,0.46875,0.6145833333333334,0.9312475091124663,0.20175185237694107,59.599840583197846,12.912118552124229,1.5125377519478755,0.019817767080911906,96.80241612466403,1.268337093178362
1000,30,i256-o64,8,aggregated,3,96,8,12,66,0.0625,0.08333333333333333,0.16600089315847377,0.03587728039161741,10.624057162142321,2.296145945063514,1.9922015938518371,0.015706642949864118,127.50090200651758,1.0052251487913035
1000,30,i256-o64,8,disaggregated,3,96,5,9,80,0.03125,0.052083333333333336,0.07885028629075176,0.02812725437296479,5.046418322608113,1.8001442798697465,1.50892125619985,0.02171101314456493,96.5709603967904,1.3895048412521556
1000,30,i64-o16,1,aggregated,3,96,96,96,96,1.0,1.0,2.120744658231485,0.010853245263595452,33.93191453170376,0.17365192421752723,2.120744658231485,0.010853245263595452,33.93191453170376,0.17365192421752723
1000,30,i64-o16,1,disaggregated,3,96,96,96,96,1.0,1.0,2.0556847531098885,0.027501446169903385,32.890956049758216,0.44002313871845417,2.0556847531098885,0.027501446169903385,32.890956049758216,0.44002313871845417
1000,30,i64-o16,2,aggregated,3,96,96,96,96,1.0,1.0,4.217835986081198,0.009471339556007987,67.48537577729917,0.1515414328961278,4.217835986081198,0.009471339556007987,67.48537577729917,0.1515414328961278
1000,30,i64-o16,2,disaggregated,3,96,94,96,94,0.9375,0.9791666666666666,3.883266355516325,0.19716960669247482,62.1322616882612,3.154713707079597,3.964687804867304,0.07208857292455283,63.435004877876864,1.1534171667928452
1000,30,i64-o16,4,aggregated,3,96,93,96,93,0.96875,0.96875,7.560101905463523,0.040401175697127326,120.96163048741637,0.6464188111540372,7.803976160478475,0.04170443942929311,124.8636185676556,0.6672710308686898
1000,30,i64-o16,4,disaggregated,3,96,71,96,71,0.21875,0.7395833333333334,4.399758289688732,2.9113482190376403,70.39613263501971,46.581571504602245,5.640218821154343,0.7724160768234212,90.24350113846948,12.358657229174739
1000,30,i64-o16,8,aggregated,3,96,88,96,88,0.875,0.9166666666666666,7.102659217351028,0.46416549265221374,113.64254747761645,7.42664788243542,7.744913468815028,0.10533698778079977,123.91861550104045,1.6853918044927962
1000,30,i64-o16,8,disaggregated,3,96,65,73,82,0.4375,0.6770833333333334,4.05762801391386,1.4613465851783538,64.92204822262175,23.38154536285366,5.920288111108862,0.3463379506091306,94.72460977774179,5.541407209746089
1000,30,i64-o256,1,aggregated,3,96,96,96,96,1.0,1.0,0.13529434025893733,0.0009768817592908968,34.635351106287956,0.2500817303784696,0.13529434025893733,0.0009768817592908968,34.635351106287956,0.2500817303784696
1000,30,i64-o256,1,disaggregated,3,96,94,96,94,0.9375,0.9791666666666666,0.13210900011481652,0.00684586966101398,33.81990402939303,1.7525426332195788,0.13486909063847818,0.0020652583201577154,34.526487203450415,0.5287061299603751
1000,30,i64-o256,2,aggregated,3,96,96,96,96,1.0,1.0,0.26918178349348154,0.0006358395052080113,68.91053657433127,0.1627749133332509,0.26918178349348154,0.0006358395052080113,68.91053657433127,0.1627749133332509
1000,30,i64-o256,2,disaggregated,3,96,94,96,94,0.9375,0.9791666666666666,0.26419020993016606,0.013387921648446321,67.63269374212251,3.4273079420022583,0.269717758183404,0.003832365232771815,69.04774609495142,0.9810854995895847
1000,30,i64-o256,4,aggregated,3,96,42,96,42,0.3125,0.4375,0.21974230983192453,0.05777731991690918,56.25403131697268,14.79099389872875,0.5018380722774222,0.004919935539386469,128.47054650302007,1.259503498082936
1000,30,i64-o256,4,disaggregated,3,96,59,66,82,0.46875,0.6145833333333334,0.23637891343116857,0.05262629110104257,60.513001838379154,13.472330521866898,0.3835581623173795,0.007726159588768941,98.19088955324915,1.977896854724849
1000,30,i64-o256,8,aggregated,3,96,3,12,41,0.0,0.03125,0.015858976920887974,0.015782104097662814,4.059898091747321,4.04021864900168,0.5056166299895594,0.006544388469786255,129.4378572773272,1.6753634482652813
1000,30,i64-o256,8,disaggregated,3,96,7,9,83,0.03125,0.07291666666666667,0.028262179682067155,0.01437367226116106,7.235117998609192,3.6796600988572314,0.38441359800658825,0.009644968976149536,98.40988108968659,2.4691120578942813
1000,30,i64-o64,1,aggregated,3,96,96,96,96,1.0,1.0,0.5407570371232046,0.0057328671774340735,34.60845037588509,0.3669034993557807,0.5407570371232046,0.0057328671774340735,34.60845037588509,0.3669034993557807
1000,30,i64-o64,1,disaggregated,3,96,95,96,95,0.96875,0.9895833333333334,0.5273212429501303,0.017893263482388004,33.74855954880834,1.1451688628728323,0.5327703019269415,0.008553826804920702,34.09729932332426,0.5474449155149249
1000,30,i64-o64,2,aggregated,3,96,96,96,96,1.0,1.0,1.0760819012459542,0.004883848551188994,68.86924167974107,0.31256630727609563,1.0760819012459542,0.004883848551188994,68.86924167974107,0.31256630727609563
1000,30,i64-o64,2,disaggregated,3,96,96,96,96,1.0,1.0,1.0619980915836817,0.014895657079479771,67.96787786135563,0.9533220530867054,1.0619980915836817,0.014895657079479771,67.96787786135563,0.9533220530867054
1000,30,i64-o64,4,aggregated,3,96,70,96,70,0.625,0.7291666666666666,1.4613760899657564,0.2788955874619162,93.52806975780841,17.849317597562635,2.0013958188843204,0.023549000906719728,128.0893324085965,1.5071360580300626
1000,30,i64-o64,4,disaggregated,3,96,63,66,91,0.59375,0.65625,1.0142602779691265,0.10514132828868203,64.9126577900241,6.72904501047565,1.543640202039512,0.034548528578471245,98.79297293052876,2.2111058290221597
1000,30,i64-o64,8,aggregated,3,96,8,12,76,0.0625,0.08333333333333333,0.1689057103298486,0.0370841218181642,10.80996546111031,2.373383796362509,2.0259607285119743,0.025549662484497044,129.66148662476635,1.6351783990078108
1000,30,i64-o64,8,disaggregated,3,96,8,9,88,0.0625,0.08333333333333333,0.12841560383508666,0.030485897576984295,8.218598645445546,1.9510974449269949,1.5354845179922796,0.038351583028497616,98.2710091515059,2.4545013138238474
1000,30,i704-o16,1,aggregated,3,96,96,96,96,1.0,1.0,1.7675390160318332,0.015710485856984677,28.28062425650933,0.25136777371175484,1.7675390160318332,0.015710485856984677,28.28062425650933,0.25136777371175484
1000,30,i704-o16,1,disaggregated,3,96,96,96,96,1.0,1.0,1.5068743964037539,0.015042369053473831,24.109990342460062,0.2406779048555813,1.5068743964037539,0.015042369053473831,24.109990342460062,0.2406779048555813
1000,30,i704-o16,2,aggregated,3,96,96,96,96,1.0,1.0,3.4231353134510694,0.020904963219625067,54.77016501521711,0.33447941151400107,3.4231353134510694,0.020904963219625067,54.77016501521711,0.33447941151400107
1000,30,i704-o16,2,disaggregated,3,96,96,96,96,1.0,1.0,2.9038899371858675,0.025379549177124205,46.46223899497388,0.4060727868339873,2.9038899371858675,0.025379549177124205,46.46223899497388,0.4060727868339873
1000,30,i704-o16,4,aggregated,3,96,89,96,89,0.875,0.9270833333333334,5.690115781169725,0.30981333296684654,91.0418524987156,4.957013327469545,6.13705847899473,0.026451181948233923,98.19293566391568,0.42321891117174276
1000,30,i704-o16,4,disaggregated,3,96,75,96,75,0.6875,0.78125,3.762320822464851,0.4824520224157195,60.19713315943761,7.719232358651512,4.807706438515174,0.1250408454339715,76.92330301624278,2.000653526943544
1000,30,i704-o16,8,aggregated,3,96,86,93,89,0.84375,0.8958333333333334,5.617104222707507,0.33305934551373856,89.87366756332011,5.328949528219817,6.26901513982759,0.05323281135010287,100.30424223724144,0.8517249816016459
1000,30,i704-o16,8,disaggregated,3,96,35,63,52,0.3125,0.3645833333333333,1.8974508956106415,0.28635722331680175,30.359214329770264,4.581715573068828,5.194695140033942,0.1180547323063891,83.11512224054307,1.8888757169022257
1000,30,i704-o256,1,aggregated,3,96,96,96,96,1.0,1.0,0.13315973441342704,0.0012079164472832916,34.08889200983732,0.30922661050452266,0.13315973441342704,0.0012079164472832916,34.08889200983732,0.30922661050452266
1000,30,i704-o256,1,disaggregated,3,96,95,96,95,0.96875,0.9895833333333334,0.13058516528652345,0.0044672678937833585,33.42980231335,1.1436205808085398,0.13193384669232183,0.002131816651440936,33.77506475323439,0.5457450627688796
1000,30,i704-o256,2,aggregated,3,96,96,96,96,1.0,1.0,0.26410580486760143,0.001362346291233675,67.61108604610597,0.3487606505558208,0.26410580486760143,0.001362346291233675,67.61108604610597,0.3487606505558208
1000,30,i704-o256,2,disaggregated,3,96,92,96,92,0.875,0.9583333333333334,0.2506379148767757,0.0223341608979687,64.16330620845459,5.717545189879988,0.26134501584656855,0.0037909228940693155,66.90432405672155,0.9704762608817448
1000,30,i704-o256,4,aggregated,3,96,37,96,37,0.25,0.3854166666666667,0.1910343861447184,0.059671881414132696,48.90480285304791,15.27600164201797,0.49510610991416354,0.006680299480468798,126.74716413802587,1.7101566670000123
1000,30,i704-o256,4,disaggregated,3,96,53,63,77,0.375,0.5520833333333334,0.2093672975929274,0.06367342818847434,53.59802818378942,16.30039761624943,0.3779514943446062,0.007244794533137345,96.75558255221918,1.8546674004831603
1000,30,i704-o256,8,aggregated,3,96,5,12,43,0.03125,0.052083333333333336,0.025882556996567423,0.009075775562825761,6.62593459112126,2.323398544083395,0.49630706390823565,0.006032745851796616,127.05460836050833,1.5443829380599337
1000,30,i704-o256,8,disaggregated,3,96,5,9,70,0.03125,0.052083333333333336,0.019677580392404567,0.007069008942707995,5.037460580455569,1.8096662893332467,0.3762571932752105,0.006835298015528307,96.32184147845389,1.7498362919752466
1000,30,i704-o64,1,aggregated,3,96,96,96,96,1.0,1.0,0.5129146812802884,0.0037243163276673703,32.82653960193846,0.2383562449707117,0.5129146812802884,0.0037243163276673703,32.82653960193846,0.2383562449707117
1000,30,i704-o64,1,disaggregated,3,96,96,96,96,1.0,1.0,0.4876659180427332,0.007876828035810949,31.210618754734924,0.5041169942919007,0.4876659180427332,0.007876828035810949,31.210618754734924,0.5041169942919007
1000,30,i704-o64,2,aggregated,3,96,96,96,96,1.0,1.0,1.0153539462500099,0.005588110358331045,64.98265256000063,0.35763906293318687,1.0153539462500099,0.005588110358331045,64.98265256000063,0.35763906293318687
1000,30,i704-o64,2,disaggregated,3,96,95,96,95,0.96875,0.9895833333333334,0.9523117272845443,0.03225830384905989,60.94795054621083,2.0645314463398328,0.9621512714349714,0.015229829721129363,61.57768137183817,0.9747091021522792
1000,30,i704-o64,4,aggregated,3,96,60,96,60,0.5,0.625,1.162858444047245,0.21219277370092413,74.42294041902367,13.580337516859144,1.8599615857959877,0.00974979465902817,119.03754149094321,0.6239868581778029
1000,30,i704-o64,4,disaggregated,3,96,57,66,74,0.53125,0.59375,0.8696807626203688,0.10578385869783082,55.6595688077036,6.770166956661172,1.4630005116005735,0.027717615942049825,93.6320327424367,1.7739274202911888
1000,30,i704-o64,8,aggregated,3,96,8,12,60,0.0625,0.08333333333333333,0.15758372086886135,0.0346509726833936,10.085358135607127,2.2176622517371904,1.8899157972095058,0.008830952057150027,120.95461102140837,0.5651809316576017
1000,30,i704-o64,8,disaggregated,3,96,2,9,66,0.0,0.020833333333333332,0.030943733062718148,0.02679806387415976,1.9803989160139615,1.7150760879462246,1.4696514602957602,0.02710767303287764,94.05769345892865,1.734891074104169
1000,30,mixed,1,aggregated,3,96,96,96,96,1.0,1.0,0.2261834766108772,0.00161737723607549,34.15370496824246,0.24422396264740048,0.2261834766108772,0.00161737723607549,34.15370496824246,0.24422396264740048
1000,30,mixed,1,disaggregated,3,96,94,96,94,0.9375,0.9791666666666666,0.21984578331942062,0.011298499959211311,32.7141752344379,2.541741218965899,0.22444138376508363,0.0033440931328650994,33.89064894852763,0.5049580630626318
1000,30,mixed,2,aggregated,3,96,96,96,96,1.0,1.0,0.44730072718407815,0.004167870441603936,67.54240980479581,0.6293484366821898,0.44730072718407815,0.004167870441603936,67.54240980479581,0.6293484366821898
1000,30,mixed,2,disaggregated,3,96,86,87,95,0.875,0.8958333333333334,0.3465701800195724,0.009365516217004991,51.005671682079765,2.1317699670806514,0.38683378874800795,0.0028800321584030067,58.4119021009492,0.4348848559188518
1000,30,mixed,4,aggregated,3,96,66,87,75,0.65625,0.6875,0.46028165042652264,0.04164292501614285,60.935070970364755,8.665274423430693,0.6691043364925959,0.007554465552609897,101.034754810382,1.1407242984440988
1000,30,mixed,4,disaggregated,3,96,58,65,86,0.4375,0.6041666666666666,0.3531439272641208,0.09289037307849121,52.53904974364508,20.190509679580835,0.581791526784986,0.017240912705006384,87.85052054453288,2.603377818455967
1000,30,mixed,8,aggregated,3,96,29,42,66,0.28125,0.3020833333333333,0.21384945753827142,0.02314084594624472,29.804129884075948,4.068646806297642,0.7098480381050456,0.05799319648479546,107.18705375386189,8.75697266920412
1000,30,mixed,8,disaggregated,3,96,25,31,79,0.15625,0.2604166666666667,0.15363368201941663,0.05403670497894977,27.477169006419633,14.809589816999246,0.5925752017704643,0.01083443006427746,89.4788554673401,1.6359989397058987
1000,35,i256-o16,1,aggregated,3,96,96,96,96,1.0,1.0,2.095743024165223,0.00926042345225116,33.531888386643566,0.14816677523601857,2.095743024165223,0.00926042345225116,33.531888386643566,0.14816677523601857
1000,35,i256-o16,1,disaggregated,3,96,96,96,96,1.0,1.0,1.8779790777557706,0.03930303639384769,30.04766524409233,0.628848582301563,1.8779790777557706,0.03930303639384769,30.04766524409233,0.628848582301563
1000,35,i256-o16,2,aggregated,3,96,96,96,96,1.0,1.0,4.121102994620531,0.02270022132089188,65.9376479139285,0.36320354113427006,4.121102994620531,0.02270022132089188,65.9376479139285,0.36320354113427006
1000,35,i256-o16,2,disaggregated,3,96,96,96,96,1.0,1.0,3.7332473317280837,0.05683451735659063,59.73195730764934,0.9093522777054501,3.7332473317280837,0.05683451735659063,59.73195730764934,0.9093522777054501
1000,35,i256-o16,4,aggregated,3,96,96,96,96,1.0,1.0,7.549238361982489,0.19520763464891508,120.78781379171983,3.1233221543826413,7.549238361982489,0.19520763464891508,120.78781379171983,3.1233221543826413
1000,35,i256-o16,4,disaggregated,3,96,96,96,96,1.0,1.0,5.810593578392465,0.13308093979812466,92.96949725427945,2.1292950367699945,5.810593578392465,0.13308093979812466,92.96949725427945,2.1292950367699945
1000,35,i256-o16,8,aggregated,3,96,96,96,96,1.0,1.0,7.6864815158297635,0.0974544058928763,122.98370425327622,1.5592704942860207,7.6864815158297635,0.0974544058928763,122.98370425327622,1.5592704942860207
1000,35,i256-o16,8,disaggregated,3,96,77,77,96,0.59375,0.8020833333333334,4.727263341741105,1.1237249258190152,75.63621346785769,17.979598813104243,5.880239402270708,0.09013848278998511,94.08383043633133,1.4422157246397618
1000,35,i256-o256,1,aggregated,3,96,96,96,96,1.0,1.0,0.13468152047288184,0.0009767785451678136,34.47846924105775,0.2500553075629603,0.13468152047288184,0.0009767785451678136,34.47846924105775,0.2500553075629603
1000,35,i256-o256,1,disaggregated,3,96,96,96,96,1.0,1.0,0.1340783425654771,0.002039709424550647,34.32405569676214,0.5221656126849656,0.1340783425654771,0.002039709424550647,34.32405569676214,0.5221656126849656
1000,35,i256-o256,2,aggregated,3,96,96,96,96,1.0,1.0,0.2682490491074594,0.0010473976364467066,68.6717565715096,0.2681337949303569,0.2682490491074594,0.0010473976364467066,68.6717565715096,0.2681337949303569
1000,35,i256-o256,2,disaggregated,3,96,96,96,96,1.0,1.0,0.2669674524931047,0.004201077372182297,68.34366783823481,1.075475807278668,0.2669674524931047,0.004201077372182297,68.34366783823481,1.075475807278668
1000,35,i256-o256,4,aggregated,3,96,96,96,96,1.0,1.0,0.5023034342476068,0.004622936634290753,128.58967916738735,1.1834717783784328,0.5023034342476068,0.004622936634290753,128.58967916738735,1.1834717783784328
1000,35,i256-o256,4,disaggregated,3,96,66,66,96,0.6875,0.6875,0.26316497370339453,0.006099104876585117,67.370233268069,1.56137084840579,0.3827854162958466,0.008871425275032901,97.99306657173673,2.2710848704084228
1000,35,i256-o256,8,aggregated,3,96,12,12,96,0.125,0.125,0.06283880351363857,0.0007092807940795808,16.086733699491475,0.18157588328437269,0.5027104281091086,0.005674246352636646,128.6938695959318,1.4526070662749815
1000,35,i256-o256,8,disaggregated,3,96,9,9,96,0.09375,0.09375,0.035622500938923336,0.0005924021407701878,9.119360240364374,0.15165494803716809,0.37997334334851557,0.006318956168215353,97.27317589721999,1.6176527790631303
1000,35,i256-o64,1,aggregated,3,96,96,96,96,1.0,1.0,0.5371730481620268,0.004071085573812895,34.37907508236972,0.2605494767240253,0.5371730481620268,0.004071085573812895,34.37907508236972,0.2605494767240253
1000,35,i256-o64,1,disaggregated,3,96,96,96,96,1.0,1.0,0.521395680355397,0.007589752506458044,33.369323542745406,0.4857441604133148,0.521395680355397,0.007589752506458044,33.369323542745406,0.4857441604133148
1000,35,i256-o64,2,aggregated,3,96,96,96,96,1.0,1.0,1.0668221017734503,0.004768924920999102,68.27661451350082,0.30521119494394255,1.0668221017734503,0.004768924920999102,68.27661451350082,0.30521119494394255
1000,35,i256-o64,2,disaggregated,3,96,96,96,96,1.0,1.0,1.038939472508178,0.013320016656098803,66.49212624052339,0.8524810659903234,1.038939472508178,0.013320016656098803,66.49212624052339,0.8524810659903234
1000,35,i256-o64,4,aggregated,3,96,96,96,96,1.0,1.0,1.975817126195673,0.0057593728230623115,126.45229607652307,0.36859986067598793,1.975817126195673,0.0057593728230623115,126.45229607652307,0.36859986067598793
1000,35,i256-o64,4,disaggregated,3,96,66,66,96,0.6875,0.6875,1.0398697044641645,0.013624714868126948,66.55166108570653,0.8719817515601247,1.5125377519478755,0.019817767080911906,96.80241612466403,1.268337093178362
1000,35,i256-o64,8,aggregated,3,96,12,12,96,0.125,0.125,0.24902519923147964,0.0019633303687330147,15.937612750814697,0.12565314359891294,1.9922015938518371,0.015706642949864118,127.50090200651758,1.0052251487913035
1000,35,i256-o64,8,disaggregated,3,96,9,9,96,0.09375,0.09375,0.14146136776873594,0.0020354074823029657,9.0535275371991,0.1302660788673898,1.50892125619985,0.02171101314456493,96.5709603967904,1.3895048412521556
1000,35,i64-o16,1,aggregated,3,96,96,96,96,1.0,1.0,2.120744658231485,0.010853245263595452,33.93191453170376,0.17365192421752723,2.120744658231485,0.010853245263595452,33.93191453170376,0.17365192421752723
1000,35,i64-o16,1,disaggregated,3,96,96,96,96,1.0,1.0,2.0556847531098885,0.027501446169903385,32.890956049758216,0.44002313871845417,2.0556847531098885,0.027501446169903385,32.890956049758216,0.44002313871845417
1000,35,i64-o16,2,aggregated,3,96,96,96,96,1.0,1.0,4.217835986081198,0.009471339556007987,67.48537577729917,0.1515414328961278,4.217835986081198,0.009471339556007987,67.48537577729917,0.1515414328961278
1000,35,i64-o16,2,disaggregated,3,96,96,96,96,1.0,1.0,3.964687804867304,0.07208857292455283,63.435004877876864,1.1534171667928452,3.964687804867304,0.07208857292455283,63.435004877876864,1.1534171667928452
1000,35,i64-o16,4,aggregated,3,96,96,96,96,1.0,1.0,7.803976160478475,0.04170443942929311,124.8636185676556,0.6672710308686898,7.803976160478475,0.04170443942929311,124.8636185676556,0.6672710308686898
1000,35,i64-o16,4,disaggregated,3,96,87,96,87,0.71875,0.90625,5.193653029826723,1.5393517354999224,83.09844847722756,24.62962776799876,5.640218821154343,0.7724160768234212,90.24350113846948,12.358657229174739
1000,35,i64-o16,8,aggregated,3,96,96,96,96,1.0,1.0,7.744913468815028,0.10533698778079977,123.91861550104045,1.6853918044927962,7.744913468815028,0.10533698778079977,123.91861550104045,1.6853918044927962
1000,35,i64-o16,8,disaggregated,3,96,68,73,90,0.5,0.7083333333333334,4.237457172479966,1.351515953833166,67.79931475967946,21.624255261330656,5.920288111108862,0.3463379506091306,94.72460977774179,5.541407209746089
1000,35,i64-o256,1,aggregated,3,96,96,96,96,1.0,1.0,0.13529434025893733,0.0009768817592908968,34.635351106287956,0.2500817303784696,0.13529434025893733,0.0009768817592908968,34.635351106287956,0.2500817303784696
1000,35,i64-o256,1,disaggregated,3,96,96,96,96,1.0,1.0,0.13486909063847818,0.0020652583201577154,34.526487203450415,0.5287061299603751,0.13486909063847818,0.0020652583201577154,34.526487203450415,0.5287061299603751
1000,35,i64-o256,2,aggregated,3,96,96,96,96,1.0,1.0,0.26918178349348154,0.0006358395052080113,68.91053657433127,0.1627749133332509,0.26918178349348154,0.0006358395052080113,68.91053657433127,0.1627749133332509
1000,35,i64-o256,2,disaggregated,3,96,96,96,96,1.0,1.0,0.269717758183404,0.003832365232771815,69.04774609495142,0.9810854995895847,0.269717758183404,0.003832365232771815,69.04774609495142,0.9810854995895847
1000,35,i64-o256,4,aggregated,3,96,96,96,96,1.0,1.0,0.5018380722774222,0.004919935539386469,128.47054650302007,1.259503498082936,0.5018380722774222,0.004919935539386469,128.47054650302007,1.259503498082936
1000,35,i64-o256,4,disaggregated,3,96,66,66,96,0.6875,0.6875,0.2636962365931984,0.005311734717278636,67.50623656785879,1.3598040876233308,0.3835581623173795,0.007726159588768941,98.19088955324915,1.977896854724849
1000,35,i64-o256,8,aggregated,3,96,12,12,96,0.125,0.125,0.06320207874869492,0.0008180485587232819,16.1797321596659,0.20942043103316016,0.5056166299895594,0.006544388469786255,129.4378572773272,1.6753634482652813
1000,35,i64-o256,8,disaggregated,3,96,9,9,96,0.09375,0.09375,0.036038774813117645,0.0009042158415140226,9.225926352158117,0.2314792554275898,0.38441359800658825,0.009644968976149536,98.40988108968659,2.4691120578942813
1000,35,i64-o64,1,aggregated,3,96,96,96,96,1.0,1.0,0.5407570371232046,0.0057328671774340735,34.60845037588509,0.3669034993557807,0.5407570371232046,0.0057328671774340735,34.60845037588509,0.3669034993557807
1000,35,i64-o64,1,disaggregated,3,96,96,96,96,1.0,1.0,0.5327703019269415,0.008553826804920702,34.09729932332426,0.5474449155149249,0.5327703019269415,0.008553826804920702,34.09729932332426,0.5474449155149249
1000,35,i64-o64,2,aggregated,3,96,96,96,96,1.0,1.0,1.0760819012459542,0.004883848551188994,68.86924167974107,0.31256630727609563,1.0760819012459542,0.004883848551188994,68.86924167974107,0.31256630727609563
1000,35,i64-o64,2,disaggregated,3,96,96,96,96,1.0,1.0,1.0619980915836817,0.014895657079479771,67.96787786135563,0.9533220530867054,1.0619980915836817,0.014895657079479771,67.96787786135563,0.9533220530867054
1000,35,i64-o64,4,aggregated,3,96,96,96,96,1.0,1.0,2.0013958188843204,0.023549000906719728,128.0893324085965,1.5071360580300626,2.0013958188843204,0.023549000906719728,128.0893324085965,1.5071360580300626
1000,35,i64-o64,4,disaggregated,3,96,66,66,96,0.6875,0.6875,1.0612526389021646,0.02375211339769898,67.92016888973853,1.5201352574527347,1.543640202039512,0.034548528578471245,98.79297293052876,2.2111058290221597
1000,35,i64-o64,8,aggregated,3,96,12,12,96,0.125,0.125,0.2532450910639968,0.0031937078105621305,16.207685828095794,0.20439729987597635,2.0259607285119743,0.025549662484497044,129.66148662476635,1.6351783990078108
1000,35,i64-o64,8,disaggregated,3,96,9,9,96,0.09375,0.09375,0.1439516735617762,0.0035954609089216493,9.212907107953678,0.23010949817098555,1.5354845179922796,0.038351583028497616,98.2710091515059,2.4545013138238474
1000,35,i704-o16,1,aggregated,3,96,96,96,96,1.0,1.0,1.7675390160318332,0.015710485856984677,28.28062425650933,0.25136777371175484,1.7675390160318332,0.015710485856984677,28.28062425650933,0.25136777371175484
1000,35,i704-o16,1,disaggregated,3,96,96,96,96,1.0,1.0,1.5068743964037539,0.015042369053473831,24.109990342460062,0.2406779048555813,1.5068743964037539,0.015042369053473831,24.109990342460062,0.2406779048555813
1000,35,i704-o16,2,aggregated,3,96,96,96,96,1.0,1.0,3.4231353134510694,0.020904963219625067,54.77016501521711,0.33447941151400107,3.4231353134510694,0.020904963219625067,54.77016501521711,0.33447941151400107
1000,35,i704-o16,2,disaggregated,3,96,96,96,96,1.0,1.0,2.9038899371858675,0.025379549177124205,46.46223899497388,0.4060727868339873,2.9038899371858675,0.025379549177124205,46.46223899497388,0.4060727868339873
1000,35,i704-o16,4,aggregated,3,96,96,96,96,1.0,1.0,6.13705847899473,0.026451181948233923,98.19293566391568,0.42321891117174276,6.13705847899473,0.026451181948233923,98.19293566391568,0.42321891117174276
1000,35,i704-o16,4,disaggregated,3,96,96,96,96,1.0,1.0,4.807706438515174,0.1250408454339715,76.92330301624278,2.000653526943544,4.807706438515174,0.1250408454339715,76.92330301624278,2.000653526943544
1000,35,i704-o16,8,aggregated,3,96,93,93,96,0.90625,0.96875,6.073824806940818,0.36132457067293594,97.18119691105309,5.781193130766975,6.26901513982759,0.05323281135010287,100.30424223724144,0.8517249816016459
1000,35,i704-o16,8,disaggregated,3,96,61,63,94,0.46875,0.6354166666666666,3.3121523119002636,0.8313690492445576,52.99443699040422,13.301904787912921,5.194695140033942,0.1180547323063891,83.11512224054307,1.8888757169022257
1000,35,i704-o256,1,aggregated,3,96,96,96,96,1.0,1.0,0.13315973441342704,0.0012079164472832916,34.08889200983732,0.30922661050452266,0.13315973441342704,0.0012079164472832916,34.08889200983732,0.30922661050452266
1000,35,i704-o256,1,disaggregated,3,96,96,96,96,1.0,1.0,0.13193384669232183,0.002131816651440936,33.77506475323439,0.5457450627688796,0.13193384669232183,0.002131816651440936,33.77506475323439,0.5457450627688796
1000,35,i704-o256,2,aggregated,3,96,96,96,96,1.0,1.0,0.26410580486760143,0.001362346291233675,67.61108604610597,0.3487606505558208,0.26410580486760143,0.001362346291233675,67.61108604610597,0.3487606505558208
1000,35,i704-o256,2,disaggregated,3,96,96,96,96,1.0,1.0,0.26134501584656855,0.0037909228940693155,66.90432405672155,0.9704762608817448,0.26134501584656855,0.0037909228940693155,66.90432405672155,0.9704762608817448
1000,35,i704-o256,4,aggregated,3,96,96,96,96,1.0,1.0,0.49510610991416354,0.006680299480468798,126.74716413802587,1.7101566670000123,0.49510610991416354,0.006680299480468798,126.74716413802587,1.7101566670000123
1000,35,i704-o256,4,disaggregated,3,96,63,63,96,0.59375,0.65625,0.2478726714772683,0.01815951338525768,63.455403898180684,4.648835426625966,0.3779514943446062,0.007244794533137345,96.75558255221918,1.8546674004831603
1000,35,i704-o256,8,aggregated,3,96,12,12,96,0.125,0.125,0.062038382988529456,0.000754093231474577,15.88182604506354,0.1930478672574917,0.49630706390823565,0.006032745851796616,127.05460836050833,1.5443829380599337
1000,35,i704-o256,8,disaggregated,3,96,9,9,96,0.09375,0.09375,0.035274111869550984,0.0006408091889557797,9.030172638605052,0.1640471523726796,0.3762571932752105,0.006835298015528307,96.32184147845389,1.7498362919752466
1000,35,i704-o64,1,aggregated,3,96,96,96,96,1.0,1.0,0.5129146812802884,0.0037243163276673703,32.82653960193846,0.2383562449707117,0.5129146812802884,0.0037243163276673703,32.82653960193846,0.2383562449707117
1000,35,i704-o64,1,disaggregated,3,96,96,96,96,1.0,1.0,0.4876659180427332,0.007876828035810949,31.210618754734924,0.5041169942919007,0.4876659180427332,0.007876828035810949,31.210618754734924,0.5041169942919007
1000,35,i704-o64,2,aggregated,3,96,96,96,96,1.0,1.0,1.0153539462500099,0.005588110358331045,64.98265256000063,0.35763906293318687,1.0153539462500099,0.005588110358331045,64.98265256000063,0.35763906293318687
1000,35,i704-o64,2,disaggregated,3,96,96,96,96,1.0,1.0,0.9621512714349714,0.015229829721129363,61.57768137183817,0.9747091021522792,0.9621512714349714,0.015229829721129363,61.57768137183817,0.9747091021522792
1000,35,i704-o64,4,aggregated,3,96,96,96,96,1.0,1.0,1.8599615857959877,0.00974979465902817,119.03754149094321,0.6239868581778029,1.8599615857959877,0.00974979465902817,119.03754149094321,0.6239868581778029
1000,35,i704-o64,4,disaggregated,3,96,66,66,96,0.6875,0.6875,1.0058128517253944,0.019055860960159234,64.37202251042524,1.219575101450191,1.4630005116005735,0.027717615942049825,93.6320327424367,1.7739274202911888
1000,35,i704-o64,8,aggregated,3,96,12,12,96,0.125,0.125,0.23623947465118822,0.0011038690071437534,15.119326377676046,0.07064761645720022,1.8899157972095058,0.008830952057150027,120.95461102140837,0.5651809316576017
1000,35,i704-o64,8,disaggregated,3,96,9,9,96,0.09375,0.09375,0.1377798244027275,0.0025413443468322726,8.81790876177456,0.16264603819726545,1.4696514602957602,0.02710767303287764,94.05769345892865,1.734891074104169
1000,35,mixed,1,aggregated,3,96,96,96,96,1.0,1.0,0.2261834766108772,0.00161737723607549,34.15370496824246,0.24422396264740048,0.2261834766108772,0.00161737723607549,34.15370496824246,0.24422396264740048
1000,35,mixed,1,disaggregated,3,96,96,96,96,1.0,1.0,0.22444138376508363,0.0033440931328650994,33.89064894852763,0.5049580630626318,0.22444138376508363,0.0033440931328650994,33.89064894852763,0.5049580630626318
1000,35,mixed,2,aggregated,3,96,96,96,96,1.0,1.0,0.44730072718407815,0.004167870441603936,67.54240980479581,0.6293484366821898,0.44730072718407815,0.004167870441603936,67.54240980479581,0.6293484366821898
1000,35,mixed,2,disaggregated,3,96,87,87,96,0.90625,0.90625,0.3505681210528822,0.002610029143552718,52.02914458660707,0.38736432530520276,0.38683378874800795,0.0028800321584030067,58.4119021009492,0.4348848559188518
1000,35,mixed,4,aggregated,3,96,87,87,96,0.90625,0.90625,0.6063758049464151,0.006846234407052732,95.01281578194863,1.072734108470611,0.6691043364925959,0.007554465552609897,101.034754810382,1.1407242984440988
1000,35,mixed,4,disaggregated,3,96,65,65,96,0.65625,0.6770833333333334,0.39412695623960825,0.021947208114726734,63.030705161369866,2.0316179302980633,0.581791526784986,0.017240912705006384,87.85052054453288,2.603377818455967
1000,35,mixed,8,aggregated,3,96,42,42,96,0.4375,0.4375,0.31055851667095746,0.025372023462098006,52.883678838825894,4.3204931381172615,0.7098480381050456,0.05799319648479546,107.18705375386189,8.75697266920412
1000,35,mixed,8,disaggregated,3,96,31,31,96,0.28125,0.3229166666666667,0.19113988176615423,0.0259823136289302,35.62359617139615,2.466799800147247,0.5925752017704643,0.01083443006427746,89.4788554673401,1.6359989397058987
1000,50,i256-o16,1,aggregated,3,96,96,96,96,1.0,1.0,2.095743024165223,0.00926042345225116,33.531888386643566,0.14816677523601857,2.095743024165223,0.00926042345225116,33.531888386643566,0.14816677523601857
1000,50,i256-o16,1,disaggregated,3,96,96,96,96,1.0,1.0,1.8779790777557706,0.03930303639384769,30.04766524409233,0.628848582301563,1.8779790777557706,0.03930303639384769,30.04766524409233,0.628848582301563
1000,50,i256-o16,2,aggregated,3,96,96,96,96,1.0,1.0,4.121102994620531,0.02270022132089188,65.9376479139285,0.36320354113427006,4.121102994620531,0.02270022132089188,65.9376479139285,0.36320354113427006
1000,50,i256-o16,2,disaggregated,3,96,96,96,96,1.0,1.0,3.7332473317280837,0.05683451735659063,59.73195730764934,0.9093522777054501,3.7332473317280837,0.05683451735659063,59.73195730764934,0.9093522777054501
1000,50,i256-o16,4,aggregated,3,96,96,96,96,1.0,1.0,7.549238361982489,0.19520763464891508,120.78781379171983,3.1233221543826413,7.549238361982489,0.19520763464891508,120.78781379171983,3.1233221543826413
1000,50,i256-o16,4,disaggregated,3,96,96,96,96,1.0,1.0,5.810593578392465,0.13308093979812466,92.96949725427945,2.1292950367699945,5.810593578392465,0.13308093979812466,92.96949725427945,2.1292950367699945
1000,50,i256-o16,8,aggregated,3,96,96,96,96,1.0,1.0,7.6864815158297635,0.0974544058928763,122.98370425327622,1.5592704942860207,7.6864815158297635,0.0974544058928763,122.98370425327622,1.5592704942860207
1000,50,i256-o16,8,disaggregated,3,96,77,77,96,0.59375,0.8020833333333334,4.727263341741105,1.1237249258190152,75.63621346785769,17.979598813104243,5.880239402270708,0.09013848278998511,94.08383043633133,1.4422157246397618
1000,50,i256-o256,1,aggregated,3,96,96,96,96,1.0,1.0,0.13468152047288184,0.0009767785451678136,34.47846924105775,0.2500553075629603,0.13468152047288184,0.0009767785451678136,34.47846924105775,0.2500553075629603
1000,50,i256-o256,1,disaggregated,3,96,96,96,96,1.0,1.0,0.1340783425654771,0.002039709424550647,34.32405569676214,0.5221656126849656,0.1340783425654771,0.002039709424550647,34.32405569676214,0.5221656126849656
1000,50,i256-o256,2,aggregated,3,96,96,96,96,1.0,1.0,0.2682490491074594,0.0010473976364467066,68.6717565715096,0.2681337949303569,0.2682490491074594,0.0010473976364467066,68.6717565715096,0.2681337949303569
1000,50,i256-o256,2,disaggregated,3,96,96,96,96,1.0,1.0,0.2669674524931047,0.004201077372182297,68.34366783823481,1.075475807278668,0.2669674524931047,0.004201077372182297,68.34366783823481,1.075475807278668
1000,50,i256-o256,4,aggregated,3,96,96,96,96,1.0,1.0,0.5023034342476068,0.004622936634290753,128.58967916738735,1.1834717783784328,0.5023034342476068,0.004622936634290753,128.58967916738735,1.1834717783784328
1000,50,i256-o256,4,disaggregated,3,96,66,66,96,0.6875,0.6875,0.26316497370339453,0.006099104876585117,67.370233268069,1.56137084840579,0.3827854162958466,0.008871425275032901,97.99306657173673,2.2710848704084228
1000,50,i256-o256,8,aggregated,3,96,12,12,96,0.125,0.125,0.06283880351363857,0.0007092807940795808,16.086733699491475,0.18157588328437269,0.5027104281091086,0.005674246352636646,128.6938695959318,1.4526070662749815
1000,50,i256-o256,8,disaggregated,3,96,9,9,96,0.09375,0.09375,0.035622500938923336,0.0005924021407701878,9.119360240364374,0.15165494803716809,0.37997334334851557,0.006318956168215353,97.27317589721999,1.6176527790631303
1000,50,i256-o64,1,aggregated,3,96,96,96,96,1.0,1.0,0.5371730481620268,0.004071085573812895,34.37907508236972,0.2605494767240253,0.5371730481620268,0.004071085573812895,34.37907508236972,0.2605494767240253
1000,50,i256-o64,1,disaggregated,3,96,96,96,96,1.0,1.0,0.521395680355397,0.007589752506458044,33.369323542745406,0.4857441604133148,0.521395680355397,0.007589752506458044,33.369323542745406,0.4857441604133148
1000,50,i256-o64,2,aggregated,3,96,96,96,96,1.0,1.0,1.0668221017734503,0.004768924920999102,68.27661451350082,0.30521119494394255,1.0668221017734503,0.004768924920999102,68.27661451350082,0.30521119494394255
1000,50,i256-o64,2,disaggregated,3,96,96,96,96,1.0,1.0,1.038939472508178,0.013320016656098803,66.49212624052339,0.8524810659903234,1.038939472508178,0.013320016656098803,66.49212624052339,0.8524810659903234
1000,50,i256-o64,4,aggregated,3,96,96,96,96,1.0,1.0,1.975817126195673,0.0057593728230623115,126.45229607652307,0.36859986067598793,1.975817126195673,0.0057593728230623115,126.45229607652307,0.36859986067598793
1000,50,i256-o64,4,disaggregated,3,96,66,66,96,0.6875,0.6875,1.0398697044641645,0.013624714868126948,66.55166108570653,0.8719817515601247,1.5125377519478755,0.019817767080911906,96.80241612466403,1.268337093178362
1000,50,i256-o64,8,aggregated,3,96,12,12,96,0.125,0.125,0.24902519923147964,0.0019633303687330147,15.937612750814697,0.12565314359891294,1.9922015938518371,0.015706642949864118,127.50090200651758,1.0052251487913035
1000,50,i256-o64,8,disaggregated,3,96,9,9,96,0.09375,0.09375,0.14146136776873594,0.0020354074823029657,9.0535275371991,0.1302660788673898,1.50892125619985,0.02171101314456493,96.5709603967904,1.3895048412521556
1000,50,i64-o16,1,aggregated,3,96,96,96,96,1.0,1.0,2.120744658231485,0.010853245263595452,33.93191453170376,0.17365192421752723,2.120744658231485,0.010853245263595452,33.93191453170376,0.17365192421752723
1000,50,i64-o16,1,disaggregated,3,96,96,96,96,1.0,1.0,2.0556847531098885,0.027501446169903385,32.890956049758216,0.44002313871845417,2.0556847531098885,0.027501446169903385,32.890956049758216,0.44002313871845417
1000,50,i64-o16,2,aggregated,3,96,96,96,96,1.0,1.0,4.217835986081198,0.009471339556007987,67.48537577729917,0.1515414328961278,4.217835986081198,0.009471339556007987,67.48537577729917,0.1515414328961278
1000,50,i64-o16,2,disaggregated,3,96,96,96,96,1.0,1.0,3.964687804867304,0.07208857292455283,63.435004877876864,1.1534171667928452,3.964687804867304,0.07208857292455283,63.435004877876864,1.1534171667928452
1000,50,i64-o16,4,aggregated,3,96,96,96,96,1.0,1.0,7.803976160478475,0.04170443942929311,124.8636185676556,0.6672710308686898,7.803976160478475,0.04170443942929311,124.8636185676556,0.6672710308686898
1000,50,i64-o16,4,disaggregated,3,96,96,96,96,1.0,1.0,5.640218821154343,0.7724160768234212,90.24350113846948,12.358657229174739,5.640218821154343,0.7724160768234212,90.24350113846948,12.358657229174739
1000,50,i64-o16,8,aggregated,3,96,96,96,96,1.0,1.0,7.744913468815028,0.10533698778079977,123.91861550104045,1.6853918044927962,7.744913468815028,0.10533698778079977,123.91861550104045,1.6853918044927962
1000,50,i64-o16,8,disaggregated,3,96,73,73,96,0.65625,0.7604166666666666,4.52560578032875,0.8965964202381369,72.40969248526,14.34554272381019,5.920288111108862,0.3463379506091306,94.72460977774179,5.541407209746089
1000,50,i64-o256,1,aggregated,3,96,96,96,96,1.0,1.0,0.13529434025893733,0.0009768817592908968,34.635351106287956,0.2500817303784696,0.13529434025893733,0.0009768817592908968,34.635351106287956,0.2500817303784696
1000,50,i64-o256,1,disaggregated,3,96,96,96,96,1.0,1.0,0.13486909063847818,0.0020652583201577154,34.526487203450415,0.5287061299603751,0.13486909063847818,0.0020652583201577154,34.526487203450415,0.5287061299603751
1000,50,i64-o256,2,aggregated,3,96,96,96,96,1.0,1.0,0.26918178349348154,0.0006358395052080113,68.91053657433127,0.1627749133332509,0.26918178349348154,0.0006358395052080113,68.91053657433127,0.1627749133332509
1000,50,i64-o256,2,disaggregated,3,96,96,96,96,1.0,1.0,0.269717758183404,0.003832365232771815,69.04774609495142,0.9810854995895847,0.269717758183404,0.003832365232771815,69.04774609495142,0.9810854995895847
1000,50,i64-o256,4,aggregated,3,96,96,96,96,1.0,1.0,0.5018380722774222,0.004919935539386469,128.47054650302007,1.259503498082936,0.5018380722774222,0.004919935539386469,128.47054650302007,1.259503498082936
1000,50,i64-o256,4,disaggregated,3,96,66,66,96,0.6875,0.6875,0.2636962365931984,0.005311734717278636,67.50623656785879,1.3598040876233308,0.3835581623173795,0.007726159588768941,98.19088955324915,1.977896854724849
1000,50,i64-o256,8,aggregated,3,96,12,12,96,0.125,0.125,0.06320207874869492,0.0008180485587232819,16.1797321596659,0.20942043103316016,0.5056166299895594,0.006544388469786255,129.4378572773272,1.6753634482652813
1000,50,i64-o256,8,disaggregated,3,96,9,9,96,0.09375,0.09375,0.036038774813117645,0.0009042158415140226,9.225926352158117,0.2314792554275898,0.38441359800658825,0.009644968976149536,98.40988108968659,2.4691120578942813
1000,50,i64-o64,1,aggregated,3,96,96,96,96,1.0,1.0,0.5407570371232046,0.0057328671774340735,34.60845037588509,0.3669034993557807,0.5407570371232046,0.0057328671774340735,34.60845037588509,0.3669034993557807
1000,50,i64-o64,1,disaggregated,3,96,96,96,96,1.0,1.0,0.5327703019269415,0.008553826804920702,34.09729932332426,0.5474449155149249,0.5327703019269415,0.008553826804920702,34.09729932332426,0.5474449155149249
1000,50,i64-o64,2,aggregated,3,96,96,96,96,1.0,1.0,1.0760819012459542,0.004883848551188994,68.86924167974107,0.31256630727609563,1.0760819012459542,0.004883848551188994,68.86924167974107,0.31256630727609563
1000,50,i64-o64,2,disaggregated,3,96,96,96,96,1.0,1.0,1.0619980915836817,0.014895657079479771,67.96787786135563,0.9533220530867054,1.0619980915836817,0.014895657079479771,67.96787786135563,0.9533220530867054
1000,50,i64-o64,4,aggregated,3,96,96,96,96,1.0,1.0,2.0013958188843204,0.023549000906719728,128.0893324085965,1.5071360580300626,2.0013958188843204,0.023549000906719728,128.0893324085965,1.5071360580300626
1000,50,i64-o64,4,disaggregated,3,96,66,66,96,0.6875,0.6875,1.0612526389021646,0.02375211339769898,67.92016888973853,1.5201352574527347,1.543640202039512,0.034548528578471245,98.79297293052876,2.2111058290221597
1000,50,i64-o64,8,aggregated,3,96,12,12,96,0.125,0.125,0.2532450910639968,0.0031937078105621305,16.207685828095794,0.20439729987597635,2.0259607285119743,0.025549662484497044,129.66148662476635,1.6351783990078108
1000,50,i64-o64,8,disaggregated,3,96,9,9,96,0.09375,0.09375,0.1439516735617762,0.0035954609089216493,9.212907107953678,0.23010949817098555,1.5354845179922796,0.038351583028497616,98.2710091515059,2.4545013138238474
1000,50,i704-o16,1,aggregated,3,96,96,96,96,1.0,1.0,1.7675390160318332,0.015710485856984677,28.28062425650933,0.25136777371175484,1.7675390160318332,0.015710485856984677,28.28062425650933,0.25136777371175484
1000,50,i704-o16,1,disaggregated,3,96,96,96,96,1.0,1.0,1.5068743964037539,0.015042369053473831,24.109990342460062,0.2406779048555813,1.5068743964037539,0.015042369053473831,24.109990342460062,0.2406779048555813
1000,50,i704-o16,2,aggregated,3,96,96,96,96,1.0,1.0,3.4231353134510694,0.020904963219625067,54.77016501521711,0.33447941151400107,3.4231353134510694,0.020904963219625067,54.77016501521711,0.33447941151400107
1000,50,i704-o16,2,disaggregated,3,96,96,96,96,1.0,1.0,2.9038899371858675,0.025379549177124205,46.46223899497388,0.4060727868339873,2.9038899371858675,0.025379549177124205,46.46223899497388,0.4060727868339873
1000,50,i704-o16,4,aggregated,3,96,96,96,96,1.0,1.0,6.13705847899473,0.026451181948233923,98.19293566391568,0.42321891117174276,6.13705847899473,0.026451181948233923,98.19293566391568,0.42321891117174276
1000,50,i704-o16,4,disaggregated,3,96,96,96,96,1.0,1.0,4.807706438515174,0.1250408454339715,76.92330301624278,2.000653526943544,4.807706438515174,0.1250408454339715,76.92330301624278,2.000653526943544
1000,50,i704-o16,8,aggregated,3,96,93,93,96,0.90625,0.96875,6.073824806940818,0.36132457067293594,97.18119691105309,5.781193130766975,6.26901513982759,0.05323281135010287,100.30424223724144,0.8517249816016459
1000,50,i704-o16,8,disaggregated,3,96,63,63,96,0.5,0.65625,3.419663454323893,0.8096353673913599,54.71461526918229,12.954165878261758,5.194695140033942,0.1180547323063891,83.11512224054307,1.8888757169022257
1000,50,i704-o256,1,aggregated,3,96,96,96,96,1.0,1.0,0.13315973441342704,0.0012079164472832916,34.08889200983732,0.30922661050452266,0.13315973441342704,0.0012079164472832916,34.08889200983732,0.30922661050452266
1000,50,i704-o256,1,disaggregated,3,96,96,96,96,1.0,1.0,0.13193384669232183,0.002131816651440936,33.77506475323439,0.5457450627688796,0.13193384669232183,0.002131816651440936,33.77506475323439,0.5457450627688796
1000,50,i704-o256,2,aggregated,3,96,96,96,96,1.0,1.0,0.26410580486760143,0.001362346291233675,67.61108604610597,0.3487606505558208,0.26410580486760143,0.001362346291233675,67.61108604610597,0.3487606505558208
1000,50,i704-o256,2,disaggregated,3,96,96,96,96,1.0,1.0,0.26134501584656855,0.0037909228940693155,66.90432405672155,0.9704762608817448,0.26134501584656855,0.0037909228940693155,66.90432405672155,0.9704762608817448
1000,50,i704-o256,4,aggregated,3,96,96,96,96,1.0,1.0,0.49510610991416354,0.006680299480468798,126.74716413802587,1.7101566670000123,0.49510610991416354,0.006680299480468798,126.74716413802587,1.7101566670000123
1000,50,i704-o256,4,disaggregated,3,96,63,63,96,0.59375,0.65625,0.2478726714772683,0.01815951338525768,63.455403898180684,4.648835426625966,0.3779514943446062,0.007244794533137345,96.75558255221918,1.8546674004831603
1000,50,i704-o256,8,aggregated,3,96,12,12,96,0.125,0.125,0.062038382988529456,0.000754093231474577,15.88182604506354,0.1930478672574917,0.49630706390823565,0.006032745851796616,127.05460836050833,1.5443829380599337
1000,50,i704-o256,8,disaggregated,3,96,9,9,96,0.09375,0.09375,0.035274111869550984,0.0006408091889557797,9.030172638605052,0.1640471523726796,0.3762571932752105,0.006835298015528307,96.32184147845389,1.7498362919752466
1000,50,i704-o64,1,aggregated,3,96,96,96,96,1.0,1.0,0.5129146812802884,0.0037243163276673703,32.82653960193846,0.2383562449707117,0.5129146812802884,0.0037243163276673703,32.82653960193846,0.2383562449707117
1000,50,i704-o64,1,disaggregated,3,96,96,96,96,1.0,1.0,0.4876659180427332,0.007876828035810949,31.210618754734924,0.5041169942919007,0.4876659180427332,0.007876828035810949,31.210618754734924,0.5041169942919007
1000,50,i704-o64,2,aggregated,3,96,96,96,96,1.0,1.0,1.0153539462500099,0.005588110358331045,64.98265256000063,0.35763906293318687,1.0153539462500099,0.005588110358331045,64.98265256000063,0.35763906293318687
1000,50,i704-o64,2,disaggregated,3,96,96,96,96,1.0,1.0,0.9621512714349714,0.015229829721129363,61.57768137183817,0.9747091021522792,0.9621512714349714,0.015229829721129363,61.57768137183817,0.9747091021522792
1000,50,i704-o64,4,aggregated,3,96,96,96,96,1.0,1.0,1.8599615857959877,0.00974979465902817,119.03754149094321,0.6239868581778029,1.8599615857959877,0.00974979465902817,119.03754149094321,0.6239868581778029
1000,50,i704-o64,4,disaggregated,3,96,66,66,96,0.6875,0.6875,1.0058128517253944,0.019055860960159234,64.37202251042524,1.219575101450191,1.4630005116005735,0.027717615942049825,93.6320327424367,1.7739274202911888
1000,50,i704-o64,8,aggregated,3,96,12,12,96,0.125,0.125,0.23623947465118822,0.0011038690071437534,15.119326377676046,0.07064761645720022,1.8899157972095058,0.008830952057150027,120.95461102140837,0.5651809316576017
1000,50,i704-o64,8,disaggregated,3,96,9,9,96,0.09375,0.09375,0.1377798244027275,0.0025413443468322726,8.81790876177456,0.16264603819726545,1.4696514602957602,0.02710767303287764,94.05769345892865,1.734891074104169
1000,50,mixed,1,aggregated,3,96,96,96,96,1.0,1.0,0.2261834766108772,0.00161737723607549,34.15370496824246,0.24422396264740048,0.2261834766108772,0.00161737723607549,34.15370496824246,0.24422396264740048
1000,50,mixed,1,disaggregated,3,96,96,96,96,1.0,1.0,0.22444138376508363,0.0033440931328650994,33.89064894852763,0.5049580630626318,0.22444138376508363,0.0033440931328650994,33.89064894852763,0.5049580630626318
1000,50,mixed,2,aggregated,3,96,96,96,96,1.0,1.0,0.44730072718407815,0.004167870441603936,67.54240980479581,0.6293484366821898,0.44730072718407815,0.004167870441603936,67.54240980479581,0.6293484366821898
1000,50,mixed,2,disaggregated,3,96,87,87,96,0.90625,0.90625,0.3505681210528822,0.002610029143552718,52.02914458660707,0.38736432530520276,0.38683378874800795,0.0028800321584030067,58.4119021009492,0.4348848559188518
1000,50,mixed,4,aggregated,3,96,87,87,96,0.90625,0.90625,0.6063758049464151,0.006846234407052732,95.01281578194863,1.072734108470611,0.6691043364925959,0.007554465552609897,101.034754810382,1.1407242984440988
1000,50,mixed,4,disaggregated,3,96,65,65,96,0.65625,0.6770833333333334,0.39412695623960825,0.021947208114726734,63.030705161369866,2.0316179302980633,0.581791526784986,0.017240912705006384,87.85052054453288,2.603377818455967
1000,50,mixed,8,aggregated,3,96,42,42,96,0.4375,0.4375,0.31055851667095746,0.025372023462098006,52.883678838825894,4.3204931381172615,0.7098480381050456,0.05799319648479546,107.18705375386189,8.75697266920412
1000,50,mixed,8,disaggregated,3,96,31,31,96,0.28125,0.3229166666666667,0.19113988176615423,0.0259823136289302,35.62359617139615,2.466799800147247,0.5925752017704643,0.01083443006427746,89.4788554673401,1.6359989397058987
2000,25,i256-o16,1,aggregated,3,96,32,96,32,0.28125,0.3333333333333333,0.6987902535651195,0.10231448951914338,11.180644057041912,1.637031832306294,2.095743024165223,0.00926042345225116,33.531888386643566,0.14816677523601857
2000,25,i256-o16,1,disaggregated,3,96,32,96,32,0.21875,0.3333333333333333,0.6288556069794914,0.21831085503910397,10.061689711671862,3.4929736806256635,1.8779790777557706,0.03930303639384769,30.04766524409233,0.628848582301563
2000,25,i256-o16,2,aggregated,3,96,27,96,27,0.21875,0.28125,1.1595959115896293,0.26055396810499126,18.55353458543407,4.16886348967986,4.121102994620531,0.02270022132089188,65.9376479139285,0.36320354113427006
2000,25,i256-o16,2,disaggregated,3,96,28,96,28,0.1875,0.2916666666666667,1.0925485582030663,0.4235817087570164,17.48077693124906,6.777307340112262,3.7332473317280837,0.05683451735659063,59.73195730764934,0.9093522777054501
2000,25,i256-o16,4,aggregated,3,96,8,96,8,0.0625,0.08333333333333333,0.6304576080658308,0.14518717846872928,10.087321729053293,2.3229948554996684,7.549238361982489,0.19520763464891508,120.78781379171983,3.1233221543826413
2000,25,i256-o16,4,disaggregated,3,96,9,96,9,0.0625,0.09375,0.5436141657649545,0.1789970131544665,8.697826652239272,2.863952210471464,5.810593578392465,0.13308093979812466,92.96949725427945,2.1292950367699945
2000,25,i256-o16,8,aggregated,3,96,13,96,13,0.09375,0.13541666666666666,1.0378519408066509,0.3521616664034828,16.605631052906414,5.634586662455725,7.6864815158297635,0.0974544058928763,122.98370425327622,1.5592704942860207
2000,25,i256-o16,8,disaggregated,3,96,12,96,12,0.09375,0.125,0.7365951956254905,0.19231226876500548,11.785523130007848,3.0769963002400877,5.880239402270708,0.09013848278998511,94.08383043633133,1.4422157246397618
2000,25,i256-o256,1,aggregated,3,96,0,96,0,0.0,0.0,0.0,0.0,0.0,0.0,0.13468152047288184,0.0009767785451678136,34.47846924105775,0.2500553075629603
2000,25,i256-o256,1,disaggregated,3,96,0,96,0,0.0,0.0,0.0,0.0,0.0,0.0,0.1340783425654771,0.002039709424550647,34.32405569676214,0.5221656126849656
2000,25,i256-o256,2,aggregated,3,96,0,96,0,0.0,0.0,0.0,0.0,0.0,0.0,0.2682490491074594,0.0010473976364467066,68.6717565715096,0.2681337949303569
2000,25,i256-o256,2,disaggregated,3,96,0,96,0,0.0,0.0,0.0,0.0,0.0,0.0,0.2669674524931047,0.004201077372182297,68.34366783823481,1.075475807278668
2000,25,i256-o256,4,aggregated,3,96,0,96,0,0.0,0.0,0.0,0.0,0.0,0.0,0.5023034342476068,0.004622936634290753,128.58967916738735,1.1834717783784328
2000,25,i256-o256,4,disaggregated,3,96,0,66,0,0.0,0.0,0.0,0.0,0.0,0.0,0.3827854162958466,0.008871425275032901,97.99306657173673,2.2710848704084228
2000,25,i256-o256,8,aggregated,3,96,0,12,0,0.0,0.0,0.0,0.0,0.0,0.0,0.5027104281091086,0.005674246352636646,128.6938695959318,1.4526070662749815
2000,25,i256-o256,8,disaggregated,3,96,0,9,0,0.0,0.0,0.0,0.0,0.0,0.0,0.37997334334851557,0.006318956168215353,97.27317589721999,1.6176527790631303
2000,25,i256-o64,1,aggregated,3,96,0,96,0,0.0,0.0,0.0,0.0,0.0,0.0,0.5371730481620268,0.004071085573812895,34.37907508236972,0.2605494767240253
2000,25,i256-o64,1,disaggregated,3,96,0,96,0,0.0,0.0,0.0,0.0,0.0,0.0,0.521395680355397,0.007589752506458044,33.369323542745406,0.4857441604133148
2000,25,i256-o64,2,aggregated,3,96,0,96,0,0.0,0.0,0.0,0.0,0.0,0.0,1.0668221017734503,0.004768924920999102,68.27661451350082,0.30521119494394255
2000,25,i256-o64,2,disaggregated,3,96,0,96,0,0.0,0.0,0.0,0.0,0.0,0.0,1.038939472508178,0.013320016656098803,66.49212624052339,0.8524810659903234
2000,25,i256-o64,4,aggregated,3,96,0,96,0,0.0,0.0,0.0,0.0,0.0,0.0,1.975817126195673,0.0057593728230623115,126.45229607652307,0.36859986067598793
2000,25,i256-o64,4,disaggregated,3,96,0,94,0,0.0,0.0,0.0,0.0,0.0,0.0,1.5125377519478755,0.019817767080911906,96.80241612466403,1.268337093178362
2000,25,i256-o64,8,aggregated,3,96,0,40,0,0.0,0.0,0.0,0.0,0.0,0.0,1.9922015938518371,0.015706642949864118,127.50090200651758,1.0052251487913035
2000,25,i256-o64,8,disaggregated,3,96,0,23,0,0.0,0.0,0.0,0.0,0.0,0.0,1.50892125619985,0.02171101314456493,96.5709603967904,1.3895048412521556
2000,25,i64-o16,1,aggregated,3,96,30,96,30,0.28125,0.3125,0.6629578935109844,0.0696705488710359,10.607326296175751,1.1147287819365743,2.120744658231485,0.010853245263595452,33.93191453170376,0.17365192421752723
2000,25,i64-o16,1,disaggregated,3,96,42,96,42,0.25,0.4375,0.9023649161031415,0.34986670890389643,14.437838657650264,5.597867342462343,2.0556847531098885,0.027501446169903385,32.890956049758216,0.44002313871845417
2000,25,i64-o16,2,aggregated,3,96,34,96,34,0.28125,0.3541666666666667,1.4940320144264052,0.27581078740823256,23.904512230822483,4.412972598531721,4.217835986081198,0.009471339556007987,67.48537577729917,0.1515414328961278
2000,25,i64-o16,2,disaggregated,3,96,33,96,33,0.21875,0.34375,1.3644079103902176,0.4361141898599375,21.83052656624348,6.977827037759,3.964687804867304,0.07208857292455283,63.435004877876864,1.1534171667928452
2000,25,i64-o16,4,aggregated,3,96,9,96,9,0.09375,0.09375,0.7316227650448571,0.003909791196496226,11.705964240717714,0.06255665914393961,7.803976160478475,0.04170443942929311,124.8636185676556,0.6672710308686898
2000,25,i64-o16,4,disaggregated,3,96,11,96,11,0.03125,0.11458333333333333,0.6769213895108881,0.5806749914962149,10.83074223217421,9.290799863939439,5.640218821154343,0.7724160768234212,90.24350113846948,12.358657229174739
2000,25,i64-o16,8,aggregated,3,96,8,96,8,0.0625,0.08333333333333333,0.6441182857691773,0.27393814059425303,10.305892572306837,4.3830102495080485,7.744913468815028,0.10533698778079977,123.91861550104045,1.6853918044927962
2000,25,i64-o16,8,disaggregated,3,96,12,96,12,0.125,0.125,0.7400360138886077,0.04329224382614132,11.840576222217724,0.6926759012182612,5.920288111108862,0.3463379506091306,94.72460977774179,5.541407209746089
2000,25,i64-o256,1,aggregated,3,96,0,96,0,0.0,0.0,0.0,0.0,0.0,0.0,0.13529434025893733,0.0009768817592908968,34.635351106287956,0.2500817303784696
2000,25,i64-o256,1,disaggregated,3,96,0,96,0,0.0,0.0,0.0,0.0,0.0,0.0,0.13486909063847818,0.0020652583201577154,34.526487203450415,0.5287061299603751
2000,25,i64-o256,2,aggregated,3,96,0,96,0,0.0,0.0,0.0,0.0,0.0,0.0,0.26918178349348154,0.0006358395052080113,68.91053657433127,0.1627749133332509
2000,25,i64-o256,2,disaggregated,3,96,0,96,0,0.0,0.0,0.0,0.0,0.0,0.0,0.269717758183404,0.003832365232771815,69.04774609495142,0.9810854995895847
2000,25,i64-o256,4,aggregated,3,96,0,96,0,0.0,0.0,0.0,0.0,0.0,0.0,0.5018380722774222,0.004919935539386469,128.47054650302007,1.259503498082936
2000,25,i64-o256,4,disaggregated,3,96,0,66,0,0.0,0.0,0.0,0.0,0.0,0.0,0.3835581623173795,0.007726159588768941,98.19088955324915,1.977896854724849
2000,25,i64-o256,8,aggregated,3,96,0,12,0,0.0,0.0,0.0,0.0,0.0,0.0,0.5056166299895594,0.006544388469786255,129.4378572773272,1.6753634482652813
2000,25,i64-o256,8,disaggregated,3,96,0,9,0,0.0,0.0,0.0,0.0,0.0,0.0,0.38441359800658825,0.009644968976149536,98.40988108968659,2.4691120578942813
2000,25,i64-o64,1,aggregated,3,96,0,96,0,0.0,0.0,0.0,0.0,0.0,0.0,0.5407570371232046,0.0057328671774340735,34.60845037588509,0.3669034993557807
2000,25,i64-o64,1,disaggregated,3,96,0,96,0,0.0,0.0,0.0,0.0,0.0,0.0,0.5327703019269415,0.008553826804920702,34.09729932332426,0.5474449155149249
2000,25,i64-o64,2,aggregated,3,96,0,96,0,0.0,0.0,0.0,0.0,0.0,0.0,1.0760819012459542,0.004883848551188994,68.86924167974107,0.31256630727609563
2000,25,i64-o64,2,disaggregated,3,96,0,96,0,0.0,0.0,0.0,0.0,0.0,0.0,1.0619980915836817,0.014895657079479771,67.96787786135563,0.9533220530867054
2000,25,i64-o64,4,aggregated,3,96,0,96,0,0.0,0.0,0.0,0.0,0.0,0.0,2.0013958188843204,0.023549000906719728,128.0893324085965,1.5071360580300626
2000,25,i64-o64,4,disaggregated,3,96,0,96,0,0.0,0.0,0.0,0.0,0.0,0.0,1.543640202039512,0.034548528578471245,98.79297293052876,2.2111058290221597
2000,25,i64-o64,8,aggregated,3,96,0,50,0,0.0,0.0,0.0,0.0,0.0,0.0,2.0259607285119743,0.025549662484497044,129.66148662476635,1.6351783990078108
2000,25,i64-o64,8,disaggregated,3,96,0,20,0,0.0,0.0,0.0,0.0,0.0,0.0,1.5354845179922796,0.038351583028497616,98.2710091515059,2.4545013138238474
2000,25,i704-o16,1,aggregated,3,96,37,96,37,0.34375,0.3854166666666667,0.6814031031686195,0.0869639484459665,10.902449650697912,1.391423175135464,1.7675390160318332,0.015710485856984677,28.28062425650933,0.25136777371175484
2000,25,i704-o16,1,disaggregated,3,96,38,96,38,0.34375,0.3958333333333333,0.5969469029534998,0.07758874581029279,9.551150447255997,1.2414199329646847,1.5068743964037539,0.015042369053473831,24.109990342460062,0.2406779048555813
2000,25,i704-o16,2,aggregated,3,96,35,96,35,0.28125,0.3645833333333333,1.2474801942590905,0.24353911483393256,19.959683108145448,3.896625837342921,3.4231353134510694,0.020904963219625067,54.77016501521711,0.33447941151400107
2000,25,i704-o16,2,disaggregated,3,96,31,96,31,0.28125,0.3229166666666667,0.9383192426453473,0.11238594674476214,15.013107882325556,1.7981751479161943,2.9038899371858675,0.025379549177124205,46.46223899497388,0.4060727868339873
2000,25,i704-o16,4,aggregated,3,96,25,96,25,0.25,0.2604166666666667,1.598074187923176,0.10824054141403133,25.569187006770814,1.7318486626245013,6.13705847899473,0.026451181948233923,98.19293566391568,0.42321891117174276
2000,25,i704-o16,4,disaggregated,3,96,25,96,25,0.25,0.2604166666666667,1.2524458923649409,0.10114660037529495,20.039134277839054,1.6183456060047192,4.807706438515174,0.1250408454339715,76.92330301624278,2.000653526943544
2000,25,i704-o16,8,aggregated,3,96,25,96,25,0.25,0.2604166666666667,1.6331899257868328,0.12739391463152014,26.131038812589324,2.038302634104322,6.26901513982759,0.05323281135010287,100.30424223724144,0.8517249816016459
2000,25,i704-o16,8,disaggregated,3,96,22,96,22,0.21875,0.22916666666666666,1.191162642584856,0.11018905843609643,19.058602281357697,1.7630249349775429,5.194695140033942,0.1180547323063891,83.11512224054307,1.8888757169022257
2000,25,i704-o256,1,aggregated,3,96,0,96,0,0.0,0.0,0.0,0.0,0.0,0.0,0.13315973441342704,0.0012079164472832916,34.08889200983732,0.30922661050452266
2000,25,i704-o256,1,disaggregated,3,96,0,96,0,0.0,0.0,0.0,0.0,0.0,0.0,0.13193384669232183,0.002131816651440936,33.77506475323439,0.5457450627688796
2000,25,i704-o256,2,aggregated,3,96,0,96,0,0.0,0.0,0.0,0.0,0.0,0.0,0.26410580486760143,0.001362346291233675,67.61108604610597,0.3487606505558208
2000,25,i704-o256,2,disaggregated,3,96,0,96,0,0.0,0.0,0.0,0.0,0.0,0.0,0.26134501584656855,0.0037909228940693155,66.90432405672155,0.9704762608817448
2000,25,i704-o256,4,aggregated,3,96,0,96,0,0.0,0.0,0.0,0.0,0.0,0.0,0.49510610991416354,0.006680299480468798,126.74716413802587,1.7101566670000123
2000,25,i704-o256,4,disaggregated,3,96,0,66,0,0.0,0.0,0.0,0.0,0.0,0.0,0.3779514943446062,0.007244794533137345,96.75558255221918,1.8546674004831603
2000,25,i704-o256,8,aggregated,3,96,0,12,0,0.0,0.0,0.0,0.0,0.0,0.0,0.49630706390823565,0.006032745851796616,127.05460836050833,1.5443829380599337
2000,25,i704-o256,8,disaggregated,3,96,0,9,0,0.0,0.0,0.0,0.0,0.0,0.0,0.3762571932752105,0.006835298015528307,96.32184147845389,1.7498362919752466
2000,25,i704-o64,1,aggregated,3,96,0,96,0,0.0,0.0,0.0,0.0,0.0,0.0,0.5129146812802884,0.0037243163276673703,32.82653960193846,0.2383562449707117
2000,25,i704-o64,1,disaggregated,3,96,0,96,0,0.0,0.0,0.0,0.0,0.0,0.0,0.4876659180427332,0.007876828035810949,31.210618754734924,0.5041169942919007
2000,25,i704-o64,2,aggregated,3,96,0,96,0,0.0,0.0,0.0,0.0,0.0,0.0,1.0153539462500099,0.005588110358331045,64.98265256000063,0.35763906293318687
2000,25,i704-o64,2,disaggregated,3,96,0,96,0,0.0,0.0,0.0,0.0,0.0,0.0,0.9621512714349714,0.015229829721129363,61.57768137183817,0.9747091021522792
2000,25,i704-o64,4,aggregated,3,96,0,96,0,0.0,0.0,0.0,0.0,0.0,0.0,1.8599615857959877,0.00974979465902817,119.03754149094321,0.6239868581778029
2000,25,i704-o64,4,disaggregated,3,96,0,93,0,0.0,0.0,0.0,0.0,0.0,0.0,1.4630005116005735,0.027717615942049825,93.6320327424367,1.7739274202911888
2000,25,i704-o64,8,aggregated,3,96,0,17,0,0.0,0.0,0.0,0.0,0.0,0.0,1.8899157972095058,0.008830952057150027,120.95461102140837,0.5651809316576017
2000,25,i704-o64,8,disaggregated,3,96,0,13,0,0.0,0.0,0.0,0.0,0.0,0.0,1.4696514602957602,0.02710767303287764,94.05769345892865,1.734891074104169
2000,25,mixed,1,aggregated,3,96,18,96,18,0.1875,0.1875,0.042409401864539474,0.0003032582317641552,0.6785504298326316,0.0048521317082264835,0.2261834766108772,0.00161737723607549,34.15370496824246,0.24422396264740048
2000,25,mixed,1,disaggregated,3,96,16,96,16,0.15625,0.16666666666666666,0.03742932161529857,0.004400985783354958,0.5988691458447771,0.07041577253367932,0.22444138376508363,0.0033440931328650994,33.89064894852763,0.5049580630626318
2000,25,mixed,2,aggregated,3,96,16,96,16,0.125,0.16666666666666666,0.07458612883206114,0.016375109750876745,1.1933780613129783,0.2620017560140279,0.44730072718407815,0.004167870441603936,67.54240980479581,0.6293484366821898
2000,25,mixed,2,disaggregated,3,96,13,87,16,0.125,0.13541666666666666,0.05241186640228787,0.007323335398753847,0.8385898624366059,0.11717336638006155,0.38683378874800795,0.0028800321584030067,58.4119021009492,0.4348848559188518
2000,25,mixed,4,aggregated,3,96,12,87,13,0.125,0.125,0.08363804206157449,0.0009443081940762371,1.3382086729851919,0.015108931105219794,0.6691043364925959,0.007554465552609897,101.034754810382,1.1407242984440988
2000,25,mixed,4,disaggregated,3,96,8,67,12,0.0625,0.08333333333333333,0.048641461540316254,0.02170420410192436,0.7782633846450601,0.34726726563078975,0.581791526784986,0.017240912705006384,87.85052054453288,2.603377818455967
2000,25,mixed,8,aggregated,3,96,10,48,15,0.09375,0.10416666666666667,0.07365060198296171,0.011176466779211528,1.1784096317273873,0.17882346846738445,0.7098480381050456,0.05799319648479546,107.18705375386189,8.75697266920412
2000,25,mixed,8,disaggregated,3,96,3,35,13,0.03125,0.03125,0.01851797505532701,0.0003385759395086706,0.29628760088523215,0.00541721503213873,0.5925752017704643,0.01083443006427746,89.4788554673401,1.6359989397058987
2000,30,i256-o16,1,aggregated,3,96,96,96,96,1.0,1.0,2.095743024165223,0.00926042345225116,33.531888386643566,0.14816677523601857,2.095743024165223,0.00926042345225116,33.531888386643566,0.14816677523601857
2000,30,i256-o16,1,disaggregated,3,96,96,96,96,1.0,1.0,1.8779790777557706,0.03930303639384769,30.04766524409233,0.628848582301563,1.8779790777557706,0.03930303639384769,30.04766524409233,0.628848582301563
2000,30,i256-o16,2,aggregated,3,96,96,96,96,1.0,1.0,4.121102994620531,0.02270022132089188,65.9376479139285,0.36320354113427006,4.121102994620531,0.02270022132089188,65.9376479139285,0.36320354113427006
2000,30,i256-o16,2,disaggregated,3,96,96,96,96,1.0,1.0,3.7332473317280837,0.05683451735659063,59.73195730764934,0.9093522777054501,3.7332473317280837,0.05683451735659063,59.73195730764934,0.9093522777054501
2000,30,i256-o16,4,aggregated,3,96,87,96,87,0.84375,0.90625,6.851833919302931,0.8047180672160116,109.62934270884689,12.875489075456185,7.549238361982489,0.19520763464891508,120.78781379171983,3.1233221543826413
2000,30,i256-o16,4,disaggregated,3,96,82,96,82,0.65625,0.8541666666666666,4.97766876565791,1.0976490754566879,79.64270025052656,17.562385207307006,5.810593578392465,0.13308093979812466,92.96949725427945,2.1292950367699945
2000,30,i256-o16,8,aggregated,3,96,90,96,90,0.90625,0.9375,7.207937370266361,0.32512281390486863,115.32699792426178,5.201965022477898,7.6864815158297635,0.0974544058928763,122.98370425327622,1.5592704942860207
2000,30,i256-o16,8,disaggregated,3,96,82,96,82,0.8125,0.8541666666666666,5.024868753673524,0.28719839910394007,80.39790005877639,4.595174385663041,5.880239402270708,0.09013848278998511,94.08383043633133,1.4422157246397618
2000,30,i256-o256,1,aggregated,3,96,96,96,96,1.0,1.0,0.13468152047288184,0.0009767785451678136,34.47846924105775,0.2500553075629603,0.13468152047288184,0.0009767785451678136,34.47846924105775,0.2500553075629603
2000,30,i256-o256,1,disaggregated,3,96,93,96,93,0.90625,0.96875,0.12996198458772476,0.009169203925790766,33.27026805445754,2.347316205002436,0.1340783425654771,0.002039709424550647,34.32405569676214,0.5221656126849656
2000,30,i256-o256,2,aggregated,3,96,96,96,96,1.0,1.0,0.2682490491074594,0.0010473976364467066,68.6717565715096,0.2681337949303569,0.2682490491074594,0.0010473976364467066,68.6717565715096,0.2681337949303569
2000,30,i256-o256,2,disaggregated,3,96,91,96,91,0.84375,0.9479166666666666,0.25331470564994235,0.027836359000380614,64.84856464638524,7.126107904097437,0.2669674524931047,0.004201077372182297,68.34366783823481,1.075475807278668
2000,30,i256-o256,4,aggregated,3,96,43,96,43,0.4375,0.4479166666666667,0.22504568469664035,0.011181486771656477,57.61169528233993,2.8624606135440582,0.5023034342476068,0.004622936634290753,128.58967916738735,1.1834717783784328
2000,30,i256-o256,4,disaggregated,3,96,58,66,79,0.4375,0.6041666666666666,0.23211929203305795,0.059868271736827294,59.422538760462835,15.326277564627787,0.3827854162958466,0.008871425275032901,97.99306657173673,2.2710848704084228
2000,30,i256-o256,8,aggregated,3,96,4,12,38,0.03125,0.041666666666666664,0.02089698907456333,0.008857466376861318,5.349629203088212,2.2675113924764974,0.5027104281091086,0.005674246352636646,128.6938695959318,1.4526070662749815
2000,30,i256-o256,8,disaggregated,3,96,5,9,81,0.03125,0.052083333333333336,0.019866245900212975,0.0071187238356250305,5.0857589504545215,1.8223933019200078,0.37997334334851557,0.006318956168215353,97.27317589721999,1.6176527790631303
2000,30,i256-o64,1,aggregated,3,96,96,96,96,1.0,1.0,0.5371730481620268,0.004071085573812895,34.37907508236972,0.2605494767240253,0.5371730481620268,0.004071085573812895,34.37907508236972,0.2605494767240253
2000,30,i256-o64,1,disaggregated,3,96,96,96,96,1.0,1.0,0.521395680355397,0.007589752506458044,33.369323542745406,0.4857441604133148,0.521395680355397,0.007589752506458044,33.369323542745406,0.4857441604133148
2000,30,i256-o64,2,aggregated,3,96,96,96,96,1.0,1.0,1.0668221017734503,0.004768924920999102,68.27661451350082,0.30521119494394255,1.0668221017734503,0.004768924920999102,68.27661451350082,0.30521119494394255
2000,30,i256-o64,2,disaggregated,3,96,96,96,96,1.0,1.0,1.038939472508178,0.013320016656098803,66.49212624052339,0.8524810659903234,1.038939472508178,0.013320016656098803,66.49212624052339,0.8524810659903234
2000,30,i256-o64,4,aggregated,3,96,62,96,62,0.59375,0.6458333333333334,1.2761595059891178,0.09645434803382129,81.67420838330354,6.1730782741645625,1.975817126195673,0.0057593728230623115,126.45229607652307,0.36859986067598793
2000,30,i256-o64,4,disaggregated,3,96,81,94,82,0.59375,0.84375,1.2790614694537363,0.34170558964165915,81.85993404503913,21.869157737066185,1.5125377519478755,0.019817767080911906,96.80241612466403,1.268337093178362
2000,30,i256-o64,8,aggregated,3,96,33,40,66,0.21875,0.34375,0.6834196205136439,0.3235827385500707,43.73885571287321,20.709295267204524,1.9922015938518371,0.015706642949864118,127.50090200651758,1.0052251487913035
2000,30,i256-o64,8,disaggregated,3,96,19,23,80,0.0625,0.19791666666666666,0.2980875128891362,0.1781933793419492,19.077600824904717,11.404376277884749,1.50892125619985,0.02171101314456493,96.5709603967904,1.3895048412521556
2000,30,i64-o16,1,aggregated,3,96,96,96,96,1.0,1.0,2.120744658231485,0.010853245263595452,33.93191453170376,0.17365192421752723,2.120744658231485,0.010853245263595452,33.93191453170376,0.17365192421752723
2000,30,i64-o16,1,disaggregated,3,96,96,96,96,1.0,1.0,2.0556847531098885,0.027501446169903385,32.890956049758216,0.44002313871845417,2.0556847531098885,0.027501446169903385,32.890956049758216,0.44002313871845417
2000,30,i64-o16,2,aggregated,3,96,96,96,96,1.0,1.0,4.217835986081198,0.009471339556007987,67.48537577729917,0.1515414328961278,4.217835986081198,0.009471339556007987,67.48537577729917,0.1515414328961278
2000,30,i64-o16,2,disaggregated,3,96,94,96,94,0.9375,0.9791666666666666,3.883266355516325,0.19716960669247482,62.1322616882612,3.154713707079597,3.964687804867304,0.07208857292455283,63.435004877876864,1.1534171667928452
2000,30,i64-o16,4,aggregated,3,96,93,96,93,0.96875,0.96875,7.560101905463523,0.040401175697127326,120.96163048741637,0.6464188111540372,7.803976160478475,0.04170443942929311,124.8636185676556,0.6672710308686898
2000,30,i64-o16,4,disaggregated,3,96,71,96,71,0.21875,0.7395833333333334,4.399758289688732,2.9113482190376403,70.39613263501971,46.581571504602245,5.640218821154343,0.7724160768234212,90.24350113846948,12.358657229174739
2000,30,i64-o16,8,aggregated,3,96,88,96,88,0.875,0.9166666666666666,7.102659217351028,0.46416549265221374,113.64254747761645,7.42664788243542,7.744913468815028,0.10533698778079977,123.91861550104045,1.6853918044927962
2000,30,i64-o16,8,disaggregated,3,96,82,96,82,0.625,0.8541666666666666,5.101352170369387,1.4257236434179124,81.6216347259102,22.811578294686598,5.920288111108862,0.3463379506091306,94.72460977774179,5.541407209746089
2000,30,i64-o256,1,aggregated,3,96,96,96,96,1.0,1.0,0.13529434025893733,0.0009768817592908968,34.635351106287956,0.2500817303784696,0.13529434025893733,0.0009768817592908968,34.635351106287956,0.2500817303784696
2000,30,i64-o256,1,disaggregated,3,96,94,96,94,0.9375,0.9791666666666666,0.13210900011481652,0.00684586966101398,33.81990402939303,1.7525426332195788,0.13486909063847818,0.0020652583201577154,34.526487203450415,0.5287061299603751
2000,30,i64-o256,2,aggregated,3,96,96,96,96,1.0,1.0,0.26918178349348154,0.0006358395052080113,68.91053657433127,0.1627749133332509,0.26918178349348154,0.0006358395052080113,68.91053657433127,0.1627749133332509
2000,30,i64-o256,2,disaggregated,3,96,94,96,94,0.9375,0.9791666666666666,0.26419020993016606,0.013387921648446321,67.63269374212251,3.4273079420022583,0.269717758183404,0.003832365232771815,69.04774609495142,0.9810854995895847
2000,30,i64-o256,4,aggregated,3,96,42,96,42,0.3125,0.4375,0.21974230983192453,0.05777731991690918,56.25403131697268,14.79099389872875,0.5018380722774222,0.004919935539386469,128.47054650302007,1.259503498082936
2000,30,i64-o256,4,disaggregated,3,96,59,66,82,0.46875,0.6145833333333334,0.23637891343116857,0.05262629110104257,60.513001838379154,13.472330521866898,0.3835581623173795,0.007726159588768941,98.19088955324915,1.977896854724849
2000,30,i64-o256,8,aggregated,3,96,3,12,41,0.0,0.03125,0.015858976920887974,0.015782104097662814,4.059898091747321,4.04021864900168,0.5056166299895594,0.006544388469786255,129.4378572773272,1.6753634482652813
2000,30,i64-o256,8,disaggregated,3,96,7,9,83,0.03125,0.07291666666666667,0.028262179682067155,0.01437367226116106,7.235117998609192,3.6796600988572314,0.38441359800658825,0.009644968976149536,98.40988108968659,2.4691120578942813
2000,30,i64-o64,1,aggregated,3,96,96,96,96,1.0,1.0,0.5407570371232046,0.0057328671774340735,34.60845037588509,0.3669034993557807,0.5407570371232046,0.0057328671774340735,34.60845037588509,0.3669034993557807
2000,30,i64-o64,1,disaggregated,3,96,95,96,95,0.96875,0.9895833333333334,0.5273212429501303,0.017893263482388004,33.74855954880834,1.1451688628728323,0.5327703019269415,0.008553826804920702,34.09729932332426,0.5474449155149249
2000,30,i64-o64,2,aggregated,3,96,96,96,96,1.0,1.0,1.0760819012459542,0.004883848551188994,68.86924167974107,0.31256630727609563,1.0760819012459542,0.004883848551188994,68.86924167974107,0.31256630727609563
2000,30,i64-o64,2,disaggregated,3,96,96,96,96,1.0,1.0,1.0619980915836817,0.014895657079479771,67.96787786135563,0.9533220530867054,1.0619980915836817,0.014895657079479771,67.96787786135563,0.9533220530867054
2000,30,i64-o64,4,aggregated,3,96,70,96,70,0.625,0.7291666666666666,1.4613760899657564,0.2788955874619162,93.52806975780841,17.849317597562635,2.0013958188843204,0.023549000906719728,128.0893324085965,1.5071360580300626
2000,30,i64-o64,4,disaggregated,3,96,91,96,91,0.84375,0.9479166666666666,1.4653196004844489,0.17019788649091622,93.78045443100473,10.892664735418638,1.543640202039512,0.034548528578471245,98.79297293052876,2.2111058290221597
2000,30,i64-o64,8,aggregated,3,96,40,50,76,0.375,0.4166666666666667,0.84355874856902,0.06344441825305767,53.98775990841728,4.060442768195691,2.0259607285119743,0.025549662484497044,129.66148662476635,1.6351783990078108
2000,30,i64-o64,8,disaggregated,3,96,19,20,88,0.125,0.19791666666666666,0.3006880528358618,0.18360007308906562,19.244035381495156,11.7504046777002,1.5354845179922796,0.038351583028497616,98.2710091515059,2.4545013138238474
2000,30,i704-o16,1,aggregated,3,96,96,96,96,1.0,1.0,1.7675390160318332,0.015710485856984677,28.28062425650933,0.25136777371175484,1.7675390160318332,0.015710485856984677,28.28062425650933,0.25136777371175484
2000,30,i704-o16,1,disaggregated,3,96,96,96,96,1.0,1.0,1.5068743964037539,0.015042369053473831,24.109990342460062,0.2406779048555813,1.5068743964037539,0.015042369053473831,24.109990342460062,0.2406779048555813
2000,30,i704-o16,2,aggregated,3,96,96,96,96,1.0,1.0,3.4231353134510694,0.020904963219625067,54.77016501521711,0.33447941151400107,3.4231353134510694,0.020904963219625067,54.77016501521711,0.33447941151400107
2000,30,i704-o16,2,disaggregated,3,96,96,96,96,1.0,1.0,2.9038899371858675,0.025379549177124205,46.46223899497388,0.4060727868339873,2.9038899371858675,0.025379549177124205,46.46223899497388,0.4060727868339873
2000,30,i704-o16,4,aggregated,3,96,89,96,89,0.875,0.9270833333333334,5.690115781169725,0.30981333296684654,91.0418524987156,4.957013327469545,6.13705847899473,0.026451181948233923,98.19293566391568,0.42321891117174276
2000,30,i704-o16,4,disaggregated,3,96,75,96,75,0.6875,0.78125,3.762320822464851,0.4824520224157195,60.19713315943761,7.719232358651512,4.807706438515174,0.1250408454339715,76.92330301624278,2.000653526943544
2000,30,i704-o16,8,aggregated,3,96,89,96,89,0.90625,0.9270833333333334,5.812294555594279,0.1485043661641767,92.99671288950846,2.376069858626827,6.26901513982759,0.05323281135010287,100.30424223724144,0.8517249816016459
2000,30,i704-o16,8,disaggregated,3,96,52,96,52,0.5,0.5416666666666666,2.8145082434265234,0.27027064058018674,45.032131894824374,4.324330249282988,5.194695140033942,0.1180547323063891,83.11512224054307,1.8888757169022257
2000,30,i704-o256,1,aggregated,3,96,96,96,96,1.0,1.0,0.13315973441342704,0.0012079164472832916,34.08889200983732,0.30922661050452266,0.13315973441342704,0.0012079164472832916,34.08889200983732,0.30922661050452266
2000,30,i704-o256,1,disaggregated,3,96,95,96,95,0.96875,0.9895833333333334,0.13058516528652345,0.0044672678937833585,33.42980231335,1.1436205808085398,0.13193384669232183,0.002131816651440936,33.77506475323439,0.5457450627688796
2000,30,i704-o256,2,aggregated,3,96,96,96,96,1.0,1.0,0.26410580486760143,0.001362346291233675,67.61108604610597,0.3487606505558208,0.26410580486760143,0.001362346291233675,67.61108604610597,0.3487606505558208
2000,30,i704-o256,2,disaggregated,3,96,92,96,92,0.875,0.9583333333333334,0.2506379148767757,0.0223341608979687,64.16330620845459,5.717545189879988,0.26134501584656855,0.0037909228940693155,66.90432405672155,0.9704762608817448
2000,30,i704-o256,4,aggregated,3,96,37,96,37,0.25,0.3854166666666667,0.1910343861447184,0.059671881414132696,48.90480285304791,15.27600164201797,0.49510610991416354,0.006680299480468798,126.74716413802587,1.7101566670000123
2000,30,i704-o256,4,disaggregated,3,96,56,66,77,0.375,0.5833333333333334,0.2213362784775759,0.07163767244974435,56.66208729025943,18.339244147134554,0.3779514943446062,0.007244794533137345,96.75558255221918,1.8546674004831603
2000,30,i704-o256,8,aggregated,3,96,5,12,43,0.03125,0.052083333333333336,0.025882556996567423,0.009075775562825761,6.62593459112126,2.323398544083395,0.49630706390823565,0.006032745851796616,127.05460836050833,1.5443829380599337
2000,30,i704-o256,8,disaggregated,3,96,5,9,70,0.03125,0.052083333333333336,0.019677580392404567,0.007069008942707995,5.037460580455569,1.8096662893332467,0.3762571932752105,0.006835298015528307,96.32184147845389,1.7498362919752466
2000,30,i704-o64,1,aggregated,3,96,96,96,96,1.0,1.0,0.5129146812802884,0.0037243163276673703,32.82653960193846,0.2383562449707117,0.5129146812802884,0.0037243163276673703,32.82653960193846,0.2383562449707117
2000,30,i704-o64,1,disaggregated,3,96,96,96,96,1.0,1.0,0.4876659180427332,0.007876828035810949,31.210618754734924,0.5041169942919007,0.4876659180427332,0.007876828035810949,31.210618754734924,0.5041169942919007
2000,30,i704-o64,2,aggregated,3,96,96,96,96,1.0,1.0,1.0153539462500099,0.005588110358331045,64.98265256000063,0.35763906293318687,1.0153539462500099,0.005588110358331045,64.98265256000063,0.35763906293318687
2000,30,i704-o64,2,disaggregated,3,96,95,96,95,0.96875,0.9895833333333334,0.9523117272845443,0.03225830384905989,60.94795054621083,2.0645314463398328,0.9621512714349714,0.015229829721129363,61.57768137183817,0.9747091021522792
2000,30,i704-o64,4,aggregated,3,96,60,96,60,0.5,0.625,1.162858444047245,0.21219277370092413,74.42294041902367,13.580337516859144,1.8599615857959877,0.00974979465902817,119.03754149094321,0.6239868581778029
2000,30,i704-o64,4,disaggregated,3,96,73,93,74,0.59375,0.7604166666666666,1.1151296350740405,0.23429655978574748,71.36829664473859,14.994979826287839,1.4630005116005735,0.027717615942049825,93.6320327424367,1.7739274202911888
2000,30,i704-o64,8,aggregated,3,96,13,17,60,0.0625,0.13541666666666666,0.2560045675856398,0.1898422765686919,16.384292325480946,12.149905700396282,1.8899157972095058,0.008830952057150027,120.95461102140837,0.5651809316576017
2000,30,i704-o64,8,disaggregated,3,96,6,13,66,0.03125,0.0625,0.09087523334881559,0.07700634627306628,5.816014934324198,4.928406161476242,1.4696514602957602,0.02710767303287764,94.05769345892865,1.734891074104169
2000,30,mixed,1,aggregated,3,96,96,96,96,1.0,1.0,0.2261834766108772,0.00161737723607549,34.15370496824246,0.24422396264740048,0.2261834766108772,0.00161737723607549,34.15370496824246,0.24422396264740048
2000,30,mixed,1,disaggregated,3,96,94,96,94,0.9375,0.9791666666666666,0.21984578331942062,0.011298499959211311,32.7141752344379,2.541741218965899,0.22444138376508363,0.0033440931328650994,33.89064894852763,0.5049580630626318
2000,30,mixed,2,aggregated,3,96,96,96,96,1.0,1.0,0.44730072718407815,0.004167870441603936,67.54240980479581,0.6293484366821898,0.44730072718407815,0.004167870441603936,67.54240980479581,0.6293484366821898
2000,30,mixed,2,disaggregated,3,96,86,87,95,0.875,0.8958333333333334,0.3465701800195724,0.009365516217004991,51.005671682079765,2.1317699670806514,0.38683378874800795,0.0028800321584030067,58.4119021009492,0.4348848559188518
2000,30,mixed,4,aggregated,3,96,66,87,75,0.65625,0.6875,0.46028165042652264,0.04164292501614285,60.935070970364755,8.665274423430693,0.6691043364925959,0.007554465552609897,101.034754810382,1.1407242984440988
2000,30,mixed,4,disaggregated,3,96,60,67,86,0.4375,0.625,0.36547019405108194,0.103564980732401,55.69457404110714,22.9232965980233,0.581791526784986,0.017240912705006384,87.85052054453288,2.603377818455967
2000,30,mixed,8,aggregated,3,96,34,48,66,0.3125,0.3541666666666667,0.2522099294292448,0.0408373637202289,36.00511402092458,6.479095008321132,0.7098480381050456,0.05799319648479546,107.18705375386189,8.75697266920412
2000,30,mixed,8,disaggregated,3,96,29,35,79,0.15625,0.3020833333333333,0.17819545417792323,0.07265406902208467,30.80520578042848,17.62667474304739,0.5925752017704643,0.01083443006427746,89.4788554673401,1.6359989397058987
2000,35,i256-o16,1,aggregated,3,96,96,96,96,1.0,1.0,2.095743024165223,0.00926042345225116,33.531888386643566,0.14816677523601857,2.095743024165223,0.00926042345225116,33.531888386643566,0.14816677523601857
2000,35,i256-o16,1,disaggregated,3,96,96,96,96,1.0,1.0,1.8779790777557706,0.03930303639384769,30.04766524409233,0.628848582301563,1.8779790777557706,0.03930303639384769,30.04766524409233,0.628848582301563
2000,35,i256-o16,2,aggregated,3,96,96,96,96,1.0,1.0,4.121102994620531,0.02270022132089188,65.9376479139285,0.36320354113427006,4.121102994620531,0.02270022132089188,65.9376479139285,0.36320354113427006
2000,35,i256-o16,2,disaggregated,3,96,96,96,96,1.0,1.0,3.7332473317280837,0.05683451735659063,59.73195730764934,0.9093522777054501,3.7332473317280837,0.05683451735659063,59.73195730764934,0.9093522777054501
2000,35,i256-o16,4,aggregated,3,96,96,96,96,1.0,1.0,7.549238361982489,0.19520763464891508,120.78781379171983,3.1233221543826413,7.549238361982489,0.19520763464891508,120.78781379171983,3.1233221543826413
2000,35,i256-o16,4,disaggregated,3,96,96,96,96,1.0,1.0,5.810593578392465,0.13308093979812466,92.96949725427945,2.1292950367699945,5.810593578392465,0.13308093979812466,92.96949725427945,2.1292950367699945
2000,35,i256-o16,8,aggregated,3,96,96,96,96,1.0,1.0,7.6864815158297635,0.0974544058928763,122.98370425327622,1.5592704942860207,7.6864815158297635,0.0974544058928763,122.98370425327622,1.5592704942860207
2000,35,i256-o16,8,disaggregated,3,96,96,96,96,1.0,1.0,5.880239402270708,0.09013848278998511,94.08383043633133,1.4422157246397618,5.880239402270708,0.09013848278998511,94.08383043633133,1.4422157246397618
2000,35,i256-o256,1,aggregated,3,96,96,96,96,1.0,1.0,0.13468152047288184,0.0009767785451678136,34.47846924105775,0.2500553075629603,0.13468152047288184,0.0009767785451678136,34.47846924105775,0.2500553075629603
2000,35,i256-o256,1,disaggregated,3,96,96,96,96,1.0,1.0,0.1340783425654771,0.002039709424550647,34.32405569676214,0.5221656126849656,0.1340783425654771,0.002039709424550647,34.32405569676214,0.5221656126849656
2000,35,i256-o256,2,aggregated,3,96,96,96,96,1.0,1.0,0.2682490491074594,0.0010473976364467066,68.6717565715096,0.2681337949303569,0.2682490491074594,0.0010473976364467066,68.6717565715096,0.2681337949303569
2000,35,i256-o256,2,disaggregated,3,96,96,96,96,1.0,1.0,0.2669674524931047,0.004201077372182297,68.34366783823481,1.075475807278668,0.2669674524931047,0.004201077372182297,68.34366783823481,1.075475807278668
2000,35,i256-o256,4,aggregated,3,96,96,96,96,1.0,1.0,0.5023034342476068,0.004622936634290753,128.58967916738735,1.1834717783784328,0.5023034342476068,0.004622936634290753,128.58967916738735,1.1834717783784328
2000,35,i256-o256,4,disaggregated,3,96,66,66,96,0.6875,0.6875,0.26316497370339453,0.006099104876585117,67.370233268069,1.56137084840579,0.3827854162958466,0.008871425275032901,97.99306657173673,2.2710848704084228
2000,35,i256-o256,8,aggregated,3,96,12,12,96,0.125,0.125,0.06283880351363857,0.0007092807940795808,16.086733699491475,0.18157588328437269,0.5027104281091086,0.005674246352636646,128.6938695959318,1.4526070662749815
2000,35,i256-o256,8,disaggregated,3,96,9,9,96,0.09375,0.09375,0.035622500938923336,0.0005924021407701878,9.119360240364374,0.15165494803716809,0.37997334334851557,0.006318956168215353,97.27317589721999,1.6176527790631303
2000,35,i256-o64,1,aggregated,3,96,96,96,96,1.0,1.0,0.5371730481620268,0.004071085573812895,34.37907508236972,0.2605494767240253,0.5371730481620268,0.004071085573812895,34.37907508236972,0.2605494767240253
2000,35,i256-o64,1,disaggregated,3,96,96,96,96,1.0,1.0,0.521395680355397,0.007589752506458044,33.369323542745406,0.4857441604133148,0.521395680355397,0.007589752506458044,33.369323542745406,0.4857441604133148
2000,35,i256-o64,2,aggregated,3,96,96,96,96,1.0,1.0,1.0668221017734503,0.004768924920999102,68.27661451350082,0.30521119494394255,1.0668221017734503,0.004768924920999102,68.27661451350082,0.30521119494394255
2000,35,i256-o64,2,disaggregated,3,96,96,96,96,1.0,1.0,1.038939472508178,0.013320016656098803,66.49212624052339,0.8524810659903234,1.038939472508178,0.013320016656098803,66.49212624052339,0.8524810659903234
2000,35,i256-o64,4,aggregated,3,96,96,96,96,1.0,1.0,1.975817126195673,0.0057593728230623115,126.45229607652307,0.36859986067598793,1.975817126195673,0.0057593728230623115,126.45229607652307,0.36859986067598793
2000,35,i256-o64,4,disaggregated,3,96,94,94,96,0.96875,0.9791666666666666,1.4811366423718064,0.04013818941106078,94.79274511179561,2.56884412230789,1.5125377519478755,0.019817767080911906,96.80241612466403,1.268337093178362
2000,35,i256-o64,8,aggregated,3,96,40,40,96,0.3125,0.4166666666666667,0.8287002263945197,0.30014899059900213,53.03681448924926,19.209535398336136,1.9922015938518371,0.015706642949864118,127.50090200651758,1.0052251487913035
2000,35,i256-o64,8,disaggregated,3,96,23,23,96,0.09375,0.23958333333333334,0.3606985943671204,0.18905652343082072,23.084710039495704,12.099617499572526,1.50892125619985,0.02171101314456493,96.5709603967904,1.3895048412521556
2000,35,i64-o16,1,aggregated,3,96,96,96,96,1.0,1.0,2.120744658231485,0.010853245263595452,33.93191453170376,0.17365192421752723,2.120744658231485,0.010853245263595452,33.93191453170376,0.17365192421752723
2000,35,i64-o16,1,disaggregated,3,96,96,96,96,1.0,1.0,2.0556847531098885,0.027501446169903385,32.890956049758216,0.44002313871845417,2.0556847531098885,0.027501446169903385,32.890956049758216,0.44002313871845417
2000,35,i64-o16,2,aggregated,3,96,96,96,96,1.0,1.0,4.217835986081198,0.009471339556007987,67.48537577729917,0.1515414328961278,4.217835986081198,0.009471339556007987,67.48537577729917,0.1515414328961278
2000,35,i64-o16,2,disaggregated,3,96,96,96,96,1.0,1.0,3.964687804867304,0.07208857292455283,63.435004877876864,1.1534171667928452,3.964687804867304,0.07208857292455283,63.435004877876864,1.1534171667928452
2000,35,i64-o16,4,aggregated,3,96,96,96,96,1.0,1.0,7.803976160478475,0.04170443942929311,124.8636185676556,0.6672710308686898,7.803976160478475,0.04170443942929311,124.8636185676556,0.6672710308686898
2000,35,i64-o16,4,disaggregated,3,96,87,96,87,0.71875,0.90625,5.193653029826723,1.5393517354999224,83.09844847722756,24.62962776799876,5.640218821154343,0.7724160768234212,90.24350113846948,12.358657229174739
2000,35,i64-o16,8,aggregated,3,96,96,96,96,1.0,1.0,7.744913468815028,0.10533698778079977,123.91861550104045,1.6853918044927962,7.744913468815028,0.10533698778079977,123.91861550104045,1.6853918044927962
2000,35,i64-o16,8,disaggregated,3,96,90,96,90,0.8125,0.9375,5.574509781690322,0.9385907441173168,89.19215650704515,15.017451905877069,5.920288111108862,0.3463379506091306,94.72460977774179,5.541407209746089
2000,35,i64-o256,1,aggregated,3,96,96,96,96,1.0,1.0,0.13529434025893733,0.0009768817592908968,34.635351106287956,0.2500817303784696,0.13529434025893733,0.0009768817592908968,34.635351106287956,0.2500817303784696
2000,35,i64-o256,1,disaggregated,3,96,96,96,96,1.0,1.0,0.13486909063847818,0.0020652583201577154,34.526487203450415,0.5287061299603751,0.13486909063847818,0.0020652583201577154,34.526487203450415,0.5287061299603751
2000,35,i64-o256,2,aggregated,3,96,96,96,96,1.0,1.0,0.26918178349348154,0.0006358395052080113,68.91053657433127,0.1627749133332509,0.26918178349348154,0.0006358395052080113,68.91053657433127,0.1627749133332509
2000,35,i64-o256,2,disaggregated,3,96,96,96,96,1.0,1.0,0.269717758183404,0.003832365232771815,69.04774609495142,0.9810854995895847,0.269717758183404,0.003832365232771815,69.04774609495142,0.9810854995895847
2000,35,i64-o256,4,aggregated,3,96,96,96,96,1.0,1.0,0.5018380722774222,0.004919935539386469,128.47054650302007,1.259503498082936,0.5018380722774222,0.004919935539386469,128.47054650302007,1.259503498082936
2000,35,i64-o256,4,disaggregated,3,96,66,66,96,0.6875,0.6875,0.2636962365931984,0.005311734717278636,67.50623656785879,1.3598040876233308,0.3835581623173795,0.007726159588768941,98.19088955324915,1.977896854724849
2000,35,i64-o256,8,aggregated,3,96,12,12,96,0.125,0.125,0.06320207874869492,0.0008180485587232819,16.1797321596659,0.20942043103316016,0.5056166299895594,0.006544388469786255,129.4378572773272,1.6753634482652813
2000,35,i64-o256,8,disaggregated,3,96,9,9,96,0.09375,0.09375,0.036038774813117645,0.0009042158415140226,9.225926352158117,0.2314792554275898,0.38441359800658825,0.009644968976149536,98.40988108968659,2.4691120578942813
2000,35,i64-o64,1,aggregated,3,96,96,96,96,1.0,1.0,0.5407570371232046,0.0057328671774340735,34.60845037588509,0.3669034993557807,0.5407570371232046,0.0057328671774340735,34.60845037588509,0.3669034993557807
2000,35,i64-o64,1,disaggregated,3,96,96,96,96,1.0,1.0,0.5327703019269415,0.008553826804920702,34.09729932332426,0.5474449155149249,0.5327703019269415,0.008553826804920702,34.09729932332426,0.5474449155149249
2000,35,i64-o64,2,aggregated,3,96,96,96,96,1.0,1.0,1.0760819012459542,0.004883848551188994,68.86924167974107,0.31256630727609563,1.0760819012459542,0.004883848551188994,68.86924167974107,0.31256630727609563
2000,35,i64-o64,2,disaggregated,3,96,96,96,96,1.0,1.0,1.0619980915836817,0.014895657079479771,67.96787786135563,0.9533220530867054,1.0619980915836817,0.014895657079479771,67.96787786135563,0.9533220530867054
2000,35,i64-o64,4,aggregated,3,96,96,96,96,1.0,1.0,2.0013958188843204,0.023549000906719728,128.0893324085965,1.5071360580300626,2.0013958188843204,0.023549000906719728,128.0893324085965,1.5071360580300626
2000,35,i64-o64,4,disaggregated,3,96,96,96,96,1.0,1.0,1.543640202039512,0.034548528578471245,98.79297293052876,2.2111058290221597,1.543640202039512,0.034548528578471245,98.79297293052876,2.2111058290221597
2000,35,i64-o64,8,aggregated,3,96,50,50,96,0.4375,0.5208333333333334,1.054004769478048,0.1344847713439135,67.45630524659508,8.607025366010465,2.0259607285119743,0.025549662484497044,129.66148662476635,1.6351783990078108
2000,35,i64-o64,8,disaggregated,3,96,20,20,96,0.125,0.20833333333333334,0.3162241225625514,0.21050924054337838,20.23834384400329,13.472591394776217,1.5354845179922796,0.038351583028497616,98.2710091515059,2.4545013138238474
2000,35,i704-o16,1,aggregated,3,96,96,96,96,1.0,1.0,1.7675390160318332,0.015710485856984677,28.28062425650933,0.25136777371175484,1.7675390160318332,0.015710485856984677,28.28062425650933,0.25136777371175484
2000,35,i704-o16,1,disaggregated,3,96,96,96,96,1.0,1.0,1.5068743964037539,0.015042369053473831,24.109990342460062,0.2406779048555813,1.5068743964037539,0.015042369053473831,24.109990342460062,0.2406779048555813
2000,35,i704-o16,2,aggregated,3,96,96,96,96,1.0,1.0,3.4231353134510694,0.020904963219625067,54.77016501521711,0.33447941151400107,3.4231353134510694,0.020904963219625067,54.77016501521711,0.33447941151400107
2000,35,i704-o16,2,disaggregated,3,96,96,96,96,1.0,1.0,2.9038899371858675,0.025379549177124205,46.46223899497388,0.4060727868339873,2.9038899371858675,0.025379549177124205,46.46223899497388,0.4060727868339873
2000,35,i704-o16,4,aggregated,3,96,96,96,96,1.0,1.0,6.13705847899473,0.026451181948233923,98.19293566391568,0.42321891117174276,6.13705847899473,0.026451181948233923,98.19293566391568,0.42321891117174276
2000,35,i704-o16,4,disaggregated,3,96,96,96,96,1.0,1.0,4.807706438515174,0.1250408454339715,76.92330301624278,2.000653526943544,4.807706438515174,0.1250408454339715,76.92330301624278,2.000653526943544
2000,35,i704-o16,8,aggregated,3,96,96,96,96,1.0,1.0,6.26901513982759,0.05323281135010287,100.30424223724144,0.8517249816016459,6.26901513982759,0.05323281135010287,100.30424223724144,0.8517249816016459
2000,35,i704-o16,8,disaggregated,3,96,94,96,94,0.96875,0.9791666666666666,5.087183997610312,0.18160858102836305,81.394943961765,2.905737296453809,5.194695140033942,0.1180547323063891,83.11512224054307,1.8888757169022257
2000,35,i704-o256,1,aggregated,3,96,96,96,96,1.0,1.0,0.13315973441342704,0.0012079164472832916,34.08889200983732,0.30922661050452266,0.13315973441342704,0.0012079164472832916,34.08889200983732,0.30922661050452266
2000,35,i704-o256,1,disaggregated,3,96,96,96,96,1.0,1.0,0.13193384669232183,0.002131816651440936,33.77506475323439,0.5457450627688796,0.13193384669232183,0.002131816651440936,33.77506475323439,0.5457450627688796
2000,35,i704-o256,2,aggregated,3,96,96,96,96,1.0,1.0,0.26410580486760143,0.001362346291233675,67.61108604610597,0.3487606505558208,0.26410580486760143,0.001362346291233675,67.61108604610597,0.3487606505558208
2000,35,i704-o256,2,disaggregated,3,96,96,96,96,1.0,1.0,0.26134501584656855,0.0037909228940693155,66.90432405672155,0.9704762608817448,0.26134501584656855,0.0037909228940693155,66.90432405672155,0.9704762608817448
2000,35,i704-o256,4,aggregated,3,96,96,96,96,1.0,1.0,0.49510610991416354,0.006680299480468798,126.74716413802587,1.7101566670000123,0.49510610991416354,0.006680299480468798,126.74716413802587,1.7101566670000123
2000,35,i704-o256,4,disaggregated,3,96,66,66,96,0.6875,0.6875,0.25984165236191675,0.004980796241531922,66.51946300465069,1.275083837832172,0.3779514943446062,0.007244794533137345,96.75558255221918,1.8546674004831603
2000,35,i704-o256,8,aggregated,3,96,12,12,96,0.125,0.125,0.062038382988529456,0.000754093231474577,15.88182604506354,0.1930478672574917,0.49630706390823565,0.006032745851796616,127.05460836050833,1.5443829380599337
2000,35,i704-o256,8,disaggregated,3,96,9,9,96,0.09375,0.09375,0.035274111869550984,0.0006408091889557797,9.030172638605052,0.1640471523726796,0.3762571932752105,0.006835298015528307,96.32184147845389,1.7498362919752466
2000,35,i704-o64,1,aggregated,3,96,96,96,96,1.0,1.0,0.5129146812802884,0.0037243163276673703,32.82653960193846,0.2383562449707117,0.5129146812802884,0.0037243163276673703,32.82653960193846,0.2383562449707117
2000,35,i704-o64,1,disaggregated,3,96,96,96,96,1.0,1.0,0.4876659180427332,0.007876828035810949,31.210618754734924,0.5041169942919007,0.4876659180427332,0.007876828035810949,31.210618754734924,0.5041169942919007
2000,35,i704-o64,2,aggregated,3,96,96,96,96,1.0,1.0,1.0153539462500099,0.005588110358331045,64.98265256000063,0.35763906293318687,1.0153539462500099,0.005588110358331045,64.98265256000063,0.35763906293318687
2000,35,i704-o64,2,disaggregated,3,96,96,96,96,1.0,1.0,0.9621512714349714,0.015229829721129363,61.57768137183817,0.9747091021522792,0.9621512714349714,0.015229829721129363,61.57768137183817,0.9747091021522792
2000,35,i704-o64,4,aggregated,3,96,96,96,96,1.0,1.0,1.8599615857959877,0.00974979465902817,119.03754149094321,0.6239868581778029,1.8599615857959877,0.00974979465902817,119.03754149094321,0.6239868581778029
2000,35,i704-o64,4,disaggregated,3,96,93,93,96,0.96875,0.96875,1.4172817456130555,0.02685144044386083,90.70603171923555,1.7184921884070932,1.4630005116005735,0.027717615942049825,93.6320327424367,1.7739274202911888
2000,35,i704-o64,8,aggregated,3,96,17,17,96,0.125,0.17708333333333334,0.3346603213679667,0.17044798167083072,21.41826056754987,10.908670826933166,1.8899157972095058,0.008830952057150027,120.95461102140837,0.5651809316576017
2000,35,i704-o64,8,disaggregated,3,96,13,13,96,0.09375,0.13541666666666666,0.19771132468882494,0.1012635411095571,12.653524780084796,6.480866631011654,1.4696514602957602,0.02710767303287764,94.05769345892865,1.734891074104169
2000,35,mixed,1,aggregated,3,96,96,96,96,1.0,1.0,0.2261834766108772,0.00161737723607549,34.15370496824246,0.24422396264740048,0.2261834766108772,0.00161737723607549,34.15370496824246,0.24422396264740048
2000,35,mixed,1,disaggregated,3,96,96,96,96,1.0,1.0,0.22444138376508363,0.0033440931328650994,33.89064894852763,0.5049580630626318,0.22444138376508363,0.0033440931328650994,33.89064894852763,0.5049580630626318
2000,35,mixed,2,aggregated,3,96,96,96,96,1.0,1.0,0.44730072718407815,0.004167870441603936,67.54240980479581,0.6293484366821898,0.44730072718407815,0.004167870441603936,67.54240980479581,0.6293484366821898
2000,35,mixed,2,disaggregated,3,96,87,87,96,0.90625,0.90625,0.3505681210528822,0.002610029143552718,52.02914458660707,0.38736432530520276,0.38683378874800795,0.0028800321584030067,58.4119021009492,0.4348848559188518
2000,35,mixed,4,aggregated,3,96,87,87,96,0.90625,0.90625,0.6063758049464151,0.006846234407052732,95.01281578194863,1.072734108470611,0.6691043364925959,0.007554465552609897,101.034754810382,1.1407242984440988
2000,35,mixed,4,disaggregated,3,96,67,67,96,0.65625,0.6979166666666666,0.4064532230265694,0.032607675795793496,66.18622945883193,4.756920899144487,0.581791526784986,0.017240912705006384,87.85052054453288,2.603377818455967
2000,35,mixed,8,aggregated,3,96,48,48,96,0.46875,0.5,0.3570078489120262,0.06914565642360329,59.214084741276054,10.669975289570477,0.7098480381050456,0.05799319648479546,107.18705375386189,8.75697266920412
2000,35,mixed,8,disaggregated,3,96,35,35,96,0.3125,0.3645833333333333,0.21570165392466087,0.02451388546430297,38.951632945404995,4.18105005982954,0.5925752017704643,0.01083443006427746,89.4788554673401,1.6359989397058987
2000,50,i256-o16,1,aggregated,3,96,96,96,96,1.0,1.0,2.095743024165223,0.00926042345225116,33.531888386643566,0.14816677523601857,2.095743024165223,0.00926042345225116,33.531888386643566,0.14816677523601857
2000,50,i256-o16,1,disaggregated,3,96,96,96,96,1.0,1.0,1.8779790777557706,0.03930303639384769,30.04766524409233,0.628848582301563,1.8779790777557706,0.03930303639384769,30.04766524409233,0.628848582301563
2000,50,i256-o16,2,aggregated,3,96,96,96,96,1.0,1.0,4.121102994620531,0.02270022132089188,65.9376479139285,0.36320354113427006,4.121102994620531,0.02270022132089188,65.9376479139285,0.36320354113427006
2000,50,i256-o16,2,disaggregated,3,96,96,96,96,1.0,1.0,3.7332473317280837,0.05683451735659063,59.73195730764934,0.9093522777054501,3.7332473317280837,0.05683451735659063,59.73195730764934,0.9093522777054501
2000,50,i256-o16,4,aggregated,3,96,96,96,96,1.0,1.0,7.549238361982489,0.19520763464891508,120.78781379171983,3.1233221543826413,7.549238361982489,0.19520763464891508,120.78781379171983,3.1233221543826413
2000,50,i256-o16,4,disaggregated,3,96,96,96,96,1.0,1.0,5.810593578392465,0.13308093979812466,92.96949725427945,2.1292950367699945,5.810593578392465,0.13308093979812466,92.96949725427945,2.1292950367699945
2000,50,i256-o16,8,aggregated,3,96,96,96,96,1.0,1.0,7.6864815158297635,0.0974544058928763,122.98370425327622,1.5592704942860207,7.6864815158297635,0.0974544058928763,122.98370425327622,1.5592704942860207
2000,50,i256-o16,8,disaggregated,3,96,96,96,96,1.0,1.0,5.880239402270708,0.09013848278998511,94.08383043633133,1.4422157246397618,5.880239402270708,0.09013848278998511,94.08383043633133,1.4422157246397618
2000,50,i256-o256,1,aggregated,3,96,96,96,96,1.0,1.0,0.13468152047288184,0.0009767785451678136,34.47846924105775,0.2500553075629603,0.13468152047288184,0.0009767785451678136,34.47846924105775,0.2500553075629603
2000,50,i256-o256,1,disaggregated,3,96,96,96,96,1.0,1.0,0.1340783425654771,0.002039709424550647,34.32405569676214,0.5221656126849656,0.1340783425654771,0.002039709424550647,34.32405569676214,0.5221656126849656
2000,50,i256-o256,2,aggregated,3,96,96,96,96,1.0,1.0,0.2682490491074594,0.0010473976364467066,68.6717565715096,0.2681337949303569,0.2682490491074594,0.0010473976364467066,68.6717565715096,0.2681337949303569
2000,50,i256-o256,2,disaggregated,3,96,96,96,96,1.0,1.0,0.2669674524931047,0.004201077372182297,68.34366783823481,1.075475807278668,0.2669674524931047,0.004201077372182297,68.34366783823481,1.075475807278668
2000,50,i256-o256,4,aggregated,3,96,96,96,96,1.0,1.0,0.5023034342476068,0.004622936634290753,128.58967916738735,1.1834717783784328,0.5023034342476068,0.004622936634290753,128.58967916738735,1.1834717783784328
2000,50,i256-o256,4,disaggregated,3,96,66,66,96,0.6875,0.6875,0.26316497370339453,0.006099104876585117,67.370233268069,1.56137084840579,0.3827854162958466,0.008871425275032901,97.99306657173673,2.2710848704084228
2000,50,i256-o256,8,aggregated,3,96,12,12,96,0.125,0.125,0.06283880351363857,0.0007092807940795808,16.086733699491475,0.18157588328437269,0.5027104281091086,0.005674246352636646,128.6938695959318,1.4526070662749815
2000,50,i256-o256,8,disaggregated,3,96,9,9,96,0.09375,0.09375,0.035622500938923336,0.0005924021407701878,9.119360240364374,0.15165494803716809,0.37997334334851557,0.006318956168215353,97.27317589721999,1.6176527790631303
2000,50,i256-o64,1,aggregated,3,96,96,96,96,1.0,1.0,0.5371730481620268,0.004071085573812895,34.37907508236972,0.2605494767240253,0.5371730481620268,0.004071085573812895,34.37907508236972,0.2605494767240253
2000,50,i256-o64,1,disaggregated,3,96,96,96,96,1.0,1.0,0.521395680355397,0.007589752506458044,33.369323542745406,0.4857441604133148,0.521395680355397,0.007589752506458044,33.369323542745406,0.4857441604133148
2000,50,i256-o64,2,aggregated,3,96,96,96,96,1.0,1.0,1.0668221017734503,0.004768924920999102,68.27661451350082,0.30521119494394255,1.0668221017734503,0.004768924920999102,68.27661451350082,0.30521119494394255
2000,50,i256-o64,2,disaggregated,3,96,96,96,96,1.0,1.0,1.038939472508178,0.013320016656098803,66.49212624052339,0.8524810659903234,1.038939472508178,0.013320016656098803,66.49212624052339,0.8524810659903234
2000,50,i256-o64,4,aggregated,3,96,96,96,96,1.0,1.0,1.975817126195673,0.0057593728230623115,126.45229607652307,0.36859986067598793,1.975817126195673,0.0057593728230623115,126.45229607652307,0.36859986067598793
2000,50,i256-o64,4,disaggregated,3,96,94,94,96,0.96875,0.9791666666666666,1.4811366423718064,0.04013818941106078,94.79274511179561,2.56884412230789,1.5125377519478755,0.019817767080911906,96.80241612466403,1.268337093178362
2000,50,i256-o64,8,aggregated,3,96,40,40,96,0.3125,0.4166666666666667,0.8287002263945197,0.30014899059900213,53.03681448924926,19.209535398336136,1.9922015938518371,0.015706642949864118,127.50090200651758,1.0052251487913035
2000,50,i256-o64,8,disaggregated,3,96,23,23,96,0.09375,0.23958333333333334,0.3606985943671204,0.18905652343082072,23.084710039495704,12.099617499572526,1.50892125619985,0.02171101314456493,96.5709603967904,1.3895048412521556
2000,50,i64-o16,1,aggregated,3,96,96,96,96,1.0,1.0,2.120744658231485,0.010853245263595452,33.93191453170376,0.17365192421752723,2.120744658231485,0.010853245263595452,33.93191453170376,0.17365192421752723
2000,50,i64-o16,1,disaggregated,3,96,96,96,96,1.0,1.0,2.0556847531098885,0.027501446169903385,32.890956049758216,0.44002313871845417,2.0556847531098885,0.027501446169903385,32.890956049758216,0.44002313871845417
2000,50,i64-o16,2,aggregated,3,96,96,96,96,1.0,1.0,4.217835986081198,0.009471339556007987,67.48537577729917,0.1515414328961278,4.217835986081198,0.009471339556007987,67.48537577729917,0.1515414328961278
2000,50,i64-o16,2,disaggregated,3,96,96,96,96,1.0,1.0,3.964687804867304,0.07208857292455283,63.435004877876864,1.1534171667928452,3.964687804867304,0.07208857292455283,63.435004877876864,1.1534171667928452
2000,50,i64-o16,4,aggregated,3,96,96,96,96,1.0,1.0,7.803976160478475,0.04170443942929311,124.8636185676556,0.6672710308686898,7.803976160478475,0.04170443942929311,124.8636185676556,0.6672710308686898
2000,50,i64-o16,4,disaggregated,3,96,96,96,96,1.0,1.0,5.640218821154343,0.7724160768234212,90.24350113846948,12.358657229174739,5.640218821154343,0.7724160768234212,90.24350113846948,12.358657229174739
2000,50,i64-o16,8,aggregated,3,96,96,96,96,1.0,1.0,7.744913468815028,0.10533698778079977,123.91861550104045,1.6853918044927962,7.744913468815028,0.10533698778079977,123.91861550104045,1.6853918044927962
2000,50,i64-o16,8,disaggregated,3,96,96,96,96,1.0,1.0,5.920288111108862,0.3463379506091306,94.72460977774179,5.541407209746089,5.920288111108862,0.3463379506091306,94.72460977774179,5.541407209746089
2000,50,i64-o256,1,aggregated,3,96,96,96,96,1.0,1.0,0.13529434025893733,0.0009768817592908968,34.635351106287956,0.2500817303784696,0.13529434025893733,0.0009768817592908968,34.635351106287956,0.2500817303784696
2000,50,i64-o256,1,disaggregated,3,96,96,96,96,1.0,1.0,0.13486909063847818,0.0020652583201577154,34.526487203450415,0.5287061299603751,0.13486909063847818,0.0020652583201577154,34.526487203450415,0.5287061299603751
2000,50,i64-o256,2,aggregated,3,96,96,96,96,1.0,1.0,0.26918178349348154,0.0006358395052080113,68.91053657433127,0.1627749133332509,0.26918178349348154,0.0006358395052080113,68.91053657433127,0.1627749133332509
2000,50,i64-o256,2,disaggregated,3,96,96,96,96,1.0,1.0,0.269717758183404,0.003832365232771815,69.04774609495142,0.9810854995895847,0.269717758183404,0.003832365232771815,69.04774609495142,0.9810854995895847
2000,50,i64-o256,4,aggregated,3,96,96,96,96,1.0,1.0,0.5018380722774222,0.004919935539386469,128.47054650302007,1.259503498082936,0.5018380722774222,0.004919935539386469,128.47054650302007,1.259503498082936
2000,50,i64-o256,4,disaggregated,3,96,66,66,96,0.6875,0.6875,0.2636962365931984,0.005311734717278636,67.50623656785879,1.3598040876233308,0.3835581623173795,0.007726159588768941,98.19088955324915,1.977896854724849
2000,50,i64-o256,8,aggregated,3,96,12,12,96,0.125,0.125,0.06320207874869492,0.0008180485587232819,16.1797321596659,0.20942043103316016,0.5056166299895594,0.006544388469786255,129.4378572773272,1.6753634482652813
2000,50,i64-o256,8,disaggregated,3,96,9,9,96,0.09375,0.09375,0.036038774813117645,0.0009042158415140226,9.225926352158117,0.2314792554275898,0.38441359800658825,0.009644968976149536,98.40988108968659,2.4691120578942813
2000,50,i64-o64,1,aggregated,3,96,96,96,96,1.0,1.0,0.5407570371232046,0.0057328671774340735,34.60845037588509,0.3669034993557807,0.5407570371232046,0.0057328671774340735,34.60845037588509,0.3669034993557807
2000,50,i64-o64,1,disaggregated,3,96,96,96,96,1.0,1.0,0.5327703019269415,0.008553826804920702,34.09729932332426,0.5474449155149249,0.5327703019269415,0.008553826804920702,34.09729932332426,0.5474449155149249
2000,50,i64-o64,2,aggregated,3,96,96,96,96,1.0,1.0,1.0760819012459542,0.004883848551188994,68.86924167974107,0.31256630727609563,1.0760819012459542,0.004883848551188994,68.86924167974107,0.31256630727609563
2000,50,i64-o64,2,disaggregated,3,96,96,96,96,1.0,1.0,1.0619980915836817,0.014895657079479771,67.96787786135563,0.9533220530867054,1.0619980915836817,0.014895657079479771,67.96787786135563,0.9533220530867054
2000,50,i64-o64,4,aggregated,3,96,96,96,96,1.0,1.0,2.0013958188843204,0.023549000906719728,128.0893324085965,1.5071360580300626,2.0013958188843204,0.023549000906719728,128.0893324085965,1.5071360580300626
2000,50,i64-o64,4,disaggregated,3,96,96,96,96,1.0,1.0,1.543640202039512,0.034548528578471245,98.79297293052876,2.2111058290221597,1.543640202039512,0.034548528578471245,98.79297293052876,2.2111058290221597
2000,50,i64-o64,8,aggregated,3,96,50,50,96,0.4375,0.5208333333333334,1.054004769478048,0.1344847713439135,67.45630524659508,8.607025366010465,2.0259607285119743,0.025549662484497044,129.66148662476635,1.6351783990078108
2000,50,i64-o64,8,disaggregated,3,96,20,20,96,0.125,0.20833333333333334,0.3162241225625514,0.21050924054337838,20.23834384400329,13.472591394776217,1.5354845179922796,0.038351583028497616,98.2710091515059,2.4545013138238474
2000,50,i704-o16,1,aggregated,3,96,96,96,96,1.0,1.0,1.7675390160318332,0.015710485856984677,28.28062425650933,0.25136777371175484,1.7675390160318332,0.015710485856984677,28.28062425650933,0.25136777371175484
2000,50,i704-o16,1,disaggregated,3,96,96,96,96,1.0,1.0,1.5068743964037539,0.015042369053473831,24.109990342460062,0.2406779048555813,1.5068743964037539,0.015042369053473831,24.109990342460062,0.2406779048555813
2000,50,i704-o16,2,aggregated,3,96,96,96,96,1.0,1.0,3.4231353134510694,0.020904963219625067,54.77016501521711,0.33447941151400107,3.4231353134510694,0.020904963219625067,54.77016501521711,0.33447941151400107
2000,50,i704-o16,2,disaggregated,3,96,96,96,96,1.0,1.0,2.9038899371858675,0.025379549177124205,46.46223899497388,0.4060727868339873,2.9038899371858675,0.025379549177124205,46.46223899497388,0.4060727868339873
2000,50,i704-o16,4,aggregated,3,96,96,96,96,1.0,1.0,6.13705847899473,0.026451181948233923,98.19293566391568,0.42321891117174276,6.13705847899473,0.026451181948233923,98.19293566391568,0.42321891117174276
2000,50,i704-o16,4,disaggregated,3,96,96,96,96,1.0,1.0,4.807706438515174,0.1250408454339715,76.92330301624278,2.000653526943544,4.807706438515174,0.1250408454339715,76.92330301624278,2.000653526943544
2000,50,i704-o16,8,aggregated,3,96,96,96,96,1.0,1.0,6.26901513982759,0.05323281135010287,100.30424223724144,0.8517249816016459,6.26901513982759,0.05323281135010287,100.30424223724144,0.8517249816016459
2000,50,i704-o16,8,disaggregated,3,96,96,96,96,1.0,1.0,5.194695140033942,0.1180547323063891,83.11512224054307,1.8888757169022257,5.194695140033942,0.1180547323063891,83.11512224054307,1.8888757169022257
2000,50,i704-o256,1,aggregated,3,96,96,96,96,1.0,1.0,0.13315973441342704,0.0012079164472832916,34.08889200983732,0.30922661050452266,0.13315973441342704,0.0012079164472832916,34.08889200983732,0.30922661050452266
2000,50,i704-o256,1,disaggregated,3,96,96,96,96,1.0,1.0,0.13193384669232183,0.002131816651440936,33.77506475323439,0.5457450627688796,0.13193384669232183,0.002131816651440936,33.77506475323439,0.5457450627688796
2000,50,i704-o256,2,aggregated,3,96,96,96,96,1.0,1.0,0.26410580486760143,0.001362346291233675,67.61108604610597,0.3487606505558208,0.26410580486760143,0.001362346291233675,67.61108604610597,0.3487606505558208
2000,50,i704-o256,2,disaggregated,3,96,96,96,96,1.0,1.0,0.26134501584656855,0.0037909228940693155,66.90432405672155,0.9704762608817448,0.26134501584656855,0.0037909228940693155,66.90432405672155,0.9704762608817448
2000,50,i704-o256,4,aggregated,3,96,96,96,96,1.0,1.0,0.49510610991416354,0.006680299480468798,126.74716413802587,1.7101566670000123,0.49510610991416354,0.006680299480468798,126.74716413802587,1.7101566670000123
2000,50,i704-o256,4,disaggregated,3,96,66,66,96,0.6875,0.6875,0.25984165236191675,0.004980796241531922,66.51946300465069,1.275083837832172,0.3779514943446062,0.007244794533137345,96.75558255221918,1.8546674004831603
2000,50,i704-o256,8,aggregated,3,96,12,12,96,0.125,0.125,0.062038382988529456,0.000754093231474577,15.88182604506354,0.1930478672574917,0.49630706390823565,0.006032745851796616,127.05460836050833,1.5443829380599337
2000,50,i704-o256,8,disaggregated,3,96,9,9,96,0.09375,0.09375,0.035274111869550984,0.0006408091889557797,9.030172638605052,0.1640471523726796,0.3762571932752105,0.006835298015528307,96.32184147845389,1.7498362919752466
2000,50,i704-o64,1,aggregated,3,96,96,96,96,1.0,1.0,0.5129146812802884,0.0037243163276673703,32.82653960193846,0.2383562449707117,0.5129146812802884,0.0037243163276673703,32.82653960193846,0.2383562449707117
2000,50,i704-o64,1,disaggregated,3,96,96,96,96,1.0,1.0,0.4876659180427332,0.007876828035810949,31.210618754734924,0.5041169942919007,0.4876659180427332,0.007876828035810949,31.210618754734924,0.5041169942919007
2000,50,i704-o64,2,aggregated,3,96,96,96,96,1.0,1.0,1.0153539462500099,0.005588110358331045,64.98265256000063,0.35763906293318687,1.0153539462500099,0.005588110358331045,64.98265256000063,0.35763906293318687
2000,50,i704-o64,2,disaggregated,3,96,96,96,96,1.0,1.0,0.9621512714349714,0.015229829721129363,61.57768137183817,0.9747091021522792,0.9621512714349714,0.015229829721129363,61.57768137183817,0.9747091021522792
2000,50,i704-o64,4,aggregated,3,96,96,96,96,1.0,1.0,1.8599615857959877,0.00974979465902817,119.03754149094321,0.6239868581778029,1.8599615857959877,0.00974979465902817,119.03754149094321,0.6239868581778029
2000,50,i704-o64,4,disaggregated,3,96,93,93,96,0.96875,0.96875,1.4172817456130555,0.02685144044386083,90.70603171923555,1.7184921884070932,1.4630005116005735,0.027717615942049825,93.6320327424367,1.7739274202911888
2000,50,i704-o64,8,aggregated,3,96,17,17,96,0.125,0.17708333333333334,0.3346603213679667,0.17044798167083072,21.41826056754987,10.908670826933166,1.8899157972095058,0.008830952057150027,120.95461102140837,0.5651809316576017
2000,50,i704-o64,8,disaggregated,3,96,13,13,96,0.09375,0.13541666666666666,0.19771132468882494,0.1012635411095571,12.653524780084796,6.480866631011654,1.4696514602957602,0.02710767303287764,94.05769345892865,1.734891074104169
2000,50,mixed,1,aggregated,3,96,96,96,96,1.0,1.0,0.2261834766108772,0.00161737723607549,34.15370496824246,0.24422396264740048,0.2261834766108772,0.00161737723607549,34.15370496824246,0.24422396264740048
2000,50,mixed,1,disaggregated,3,96,96,96,96,1.0,1.0,0.22444138376508363,0.0033440931328650994,33.89064894852763,0.5049580630626318,0.22444138376508363,0.0033440931328650994,33.89064894852763,0.5049580630626318
2000,50,mixed,2,aggregated,3,96,96,96,96,1.0,1.0,0.44730072718407815,0.004167870441603936,67.54240980479581,0.6293484366821898,0.44730072718407815,0.004167870441603936,67.54240980479581,0.6293484366821898
2000,50,mixed,2,disaggregated,3,96,87,87,96,0.90625,0.90625,0.3505681210528822,0.002610029143552718,52.02914458660707,0.38736432530520276,0.38683378874800795,0.0028800321584030067,58.4119021009492,0.4348848559188518
2000,50,mixed,4,aggregated,3,96,87,87,96,0.90625,0.90625,0.6063758049464151,0.006846234407052732,95.01281578194863,1.072734108470611,0.6691043364925959,0.007554465552609897,101.034754810382,1.1407242984440988
2000,50,mixed,4,disaggregated,3,96,67,67,96,0.65625,0.6979166666666666,0.4064532230265694,0.032607675795793496,66.18622945883193,4.756920899144487,0.581791526784986,0.017240912705006384,87.85052054453288,2.603377818455967
2000,50,mixed,8,aggregated,3,96,48,48,96,0.46875,0.5,0.3570078489120262,0.06914565642360329,59.214084741276054,10.669975289570477,0.7098480381050456,0.05799319648479546,107.18705375386189,8.75697266920412
2000,50,mixed,8,disaggregated,3,96,35,35,96,0.3125,0.3645833333333333,0.21570165392466087,0.02451388546430297,38.951632945404995,4.18105005982954,0.5925752017704643,0.01083443006427746,89.4788554673401,1.6359989397058987
5000,25,i256-o16,1,aggregated,3,96,32,96,32,0.28125,0.3333333333333333,0.6987902535651195,0.10231448951914338,11.180644057041912,1.637031832306294,2.095743024165223,0.00926042345225116,33.531888386643566,0.14816677523601857
5000,25,i256-o16,1,disaggregated,3,96,32,96,32,0.21875,0.3333333333333333,0.6288556069794914,0.21831085503910397,10.061689711671862,3.4929736806256635,1.8779790777557706,0.03930303639384769,30.04766524409233,0.628848582301563
5000,25,i256-o16,2,aggregated,3,96,27,96,27,0.21875,0.28125,1.1595959115896293,0.26055396810499126,18.55353458543407,4.16886348967986,4.121102994620531,0.02270022132089188,65.9376479139285,0.36320354113427006
5000,25,i256-o16,2,disaggregated,3,96,28,96,28,0.1875,0.2916666666666667,1.0925485582030663,0.4235817087570164,17.48077693124906,6.777307340112262,3.7332473317280837,0.05683451735659063,59.73195730764934,0.9093522777054501
5000,25,i256-o16,4,aggregated,3,96,8,96,8,0.0625,0.08333333333333333,0.6304576080658308,0.14518717846872928,10.087321729053293,2.3229948554996684,7.549238361982489,0.19520763464891508,120.78781379171983,3.1233221543826413
5000,25,i256-o16,4,disaggregated,3,96,9,96,9,0.0625,0.09375,0.5436141657649545,0.1789970131544665,8.697826652239272,2.863952210471464,5.810593578392465,0.13308093979812466,92.96949725427945,2.1292950367699945
5000,25,i256-o16,8,aggregated,3,96,13,96,13,0.09375,0.13541666666666666,1.0378519408066509,0.3521616664034828,16.605631052906414,5.634586662455725,7.6864815158297635,0.0974544058928763,122.98370425327622,1.5592704942860207
5000,25,i256-o16,8,disaggregated,3,96,12,96,12,0.09375,0.125,0.7365951956254905,0.19231226876500548,11.785523130007848,3.0769963002400877,5.880239402270708,0.09013848278998511,94.08383043633133,1.4422157246397618
5000,25,i256-o256,1,aggregated,3,96,0,96,0,0.0,0.0,0.0,0.0,0.0,0.0,0.13468152047288184,0.0009767785451678136,34.47846924105775,0.2500553075629603
5000,25,i256-o256,1,disaggregated,3,96,0,96,0,0.0,0.0,0.0,0.0,0.0,0.0,0.1340783425654771,0.002039709424550647,34.32405569676214,0.5221656126849656
5000,25,i256-o256,2,aggregated,3,96,0,96,0,0.0,0.0,0.0,0.0,0.0,0.0,0.2682490491074594,0.0010473976364467066,68.6717565715096,0.2681337949303569
5000,25,i256-o256,2,disaggregated,3,96,0,96,0,0.0,0.0,0.0,0.0,0.0,0.0,0.2669674524931047,0.004201077372182297,68.34366783823481,1.075475807278668
5000,25,i256-o256,4,aggregated,3,96,0,96,0,0.0,0.0,0.0,0.0,0.0,0.0,0.5023034342476068,0.004622936634290753,128.58967916738735,1.1834717783784328
5000,25,i256-o256,4,disaggregated,3,96,0,66,0,0.0,0.0,0.0,0.0,0.0,0.0,0.3827854162958466,0.008871425275032901,97.99306657173673,2.2710848704084228
5000,25,i256-o256,8,aggregated,3,96,0,12,0,0.0,0.0,0.0,0.0,0.0,0.0,0.5027104281091086,0.005674246352636646,128.6938695959318,1.4526070662749815
5000,25,i256-o256,8,disaggregated,3,96,0,9,0,0.0,0.0,0.0,0.0,0.0,0.0,0.37997334334851557,0.006318956168215353,97.27317589721999,1.6176527790631303
5000,25,i256-o64,1,aggregated,3,96,0,96,0,0.0,0.0,0.0,0.0,0.0,0.0,0.5371730481620268,0.004071085573812895,34.37907508236972,0.2605494767240253
5000,25,i256-o64,1,disaggregated,3,96,0,96,0,0.0,0.0,0.0,0.0,0.0,0.0,0.521395680355397,0.007589752506458044,33.369323542745406,0.4857441604133148
5000,25,i256-o64,2,aggregated,3,96,0,96,0,0.0,0.0,0.0,0.0,0.0,0.0,1.0668221017734503,0.004768924920999102,68.27661451350082,0.30521119494394255
5000,25,i256-o64,2,disaggregated,3,96,0,96,0,0.0,0.0,0.0,0.0,0.0,0.0,1.038939472508178,0.013320016656098803,66.49212624052339,0.8524810659903234
5000,25,i256-o64,4,aggregated,3,96,0,96,0,0.0,0.0,0.0,0.0,0.0,0.0,1.975817126195673,0.0057593728230623115,126.45229607652307,0.36859986067598793
5000,25,i256-o64,4,disaggregated,3,96,0,96,0,0.0,0.0,0.0,0.0,0.0,0.0,1.5125377519478755,0.019817767080911906,96.80241612466403,1.268337093178362
5000,25,i256-o64,8,aggregated,3,96,0,96,0,0.0,0.0,0.0,0.0,0.0,0.0,1.9922015938518371,0.015706642949864118,127.50090200651758,1.0052251487913035
5000,25,i256-o64,8,disaggregated,3,96,0,96,0,0.0,0.0,0.0,0.0,0.0,0.0,1.50892125619985,0.02171101314456493,96.5709603967904,1.3895048412521556
5000,25,i64-o16,1,aggregated,3,96,30,96,30,0.28125,0.3125,0.6629578935109844,0.0696705488710359,10.607326296175751,1.1147287819365743,2.120744658231485,0.010853245263595452,33.93191453170376,0.17365192421752723
5000,25,i64-o16,1,disaggregated,3,96,42,96,42,0.25,0.4375,0.9023649161031415,0.34986670890389643,14.437838657650264,5.597867342462343,2.0556847531098885,0.027501446169903385,32.890956049758216,0.44002313871845417
5000,25,i64-o16,2,aggregated,3,96,34,96,34,0.28125,0.3541666666666667,1.4940320144264052,0.27581078740823256,23.904512230822483,4.412972598531721,4.217835986081198,0.009471339556007987,67.48537577729917,0.1515414328961278
5000,25,i64-o16,2,disaggregated,3,96,33,96,33,0.21875,0.34375,1.3644079103902176,0.4361141898599375,21.83052656624348,6.977827037759,3.964687804867304,0.07208857292455283,63.435004877876864,1.1534171667928452
5000,25,i64-o16,4,aggregated,3,96,9,96,9,0.09375,0.09375,0.7316227650448571,0.003909791196496226,11.705964240717714,0.06255665914393961,7.803976160478475,0.04170443942929311,124.8636185676556,0.6672710308686898
5000,25,i64-o16,4,disaggregated,3,96,11,96,11,0.03125,0.11458333333333333,0.6769213895108881,0.5806749914962149,10.83074223217421,9.290799863939439,5.640218821154343,0.7724160768234212,90.24350113846948,12.358657229174739
5000,25,i64-o16,8,aggregated,3,96,8,96,8,0.0625,0.08333333333333333,0.6441182857691773,0.27393814059425303,10.305892572306837,4.3830102495080485,7.744913468815028,0.10533698778079977,123.91861550104045,1.6853918044927962
5000,25,i64-o16,8,disaggregated,3,96,12,96,12,0.125,0.125,0.7400360138886077,0.04329224382614132,11.840576222217724,0.6926759012182612,5.920288111108862,0.3463379506091306,94.72460977774179,5.541407209746089
5000,25,i64-o256,1,aggregated,3,96,0,96,0,0.0,0.0,0.0,0.0,0.0,0.0,0.13529434025893733,0.0009768817592908968,34.635351106287956,0.2500817303784696
5000,25,i64-o256,1,disaggregated,3,96,0,96,0,0.0,0.0,0.0,0.0,0.0,0.0,0.13486909063847818,0.0020652583201577154,34.526487203450415,0.5287061299603751
5000,25,i64-o256,2,aggregated,3,96,0,96,0,0.0,0.0,0.0,0.0,0.0,0.0,0.26918178349348154,0.0006358395052080113,68.91053657433127,0.1627749133332509
5000,25,i64-o256,2,disaggregated,3,96,0,96,0,0.0,0.0,0.0,0.0,0.0,0.0,0.269717758183404,0.003832365232771815,69.04774609495142,0.9810854995895847
5000,25,i64-o256,4,aggregated,3,96,0,96,0,0.0,0.0,0.0,0.0,0.0,0.0,0.5018380722774222,0.004919935539386469,128.47054650302007,1.259503498082936
5000,25,i64-o256,4,disaggregated,3,96,0,66,0,0.0,0.0,0.0,0.0,0.0,0.0,0.3835581623173795,0.007726159588768941,98.19088955324915,1.977896854724849
5000,25,i64-o256,8,aggregated,3,96,0,12,0,0.0,0.0,0.0,0.0,0.0,0.0,0.5056166299895594,0.006544388469786255,129.4378572773272,1.6753634482652813
5000,25,i64-o256,8,disaggregated,3,96,0,9,0,0.0,0.0,0.0,0.0,0.0,0.0,0.38441359800658825,0.009644968976149536,98.40988108968659,2.4691120578942813
5000,25,i64-o64,1,aggregated,3,96,0,96,0,0.0,0.0,0.0,0.0,0.0,0.0,0.5407570371232046,0.0057328671774340735,34.60845037588509,0.3669034993557807
5000,25,i64-o64,1,disaggregated,3,96,0,96,0,0.0,0.0,0.0,0.0,0.0,0.0,0.5327703019269415,0.008553826804920702,34.09729932332426,0.5474449155149249
5000,25,i64-o64,2,aggregated,3,96,0,96,0,0.0,0.0,0.0,0.0,0.0,0.0,1.0760819012459542,0.004883848551188994,68.86924167974107,0.31256630727609563
5000,25,i64-o64,2,disaggregated,3,96,0,96,0,0.0,0.0,0.0,0.0,0.0,0.0,1.0619980915836817,0.014895657079479771,67.96787786135563,0.9533220530867054
5000,25,i64-o64,4,aggregated,3,96,0,96,0,0.0,0.0,0.0,0.0,0.0,0.0,2.0013958188843204,0.023549000906719728,128.0893324085965,1.5071360580300626
5000,25,i64-o64,4,disaggregated,3,96,0,96,0,0.0,0.0,0.0,0.0,0.0,0.0,1.543640202039512,0.034548528578471245,98.79297293052876,2.2111058290221597
5000,25,i64-o64,8,aggregated,3,96,0,96,0,0.0,0.0,0.0,0.0,0.0,0.0,2.0259607285119743,0.025549662484497044,129.66148662476635,1.6351783990078108
5000,25,i64-o64,8,disaggregated,3,96,0,96,0,0.0,0.0,0.0,0.0,0.0,0.0,1.5354845179922796,0.038351583028497616,98.2710091515059,2.4545013138238474
5000,25,i704-o16,1,aggregated,3,96,37,96,37,0.34375,0.3854166666666667,0.6814031031686195,0.0869639484459665,10.902449650697912,1.391423175135464,1.7675390160318332,0.015710485856984677,28.28062425650933,0.25136777371175484
5000,25,i704-o16,1,disaggregated,3,96,38,96,38,0.34375,0.3958333333333333,0.5969469029534998,0.07758874581029279,9.551150447255997,1.2414199329646847,1.5068743964037539,0.015042369053473831,24.109990342460062,0.2406779048555813
5000,25,i704-o16,2,aggregated,3,96,35,96,35,0.28125,0.3645833333333333,1.2474801942590905,0.24353911483393256,19.959683108145448,3.896625837342921,3.4231353134510694,0.020904963219625067,54.77016501521711,0.33447941151400107
5000,25,i704-o16,2,disaggregated,3,96,31,96,31,0.28125,0.3229166666666667,0.9383192426453473,0.11238594674476214,15.013107882325556,1.7981751479161943,2.9038899371858675,0.025379549177124205,46.46223899497388,0.4060727868339873
5000,25,i704-o16,4,aggregated,3,96,25,96,25,0.25,0.2604166666666667,1.598074187923176,0.10824054141403133,25.569187006770814,1.7318486626245013,6.13705847899473,0.026451181948233923,98.19293566391568,0.42321891117174276
5000,25,i704-o16,4,disaggregated,3,96,25,96,25,0.25,0.2604166666666667,1.2524458923649409,0.10114660037529495,20.039134277839054,1.6183456060047192,4.807706438515174,0.1250408454339715,76.92330301624278,2.000653526943544
5000,25,i704-o16,8,aggregated,3,96,25,96,25,0.25,0.2604166666666667,1.6331899257868328,0.12739391463152014,26.131038812589324,2.038302634104322,6.26901513982759,0.05323281135010287,100.30424223724144,0.8517249816016459
5000,25,i704-o16,8,disaggregated,3,96,22,96,22,0.21875,0.22916666666666666,1.191162642584856,0.11018905843609643,19.058602281357697,1.7630249349775429,5.194695140033942,0.1180547323063891,83.11512224054307,1.8888757169022257
5000,25,i704-o256,1,aggregated,3,96,0,96,0,0.0,0.0,0.0,0.0,0.0,0.0,0.13315973441342704,0.0012079164472832916,34.08889200983732,0.30922661050452266
5000,25,i704-o256,1,disaggregated,3,96,0,96,0,0.0,0.0,0.0,0.0,0.0,0.0,0.13193384669232183,0.002131816651440936,33.77506475323439,0.5457450627688796
5000,25,i704-o256,2,aggregated,3,96,0,96,0,0.0,0.0,0.0,0.0,0.0,0.0,0.26410580486760143,0.001362346291233675,67.61108604610597,0.3487606505558208
5000,25,i704-o256,2,disaggregated,3,96,0,96,0,0.0,0.0,0.0,0.0,0.0,0.0,0.26134501584656855,0.0037909228940693155,66.90432405672155,0.9704762608817448
5000,25,i704-o256,4,aggregated,3,96,0,96,0,0.0,0.0,0.0,0.0,0.0,0.0,0.49510610991416354,0.006680299480468798,126.74716413802587,1.7101566670000123
5000,25,i704-o256,4,disaggregated,3,96,0,66,0,0.0,0.0,0.0,0.0,0.0,0.0,0.3779514943446062,0.007244794533137345,96.75558255221918,1.8546674004831603
5000,25,i704-o256,8,aggregated,3,96,0,12,0,0.0,0.0,0.0,0.0,0.0,0.0,0.49630706390823565,0.006032745851796616,127.05460836050833,1.5443829380599337
5000,25,i704-o256,8,disaggregated,3,96,0,9,0,0.0,0.0,0.0,0.0,0.0,0.0,0.3762571932752105,0.006835298015528307,96.32184147845389,1.7498362919752466
5000,25,i704-o64,1,aggregated,3,96,0,96,0,0.0,0.0,0.0,0.0,0.0,0.0,0.5129146812802884,0.0037243163276673703,32.82653960193846,0.2383562449707117
5000,25,i704-o64,1,disaggregated,3,96,0,96,0,0.0,0.0,0.0,0.0,0.0,0.0,0.4876659180427332,0.007876828035810949,31.210618754734924,0.5041169942919007
5000,25,i704-o64,2,aggregated,3,96,0,96,0,0.0,0.0,0.0,0.0,0.0,0.0,1.0153539462500099,0.005588110358331045,64.98265256000063,0.35763906293318687
5000,25,i704-o64,2,disaggregated,3,96,0,96,0,0.0,0.0,0.0,0.0,0.0,0.0,0.9621512714349714,0.015229829721129363,61.57768137183817,0.9747091021522792
5000,25,i704-o64,4,aggregated,3,96,0,96,0,0.0,0.0,0.0,0.0,0.0,0.0,1.8599615857959877,0.00974979465902817,119.03754149094321,0.6239868581778029
5000,25,i704-o64,4,disaggregated,3,96,0,96,0,0.0,0.0,0.0,0.0,0.0,0.0,1.4630005116005735,0.027717615942049825,93.6320327424367,1.7739274202911888
5000,25,i704-o64,8,aggregated,3,96,0,96,0,0.0,0.0,0.0,0.0,0.0,0.0,1.8899157972095058,0.008830952057150027,120.95461102140837,0.5651809316576017
5000,25,i704-o64,8,disaggregated,3,96,0,96,0,0.0,0.0,0.0,0.0,0.0,0.0,1.4696514602957602,0.02710767303287764,94.05769345892865,1.734891074104169
5000,25,mixed,1,aggregated,3,96,18,96,18,0.1875,0.1875,0.042409401864539474,0.0003032582317641552,0.6785504298326316,0.0048521317082264835,0.2261834766108772,0.00161737723607549,34.15370496824246,0.24422396264740048
5000,25,mixed,1,disaggregated,3,96,16,96,16,0.15625,0.16666666666666666,0.03742932161529857,0.004400985783354958,0.5988691458447771,0.07041577253367932,0.22444138376508363,0.0033440931328650994,33.89064894852763,0.5049580630626318
5000,25,mixed,2,aggregated,3,96,16,96,16,0.125,0.16666666666666666,0.07458612883206114,0.016375109750876745,1.1933780613129783,0.2620017560140279,0.44730072718407815,0.004167870441603936,67.54240980479581,0.6293484366821898
5000,25,mixed,2,disaggregated,3,96,14,89,16,0.125,0.14583333333333334,0.056409807435597654,0.006954879950332088,0.9025569189695625,0.11127807920531341,0.38683378874800795,0.0028800321584030067,58.4119021009492,0.4348848559188518
5000,25,mixed,4,aggregated,3,96,12,87,13,0.125,0.125,0.08363804206157449,0.0009443081940762371,1.3382086729851919,0.015108931105219794,0.6691043364925959,0.007554465552609897,101.034754810382,1.1407242984440988
5000,25,mixed,4,disaggregated,3,96,9,70,12,0.0625,0.09375,0.05449617996538589,0.018345532888543216,0.8719388794461742,0.29352852621669145,0.581791526784986,0.017240912705006384,87.85052054453288,2.603377818455967
5000,25,mixed,8,aggregated,3,96,10,48,15,0.09375,0.10416666666666667,0.07365060198296171,0.011176466779211528,1.1784096317273873,0.17882346846738445,0.7098480381050456,0.05799319648479546,107.18705375386189,8.75697266920412
5000,25,mixed,8,disaggregated,3,96,3,36,13,0.03125,0.03125,0.01851797505532701,0.0003385759395086706,0.29628760088523215,0.00541721503213873,0.5925752017704643,0.01083443006427746,89.4788554673401,1.6359989397058987
5000,30,i256-o16,1,aggregated,3,96,96,96,96,1.0,1.0,2.095743024165223,0.00926042345225116,33.531888386643566,0.14816677523601857,2.095743024165223,0.00926042345225116,33.531888386643566,0.14816677523601857
5000,30,i256-o16,1,disaggregated,3,96,96,96,96,1.0,1.0,1.8779790777557706,0.03930303639384769,30.04766524409233,0.628848582301563,1.8779790777557706,0.03930303639384769,30.04766524409233,0.628848582301563
5000,30,i256-o16,2,aggregated,3,96,96,96,96,1.0,1.0,4.121102994620531,0.02270022132089188,65.9376479139285,0.36320354113427006,4.121102994620531,0.02270022132089188,65.9376479139285,0.36320354113427006
5000,30,i256-o16,2,disaggregated,3,96,96,96,96,1.0,1.0,3.7332473317280837,0.05683451735659063,59.73195730764934,0.9093522777054501,3.7332473317280837,0.05683451735659063,59.73195730764934,0.9093522777054501
5000,30,i256-o16,4,aggregated,3,96,87,96,87,0.84375,0.90625,6.851833919302931,0.8047180672160116,109.62934270884689,12.875489075456185,7.549238361982489,0.19520763464891508,120.78781379171983,3.1233221543826413
5000,30,i256-o16,4,disaggregated,3,96,82,96,82,0.65625,0.8541666666666666,4.97766876565791,1.0976490754566879,79.64270025052656,17.562385207307006,5.810593578392465,0.13308093979812466,92.96949725427945,2.1292950367699945
5000,30,i256-o16,8,aggregated,3,96,90,96,90,0.90625,0.9375,7.207937370266361,0.32512281390486863,115.32699792426178,5.201965022477898,7.6864815158297635,0.0974544058928763,122.98370425327622,1.5592704942860207
5000,30,i256-o16,8,disaggregated,3,96,82,96,82,0.8125,0.8541666666666666,5.024868753673524,0.28719839910394007,80.39790005877639,4.595174385663041,5.880239402270708,0.09013848278998511,94.08383043633133,1.4422157246397618
5000,30,i256-o256,1,aggregated,3,96,96,96,96,1.0,1.0,0.13468152047288184,0.0009767785451678136,34.47846924105775,0.2500553075629603,0.13468152047288184,0.0009767785451678136,34.47846924105775,0.2500553075629603
5000,30,i256-o256,1,disaggregated,3,96,93,96,93,0.90625,0.96875,0.12996198458772476,0.009169203925790766,33.27026805445754,2.347316205002436,0.1340783425654771,0.002039709424550647,34.32405569676214,0.5221656126849656
5000,30,i256-o256,2,aggregated,3,96,96,96,96,1.0,1.0,0.2682490491074594,0.0010473976364467066,68.6717565715096,0.2681337949303569,0.2682490491074594,0.0010473976364467066,68.6717565715096,0.2681337949303569
5000,30,i256-o256,2,disaggregated,3,96,91,96,91,0.84375,0.9479166666666666,0.25331470564994235,0.027836359000380614,64.84856464638524,7.126107904097437,0.2669674524931047,0.004201077372182297,68.34366783823481,1.075475807278668
5000,30,i256-o256,4,aggregated,3,96,43,96,43,0.4375,0.4479166666666667,0.22504568469664035,0.011181486771656477,57.61169528233993,2.8624606135440582,0.5023034342476068,0.004622936634290753,128.58967916738735,1.1834717783784328
5000,30,i256-o256,4,disaggregated,3,96,58,66,79,0.4375,0.6041666666666666,0.23211929203305795,0.059868271736827294,59.422538760462835,15.326277564627787,0.3827854162958466,0.008871425275032901,97.99306657173673,2.2710848704084228
5000,30,i256-o256,8,aggregated,3,96,4,12,38,0.03125,0.041666666666666664,0.02089698907456333,0.008857466376861318,5.349629203088212,2.2675113924764974,0.5027104281091086,0.005674246352636646,128.6938695959318,1.4526070662749815
5000,30,i256-o256,8,disaggregated,3,96,5,9,81,0.03125,0.052083333333333336,0.019866245900212975,0.0071187238356250305,5.0857589504545215,1.8223933019200078,0.37997334334851557,0.006318956168215353,97.27317589721999,1.6176527790631303
5000,30,i256-o64,1,aggregated,3,96,96,96,96,1.0,1.0,0.5371730481620268,0.004071085573812895,34.37907508236972,0.2605494767240253,0.5371730481620268,0.004071085573812895,34.37907508236972,0.2605494767240253
5000,30,i256-o64,1,disaggregated,3,96,96,96,96,1.0,1.0,0.521395680355397,0.007589752506458044,33.369323542745406,0.4857441604133148,0.521395680355397,0.007589752506458044,33.369323542745406,0.4857441604133148
5000,30,i256-o64,2,aggregated,3,96,96,96,96,1.0,1.0,1.0668221017734503,0.004768924920999102,68.27661451350082,0.30521119494394255,1.0668221017734503,0.004768924920999102,68.27661451350082,0.30521119494394255
5000,30,i256-o64,2,disaggregated,3,96,96,96,96,1.0,1.0,1.038939472508178,0.013320016656098803,66.49212624052339,0.8524810659903234,1.038939472508178,0.013320016656098803,66.49212624052339,0.8524810659903234
5000,30,i256-o64,4,aggregated,3,96,62,96,62,0.59375,0.6458333333333334,1.2761595059891178,0.09645434803382129,81.67420838330354,6.1730782741645625,1.975817126195673,0.0057593728230623115,126.45229607652307,0.36859986067598793
5000,30,i256-o64,4,disaggregated,3,96,82,96,82,0.59375,0.8541666666666666,1.2949451225509914,0.356314617790345,82.87648784326345,22.80413553858208,1.5125377519478755,0.019817767080911906,96.80241612466403,1.268337093178362
5000,30,i256-o64,8,aggregated,3,96,66,96,66,0.5625,0.6875,1.3688910380991375,0.24211427986941894,87.6090264383448,15.495313911642812,1.9922015938518371,0.015706642949864118,127.50090200651758,1.0052251487913035
5000,30,i256-o64,8,disaggregated,3,96,80,96,80,0.71875,0.8333333333333334,1.2588256974010963,0.18067268863283054,80.56484463367016,11.563052072501154,1.50892125619985,0.02171101314456493,96.5709603967904,1.3895048412521556
5000,30,i64-o16,1,aggregated,3,96,96,96,96,1.0,1.0,2.120744658231485,0.010853245263595452,33.93191453170376,0.17365192421752723,2.120744658231485,0.010853245263595452,33.93191453170376,0.17365192421752723
5000,30,i64-o16,1,disaggregated,3,96,96,96,96,1.0,1.0,2.0556847531098885,0.027501446169903385,32.890956049758216,0.44002313871845417,2.0556847531098885,0.027501446169903385,32.890956049758216,0.44002313871845417
5000,30,i64-o16,2,aggregated,3,96,96,96,96,1.0,1.0,4.217835986081198,0.009471339556007987,67.48537577729917,0.1515414328961278,4.217835986081198,0.009471339556007987,67.48537577729917,0.1515414328961278
5000,30,i64-o16,2,disaggregated,3,96,94,96,94,0.9375,0.9791666666666666,3.883266355516325,0.19716960669247482,62.1322616882612,3.154713707079597,3.964687804867304,0.07208857292455283,63.435004877876864,1.1534171667928452
5000,30,i64-o16,4,aggregated,3,96,93,96,93,0.96875,0.96875,7.560101905463523,0.040401175697127326,120.96163048741637,0.6464188111540372,7.803976160478475,0.04170443942929311,124.8636185676556,0.6672710308686898
5000,30,i64-o16,4,disaggregated,3,96,71,96,71,0.21875,0.7395833333333334,4.399758289688732,2.9113482190376403,70.39613263501971,46.581571504602245,5.640218821154343,0.7724160768234212,90.24350113846948,12.358657229174739
5000,30,i64-o16,8,aggregated,3,96,88,96,88,0.875,0.9166666666666666,7.102659217351028,0.46416549265221374,113.64254747761645,7.42664788243542,7.744913468815028,0.10533698778079977,123.91861550104045,1.6853918044927962
5000,30,i64-o16,8,disaggregated,3,96,82,96,82,0.625,0.8541666666666666,5.101352170369387,1.4257236434179124,81.6216347259102,22.811578294686598,5.920288111108862,0.3463379506091306,94.72460977774179,5.541407209746089
5000,30,i64-o256,1,aggregated,3,96,96,96,96,1.0,1.0,0.13529434025893733,0.0009768817592908968,34.635351106287956,0.2500817303784696,0.13529434025893733,0.0009768817592908968,34.635351106287956,0.2500817303784696
5000,30,i64-o256,1,disaggregated,3,96,94,96,94,0.9375,0.9791666666666666,0.13210900011481652,0.00684586966101398,33.81990402939303,1.7525426332195788,0.13486909063847818,0.0020652583201577154,34.526487203450415,0.5287061299603751
5000,30,i64-o256,2,aggregated,3,96,96,96,96,1.0,1.0,0.26918178349348154,0.0006358395052080113,68.91053657433127,0.1627749133332509,0.26918178349348154,0.0006358395052080113,68.91053657433127,0.1627749133332509
5000,30,i64-o256,2,disaggregated,3,96,94,96,94,0.9375,0.9791666666666666,0.26419020993016606,0.013387921648446321,67.63269374212251,3.4273079420022583,0.269717758183404,0.003832365232771815,69.04774609495142,0.9810854995895847
5000,30,i64-o256,4,aggregated,3,96,42,96,42,0.3125,0.4375,0.21974230983192453,0.05777731991690918,56.25403131697268,14.79099389872875,0.5018380722774222,0.004919935539386469,128.47054650302007,1.259503498082936
5000,30,i64-o256,4,disaggregated,3,96,59,66,82,0.46875,0.6145833333333334,0.23637891343116857,0.05262629110104257,60.513001838379154,13.472330521866898,0.3835581623173795,0.007726159588768941,98.19088955324915,1.977896854724849
5000,30,i64-o256,8,aggregated,3,96,3,12,41,0.0,0.03125,0.015858976920887974,0.015782104097662814,4.059898091747321,4.04021864900168,0.5056166299895594,0.006544388469786255,129.4378572773272,1.6753634482652813
5000,30,i64-o256,8,disaggregated,3,96,7,9,83,0.03125,0.07291666666666667,0.028262179682067155,0.01437367226116106,7.235117998609192,3.6796600988572314,0.38441359800658825,0.009644968976149536,98.40988108968659,2.4691120578942813
5000,30,i64-o64,1,aggregated,3,96,96,96,96,1.0,1.0,0.5407570371232046,0.0057328671774340735,34.60845037588509,0.3669034993557807,0.5407570371232046,0.0057328671774340735,34.60845037588509,0.3669034993557807
5000,30,i64-o64,1,disaggregated,3,96,95,96,95,0.96875,0.9895833333333334,0.5273212429501303,0.017893263482388004,33.74855954880834,1.1451688628728323,0.5327703019269415,0.008553826804920702,34.09729932332426,0.5474449155149249
5000,30,i64-o64,2,aggregated,3,96,96,96,96,1.0,1.0,1.0760819012459542,0.004883848551188994,68.86924167974107,0.31256630727609563,1.0760819012459542,0.004883848551188994,68.86924167974107,0.31256630727609563
5000,30,i64-o64,2,disaggregated,3,96,96,96,96,1.0,1.0,1.0619980915836817,0.014895657079479771,67.96787786135563,0.9533220530867054,1.0619980915836817,0.014895657079479771,67.96787786135563,0.9533220530867054
5000,30,i64-o64,4,aggregated,3,96,70,96,70,0.625,0.7291666666666666,1.4613760899657564,0.2788955874619162,93.52806975780841,17.849317597562635,2.0013958188843204,0.023549000906719728,128.0893324085965,1.5071360580300626
5000,30,i64-o64,4,disaggregated,3,96,91,96,91,0.84375,0.9479166666666666,1.4653196004844489,0.17019788649091622,93.78045443100473,10.892664735418638,1.543640202039512,0.034548528578471245,98.79297293052876,2.2111058290221597
5000,30,i64-o64,8,aggregated,3,96,76,96,76,0.75,0.7916666666666666,1.605068686693918,0.16678430748693834,102.72439594841074,10.674195679164054,2.0259607285119743,0.025549662484497044,129.66148662476635,1.6351783990078108
5000,30,i64-o64,8,disaggregated,3,96,88,96,88,0.75,0.9166666666666666,1.4111959601787631,0.25343245227972344,90.31654145144084,16.2196769459023,1.5354845179922796,0.038351583028497616,98.2710091515059,2.4545013138238474
5000,30,i704-o16,1,aggregated,3,96,96,96,96,1.0,1.0,1.7675390160318332,0.015710485856984677,28.28062425650933,0.25136777371175484,1.7675390160318332,0.015710485856984677,28.28062425650933,0.25136777371175484
5000,30,i704-o16,1,disaggregated,3,96,96,96,96,1.0,1.0,1.5068743964037539,0.015042369053473831,24.109990342460062,0.2406779048555813,1.5068743964037539,0.015042369053473831,24.109990342460062,0.2406779048555813
5000,30,i704-o16,2,aggregated,3,96,96,96,96,1.0,1.0,3.4231353134510694,0.020904963219625067,54.77016501521711,0.33447941151400107,3.4231353134510694,0.020904963219625067,54.77016501521711,0.33447941151400107
5000,30,i704-o16,2,disaggregated,3,96,96,96,96,1.0,1.0,2.9038899371858675,0.025379549177124205,46.46223899497388,0.4060727868339873,2.9038899371858675,0.025379549177124205,46.46223899497388,0.4060727868339873
5000,30,i704-o16,4,aggregated,3,96,89,96,89,0.875,0.9270833333333334,5.690115781169725,0.30981333296684654,91.0418524987156,4.957013327469545,6.13705847899473,0.026451181948233923,98.19293566391568,0.42321891117174276
5000,30,i704-o16,4,disaggregated,3,96,75,96,75,0.6875,0.78125,3.762320822464851,0.4824520224157195,60.19713315943761,7.719232358651512,4.807706438515174,0.1250408454339715,76.92330301624278,2.000653526943544
5000,30,i704-o16,8,aggregated,3,96,89,96,89,0.90625,0.9270833333333334,5.812294555594279,0.1485043661641767,92.99671288950846,2.376069858626827,6.26901513982759,0.05323281135010287,100.30424223724144,0.8517249816016459
5000,30,i704-o16,8,disaggregated,3,96,52,96,52,0.5,0.5416666666666666,2.8145082434265234,0.27027064058018674,45.032131894824374,4.324330249282988,5.194695140033942,0.1180547323063891,83.11512224054307,1.8888757169022257
5000,30,i704-o256,1,aggregated,3,96,96,96,96,1.0,1.0,0.13315973441342704,0.0012079164472832916,34.08889200983732,0.30922661050452266,0.13315973441342704,0.0012079164472832916,34.08889200983732,0.30922661050452266
5000,30,i704-o256,1,disaggregated,3,96,95,96,95,0.96875,0.9895833333333334,0.13058516528652345,0.0044672678937833585,33.42980231335,1.1436205808085398,0.13193384669232183,0.002131816651440936,33.77506475323439,0.5457450627688796
5000,30,i704-o256,2,aggregated,3,96,96,96,96,1.0,1.0,0.26410580486760143,0.001362346291233675,67.61108604610597,0.3487606505558208,0.26410580486760143,0.001362346291233675,67.61108604610597,0.3487606505558208
5000,30,i704-o256,2,disaggregated,3,96,92,96,92,0.875,0.9583333333333334,0.2506379148767757,0.0223341608979687,64.16330620845459,5.717545189879988,0.26134501584656855,0.0037909228940693155,66.90432405672155,0.9704762608817448
5000,30,i704-o256,4,aggregated,3,96,37,96,37,0.25,0.3854166666666667,0.1910343861447184,0.059671881414132696,48.90480285304791,15.27600164201797,0.49510610991416354,0.006680299480468798,126.74716413802587,1.7101566670000123
5000,30,i704-o256,4,disaggregated,3,96,56,66,77,0.375,0.5833333333333334,0.2213362784775759,0.07163767244974435,56.66208729025943,18.339244147134554,0.3779514943446062,0.007244794533137345,96.75558255221918,1.8546674004831603
5000,30,i704-o256,8,aggregated,3,96,5,12,43,0.03125,0.052083333333333336,0.025882556996567423,0.009075775562825761,6.62593459112126,2.323398544083395,0.49630706390823565,0.006032745851796616,127.05460836050833,1.5443829380599337
5000,30,i704-o256,8,disaggregated,3,96,5,9,70,0.03125,0.052083333333333336,0.019677580392404567,0.007069008942707995,5.037460580455569,1.8096662893332467,0.3762571932752105,0.006835298015528307,96.32184147845389,1.7498362919752466
5000,30,i704-o64,1,aggregated,3,96,96,96,96,1.0,1.0,0.5129146812802884,0.0037243163276673703,32.82653960193846,0.2383562449707117,0.5129146812802884,0.0037243163276673703,32.82653960193846,0.2383562449707117
5000,30,i704-o64,1,disaggregated,3,96,96,96,96,1.0,1.0,0.4876659180427332,0.007876828035810949,31.210618754734924,0.5041169942919007,0.4876659180427332,0.007876828035810949,31.210618754734924,0.5041169942919007
5000,30,i704-o64,2,aggregated,3,96,96,96,96,1.0,1.0,1.0153539462500099,0.005588110358331045,64.98265256000063,0.35763906293318687,1.0153539462500099,0.005588110358331045,64.98265256000063,0.35763906293318687
5000,30,i704-o64,2,disaggregated,3,96,95,96,95,0.96875,0.9895833333333334,0.9523117272845443,0.03225830384905989,60.94795054621083,2.0645314463398328,0.9621512714349714,0.015229829721129363,61.57768137183817,0.9747091021522792
5000,30,i704-o64,4,aggregated,3,96,60,96,60,0.5,0.625,1.162858444047245,0.21219277370092413,74.42294041902367,13.580337516859144,1.8599615857959877,0.00974979465902817,119.03754149094321,0.6239868581778029
5000,30,i704-o64,4,disaggregated,3,96,74,96,74,0.59375,0.7708333333333334,1.1305232777748064,0.25263221588515966,72.35348977758761,16.16846181665022,1.4630005116005735,0.027717615942049825,93.6320327424367,1.7739274202911888
5000,30,i704-o64,8,aggregated,3,96,60,96,60,0.5625,0.625,1.1815652314167047,0.123645774983221,75.6201748106691,7.913329598926144,1.8899157972095058,0.008830952057150027,120.95461102140837,0.5651809316576017
5000,30,i704-o64,8,disaggregated,3,96,66,96,66,0.53125,0.6875,1.0128249047499636,0.21658336945081644,64.82079390399767,13.861335644852252,1.4696514602957602,0.02710767303287764,94.05769345892865,1.734891074104169
5000,30,mixed,1,aggregated,3,96,96,96,96,1.0,1.0,0.2261834766108772,0.00161737723607549,34.15370496824246,0.24422396264740048,0.2261834766108772,0.00161737723607549,34.15370496824246,0.24422396264740048
5000,30,mixed,1,disaggregated,3,96,94,96,94,0.9375,0.9791666666666666,0.21984578331942062,0.011298499959211311,32.7141752344379,2.541741218965899,0.22444138376508363,0.0033440931328650994,33.89064894852763,0.5049580630626318
5000,30,mixed,2,aggregated,3,96,96,96,96,1.0,1.0,0.44730072718407815,0.004167870441603936,67.54240980479581,0.6293484366821898,0.44730072718407815,0.004167870441603936,67.54240980479581,0.6293484366821898
5000,30,mixed,2,disaggregated,3,96,88,89,95,0.90625,0.9166666666666666,0.35456606208619196,0.0046704181059449065,52.09311164314003,0.2899700267500489,0.38683378874800795,0.0028800321584030067,58.4119021009492,0.4348848559188518
5000,30,mixed,4,aggregated,3,96,66,87,75,0.65625,0.6875,0.46028165042652264,0.04164292501614285,60.935070970364755,8.665274423430693,0.6691043364925959,0.007554465552609897,101.034754810382,1.1407242984440988
5000,30,mixed,4,disaggregated,3,96,63,70,86,0.53125,0.65625,0.3830343493262909,0.07314820091912713,57.38073294752719,20.003001597719695,0.581791526784986,0.017240912705006384,87.85052054453288,2.603377818455967
5000,30,mixed,8,aggregated,3,96,34,48,66,0.3125,0.3541666666666667,0.2522099294292448,0.0408373637202289,36.00511402092458,6.479095008321132,0.7098480381050456,0.05799319648479546,107.18705375386189,8.75697266920412
5000,30,mixed,8,disaggregated,3,96,29,36,79,0.15625,0.3020833333333333,0.17819545417792323,0.07265406902208467,30.80520578042848,17.62667474304739,0.5925752017704643,0.01083443006427746,89.4788554673401,1.6359989397058987
5000,35,i256-o16,1,aggregated,3,96,96,96,96,1.0,1.0,2.095743024165223,0.00926042345225116,33.531888386643566,0.14816677523601857,2.095743024165223,0.00926042345225116,33.531888386643566,0.14816677523601857
5000,35,i256-o16,1,disaggregated,3,96,96,96,96,1.0,1.0,1.8779790777557706,0.03930303639384769,30.04766524409233,0.628848582301563,1.8779790777557706,0.03930303639384769,30.04766524409233,0.628848582301563
5000,35,i256-o16,2,aggregated,3,96,96,96,96,1.0,1.0,4.121102994620531,0.02270022132089188,65.9376479139285,0.36320354113427006,4.121102994620531,0.02270022132089188,65.9376479139285,0.36320354113427006
5000,35,i256-o16,2,disaggregated,3,96,96,96,96,1.0,1.0,3.7332473317280837,0.05683451735659063,59.73195730764934,0.9093522777054501,3.7332473317280837,0.05683451735659063,59.73195730764934,0.9093522777054501
5000,35,i256-o16,4,aggregated,3,96,96,96,96,1.0,1.0,7.549238361982489,0.19520763464891508,120.78781379171983,3.1233221543826413,7.549238361982489,0.19520763464891508,120.78781379171983,3.1233221543826413
5000,35,i256-o16,4,disaggregated,3,96,96,96,96,1.0,1.0,5.810593578392465,0.13308093979812466,92.96949725427945,2.1292950367699945,5.810593578392465,0.13308093979812466,92.96949725427945,2.1292950367699945
5000,35,i256-o16,8,aggregated,3,96,96,96,96,1.0,1.0,7.6864815158297635,0.0974544058928763,122.98370425327622,1.5592704942860207,7.6864815158297635,0.0974544058928763,122.98370425327622,1.5592704942860207
5000,35,i256-o16,8,disaggregated,3,96,96,96,96,1.0,1.0,5.880239402270708,0.09013848278998511,94.08383043633133,1.4422157246397618,5.880239402270708,0.09013848278998511,94.08383043633133,1.4422157246397618
5000,35,i256-o256,1,aggregated,3,96,96,96,96,1.0,1.0,0.13468152047288184,0.0009767785451678136,34.47846924105775,0.2500553075629603,0.13468152047288184,0.0009767785451678136,34.47846924105775,0.2500553075629603
5000,35,i256-o256,1,disaggregated,3,96,96,96,96,1.0,1.0,0.1340783425654771,0.002039709424550647,34.32405569676214,0.5221656126849656,0.1340783425654771,0.002039709424550647,34.32405569676214,0.5221656126849656
5000,35,i256-o256,2,aggregated,3,96,96,96,96,1.0,1.0,0.2682490491074594,0.0010473976364467066,68.6717565715096,0.2681337949303569,0.2682490491074594,0.0010473976364467066,68.6717565715096,0.2681337949303569
5000,35,i256-o256,2,disaggregated,3,96,96,96,96,1.0,1.0,0.2669674524931047,0.004201077372182297,68.34366783823481,1.075475807278668,0.2669674524931047,0.004201077372182297,68.34366783823481,1.075475807278668
5000,35,i256-o256,4,aggregated,3,96,96,96,96,1.0,1.0,0.5023034342476068,0.004622936634290753,128.58967916738735,1.1834717783784328,0.5023034342476068,0.004622936634290753,128.58967916738735,1.1834717783784328
5000,35,i256-o256,4,disaggregated,3,96,66,66,96,0.6875,0.6875,0.26316497370339453,0.006099104876585117,67.370233268069,1.56137084840579,0.3827854162958466,0.008871425275032901,97.99306657173673,2.2710848704084228
5000,35,i256-o256,8,aggregated,3,96,12,12,96,0.125,0.125,0.06283880351363857,0.0007092807940795808,16.086733699491475,0.18157588328437269,0.5027104281091086,0.005674246352636646,128.6938695959318,1.4526070662749815
5000,35,i256-o256,8,disaggregated,3,96,9,9,96,0.09375,0.09375,0.035622500938923336,0.0005924021407701878,9.119360240364374,0.15165494803716809,0.37997334334851557,0.006318956168215353,97.27317589721999,1.6176527790631303
5000,35,i256-o64,1,aggregated,3,96,96,96,96,1.0,1.0,0.5371730481620268,0.004071085573812895,34.37907508236972,0.2605494767240253,0.5371730481620268,0.004071085573812895,34.37907508236972,0.2605494767240253
5000,35,i256-o64,1,disaggregated,3,96,96,96,96,1.0,1.0,0.521395680355397,0.007589752506458044,33.369323542745406,0.4857441604133148,0.521395680355397,0.007589752506458044,33.369323542745406,0.4857441604133148
5000,35,i256-o64,2,aggregated,3,96,96,96,96,1.0,1.0,1.0668221017734503,0.004768924920999102,68.27661451350082,0.30521119494394255,1.0668221017734503,0.004768924920999102,68.27661451350082,0.30521119494394255
5000,35,i256-o64,2,disaggregated,3,96,96,96,96,1.0,1.0,1.038939472508178,0.013320016656098803,66.49212624052339,0.8524810659903234,1.038939472508178,0.013320016656098803,66.49212624052339,0.8524810659903234
5000,35,i256-o64,4,aggregated,3,96,96,96,96,1.0,1.0,1.975817126195673,0.0057593728230623115,126.45229607652307,0.36859986067598793,1.975817126195673,0.0057593728230623115,126.45229607652307,0.36859986067598793
5000,35,i256-o64,4,disaggregated,3,96,96,96,96,1.0,1.0,1.5125377519478755,0.019817767080911906,96.80241612466403,1.268337093178362,1.5125377519478755,0.019817767080911906,96.80241612466403,1.268337093178362
5000,35,i256-o64,8,aggregated,3,96,96,96,96,1.0,1.0,1.9922015938518371,0.015706642949864118,127.50090200651758,1.0052251487913035,1.9922015938518371,0.015706642949864118,127.50090200651758,1.0052251487913035
5000,35,i256-o64,8,disaggregated,3,96,96,96,96,1.0,1.0,1.50892125619985,0.02171101314456493,96.5709603967904,1.3895048412521556,1.50892125619985,0.02171101314456493,96.5709603967904,1.3895048412521556
5000,35,i64-o16,1,aggregated,3,96,96,96,96,1.0,1.0,2.120744658231485,0.010853245263595452,33.93191453170376,0.17365192421752723,2.120744658231485,0.010853245263595452,33.93191453170376,0.17365192421752723
5000,35,i64-o16,1,disaggregated,3,96,96,96,96,1.0,1.0,2.0556847531098885,0.027501446169903385,32.890956049758216,0.44002313871845417,2.0556847531098885,0.027501446169903385,32.890956049758216,0.44002313871845417
5000,35,i64-o16,2,aggregated,3,96,96,96,96,1.0,1.0,4.217835986081198,0.009471339556007987,67.48537577729917,0.1515414328961278,4.217835986081198,0.009471339556007987,67.48537577729917,0.1515414328961278
5000,35,i64-o16,2,disaggregated,3,96,96,96,96,1.0,1.0,3.964687804867304,0.07208857292455283,63.435004877876864,1.1534171667928452,3.964687804867304,0.07208857292455283,63.435004877876864,1.1534171667928452
5000,35,i64-o16,4,aggregated,3,96,96,96,96,1.0,1.0,7.803976160478475,0.04170443942929311,124.8636185676556,0.6672710308686898,7.803976160478475,0.04170443942929311,124.8636185676556,0.6672710308686898
5000,35,i64-o16,4,disaggregated,3,96,87,96,87,0.71875,0.90625,5.193653029826723,1.5393517354999224,83.09844847722756,24.62962776799876,5.640218821154343,0.7724160768234212,90.24350113846948,12.358657229174739
5000,35,i64-o16,8,aggregated,3,96,96,96,96,1.0,1.0,7.744913468815028,0.10533698778079977,123.91861550104045,1.6853918044927962,7.744913468815028,0.10533698778079977,123.91861550104045,1.6853918044927962
5000,35,i64-o16,8,disaggregated,3,96,90,96,90,0.8125,0.9375,5.574509781690322,0.9385907441173168,89.19215650704515,15.017451905877069,5.920288111108862,0.3463379506091306,94.72460977774179,5.541407209746089
5000,35,i64-o256,1,aggregated,3,96,96,96,96,1.0,1.0,0.13529434025893733,0.0009768817592908968,34.635351106287956,0.2500817303784696,0.13529434025893733,0.0009768817592908968,34.635351106287956,0.2500817303784696
5000,35,i64-o256,1,disaggregated,3,96,96,96,96,1.0,1.0,0.13486909063847818,0.0020652583201577154,34.526487203450415,0.5287061299603751,0.13486909063847818,0.0020652583201577154,34.526487203450415,0.5287061299603751
5000,35,i64-o256,2,aggregated,3,96,96,96,96,1.0,1.0,0.26918178349348154,0.0006358395052080113,68.91053657433127,0.1627749133332509,0.26918178349348154,0.0006358395052080113,68.91053657433127,0.1627749133332509
5000,35,i64-o256,2,disaggregated,3,96,96,96,96,1.0,1.0,0.269717758183404,0.003832365232771815,69.04774609495142,0.9810854995895847,0.269717758183404,0.003832365232771815,69.04774609495142,0.9810854995895847
5000,35,i64-o256,4,aggregated,3,96,96,96,96,1.0,1.0,0.5018380722774222,0.004919935539386469,128.47054650302007,1.259503498082936,0.5018380722774222,0.004919935539386469,128.47054650302007,1.259503498082936
5000,35,i64-o256,4,disaggregated,3,96,66,66,96,0.6875,0.6875,0.2636962365931984,0.005311734717278636,67.50623656785879,1.3598040876233308,0.3835581623173795,0.007726159588768941,98.19088955324915,1.977896854724849
5000,35,i64-o256,8,aggregated,3,96,12,12,96,0.125,0.125,0.06320207874869492,0.0008180485587232819,16.1797321596659,0.20942043103316016,0.5056166299895594,0.006544388469786255,129.4378572773272,1.6753634482652813
5000,35,i64-o256,8,disaggregated,3,96,9,9,96,0.09375,0.09375,0.036038774813117645,0.0009042158415140226,9.225926352158117,0.2314792554275898,0.38441359800658825,0.009644968976149536,98.40988108968659,2.4691120578942813
5000,35,i64-o64,1,aggregated,3,96,96,96,96,1.0,1.0,0.5407570371232046,0.0057328671774340735,34.60845037588509,0.3669034993557807,0.5407570371232046,0.0057328671774340735,34.60845037588509,0.3669034993557807
5000,35,i64-o64,1,disaggregated,3,96,96,96,96,1.0,1.0,0.5327703019269415,0.008553826804920702,34.09729932332426,0.5474449155149249,0.5327703019269415,0.008553826804920702,34.09729932332426,0.5474449155149249
5000,35,i64-o64,2,aggregated,3,96,96,96,96,1.0,1.0,1.0760819012459542,0.004883848551188994,68.86924167974107,0.31256630727609563,1.0760819012459542,0.004883848551188994,68.86924167974107,0.31256630727609563
5000,35,i64-o64,2,disaggregated,3,96,96,96,96,1.0,1.0,1.0619980915836817,0.014895657079479771,67.96787786135563,0.9533220530867054,1.0619980915836817,0.014895657079479771,67.96787786135563,0.9533220530867054
5000,35,i64-o64,4,aggregated,3,96,96,96,96,1.0,1.0,2.0013958188843204,0.023549000906719728,128.0893324085965,1.5071360580300626,2.0013958188843204,0.023549000906719728,128.0893324085965,1.5071360580300626
5000,35,i64-o64,4,disaggregated,3,96,96,96,96,1.0,1.0,1.543640202039512,0.034548528578471245,98.79297293052876,2.2111058290221597,1.543640202039512,0.034548528578471245,98.79297293052876,2.2111058290221597
5000,35,i64-o64,8,aggregated,3,96,96,96,96,1.0,1.0,2.0259607285119743,0.025549662484497044,129.66148662476635,1.6351783990078108,2.0259607285119743,0.025549662484497044,129.66148662476635,1.6351783990078108
5000,35,i64-o64,8,disaggregated,3,96,96,96,96,1.0,1.0,1.5354845179922796,0.038351583028497616,98.2710091515059,2.4545013138238474,1.5354845179922796,0.038351583028497616,98.2710091515059,2.4545013138238474
5000,35,i704-o16,1,aggregated,3,96,96,96,96,1.0,1.0,1.7675390160318332,0.015710485856984677,28.28062425650933,0.25136777371175484,1.7675390160318332,0.015710485856984677,28.28062425650933,0.25136777371175484
5000,35,i704-o16,1,disaggregated,3,96,96,96,96,1.0,1.0,1.5068743964037539,0.015042369053473831,24.109990342460062,0.2406779048555813,1.5068743964037539,0.015042369053473831,24.109990342460062,0.2406779048555813
5000,35,i704-o16,2,aggregated,3,96,96,96,96,1.0,1.0,3.4231353134510694,0.020904963219625067,54.77016501521711,0.33447941151400107,3.4231353134510694,0.020904963219625067,54.77016501521711,0.33447941151400107
5000,35,i704-o16,2,disaggregated,3,96,96,96,96,1.0,1.0,2.9038899371858675,0.025379549177124205,46.46223899497388,0.4060727868339873,2.9038899371858675,0.025379549177124205,46.46223899497388,0.4060727868339873
5000,35,i704-o16,4,aggregated,3,96,96,96,96,1.0,1.0,6.13705847899473,0.026451181948233923,98.19293566391568,0.42321891117174276,6.13705847899473,0.026451181948233923,98.19293566391568,0.42321891117174276
5000,35,i704-o16,4,disaggregated,3,96,96,96,96,1.0,1.0,4.807706438515174,0.1250408454339715,76.92330301624278,2.000653526943544,4.807706438515174,0.1250408454339715,76.92330301624278,2.000653526943544
5000,35,i704-o16,8,aggregated,3,96,96,96,96,1.0,1.0,6.26901513982759,0.05323281135010287,100.30424223724144,0.8517249816016459,6.26901513982759,0.05323281135010287,100.30424223724144,0.8517249816016459
5000,35,i704-o16,8,disaggregated,3,96,94,96,94,0.96875,0.9791666666666666,5.087183997610312,0.18160858102836305,81.394943961765,2.905737296453809,5.194695140033942,0.1180547323063891,83.11512224054307,1.8888757169022257
5000,35,i704-o256,1,aggregated,3,96,96,96,96,1.0,1.0,0.13315973441342704,0.0012079164472832916,34.08889200983732,0.30922661050452266,0.13315973441342704,0.0012079164472832916,34.08889200983732,0.30922661050452266
5000,35,i704-o256,1,disaggregated,3,96,96,96,96,1.0,1.0,0.13193384669232183,0.002131816651440936,33.77506475323439,0.5457450627688796,0.13193384669232183,0.002131816651440936,33.77506475323439,0.5457450627688796
5000,35,i704-o256,2,aggregated,3,96,96,96,96,1.0,1.0,0.26410580486760143,0.001362346291233675,67.61108604610597,0.3487606505558208,0.26410580486760143,0.001362346291233675,67.61108604610597,0.3487606505558208
5000,35,i704-o256,2,disaggregated,3,96,96,96,96,1.0,1.0,0.26134501584656855,0.0037909228940693155,66.90432405672155,0.9704762608817448,0.26134501584656855,0.0037909228940693155,66.90432405672155,0.9704762608817448
5000,35,i704-o256,4,aggregated,3,96,96,96,96,1.0,1.0,0.49510610991416354,0.006680299480468798,126.74716413802587,1.7101566670000123,0.49510610991416354,0.006680299480468798,126.74716413802587,1.7101566670000123
5000,35,i704-o256,4,disaggregated,3,96,66,66,96,0.6875,0.6875,0.25984165236191675,0.004980796241531922,66.51946300465069,1.275083837832172,0.3779514943446062,0.007244794533137345,96.75558255221918,1.8546674004831603
5000,35,i704-o256,8,aggregated,3,96,12,12,96,0.125,0.125,0.062038382988529456,0.000754093231474577,15.88182604506354,0.1930478672574917,0.49630706390823565,0.006032745851796616,127.05460836050833,1.5443829380599337
5000,35,i704-o256,8,disaggregated,3,96,9,9,96,0.09375,0.09375,0.035274111869550984,0.0006408091889557797,9.030172638605052,0.1640471523726796,0.3762571932752105,0.006835298015528307,96.32184147845389,1.7498362919752466
5000,35,i704-o64,1,aggregated,3,96,96,96,96,1.0,1.0,0.5129146812802884,0.0037243163276673703,32.82653960193846,0.2383562449707117,0.5129146812802884,0.0037243163276673703,32.82653960193846,0.2383562449707117
5000,35,i704-o64,1,disaggregated,3,96,96,96,96,1.0,1.0,0.4876659180427332,0.007876828035810949,31.210618754734924,0.5041169942919007,0.4876659180427332,0.007876828035810949,31.210618754734924,0.5041169942919007
5000,35,i704-o64,2,aggregated,3,96,96,96,96,1.0,1.0,1.0153539462500099,0.005588110358331045,64.98265256000063,0.35763906293318687,1.0153539462500099,0.005588110358331045,64.98265256000063,0.35763906293318687
5000,35,i704-o64,2,disaggregated,3,96,96,96,96,1.0,1.0,0.9621512714349714,0.015229829721129363,61.57768137183817,0.9747091021522792,0.9621512714349714,0.015229829721129363,61.57768137183817,0.9747091021522792
5000,35,i704-o64,4,aggregated,3,96,96,96,96,1.0,1.0,1.8599615857959877,0.00974979465902817,119.03754149094321,0.6239868581778029,1.8599615857959877,0.00974979465902817,119.03754149094321,0.6239868581778029
5000,35,i704-o64,4,disaggregated,3,96,96,96,96,1.0,1.0,1.4630005116005735,0.027717615942049825,93.6320327424367,1.7739274202911888,1.4630005116005735,0.027717615942049825,93.6320327424367,1.7739274202911888
5000,35,i704-o64,8,aggregated,3,96,96,96,96,1.0,1.0,1.8899157972095058,0.008830952057150027,120.95461102140837,0.5651809316576017,1.8899157972095058,0.008830952057150027,120.95461102140837,0.5651809316576017
5000,35,i704-o64,8,disaggregated,3,96,96,96,96,1.0,1.0,1.4696514602957602,0.02710767303287764,94.05769345892865,1.734891074104169,1.4696514602957602,0.02710767303287764,94.05769345892865,1.734891074104169
5000,35,mixed,1,aggregated,3,96,96,96,96,1.0,1.0,0.2261834766108772,0.00161737723607549,34.15370496824246,0.24422396264740048,0.2261834766108772,0.00161737723607549,34.15370496824246,0.24422396264740048
5000,35,mixed,1,disaggregated,3,96,96,96,96,1.0,1.0,0.22444138376508363,0.0033440931328650994,33.89064894852763,0.5049580630626318,0.22444138376508363,0.0033440931328650994,33.89064894852763,0.5049580630626318
5000,35,mixed,2,aggregated,3,96,96,96,96,1.0,1.0,0.44730072718407815,0.004167870441603936,67.54240980479581,0.6293484366821898,0.44730072718407815,0.004167870441603936,67.54240980479581,0.6293484366821898
5000,35,mixed,2,disaggregated,3,96,89,89,96,0.90625,0.9270833333333334,0.35856400311950176,0.01152018027087311,53.11658454766733,1.5386625871379163,0.38683378874800795,0.0028800321584030067,58.4119021009492,0.4348848559188518
5000,35,mixed,4,aggregated,3,96,87,87,96,0.90625,0.90625,0.6063758049464151,0.006846234407052732,95.01281578194863,1.072734108470611,0.6691043364925959,0.007554465552609897,101.034754810382,1.1407242984440988
5000,35,mixed,4,disaggregated,3,96,70,70,96,0.71875,0.7291666666666666,0.4240173783017783,0.002684826223251574,67.87238836525198,1.8478181166632761,0.581791526784986,0.017240912705006384,87.85052054453288,2.603377818455967
5000,35,mixed,8,aggregated,3,96,48,48,96,0.46875,0.5,0.3570078489120262,0.06914565642360329,59.214084741276054,10.669975289570477,0.7098480381050456,0.05799319648479546,107.18705375386189,8.75697266920412
5000,35,mixed,8,disaggregated,3,96,36,36,96,0.34375,0.375,0.22199026056551813,0.014469739271071274,40.56151624546446,2.1876388912255718,0.5925752017704643,0.01083443006427746,89.4788554673401,1.6359989397058987
5000,50,i256-o16,1,aggregated,3,96,96,96,96,1.0,1.0,2.095743024165223,0.00926042345225116,33.531888386643566,0.14816677523601857,2.095743024165223,0.00926042345225116,33.531888386643566,0.14816677523601857
5000,50,i256-o16,1,disaggregated,3,96,96,96,96,1.0,1.0,1.8779790777557706,0.03930303639384769,30.04766524409233,0.628848582301563,1.8779790777557706,0.03930303639384769,30.04766524409233,0.628848582301563
5000,50,i256-o16,2,aggregated,3,96,96,96,96,1.0,1.0,4.121102994620531,0.02270022132089188,65.9376479139285,0.36320354113427006,4.121102994620531,0.02270022132089188,65.9376479139285,0.36320354113427006
5000,50,i256-o16,2,disaggregated,3,96,96,96,96,1.0,1.0,3.7332473317280837,0.05683451735659063,59.73195730764934,0.9093522777054501,3.7332473317280837,0.05683451735659063,59.73195730764934,0.9093522777054501
5000,50,i256-o16,4,aggregated,3,96,96,96,96,1.0,1.0,7.549238361982489,0.19520763464891508,120.78781379171983,3.1233221543826413,7.549238361982489,0.19520763464891508,120.78781379171983,3.1233221543826413
5000,50,i256-o16,4,disaggregated,3,96,96,96,96,1.0,1.0,5.810593578392465,0.13308093979812466,92.96949725427945,2.1292950367699945,5.810593578392465,0.13308093979812466,92.96949725427945,2.1292950367699945
5000,50,i256-o16,8,aggregated,3,96,96,96,96,1.0,1.0,7.6864815158297635,0.0974544058928763,122.98370425327622,1.5592704942860207,7.6864815158297635,0.0974544058928763,122.98370425327622,1.5592704942860207
5000,50,i256-o16,8,disaggregated,3,96,96,96,96,1.0,1.0,5.880239402270708,0.09013848278998511,94.08383043633133,1.4422157246397618,5.880239402270708,0.09013848278998511,94.08383043633133,1.4422157246397618
5000,50,i256-o256,1,aggregated,3,96,96,96,96,1.0,1.0,0.13468152047288184,0.0009767785451678136,34.47846924105775,0.2500553075629603,0.13468152047288184,0.0009767785451678136,34.47846924105775,0.2500553075629603
5000,50,i256-o256,1,disaggregated,3,96,96,96,96,1.0,1.0,0.1340783425654771,0.002039709424550647,34.32405569676214,0.5221656126849656,0.1340783425654771,0.002039709424550647,34.32405569676214,0.5221656126849656
5000,50,i256-o256,2,aggregated,3,96,96,96,96,1.0,1.0,0.2682490491074594,0.0010473976364467066,68.6717565715096,0.2681337949303569,0.2682490491074594,0.0010473976364467066,68.6717565715096,0.2681337949303569
5000,50,i256-o256,2,disaggregated,3,96,96,96,96,1.0,1.0,0.2669674524931047,0.004201077372182297,68.34366783823481,1.075475807278668,0.2669674524931047,0.004201077372182297,68.34366783823481,1.075475807278668
5000,50,i256-o256,4,aggregated,3,96,96,96,96,1.0,1.0,0.5023034342476068,0.004622936634290753,128.58967916738735,1.1834717783784328,0.5023034342476068,0.004622936634290753,128.58967916738735,1.1834717783784328
5000,50,i256-o256,4,disaggregated,3,96,66,66,96,0.6875,0.6875,0.26316497370339453,0.006099104876585117,67.370233268069,1.56137084840579,0.3827854162958466,0.008871425275032901,97.99306657173673,2.2710848704084228
5000,50,i256-o256,8,aggregated,3,96,12,12,96,0.125,0.125,0.06283880351363857,0.0007092807940795808,16.086733699491475,0.18157588328437269,0.5027104281091086,0.005674246352636646,128.6938695959318,1.4526070662749815
5000,50,i256-o256,8,disaggregated,3,96,9,9,96,0.09375,0.09375,0.035622500938923336,0.0005924021407701878,9.119360240364374,0.15165494803716809,0.37997334334851557,0.006318956168215353,97.27317589721999,1.6176527790631303
5000,50,i256-o64,1,aggregated,3,96,96,96,96,1.0,1.0,0.5371730481620268,0.004071085573812895,34.37907508236972,0.2605494767240253,0.5371730481620268,0.004071085573812895,34.37907508236972,0.2605494767240253
5000,50,i256-o64,1,disaggregated,3,96,96,96,96,1.0,1.0,0.521395680355397,0.007589752506458044,33.369323542745406,0.4857441604133148,0.521395680355397,0.007589752506458044,33.369323542745406,0.4857441604133148
5000,50,i256-o64,2,aggregated,3,96,96,96,96,1.0,1.0,1.0668221017734503,0.004768924920999102,68.27661451350082,0.30521119494394255,1.0668221017734503,0.004768924920999102,68.27661451350082,0.30521119494394255
5000,50,i256-o64,2,disaggregated,3,96,96,96,96,1.0,1.0,1.038939472508178,0.013320016656098803,66.49212624052339,0.8524810659903234,1.038939472508178,0.013320016656098803,66.49212624052339,0.8524810659903234
5000,50,i256-o64,4,aggregated,3,96,96,96,96,1.0,1.0,1.975817126195673,0.0057593728230623115,126.45229607652307,0.36859986067598793,1.975817126195673,0.0057593728230623115,126.45229607652307,0.36859986067598793
5000,50,i256-o64,4,disaggregated,3,96,96,96,96,1.0,1.0,1.5125377519478755,0.019817767080911906,96.80241612466403,1.268337093178362,1.5125377519478755,0.019817767080911906,96.80241612466403,1.268337093178362
5000,50,i256-o64,8,aggregated,3,96,96,96,96,1.0,1.0,1.9922015938518371,0.015706642949864118,127.50090200651758,1.0052251487913035,1.9922015938518371,0.015706642949864118,127.50090200651758,1.0052251487913035
5000,50,i256-o64,8,disaggregated,3,96,96,96,96,1.0,1.0,1.50892125619985,0.02171101314456493,96.5709603967904,1.3895048412521556,1.50892125619985,0.02171101314456493,96.5709603967904,1.3895048412521556
5000,50,i64-o16,1,aggregated,3,96,96,96,96,1.0,1.0,2.120744658231485,0.010853245263595452,33.93191453170376,0.17365192421752723,2.120744658231485,0.010853245263595452,33.93191453170376,0.17365192421752723
5000,50,i64-o16,1,disaggregated,3,96,96,96,96,1.0,1.0,2.0556847531098885,0.027501446169903385,32.890956049758216,0.44002313871845417,2.0556847531098885,0.027501446169903385,32.890956049758216,0.44002313871845417
5000,50,i64-o16,2,aggregated,3,96,96,96,96,1.0,1.0,4.217835986081198,0.009471339556007987,67.48537577729917,0.1515414328961278,4.217835986081198,0.009471339556007987,67.48537577729917,0.1515414328961278
5000,50,i64-o16,2,disaggregated,3,96,96,96,96,1.0,1.0,3.964687804867304,0.07208857292455283,63.435004877876864,1.1534171667928452,3.964687804867304,0.07208857292455283,63.435004877876864,1.1534171667928452
5000,50,i64-o16,4,aggregated,3,96,96,96,96,1.0,1.0,7.803976160478475,0.04170443942929311,124.8636185676556,0.6672710308686898,7.803976160478475,0.04170443942929311,124.8636185676556,0.6672710308686898
5000,50,i64-o16,4,disaggregated,3,96,96,96,96,1.0,1.0,5.640218821154343,0.7724160768234212,90.24350113846948,12.358657229174739,5.640218821154343,0.7724160768234212,90.24350113846948,12.358657229174739
5000,50,i64-o16,8,aggregated,3,96,96,96,96,1.0,1.0,7.744913468815028,0.10533698778079977,123.91861550104045,1.6853918044927962,7.744913468815028,0.10533698778079977,123.91861550104045,1.6853918044927962
5000,50,i64-o16,8,disaggregated,3,96,96,96,96,1.0,1.0,5.920288111108862,0.3463379506091306,94.72460977774179,5.541407209746089,5.920288111108862,0.3463379506091306,94.72460977774179,5.541407209746089
5000,50,i64-o256,1,aggregated,3,96,96,96,96,1.0,1.0,0.13529434025893733,0.0009768817592908968,34.635351106287956,0.2500817303784696,0.13529434025893733,0.0009768817592908968,34.635351106287956,0.2500817303784696
5000,50,i64-o256,1,disaggregated,3,96,96,96,96,1.0,1.0,0.13486909063847818,0.0020652583201577154,34.526487203450415,0.5287061299603751,0.13486909063847818,0.0020652583201577154,34.526487203450415,0.5287061299603751
5000,50,i64-o256,2,aggregated,3,96,96,96,96,1.0,1.0,0.26918178349348154,0.0006358395052080113,68.91053657433127,0.1627749133332509,0.26918178349348154,0.0006358395052080113,68.91053657433127,0.1627749133332509
5000,50,i64-o256,2,disaggregated,3,96,96,96,96,1.0,1.0,0.269717758183404,0.003832365232771815,69.04774609495142,0.9810854995895847,0.269717758183404,0.003832365232771815,69.04774609495142,0.9810854995895847
5000,50,i64-o256,4,aggregated,3,96,96,96,96,1.0,1.0,0.5018380722774222,0.004919935539386469,128.47054650302007,1.259503498082936,0.5018380722774222,0.004919935539386469,128.47054650302007,1.259503498082936
5000,50,i64-o256,4,disaggregated,3,96,66,66,96,0.6875,0.6875,0.2636962365931984,0.005311734717278636,67.50623656785879,1.3598040876233308,0.3835581623173795,0.007726159588768941,98.19088955324915,1.977896854724849
5000,50,i64-o256,8,aggregated,3,96,12,12,96,0.125,0.125,0.06320207874869492,0.0008180485587232819,16.1797321596659,0.20942043103316016,0.5056166299895594,0.006544388469786255,129.4378572773272,1.6753634482652813
5000,50,i64-o256,8,disaggregated,3,96,9,9,96,0.09375,0.09375,0.036038774813117645,0.0009042158415140226,9.225926352158117,0.2314792554275898,0.38441359800658825,0.009644968976149536,98.40988108968659,2.4691120578942813
5000,50,i64-o64,1,aggregated,3,96,96,96,96,1.0,1.0,0.5407570371232046,0.0057328671774340735,34.60845037588509,0.3669034993557807,0.5407570371232046,0.0057328671774340735,34.60845037588509,0.3669034993557807
5000,50,i64-o64,1,disaggregated,3,96,96,96,96,1.0,1.0,0.5327703019269415,0.008553826804920702,34.09729932332426,0.5474449155149249,0.5327703019269415,0.008553826804920702,34.09729932332426,0.5474449155149249
5000,50,i64-o64,2,aggregated,3,96,96,96,96,1.0,1.0,1.0760819012459542,0.004883848551188994,68.86924167974107,0.31256630727609563,1.0760819012459542,0.004883848551188994,68.86924167974107,0.31256630727609563
5000,50,i64-o64,2,disaggregated,3,96,96,96,96,1.0,1.0,1.0619980915836817,0.014895657079479771,67.96787786135563,0.9533220530867054,1.0619980915836817,0.014895657079479771,67.96787786135563,0.9533220530867054
5000,50,i64-o64,4,aggregated,3,96,96,96,96,1.0,1.0,2.0013958188843204,0.023549000906719728,128.0893324085965,1.5071360580300626,2.0013958188843204,0.023549000906719728,128.0893324085965,1.5071360580300626
5000,50,i64-o64,4,disaggregated,3,96,96,96,96,1.0,1.0,1.543640202039512,0.034548528578471245,98.79297293052876,2.2111058290221597,1.543640202039512,0.034548528578471245,98.79297293052876,2.2111058290221597
5000,50,i64-o64,8,aggregated,3,96,96,96,96,1.0,1.0,2.0259607285119743,0.025549662484497044,129.66148662476635,1.6351783990078108,2.0259607285119743,0.025549662484497044,129.66148662476635,1.6351783990078108
5000,50,i64-o64,8,disaggregated,3,96,96,96,96,1.0,1.0,1.5354845179922796,0.038351583028497616,98.2710091515059,2.4545013138238474,1.5354845179922796,0.038351583028497616,98.2710091515059,2.4545013138238474
5000,50,i704-o16,1,aggregated,3,96,96,96,96,1.0,1.0,1.7675390160318332,0.015710485856984677,28.28062425650933,0.25136777371175484,1.7675390160318332,0.015710485856984677,28.28062425650933,0.25136777371175484
5000,50,i704-o16,1,disaggregated,3,96,96,96,96,1.0,1.0,1.5068743964037539,0.015042369053473831,24.109990342460062,0.2406779048555813,1.5068743964037539,0.015042369053473831,24.109990342460062,0.2406779048555813
5000,50,i704-o16,2,aggregated,3,96,96,96,96,1.0,1.0,3.4231353134510694,0.020904963219625067,54.77016501521711,0.33447941151400107,3.4231353134510694,0.020904963219625067,54.77016501521711,0.33447941151400107
5000,50,i704-o16,2,disaggregated,3,96,96,96,96,1.0,1.0,2.9038899371858675,0.025379549177124205,46.46223899497388,0.4060727868339873,2.9038899371858675,0.025379549177124205,46.46223899497388,0.4060727868339873
5000,50,i704-o16,4,aggregated,3,96,96,96,96,1.0,1.0,6.13705847899473,0.026451181948233923,98.19293566391568,0.42321891117174276,6.13705847899473,0.026451181948233923,98.19293566391568,0.42321891117174276
5000,50,i704-o16,4,disaggregated,3,96,96,96,96,1.0,1.0,4.807706438515174,0.1250408454339715,76.92330301624278,2.000653526943544,4.807706438515174,0.1250408454339715,76.92330301624278,2.000653526943544
5000,50,i704-o16,8,aggregated,3,96,96,96,96,1.0,1.0,6.26901513982759,0.05323281135010287,100.30424223724144,0.8517249816016459,6.26901513982759,0.05323281135010287,100.30424223724144,0.8517249816016459
5000,50,i704-o16,8,disaggregated,3,96,96,96,96,1.0,1.0,5.194695140033942,0.1180547323063891,83.11512224054307,1.8888757169022257,5.194695140033942,0.1180547323063891,83.11512224054307,1.8888757169022257
5000,50,i704-o256,1,aggregated,3,96,96,96,96,1.0,1.0,0.13315973441342704,0.0012079164472832916,34.08889200983732,0.30922661050452266,0.13315973441342704,0.0012079164472832916,34.08889200983732,0.30922661050452266
5000,50,i704-o256,1,disaggregated,3,96,96,96,96,1.0,1.0,0.13193384669232183,0.002131816651440936,33.77506475323439,0.5457450627688796,0.13193384669232183,0.002131816651440936,33.77506475323439,0.5457450627688796
5000,50,i704-o256,2,aggregated,3,96,96,96,96,1.0,1.0,0.26410580486760143,0.001362346291233675,67.61108604610597,0.3487606505558208,0.26410580486760143,0.001362346291233675,67.61108604610597,0.3487606505558208
5000,50,i704-o256,2,disaggregated,3,96,96,96,96,1.0,1.0,0.26134501584656855,0.0037909228940693155,66.90432405672155,0.9704762608817448,0.26134501584656855,0.0037909228940693155,66.90432405672155,0.9704762608817448
5000,50,i704-o256,4,aggregated,3,96,96,96,96,1.0,1.0,0.49510610991416354,0.006680299480468798,126.74716413802587,1.7101566670000123,0.49510610991416354,0.006680299480468798,126.74716413802587,1.7101566670000123
5000,50,i704-o256,4,disaggregated,3,96,66,66,96,0.6875,0.6875,0.25984165236191675,0.004980796241531922,66.51946300465069,1.275083837832172,0.3779514943446062,0.007244794533137345,96.75558255221918,1.8546674004831603
5000,50,i704-o256,8,aggregated,3,96,12,12,96,0.125,0.125,0.062038382988529456,0.000754093231474577,15.88182604506354,0.1930478672574917,0.49630706390823565,0.006032745851796616,127.05460836050833,1.5443829380599337
5000,50,i704-o256,8,disaggregated,3,96,9,9,96,0.09375,0.09375,0.035274111869550984,0.0006408091889557797,9.030172638605052,0.1640471523726796,0.3762571932752105,0.006835298015528307,96.32184147845389,1.7498362919752466
5000,50,i704-o64,1,aggregated,3,96,96,96,96,1.0,1.0,0.5129146812802884,0.0037243163276673703,32.82653960193846,0.2383562449707117,0.5129146812802884,0.0037243163276673703,32.82653960193846,0.2383562449707117
5000,50,i704-o64,1,disaggregated,3,96,96,96,96,1.0,1.0,0.4876659180427332,0.007876828035810949,31.210618754734924,0.5041169942919007,0.4876659180427332,0.007876828035810949,31.210618754734924,0.5041169942919007
5000,50,i704-o64,2,aggregated,3,96,96,96,96,1.0,1.0,1.0153539462500099,0.005588110358331045,64.98265256000063,0.35763906293318687,1.0153539462500099,0.005588110358331045,64.98265256000063,0.35763906293318687
5000,50,i704-o64,2,disaggregated,3,96,96,96,96,1.0,1.0,0.9621512714349714,0.015229829721129363,61.57768137183817,0.9747091021522792,0.9621512714349714,0.015229829721129363,61.57768137183817,0.9747091021522792
5000,50,i704-o64,4,aggregated,3,96,96,96,96,1.0,1.0,1.8599615857959877,0.00974979465902817,119.03754149094321,0.6239868581778029,1.8599615857959877,0.00974979465902817,119.03754149094321,0.6239868581778029
5000,50,i704-o64,4,disaggregated,3,96,96,96,96,1.0,1.0,1.4630005116005735,0.027717615942049825,93.6320327424367,1.7739274202911888,1.4630005116005735,0.027717615942049825,93.6320327424367,1.7739274202911888
5000,50,i704-o64,8,aggregated,3,96,96,96,96,1.0,1.0,1.8899157972095058,0.008830952057150027,120.95461102140837,0.5651809316576017,1.8899157972095058,0.008830952057150027,120.95461102140837,0.5651809316576017
5000,50,i704-o64,8,disaggregated,3,96,96,96,96,1.0,1.0,1.4696514602957602,0.02710767303287764,94.05769345892865,1.734891074104169,1.4696514602957602,0.02710767303287764,94.05769345892865,1.734891074104169
5000,50,mixed,1,aggregated,3,96,96,96,96,1.0,1.0,0.2261834766108772,0.00161737723607549,34.15370496824246,0.24422396264740048,0.2261834766108772,0.00161737723607549,34.15370496824246,0.24422396264740048
5000,50,mixed,1,disaggregated,3,96,96,96,96,1.0,1.0,0.22444138376508363,0.0033440931328650994,33.89064894852763,0.5049580630626318,0.22444138376508363,0.0033440931328650994,33.89064894852763,0.5049580630626318
5000,50,mixed,2,aggregated,3,96,96,96,96,1.0,1.0,0.44730072718407815,0.004167870441603936,67.54240980479581,0.6293484366821898,0.44730072718407815,0.004167870441603936,67.54240980479581,0.6293484366821898
5000,50,mixed,2,disaggregated,3,96,89,89,96,0.90625,0.9270833333333334,0.35856400311950176,0.01152018027087311,53.11658454766733,1.5386625871379163,0.38683378874800795,0.0028800321584030067,58.4119021009492,0.4348848559188518
5000,50,mixed,4,aggregated,3,96,87,87,96,0.90625,0.90625,0.6063758049464151,0.006846234407052732,95.01281578194863,1.072734108470611,0.6691043364925959,0.007554465552609897,101.034754810382,1.1407242984440988
5000,50,mixed,4,disaggregated,3,96,70,70,96,0.71875,0.7291666666666666,0.4240173783017783,0.002684826223251574,67.87238836525198,1.8478181166632761,0.581791526784986,0.017240912705006384,87.85052054453288,2.603377818455967
5000,50,mixed,8,aggregated,3,96,48,48,96,0.46875,0.5,0.3570078489120262,0.06914565642360329,59.214084741276054,10.669975289570477,0.7098480381050456,0.05799319648479546,107.18705375386189,8.75697266920412
5000,50,mixed,8,disaggregated,3,96,36,36,96,0.34375,0.375,0.22199026056551813,0.014469739271071274,40.56151624546446,2.1876388912255718,0.5925752017704643,0.01083443006427746,89.4788554673401,1.6359989397058987
10000,25,i256-o16,1,aggregated,3,96,32,96,32,0.28125,0.3333333333333333,0.6987902535651195,0.10231448951914338,11.180644057041912,1.637031832306294,2.095743024165223,0.00926042345225116,33.531888386643566,0.14816677523601857
10000,25,i256-o16,1,disaggregated,3,96,32,96,32,0.21875,0.3333333333333333,0.6288556069794914,0.21831085503910397,10.061689711671862,3.4929736806256635,1.8779790777557706,0.03930303639384769,30.04766524409233,0.628848582301563
10000,25,i256-o16,2,aggregated,3,96,27,96,27,0.21875,0.28125,1.1595959115896293,0.26055396810499126,18.55353458543407,4.16886348967986,4.121102994620531,0.02270022132089188,65.9376479139285,0.36320354113427006
10000,25,i256-o16,2,disaggregated,3,96,28,96,28,0.1875,0.2916666666666667,1.0925485582030663,0.4235817087570164,17.48077693124906,6.777307340112262,3.7332473317280837,0.05683451735659063,59.73195730764934,0.9093522777054501
10000,25,i256-o16,4,aggregated,3,96,8,96,8,0.0625,0.08333333333333333,0.6304576080658308,0.14518717846872928,10.087321729053293,2.3229948554996684,7.549238361982489,0.19520763464891508,120.78781379171983,3.1233221543826413
10000,25,i256-o16,4,disaggregated,3,96,9,96,9,0.0625,0.09375,0.5436141657649545,0.1789970131544665,8.697826652239272,2.863952210471464,5.810593578392465,0.13308093979812466,92.96949725427945,2.1292950367699945
10000,25,i256-o16,8,aggregated,3,96,13,96,13,0.09375,0.13541666666666666,1.0378519408066509,0.3521616664034828,16.605631052906414,5.634586662455725,7.6864815158297635,0.0974544058928763,122.98370425327622,1.5592704942860207
10000,25,i256-o16,8,disaggregated,3,96,12,96,12,0.09375,0.125,0.7365951956254905,0.19231226876500548,11.785523130007848,3.0769963002400877,5.880239402270708,0.09013848278998511,94.08383043633133,1.4422157246397618
10000,25,i256-o256,1,aggregated,3,96,0,96,0,0.0,0.0,0.0,0.0,0.0,0.0,0.13468152047288184,0.0009767785451678136,34.47846924105775,0.2500553075629603
10000,25,i256-o256,1,disaggregated,3,96,0,96,0,0.0,0.0,0.0,0.0,0.0,0.0,0.1340783425654771,0.002039709424550647,34.32405569676214,0.5221656126849656
10000,25,i256-o256,2,aggregated,3,96,0,96,0,0.0,0.0,0.0,0.0,0.0,0.0,0.2682490491074594,0.0010473976364467066,68.6717565715096,0.2681337949303569
10000,25,i256-o256,2,disaggregated,3,96,0,96,0,0.0,0.0,0.0,0.0,0.0,0.0,0.2669674524931047,0.004201077372182297,68.34366783823481,1.075475807278668
10000,25,i256-o256,4,aggregated,3,96,0,96,0,0.0,0.0,0.0,0.0,0.0,0.0,0.5023034342476068,0.004622936634290753,128.58967916738735,1.1834717783784328
10000,25,i256-o256,4,disaggregated,3,96,0,96,0,0.0,0.0,0.0,0.0,0.0,0.0,0.3827854162958466,0.008871425275032901,97.99306657173673,2.2710848704084228
10000,25,i256-o256,8,aggregated,3,96,0,96,0,0.0,0.0,0.0,0.0,0.0,0.0,0.5027104281091086,0.005674246352636646,128.6938695959318,1.4526070662749815
10000,25,i256-o256,8,disaggregated,3,96,0,42,0,0.0,0.0,0.0,0.0,0.0,0.0,0.37997334334851557,0.006318956168215353,97.27317589721999,1.6176527790631303
10000,25,i256-o64,1,aggregated,3,96,0,96,0,0.0,0.0,0.0,0.0,0.0,0.0,0.5371730481620268,0.004071085573812895,34.37907508236972,0.2605494767240253
10000,25,i256-o64,1,disaggregated,3,96,0,96,0,0.0,0.0,0.0,0.0,0.0,0.0,0.521395680355397,0.007589752506458044,33.369323542745406,0.4857441604133148
10000,25,i256-o64,2,aggregated,3,96,0,96,0,0.0,0.0,0.0,0.0,0.0,0.0,1.0668221017734503,0.004768924920999102,68.27661451350082,0.30521119494394255
10000,25,i256-o64,2,disaggregated,3,96,0,96,0,0.0,0.0,0.0,0.0,0.0,0.0,1.038939472508178,0.013320016656098803,66.49212624052339,0.8524810659903234
10000,25,i256-o64,4,aggregated,3,96,0,96,0,0.0,0.0,0.0,0.0,0.0,0.0,1.975817126195673,0.0057593728230623115,126.45229607652307,0.36859986067598793
10000,25,i256-o64,4,disaggregated,3,96,0,96,0,0.0,0.0,0.0,0.0,0.0,0.0,1.5125377519478755,0.019817767080911906,96.80241612466403,1.268337093178362
10000,25,i256-o64,8,aggregated,3,96,0,96,0,0.0,0.0,0.0,0.0,0.0,0.0,1.9922015938518371,0.015706642949864118,127.50090200651758,1.0052251487913035
10000,25,i256-o64,8,disaggregated,3,96,0,96,0,0.0,0.0,0.0,0.0,0.0,0.0,1.50892125619985,0.02171101314456493,96.5709603967904,1.3895048412521556
10000,25,i64-o16,1,aggregated,3,96,30,96,30,0.28125,0.3125,0.6629578935109844,0.0696705488710359,10.607326296175751,1.1147287819365743,2.120744658231485,0.010853245263595452,33.93191453170376,0.17365192421752723
10000,25,i64-o16,1,disaggregated,3,96,42,96,42,0.25,0.4375,0.9023649161031415,0.34986670890389643,14.437838657650264,5.597867342462343,2.0556847531098885,0.027501446169903385,32.890956049758216,0.44002313871845417
10000,25,i64-o16,2,aggregated,3,96,34,96,34,0.28125,0.3541666666666667,1.4940320144264052,0.27581078740823256,23.904512230822483,4.412972598531721,4.217835986081198,0.009471339556007987,67.48537577729917,0.1515414328961278
10000,25,i64-o16,2,disaggregated,3,96,33,96,33,0.21875,0.34375,1.3644079103902176,0.4361141898599375,21.83052656624348,6.977827037759,3.964687804867304,0.07208857292455283,63.435004877876864,1.1534171667928452
10000,25,i64-o16,4,aggregated,3,96,9,96,9,0.09375,0.09375,0.7316227650448571,0.003909791196496226,11.705964240717714,0.06255665914393961,7.803976160478475,0.04170443942929311,124.8636185676556,0.6672710308686898
10000,25,i64-o16,4,disaggregated,3,96,11,96,11,0.03125,0.11458333333333333,0.6769213895108881,0.5806749914962149,10.83074223217421,9.290799863939439,5.640218821154343,0.7724160768234212,90.24350113846948,12.358657229174739
10000,25,i64-o16,8,aggregated,3,96,8,96,8,0.0625,0.08333333333333333,0.6441182857691773,0.27393814059425303,10.305892572306837,4.3830102495080485,7.744913468815028,0.10533698778079977,123.91861550104045,1.6853918044927962
10000,25,i64-o16,8,disaggregated,3,96,12,96,12,0.125,0.125,0.7400360138886077,0.04329224382614132,11.840576222217724,0.6926759012182612,5.920288111108862,0.3463379506091306,94.72460977774179,5.541407209746089
10000,25,i64-o256,1,aggregated,3,96,0,96,0,0.0,0.0,0.0,0.0,0.0,0.0,0.13529434025893733,0.0009768817592908968,34.635351106287956,0.2500817303784696
10000,25,i64-o256,1,disaggregated,3,96,0,96,0,0.0,0.0,0.0,0.0,0.0,0.0,0.13486909063847818,0.0020652583201577154,34.526487203450415,0.5287061299603751
10000,25,i64-o256,2,aggregated,3,96,0,96,0,0.0,0.0,0.0,0.0,0.0,0.0,0.26918178349348154,0.0006358395052080113,68.91053657433127,0.1627749133332509
10000,25,i64-o256,2,disaggregated,3,96,0,96,0,0.0,0.0,0.0,0.0,0.0,0.0,0.269717758183404,0.003832365232771815,69.04774609495142,0.9810854995895847
10000,25,i64-o256,4,aggregated,3,96,0,96,0,0.0,0.0,0.0,0.0,0.0,0.0,0.5018380722774222,0.004919935539386469,128.47054650302007,1.259503498082936
10000,25,i64-o256,4,disaggregated,3,96,0,96,0,0.0,0.0,0.0,0.0,0.0,0.0,0.3835581623173795,0.007726159588768941,98.19088955324915,1.977896854724849
10000,25,i64-o256,8,aggregated,3,96,0,96,0,0.0,0.0,0.0,0.0,0.0,0.0,0.5056166299895594,0.006544388469786255,129.4378572773272,1.6753634482652813
10000,25,i64-o256,8,disaggregated,3,96,0,42,0,0.0,0.0,0.0,0.0,0.0,0.0,0.38441359800658825,0.009644968976149536,98.40988108968659,2.4691120578942813
10000,25,i64-o64,1,aggregated,3,96,0,96,0,0.0,0.0,0.0,0.0,0.0,0.0,0.5407570371232046,0.0057328671774340735,34.60845037588509,0.3669034993557807
10000,25,i64-o64,1,disaggregated,3,96,0,96,0,0.0,0.0,0.0,0.0,0.0,0.0,0.5327703019269415,0.008553826804920702,34.09729932332426,0.5474449155149249
10000,25,i64-o64,2,aggregated,3,96,0,96,0,0.0,0.0,0.0,0.0,0.0,0.0,1.0760819012459542,0.004883848551188994,68.86924167974107,0.31256630727609563
10000,25,i64-o64,2,disaggregated,3,96,0,96,0,0.0,0.0,0.0,0.0,0.0,0.0,1.0619980915836817,0.014895657079479771,67.96787786135563,0.9533220530867054
10000,25,i64-o64,4,aggregated,3,96,0,96,0,0.0,0.0,0.0,0.0,0.0,0.0,2.0013958188843204,0.023549000906719728,128.0893324085965,1.5071360580300626
10000,25,i64-o64,4,disaggregated,3,96,0,96,0,0.0,0.0,0.0,0.0,0.0,0.0,1.543640202039512,0.034548528578471245,98.79297293052876,2.2111058290221597
10000,25,i64-o64,8,aggregated,3,96,0,96,0,0.0,0.0,0.0,0.0,0.0,0.0,2.0259607285119743,0.025549662484497044,129.66148662476635,1.6351783990078108
10000,25,i64-o64,8,disaggregated,3,96,0,96,0,0.0,0.0,0.0,0.0,0.0,0.0,1.5354845179922796,0.038351583028497616,98.2710091515059,2.4545013138238474
10000,25,i704-o16,1,aggregated,3,96,37,96,37,0.34375,0.3854166666666667,0.6814031031686195,0.0869639484459665,10.902449650697912,1.391423175135464,1.7675390160318332,0.015710485856984677,28.28062425650933,0.25136777371175484
10000,25,i704-o16,1,disaggregated,3,96,38,96,38,0.34375,0.3958333333333333,0.5969469029534998,0.07758874581029279,9.551150447255997,1.2414199329646847,1.5068743964037539,0.015042369053473831,24.109990342460062,0.2406779048555813
10000,25,i704-o16,2,aggregated,3,96,35,96,35,0.28125,0.3645833333333333,1.2474801942590905,0.24353911483393256,19.959683108145448,3.896625837342921,3.4231353134510694,0.020904963219625067,54.77016501521711,0.33447941151400107
10000,25,i704-o16,2,disaggregated,3,96,31,96,31,0.28125,0.3229166666666667,0.9383192426453473,0.11238594674476214,15.013107882325556,1.7981751479161943,2.9038899371858675,0.025379549177124205,46.46223899497388,0.4060727868339873
10000,25,i704-o16,4,aggregated,3,96,25,96,25,0.25,0.2604166666666667,1.598074187923176,0.10824054141403133,25.569187006770814,1.7318486626245013,6.13705847899473,0.026451181948233923,98.19293566391568,0.42321891117174276
10000,25,i704-o16,4,disaggregated,3,96,25,96,25,0.25,0.2604166666666667,1.2524458923649409,0.10114660037529495,20.039134277839054,1.6183456060047192,4.807706438515174,0.1250408454339715,76.92330301624278,2.000653526943544
10000,25,i704-o16,8,aggregated,3,96,25,96,25,0.25,0.2604166666666667,1.6331899257868328,0.12739391463152014,26.131038812589324,2.038302634104322,6.26901513982759,0.05323281135010287,100.30424223724144,0.8517249816016459
10000,25,i704-o16,8,disaggregated,3,96,22,96,22,0.21875,0.22916666666666666,1.191162642584856,0.11018905843609643,19.058602281357697,1.7630249349775429,5.194695140033942,0.1180547323063891,83.11512224054307,1.8888757169022257
10000,25,i704-o256,1,aggregated,3,96,0,96,0,0.0,0.0,0.0,0.0,0.0,0.0,0.13315973441342704,0.0012079164472832916,34.08889200983732,0.30922661050452266
10000,25,i704-o256,1,disaggregated,3,96,0,96,0,0.0,0.0,0.0,0.0,0.0,0.0,0.13193384669232183,0.002131816651440936,33.77506475323439,0.5457450627688796
10000,25,i704-o256,2,aggregated,3,96,0,96,0,0.0,0.0,0.0,0.0,0.0,0.0,0.26410580486760143,0.001362346291233675,67.61108604610597,0.3487606505558208
10000,25,i704-o256,2,disaggregated,3,96,0,96,0,0.0,0.0,0.0,0.0,0.0,0.0,0.26134501584656855,0.0037909228940693155,66.90432405672155,0.9704762608817448
10000,25,i704-o256,4,aggregated,3,96,0,96,0,0.0,0.0,0.0,0.0,0.0,0.0,0.49510610991416354,0.006680299480468798,126.74716413802587,1.7101566670000123
10000,25,i704-o256,4,disaggregated,3,96,0,96,0,0.0,0.0,0.0,0.0,0.0,0.0,0.3779514943446062,0.007244794533137345,96.75558255221918,1.8546674004831603
10000,25,i704-o256,8,aggregated,3,96,0,96,0,0.0,0.0,0.0,0.0,0.0,0.0,0.49630706390823565,0.006032745851796616,127.05460836050833,1.5443829380599337
10000,25,i704-o256,8,disaggregated,3,96,0,42,0,0.0,0.0,0.0,0.0,0.0,0.0,0.3762571932752105,0.006835298015528307,96.32184147845389,1.7498362919752466
10000,25,i704-o64,1,aggregated,3,96,0,96,0,0.0,0.0,0.0,0.0,0.0,0.0,0.5129146812802884,0.0037243163276673703,32.82653960193846,0.2383562449707117
10000,25,i704-o64,1,disaggregated,3,96,0,96,0,0.0,0.0,0.0,0.0,0.0,0.0,0.4876659180427332,0.007876828035810949,31.210618754734924,0.5041169942919007
10000,25,i704-o64,2,aggregated,3,96,0,96,0,0.0,0.0,0.0,0.0,0.0,0.0,1.0153539462500099,0.005588110358331045,64.98265256000063,0.35763906293318687
10000,25,i704-o64,2,disaggregated,3,96,0,96,0,0.0,0.0,0.0,0.0,0.0,0.0,0.9621512714349714,0.015229829721129363,61.57768137183817,0.9747091021522792
10000,25,i704-o64,4,aggregated,3,96,0,96,0,0.0,0.0,0.0,0.0,0.0,0.0,1.8599615857959877,0.00974979465902817,119.03754149094321,0.6239868581778029
10000,25,i704-o64,4,disaggregated,3,96,0,96,0,0.0,0.0,0.0,0.0,0.0,0.0,1.4630005116005735,0.027717615942049825,93.6320327424367,1.7739274202911888
10000,25,i704-o64,8,aggregated,3,96,0,96,0,0.0,0.0,0.0,0.0,0.0,0.0,1.8899157972095058,0.008830952057150027,120.95461102140837,0.5651809316576017
10000,25,i704-o64,8,disaggregated,3,96,0,96,0,0.0,0.0,0.0,0.0,0.0,0.0,1.4696514602957602,0.02710767303287764,94.05769345892865,1.734891074104169
10000,25,mixed,1,aggregated,3,96,18,96,18,0.1875,0.1875,0.042409401864539474,0.0003032582317641552,0.6785504298326316,0.0048521317082264835,0.2261834766108772,0.00161737723607549,34.15370496824246,0.24422396264740048
10000,25,mixed,1,disaggregated,3,96,16,96,16,0.15625,0.16666666666666666,0.03742932161529857,0.004400985783354958,0.5988691458447771,0.07041577253367932,0.22444138376508363,0.0033440931328650994,33.89064894852763,0.5049580630626318
10000,25,mixed,2,aggregated,3,96,16,96,16,0.125,0.16666666666666666,0.07458612883206114,0.016375109750876745,1.1933780613129783,0.2620017560140279,0.44730072718407815,0.004167870441603936,67.54240980479581,0.6293484366821898
10000,25,mixed,2,disaggregated,3,96,16,96,16,0.15625,0.16666666666666666,0.06450042230066312,0.007398054050558615,1.03200675681061,0.11836886480893784,0.38683378874800795,0.0028800321584030067,58.4119021009492,0.4348848559188518
10000,25,mixed,4,aggregated,3,96,13,96,13,0.125,0.13541666666666666,0.09056532865607303,0.011586299590727742,1.4490452584971685,0.18538079345164388,0.6691043364925959,0.007554465552609897,101.034754810382,1.1407242984440988
10000,25,mixed,4,disaggregated,3,96,11,92,12,0.09375,0.11458333333333333,0.06682244675234705,0.021938566665193237,1.0691591480375529,0.3510170666430918,0.581791526784986,0.017240912705006384,87.85052054453288,2.603377818455967
10000,25,mixed,8,aggregated,3,96,13,89,15,0.09375,0.13541666666666666,0.0959441591542844,0.03247373962564757,1.5351065464685505,0.5195798340103611,0.7098480381050456,0.05799319648479546,107.18705375386189,8.75697266920412
10000,25,mixed,8,disaggregated,3,96,8,70,13,0.0625,0.08333333333333333,0.04916228319555662,0.0204377880952519,0.7865965311289059,0.3270046095240304,0.5925752017704643,0.01083443006427746,89.4788554673401,1.6359989397058987
10000,30,i256-o16,1,aggregated,3,96,96,96,96,1.0,1.0,2.095743024165223,0.00926042345225116,33.531888386643566,0.14816677523601857,2.095743024165223,0.00926042345225116,33.531888386643566,0.14816677523601857
10000,30,i256-o16,1,disaggregated,3,96,96,96,96,1.0,1.0,1.8779790777557706,0.03930303639384769,30.04766524409233,0.628848582301563,1.8779790777557706,0.03930303639384769,30.04766524409233,0.628848582301563
10000,30,i256-o16,2,aggregated,3,96,96,96,96,1.0,1.0,4.121102994620531,0.02270022132089188,65.9376479139285,0.36320354113427006,4.121102994620531,0.02270022132089188,65.9376479139285,0.36320354113427006
10000,30,i256-o16,2,disaggregated,3,96,96,96,96,1.0,1.0,3.7332473317280837,0.05683451735659063,59.73195730764934,0.9093522777054501,3.7332473317280837,0.05683451735659063,59.73195730764934,0.9093522777054501
10000,30,i256-o16,4,aggregated,3,96,87,96,87,0.84375,0.90625,6.851833919302931,0.8047180672160116,109.62934270884689,12.875489075456185,7.549238361982489,0.19520763464891508,120.78781379171983,3.1233221543826413
10000,30,i256-o16,4,disaggregated,3,96,82,96,82,0.65625,0.8541666666666666,4.97766876565791,1.0976490754566879,79.64270025052656,17.562385207307006,5.810593578392465,0.13308093979812466,92.96949725427945,2.1292950367699945
10000,30,i256-o16,8,aggregated,3,96,90,96,90,0.90625,0.9375,7.207937370266361,0.32512281390486863,115.32699792426178,5.201965022477898,7.6864815158297635,0.0974544058928763,122.98370425327622,1.5592704942860207
10000,30,i256-o16,8,disaggregated,3,96,82,96,82,0.8125,0.8541666666666666,5.024868753673524,0.28719839910394007,80.39790005877639,4.595174385663041,5.880239402270708,0.09013848278998511,94.08383043633133,1.4422157246397618
10000,30,i256-o256,1,aggregated,3,96,96,96,96,1.0,1.0,0.13468152047288184,0.0009767785451678136,34.47846924105775,0.2500553075629603,0.13468152047288184,0.0009767785451678136,34.47846924105775,0.2500553075629603
10000,30,i256-o256,1,disaggregated,3,96,93,96,93,0.90625,0.96875,0.12996198458772476,0.009169203925790766,33.27026805445754,2.347316205002436,0.1340783425654771,0.002039709424550647,34.32405569676214,0.5221656126849656
10000,30,i256-o256,2,aggregated,3,96,96,96,96,1.0,1.0,0.2682490491074594,0.0010473976364467066,68.6717565715096,0.2681337949303569,0.2682490491074594,0.0010473976364467066,68.6717565715096,0.2681337949303569
10000,30,i256-o256,2,disaggregated,3,96,91,96,91,0.84375,0.9479166666666666,0.25331470564994235,0.027836359000380614,64.84856464638524,7.126107904097437,0.2669674524931047,0.004201077372182297,68.34366783823481,1.075475807278668
10000,30,i256-o256,4,aggregated,3,96,43,96,43,0.4375,0.4479166666666667,0.22504568469664035,0.011181486771656477,57.61169528233993,2.8624606135440582,0.5023034342476068,0.004622936634290753,128.58967916738735,1.1834717783784328
10000,30,i256-o256,4,disaggregated,3,96,79,96,79,0.46875,0.8229166666666666,0.3168133427463813,0.12313310180654562,81.10421574307361,31.522074062475678,0.3827854162958466,0.008871425275032901,97.99306657173673,2.2710848704084228
10000,30,i256-o256,8,aggregated,3,96,38,96,38,0.375,0.3958333333333333,0.1990057989467052,0.009848686258091164,50.94548453035653,2.521263682071338,0.5027104281091086,0.005674246352636646,128.6938695959318,1.4526070662749815
10000,30,i256-o256,8,disaggregated,3,96,37,42,81,0.34375,0.3854166666666667,0.14659999461719597,0.016013956213870716,37.52959862200217,4.099572790750903,0.37997334334851557,0.006318956168215353,97.27317589721999,1.6176527790631303
10000,30,i256-o64,1,aggregated,3,96,96,96,96,1.0,1.0,0.5371730481620268,0.004071085573812895,34.37907508236972,0.2605494767240253,0.5371730481620268,0.004071085573812895,34.37907508236972,0.2605494767240253
10000,30,i256-o64,1,disaggregated,3,96,96,96,96,1.0,1.0,0.521395680355397,0.007589752506458044,33.369323542745406,0.4857441604133148,0.521395680355397,0.007589752506458044,33.369323542745406,0.4857441604133148
10000,30,i256-o64,2,aggregated,3,96,96,96,96,1.0,1.0,1.0668221017734503,0.004768924920999102,68.27661451350082,0.30521119494394255,1.0668221017734503,0.004768924920999102,68.27661451350082,0.30521119494394255
10000,30,i256-o64,2,disaggregated,3,96,96,96,96,1.0,1.0,1.038939472508178,0.013320016656098803,66.49212624052339,0.8524810659903234,1.038939472508178,0.013320016656098803,66.49212624052339,0.8524810659903234
10000,30,i256-o64,4,aggregated,3,96,62,96,62,0.59375,0.6458333333333334,1.2761595059891178,0.09645434803382129,81.67420838330354,6.1730782741645625,1.975817126195673,0.0057593728230623115,126.45229607652307,0.36859986067598793
10000,30,i256-o64,4,disaggregated,3,96,82,96,82,0.59375,0.8541666666666666,1.2949451225509914,0.356314617790345,82.87648784326345,22.80413553858208,1.5125377519478755,0.019817767080911906,96.80241612466403,1.268337093178362
10000,30,i256-o64,8,aggregated,3,96,66,96,66,0.5625,0.6875,1.3688910380991375,0.24211427986941894,87.6090264383448,15.495313911642812,1.9922015938518371,0.015706642949864118,127.50090200651758,1.0052251487913035
10000,30,i256-o64,8,disaggregated,3,96,80,96,80,0.71875,0.8333333333333334,1.2588256974010963,0.18067268863283054,80.56484463367016,11.563052072501154,1.50892125619985,0.02171101314456493,96.5709603967904,1.3895048412521556
10000,30,i64-o16,1,aggregated,3,96,96,96,96,1.0,1.0,2.120744658231485,0.010853245263595452,33.93191453170376,0.17365192421752723,2.120744658231485,0.010853245263595452,33.93191453170376,0.17365192421752723
10000,30,i64-o16,1,disaggregated,3,96,96,96,96,1.0,1.0,2.0556847531098885,0.027501446169903385,32.890956049758216,0.44002313871845417,2.0556847531098885,0.027501446169903385,32.890956049758216,0.44002313871845417
10000,30,i64-o16,2,aggregated,3,96,96,96,96,1.0,1.0,4.217835986081198,0.009471339556007987,67.48537577729917,0.1515414328961278,4.217835986081198,0.009471339556007987,67.48537577729917,0.1515414328961278
10000,30,i64-o16,2,disaggregated,3,96,94,96,94,0.9375,0.9791666666666666,3.883266355516325,0.19716960669247482,62.1322616882612,3.154713707079597,3.964687804867304,0.07208857292455283,63.435004877876864,1.1534171667928452
10000,30,i64-o16,4,aggregated,3,96,93,96,93,0.96875,0.96875,7.560101905463523,0.040401175697127326,120.96163048741637,0.6464188111540372,7.803976160478475,0.04170443942929311,124.8636185676556,0.6672710308686898
10000,30,i64-o16,4,disaggregated,3,96,71,96,71,0.21875,0.7395833333333334,4.399758289688732,2.9113482190376403,70.39613263501971,46.581571504602245,5.640218821154343,0.7724160768234212,90.24350113846948,12.358657229174739
10000,30,i64-o16,8,aggregated,3,96,88,96,88,0.875,0.9166666666666666,7.102659217351028,0.46416549265221374,113.64254747761645,7.42664788243542,7.744913468815028,0.10533698778079977,123.91861550104045,1.6853918044927962
10000,30,i64-o16,8,disaggregated,3,96,82,96,82,0.625,0.8541666666666666,5.101352170369387,1.4257236434179124,81.6216347259102,22.811578294686598,5.920288111108862,0.3463379506091306,94.72460977774179,5.541407209746089
10000,30,i64-o256,1,aggregated,3,96,96,96,96,1.0,1.0,0.13529434025893733,0.0009768817592908968,34.635351106287956,0.2500817303784696,0.13529434025893733,0.0009768817592908968,34.635351106287956,0.2500817303784696
10000,30,i64-o256,1,disaggregated,3,96,94,96,94,0.9375,0.9791666666666666,0.13210900011481652,0.00684586966101398,33.81990402939303,1.7525426332195788,0.13486909063847818,0.0020652583201577154,34.526487203450415,0.5287061299603751
10000,30,i64-o256,2,aggregated,3,96,96,96,96,1.0,1.0,0.26918178349348154,0.0006358395052080113,68.91053657433127,0.1627749133332509,0.26918178349348154,0.0006358395052080113,68.91053657433127,0.1627749133332509
10000,30,i64-o256,2,disaggregated,3,96,94,96,94,0.9375,0.9791666666666666,0.26419020993016606,0.013387921648446321,67.63269374212251,3.4273079420022583,0.269717758183404,0.003832365232771815,69.04774609495142,0.9810854995895847
10000,30,i64-o256,4,aggregated,3,96,42,96,42,0.3125,0.4375,0.21974230983192453,0.05777731991690918,56.25403131697268,14.79099389872875,0.5018380722774222,0.004919935539386469,128.47054650302007,1.259503498082936
10000,30,i64-o256,4,disaggregated,3,96,82,96,82,0.5625,0.8541666666666666,0.32892351599331987,0.10235549185050018,84.20442009428989,26.203005913728045,0.3835581623173795,0.007726159588768941,98.19088955324915,1.977896854724849
10000,30,i64-o256,8,aggregated,3,96,41,96,41,0.3125,0.4270833333333333,0.21649036460754834,0.06681836802212184,55.421533339532374,17.10550221366319,0.5056166299895594,0.006544388469786255,129.4378572773272,1.6753634482652813
10000,30,i64-o256,8,disaggregated,3,96,38,42,83,0.3125,0.3958333333333333,0.15262775886578137,0.031158583406680734,39.07270626964003,7.976597352110268,0.38441359800658825,0.009644968976149536,98.40988108968659,2.4691120578942813
10000,30,i64-o64,1,aggregated,3,96,96,96,96,1.0,1.0,0.5407570371232046,0.0057328671774340735,34.60845037588509,0.3669034993557807,0.5407570371232046,0.0057328671774340735,34.60845037588509,0.3669034993557807
10000,30,i64-o64,1,disaggregated,3,96,95,96,95,0.96875,0.9895833333333334,0.5273212429501303,0.017893263482388004,33.74855954880834,1.1451688628728323,0.5327703019269415,0.008553826804920702,34.09729932332426,0.5474449155149249
10000,30,i64-o64,2,aggregated,3,96,96,96,96,1.0,1.0,1.0760819012459542,0.004883848551188994,68.86924167974107,0.31256630727609563,1.0760819012459542,0.004883848551188994,68.86924167974107,0.31256630727609563
10000,30,i64-o64,2,disaggregated,3,96,96,96,96,1.0,1.0,1.0619980915836817,0.014895657079479771,67.96787786135563,0.9533220530867054,1.0619980915836817,0.014895657079479771,67.96787786135563,0.9533220530867054
10000,30,i64-o64,4,aggregated,3,96,70,96,70,0.625,0.7291666666666666,1.4613760899657564,0.2788955874619162,93.52806975780841,17.849317597562635,2.0013958188843204,0.023549000906719728,128.0893324085965,1.5071360580300626
10000,30,i64-o64,4,disaggregated,3,96,91,96,91,0.84375,0.9479166666666666,1.4653196004844489,0.17019788649091622,93.78045443100473,10.892664735418638,1.543640202039512,0.034548528578471245,98.79297293052876,2.2111058290221597
10000,30,i64-o64,8,aggregated,3,96,76,96,76,0.75,0.7916666666666666,1.605068686693918,0.16678430748693834,102.72439594841074,10.674195679164054,2.0259607285119743,0.025549662484497044,129.66148662476635,1.6351783990078108
10000,30,i64-o64,8,disaggregated,3,96,88,96,88,0.75,0.9166666666666666,1.4111959601787631,0.25343245227972344,90.31654145144084,16.2196769459023,1.5354845179922796,0.038351583028497616,98.2710091515059,2.4545013138238474
10000,30,i704-o16,1,aggregated,3,96,96,96,96,1.0,1.0,1.7675390160318332,0.015710485856984677,28.28062425650933,0.25136777371175484,1.7675390160318332,0.015710485856984677,28.28062425650933,0.25136777371175484
10000,30,i704-o16,1,disaggregated,3,96,96,96,96,1.0,1.0,1.5068743964037539,0.015042369053473831,24.109990342460062,0.2406779048555813,1.5068743964037539,0.015042369053473831,24.109990342460062,0.2406779048555813
10000,30,i704-o16,2,aggregated,3,96,96,96,96,1.0,1.0,3.4231353134510694,0.020904963219625067,54.77016501521711,0.33447941151400107,3.4231353134510694,0.020904963219625067,54.77016501521711,0.33447941151400107
10000,30,i704-o16,2,disaggregated,3,96,96,96,96,1.0,1.0,2.9038899371858675,0.025379549177124205,46.46223899497388,0.4060727868339873,2.9038899371858675,0.025379549177124205,46.46223899497388,0.4060727868339873
10000,30,i704-o16,4,aggregated,3,96,89,96,89,0.875,0.9270833333333334,5.690115781169725,0.30981333296684654,91.0418524987156,4.957013327469545,6.13705847899473,0.026451181948233923,98.19293566391568,0.42321891117174276
10000,30,i704-o16,4,disaggregated,3,96,75,96,75,0.6875,0.78125,3.762320822464851,0.4824520224157195,60.19713315943761,7.719232358651512,4.807706438515174,0.1250408454339715,76.92330301624278,2.000653526943544
10000,30,i704-o16,8,aggregated,3,96,89,96,89,0.90625,0.9270833333333334,5.812294555594279,0.1485043661641767,92.99671288950846,2.376069858626827,6.26901513982759,0.05323281135010287,100.30424223724144,0.8517249816016459
10000,30,i704-o16,8,disaggregated,3,96,52,96,52,0.5,0.5416666666666666,2.8145082434265234,0.27027064058018674,45.032131894824374,4.324330249282988,5.194695140033942,0.1180547323063891,83.11512224054307,1.8888757169022257
10000,30,i704-o256,1,aggregated,3,96,96,96,96,1.0,1.0,0.13315973441342704,0.0012079164472832916,34.08889200983732,0.30922661050452266,0.13315973441342704,0.0012079164472832916,34.08889200983732,0.30922661050452266
10000,30,i704-o256,1,disaggregated,3,96,95,96,95,0.96875,0.9895833333333334,0.13058516528652345,0.0044672678937833585,33.42980231335,1.1436205808085398,0.13193384669232183,0.002131816651440936,33.77506475323439,0.5457450627688796
10000,30,i704-o256,2,aggregated,3,96,96,96,96,1.0,1.0,0.26410580486760143,0.001362346291233675,67.61108604610597,0.3487606505558208,0.26410580486760143,0.001362346291233675,67.61108604610597,0.3487606505558208
10000,30,i704-o256,2,disaggregated,3,96,92,96,92,0.875,0.9583333333333334,0.2506379148767757,0.0223341608979687,64.16330620845459,5.717545189879988,0.26134501584656855,0.0037909228940693155,66.90432405672155,0.9704762608817448
10000,30,i704-o256,4,aggregated,3,96,37,96,37,0.25,0.3854166666666667,0.1910343861447184,0.059671881414132696,48.90480285304791,15.27600164201797,0.49510610991416354,0.006680299480468798,126.74716413802587,1.7101566670000123
10000,30,i704-o256,4,disaggregated,3,96,77,96,77,0.4375,0.8020833333333334,0.3046710348378406,0.12398704101530758,77.99578491848719,31.74068249991874,0.3779514943446062,0.007244794533137345,96.75558255221918,1.8546674004831603
10000,30,i704-o256,8,aggregated,3,96,43,96,43,0.40625,0.4479166666666667,0.22259412341052223,0.038768198836303856,56.98409559309369,9.924658902093787,0.49630706390823565,0.006032745851796616,127.05460836050833,1.5443829380599337
10000,30,i704-o256,8,disaggregated,3,96,35,42,70,0.3125,0.3645833333333333,0.13739214779025297,0.020301287894419394,35.17238983430476,5.197129700971365,0.3762571932752105,0.006835298015528307,96.32184147845389,1.7498362919752466
10000,30,i704-o64,1,aggregated,3,96,96,96,96,1.0,1.0,0.5129146812802884,0.0037243163276673703,32.82653960193846,0.2383562449707117,0.5129146812802884,0.0037243163276673703,32.82653960193846,0.2383562449707117
10000,30,i704-o64,1,disaggregated,3,96,96,96,96,1.0,1.0,0.4876659180427332,0.007876828035810949,31.210618754734924,0.5041169942919007,0.4876659180427332,0.007876828035810949,31.210618754734924,0.5041169942919007
10000,30,i704-o64,2,aggregated,3,96,96,96,96,1.0,1.0,1.0153539462500099,0.005588110358331045,64.98265256000063,0.35763906293318687,1.0153539462500099,0.005588110358331045,64.98265256000063,0.35763906293318687
10000,30,i704-o64,2,disaggregated,3,96,95,96,95,0.96875,0.9895833333333334,0.9523117272845443,0.03225830384905989,60.94795054621083,2.0645314463398328,0.9621512714349714,0.015229829721129363,61.57768137183817,0.9747091021522792
10000,30,i704-o64,4,aggregated,3,96,60,96,60,0.5,0.625,1.162858444047245,0.21219277370092413,74.42294041902367,13.580337516859144,1.8599615857959877,0.00974979465902817,119.03754149094321,0.6239868581778029
10000,30,i704-o64,4,disaggregated,3,96,74,96,74,0.59375,0.7708333333333334,1.1305232777748064,0.25263221588515966,72.35348977758761,16.16846181665022,1.4630005116005735,0.027717615942049825,93.6320327424367,1.7739274202911888
10000,30,i704-o64,8,aggregated,3,96,60,96,60,0.5625,0.625,1.1815652314167047,0.123645774983221,75.6201748106691,7.913329598926144,1.8899157972095058,0.008830952057150027,120.95461102140837,0.5651809316576017
10000,30,i704-o64,8,disaggregated,3,96,66,96,66,0.53125,0.6875,1.0128249047499636,0.21658336945081644,64.82079390399767,13.861335644852252,1.4696514602957602,0.02710767303287764,94.05769345892865,1.734891074104169
10000,30,mixed,1,aggregated,3,96,96,96,96,1.0,1.0,0.2261834766108772,0.00161737723607549,34.15370496824246,0.24422396264740048,0.2261834766108772,0.00161737723607549,34.15370496824246,0.24422396264740048
10000,30,mixed,1,disaggregated,3,96,94,96,94,0.9375,0.9791666666666666,0.21984578331942062,0.011298499959211311,32.7141752344379,2.541741218965899,0.22444138376508363,0.0033440931328650994,33.89064894852763,0.5049580630626318
10000,30,mixed,2,aggregated,3,96,96,96,96,1.0,1.0,0.44730072718407815,0.004167870441603936,67.54240980479581,0.6293484366821898,0.44730072718407815,0.004167870441603936,67.54240980479581,0.6293484366821898
10000,30,mixed,2,disaggregated,3,96,95,96,95,0.96875,0.9895833333333334,0.3828358477146982,0.00962308954510915,57.388429196421896,2.1764870618739,0.38683378874800795,0.0028800321584030067,58.4119021009492,0.4348848559188518
10000,30,mixed,4,aggregated,3,96,75,96,75,0.75,0.78125,0.5230101819727035,0.042350800839044515,66.95700999879811,8.719660617204694,0.6691043364925959,0.007554465552609897,101.034754810382,1.1407242984440988
10000,30,mixed,4,disaggregated,3,96,82,92,86,0.65625,0.8541666666666666,0.4988768360934249,0.11283281788239735,70.91938966644682,23.45196052163769,0.581791526784986,0.017240912705006384,87.85052054453288,2.603377818455967
10000,30,mixed,8,aggregated,3,96,62,89,66,0.5625,0.6458333333333334,0.45599750273845757,0.06910903662871454,60.06103717074254,8.652772365812073,0.7098480381050456,0.05799319648479546,107.18705375386189,8.75697266920412
10000,30,mixed,8,disaggregated,3,96,56,70,79,0.3125,0.5833333333333334,0.3441615399413767,0.134716750096426,52.63432488690334,27.289872709371586,0.5925752017704643,0.01083443006427746,89.4788554673401,1.6359989397058987
10000,35,i256-o16,1,aggregated,3,96,96,96,96,1.0,1.0,2.095743024165223,0.00926042345225116,33.531888386643566,0.14816677523601857,2.095743024165223,0.00926042345225116,33.531888386643566,0.14816677523601857
10000,35,i256-o16,1,disaggregated,3,96,96,96,96,1.0,1.0,1.8779790777557706,0.03930303639384769,30.04766524409233,0.628848582301563,1.8779790777557706,0.03930303639384769,30.04766524409233,0.628848582301563
10000,35,i256-o16,2,aggregated,3,96,96,96,96,1.0,1.0,4.121102994620531,0.02270022132089188,65.9376479139285,0.36320354113427006,4.121102994620531,0.02270022132089188,65.9376479139285,0.36320354113427006
10000,35,i256-o16,2,disaggregated,3,96,96,96,96,1.0,1.0,3.7332473317280837,0.05683451735659063,59.73195730764934,0.9093522777054501,3.7332473317280837,0.05683451735659063,59.73195730764934,0.9093522777054501
10000,35,i256-o16,4,aggregated,3,96,96,96,96,1.0,1.0,7.549238361982489,0.19520763464891508,120.78781379171983,3.1233221543826413,7.549238361982489,0.19520763464891508,120.78781379171983,3.1233221543826413
10000,35,i256-o16,4,disaggregated,3,96,96,96,96,1.0,1.0,5.810593578392465,0.13308093979812466,92.96949725427945,2.1292950367699945,5.810593578392465,0.13308093979812466,92.96949725427945,2.1292950367699945
10000,35,i256-o16,8,aggregated,3,96,96,96,96,1.0,1.0,7.6864815158297635,0.0974544058928763,122.98370425327622,1.5592704942860207,7.6864815158297635,0.0974544058928763,122.98370425327622,1.5592704942860207
10000,35,i256-o16,8,disaggregated,3,96,96,96,96,1.0,1.0,5.880239402270708,0.09013848278998511,94.08383043633133,1.4422157246397618,5.880239402270708,0.09013848278998511,94.08383043633133,1.4422157246397618
10000,35,i256-o256,1,aggregated,3,96,96,96,96,1.0,1.0,0.13468152047288184,0.0009767785451678136,34.47846924105775,0.2500553075629603,0.13468152047288184,0.0009767785451678136,34.47846924105775,0.2500553075629603
10000,35,i256-o256,1,disaggregated,3,96,96,96,96,1.0,1.0,0.1340783425654771,0.002039709424550647,34.32405569676214,0.5221656126849656,0.1340783425654771,0.002039709424550647,34.32405569676214,0.5221656126849656
10000,35,i256-o256,2,aggregated,3,96,96,96,96,1.0,1.0,0.2682490491074594,0.0010473976364467066,68.6717565715096,0.2681337949303569,0.2682490491074594,0.0010473976364467066,68.6717565715096,0.2681337949303569
10000,35,i256-o256,2,disaggregated,3,96,96,96,96,1.0,1.0,0.2669674524931047,0.004201077372182297,68.34366783823481,1.075475807278668,0.2669674524931047,0.004201077372182297,68.34366783823481,1.075475807278668
10000,35,i256-o256,4,aggregated,3,96,96,96,96,1.0,1.0,0.5023034342476068,0.004622936634290753,128.58967916738735,1.1834717783784328,0.5023034342476068,0.004622936634290753,128.58967916738735,1.1834717783784328
10000,35,i256-o256,4,disaggregated,3,96,96,96,96,1.0,1.0,0.3827854162958466,0.008871425275032901,97.99306657173673,2.2710848704084228,0.3827854162958466,0.008871425275032901,97.99306657173673,2.2710848704084228
10000,35,i256-o256,8,aggregated,3,96,96,96,96,1.0,1.0,0.5027104281091086,0.005674246352636646,128.6938695959318,1.4526070662749815,0.5027104281091086,0.005674246352636646,128.6938695959318,1.4526070662749815
10000,35,i256-o256,8,disaggregated,3,96,42,42,96,0.4375,0.4375,0.16623833771497556,0.0027645433235942056,42.557014455033745,0.7077230908401166,0.37997334334851557,0.006318956168215353,97.27317589721999,1.6176527790631303
10000,35,i256-o64,1,aggregated,3,96,96,96,96,1.0,1.0,0.5371730481620268,0.004071085573812895,34.37907508236972,0.2605494767240253,0.5371730481620268,0.004071085573812895,34.37907508236972,0.2605494767240253
10000,35,i256-o64,1,disaggregated,3,96,96,96,96,1.0,1.0,0.521395680355397,0.007589752506458044,33.369323542745406,0.4857441604133148,0.521395680355397,0.007589752506458044,33.369323542745406,0.4857441604133148
10000,35,i256-o64,2,aggregated,3,96,96,96,96,1.0,1.0,1.0668221017734503,0.004768924920999102,68.27661451350082,0.30521119494394255,1.0668221017734503,0.004768924920999102,68.27661451350082,0.30521119494394255
10000,35,i256-o64,2,disaggregated,3,96,96,96,96,1.0,1.0,1.038939472508178,0.013320016656098803,66.49212624052339,0.8524810659903234,1.038939472508178,0.013320016656098803,66.49212624052339,0.8524810659903234
10000,35,i256-o64,4,aggregated,3,96,96,96,96,1.0,1.0,1.975817126195673,0.0057593728230623115,126.45229607652307,0.36859986067598793,1.975817126195673,0.0057593728230623115,126.45229607652307,0.36859986067598793
10000,35,i256-o64,4,disaggregated,3,96,96,96,96,1.0,1.0,1.5125377519478755,0.019817767080911906,96.80241612466403,1.268337093178362,1.5125377519478755,0.019817767080911906,96.80241612466403,1.268337093178362
10000,35,i256-o64,8,aggregated,3,96,96,96,96,1.0,1.0,1.9922015938518371,0.015706642949864118,127.50090200651758,1.0052251487913035,1.9922015938518371,0.015706642949864118,127.50090200651758,1.0052251487913035
10000,35,i256-o64,8,disaggregated,3,96,96,96,96,1.0,1.0,1.50892125619985,0.02171101314456493,96.5709603967904,1.3895048412521556,1.50892125619985,0.02171101314456493,96.5709603967904,1.3895048412521556
10000,35,i64-o16,1,aggregated,3,96,96,96,96,1.0,1.0,2.120744658231485,0.010853245263595452,33.93191453170376,0.17365192421752723,2.120744658231485,0.010853245263595452,33.93191453170376,0.17365192421752723
10000,35,i64-o16,1,disaggregated,3,96,96,96,96,1.0,1.0,2.0556847531098885,0.027501446169903385,32.890956049758216,0.44002313871845417,2.0556847531098885,0.027501446169903385,32.890956049758216,0.44002313871845417
10000,35,i64-o16,2,aggregated,3,96,96,96,96,1.0,1.0,4.217835986081198,0.009471339556007987,67.48537577729917,0.1515414328961278,4.217835986081198,0.009471339556007987,67.48537577729917,0.1515414328961278
10000,35,i64-o16,2,disaggregated,3,96,96,96,96,1.0,1.0,3.964687804867304,0.07208857292455283,63.435004877876864,1.1534171667928452,3.964687804867304,0.07208857292455283,63.435004877876864,1.1534171667928452
10000,35,i64-o16,4,aggregated,3,96,96,96,96,1.0,1.0,7.803976160478475,0.04170443942929311,124.8636185676556,0.6672710308686898,7.803976160478475,0.04170443942929311,124.8636185676556,0.6672710308686898
10000,35,i64-o16,4,disaggregated,3,96,87,96,87,0.71875,0.90625,5.193653029826723,1.5393517354999224,83.09844847722756,24.62962776799876,5.640218821154343,0.7724160768234212,90.24350113846948,12.358657229174739
10000,35,i64-o16,8,aggregated,3,96,96,96,96,1.0,1.0,7.744913468815028,0.10533698778079977,123.91861550104045,1.6853918044927962,7.744913468815028,0.10533698778079977,123.91861550104045,1.6853918044927962
10000,35,i64-o16,8,disaggregated,3,96,90,96,90,0.8125,0.9375,5.574509781690322,0.9385907441173168,89.19215650704515,15.017451905877069,5.920288111108862,0.3463379506091306,94.72460977774179,5.541407209746089
10000,35,i64-o256,1,aggregated,3,96,96,96,96,1.0,1.0,0.13529434025893733,0.0009768817592908968,34.635351106287956,0.2500817303784696,0.13529434025893733,0.0009768817592908968,34.635351106287956,0.2500817303784696
10000,35,i64-o256,1,disaggregated,3,96,96,96,96,1.0,1.0,0.13486909063847818,0.0020652583201577154,34.526487203450415,0.5287061299603751,0.13486909063847818,0.0020652583201577154,34.526487203450415,0.5287061299603751
10000,35,i64-o256,2,aggregated,3,96,96,96,96,1.0,1.0,0.26918178349348154,0.0006358395052080113,68.91053657433127,0.1627749133332509,0.26918178349348154,0.0006358395052080113,68.91053657433127,0.1627749133332509
10000,35,i64-o256,2,disaggregated,3,96,96,96,96,1.0,1.0,0.269717758183404,0.003832365232771815,69.04774609495142,0.9810854995895847,0.269717758183404,0.003832365232771815,69.04774609495142,0.9810854995895847
10000,35,i64-o256,4,aggregated,3,96,96,96,96,1.0,1.0,0.5018380722774222,0.004919935539386469,128.47054650302007,1.259503498082936,0.5018380722774222,0.004919935539386469,128.47054650302007,1.259503498082936
10000,35,i64-o256,4,disaggregated,3,96,96,96,96,1.0,1.0,0.3835581623173795,0.007726159588768941,98.19088955324915,1.977896854724849,0.3835581623173795,0.007726159588768941,98.19088955324915,1.977896854724849
10000,35,i64-o256,8,aggregated,3,96,96,96,96,1.0,1.0,0.5056166299895594,0.006544388469786255,129.4378572773272,1.6753634482652813,0.5056166299895594,0.006544388469786255,129.4378572773272,1.6753634482652813
10000,35,i64-o256,8,disaggregated,3,96,42,42,96,0.4375,0.4375,0.16818094912788237,0.004219673927065421,43.054322976737886,1.0802365253287478,0.38441359800658825,0.009644968976149536,98.40988108968659,2.4691120578942813
10000,35,i64-o64,1,aggregated,3,96,96,96,96,1.0,1.0,0.5407570371232046,0.0057328671774340735,34.60845037588509,0.3669034993557807,0.5407570371232046,0.0057328671774340735,34.60845037588509,0.3669034993557807
10000,35,i64-o64,1,disaggregated,3,96,96,96,96,1.0,1.0,0.5327703019269415,0.008553826804920702,34.09729932332426,0.5474449155149249,0.5327703019269415,0.008553826804920702,34.09729932332426,0.5474449155149249
10000,35,i64-o64,2,aggregated,3,96,96,96,96,1.0,1.0,1.0760819012459542,0.004883848551188994,68.86924167974107,0.31256630727609563,1.0760819012459542,0.004883848551188994,68.86924167974107,0.31256630727609563
10000,35,i64-o64,2,disaggregated,3,96,96,96,96,1.0,1.0,1.0619980915836817,0.014895657079479771,67.96787786135563,0.9533220530867054,1.0619980915836817,0.014895657079479771,67.96787786135563,0.9533220530867054
10000,35,i64-o64,4,aggregated,3,96,96,96,96,1.0,1.0,2.0013958188843204,0.023549000906719728,128.0893324085965,1.5071360580300626,2.0013958188843204,0.023549000906719728,128.0893324085965,1.5071360580300626
10000,35,i64-o64,4,disaggregated,3,96,96,96,96,1.0,1.0,1.543640202039512,0.034548528578471245,98.79297293052876,2.2111058290221597,1.543640202039512,0.034548528578471245,98.79297293052876,2.2111058290221597
10000,35,i64-o64,8,aggregated,3,96,96,96,96,1.0,1.0,2.0259607285119743,0.025549662484497044,129.66148662476635,1.6351783990078108,2.0259607285119743,0.025549662484497044,129.66148662476635,1.6351783990078108
10000,35,i64-o64,8,disaggregated,3,96,96,96,96,1.0,1.0,1.5354845179922796,0.038351583028497616,98.2710091515059,2.4545013138238474,1.5354845179922796,0.038351583028497616,98.2710091515059,2.4545013138238474
10000,35,i704-o16,1,aggregated,3,96,96,96,96,1.0,1.0,1.7675390160318332,0.015710485856984677,28.28062425650933,0.25136777371175484,1.7675390160318332,0.015710485856984677,28.28062425650933,0.25136777371175484
10000,35,i704-o16,1,disaggregated,3,96,96,96,96,1.0,1.0,1.5068743964037539,0.015042369053473831,24.109990342460062,0.2406779048555813,1.5068743964037539,0.015042369053473831,24.109990342460062,0.2406779048555813
10000,35,i704-o16,2,aggregated,3,96,96,96,96,1.0,1.0,3.4231353134510694,0.020904963219625067,54.77016501521711,0.33447941151400107,3.4231353134510694,0.020904963219625067,54.77016501521711,0.33447941151400107
10000,35,i704-o16,2,disaggregated,3,96,96,96,96,1.0,1.0,2.9038899371858675,0.025379549177124205,46.46223899497388,0.4060727868339873,2.9038899371858675,0.025379549177124205,46.46223899497388,0.4060727868339873
10000,35,i704-o16,4,aggregated,3,96,96,96,96,1.0,1.0,6.13705847899473,0.026451181948233923,98.19293566391568,0.42321891117174276,6.13705847899473,0.026451181948233923,98.19293566391568,0.42321891117174276
10000,35,i704-o16,4,disaggregated,3,96,96,96,96,1.0,1.0,4.807706438515174,0.1250408454339715,76.92330301624278,2.000653526943544,4.807706438515174,0.1250408454339715,76.92330301624278,2.000653526943544
10000,35,i704-o16,8,aggregated,3,96,96,96,96,1.0,1.0,6.26901513982759,0.05323281135010287,100.30424223724144,0.8517249816016459,6.26901513982759,0.05323281135010287,100.30424223724144,0.8517249816016459
10000,35,i704-o16,8,disaggregated,3,96,94,96,94,0.96875,0.9791666666666666,5.087183997610312,0.18160858102836305,81.394943961765,2.905737296453809,5.194695140033942,0.1180547323063891,83.11512224054307,1.8888757169022257
10000,35,i704-o256,1,aggregated,3,96,96,96,96,1.0,1.0,0.13315973441342704,0.0012079164472832916,34.08889200983732,0.30922661050452266,0.13315973441342704,0.0012079164472832916,34.08889200983732,0.30922661050452266
10000,35,i704-o256,1,disaggregated,3,96,96,96,96,1.0,1.0,0.13193384669232183,0.002131816651440936,33.77506475323439,0.5457450627688796,0.13193384669232183,0.002131816651440936,33.77506475323439,0.5457450627688796
10000,35,i704-o256,2,aggregated,3,96,96,96,96,1.0,1.0,0.26410580486760143,0.001362346291233675,67.61108604610597,0.3487606505558208,0.26410580486760143,0.001362346291233675,67.61108604610597,0.3487606505558208
10000,35,i704-o256,2,disaggregated,3,96,96,96,96,1.0,1.0,0.26134501584656855,0.0037909228940693155,66.90432405672155,0.9704762608817448,0.26134501584656855,0.0037909228940693155,66.90432405672155,0.9704762608817448
10000,35,i704-o256,4,aggregated,3,96,96,96,96,1.0,1.0,0.49510610991416354,0.006680299480468798,126.74716413802587,1.7101566670000123,0.49510610991416354,0.006680299480468798,126.74716413802587,1.7101566670000123
10000,35,i704-o256,4,disaggregated,3,96,96,96,96,1.0,1.0,0.3779514943446062,0.007244794533137345,96.75558255221918,1.8546674004831603,0.3779514943446062,0.007244794533137345,96.75558255221918,1.8546674004831603
10000,35,i704-o256,8,aggregated,3,96,96,96,96,1.0,1.0,0.49630706390823565,0.006032745851796616,127.05460836050833,1.5443829380599337,0.49630706390823565,0.006032745851796616,127.05460836050833,1.5443829380599337
10000,35,i704-o256,8,disaggregated,3,96,42,42,96,0.4375,0.4375,0.16461252205790458,0.0029904428817936492,42.14080564682357,0.7655533777391742,0.3762571932752105,0.006835298015528307,96.32184147845389,1.7498362919752466
10000,35,i704-o64,1,aggregated,3,96,96,96,96,1.0,1.0,0.5129146812802884,0.0037243163276673703,32.82653960193846,0.2383562449707117,0.5129146812802884,0.0037243163276673703,32.82653960193846,0.2383562449707117
10000,35,i704-o64,1,disaggregated,3,96,96,96,96,1.0,1.0,0.4876659180427332,0.007876828035810949,31.210618754734924,0.5041169942919007,0.4876659180427332,0.007876828035810949,31.210618754734924,0.5041169942919007
10000,35,i704-o64,2,aggregated,3,96,96,96,96,1.0,1.0,1.0153539462500099,0.005588110358331045,64.98265256000063,0.35763906293318687,1.0153539462500099,0.005588110358331045,64.98265256000063,0.35763906293318687
10000,35,i704-o64,2,disaggregated,3,96,96,96,96,1.0,1.0,0.9621512714349714,0.015229829721129363,61.57768137183817,0.9747091021522792,0.9621512714349714,0.015229829721129363,61.57768137183817,0.9747091021522792
10000,35,i704-o64,4,aggregated,3,96,96,96,96,1.0,1.0,1.8599615857959877,0.00974979465902817,119.03754149094321,0.6239868581778029,1.8599615857959877,0.00974979465902817,119.03754149094321,0.6239868581778029
10000,35,i704-o64,4,disaggregated,3,96,96,96,96,1.0,1.0,1.4630005116005735,0.027717615942049825,93.6320327424367,1.7739274202911888,1.4630005116005735,0.027717615942049825,93.6320327424367,1.7739274202911888
10000,35,i704-o64,8,aggregated,3,96,96,96,96,1.0,1.0,1.8899157972095058,0.008830952057150027,120.95461102140837,0.5651809316576017,1.8899157972095058,0.008830952057150027,120.95461102140837,0.5651809316576017
10000,35,i704-o64,8,disaggregated,3,96,96,96,96,1.0,1.0,1.4696514602957602,0.02710767303287764,94.05769345892865,1.734891074104169,1.4696514602957602,0.02710767303287764,94.05769345892865,1.734891074104169
10000,35,mixed,1,aggregated,3,96,96,96,96,1.0,1.0,0.2261834766108772,0.00161737723607549,34.15370496824246,0.24422396264740048,0.2261834766108772,0.00161737723607549,34.15370496824246,0.24422396264740048
10000,35,mixed,1,disaggregated,3,96,96,96,96,1.0,1.0,0.22444138376508363,0.0033440931328650994,33.89064894852763,0.5049580630626318,0.22444138376508363,0.0033440931328650994,33.89064894852763,0.5049580630626318
10000,35,mixed,2,aggregated,3,96,96,96,96,1.0,1.0,0.44730072718407815,0.004167870441603936,67.54240980479581,0.6293484366821898,0.44730072718407815,0.004167870441603936,67.54240980479581,0.6293484366821898
10000,35,mixed,2,disaggregated,3,96,96,96,96,1.0,1.0,0.38683378874800795,0.0028800321584030067,58.4119021009492,0.4348848559188518,0.38683378874800795,0.0028800321584030067,58.4119021009492,0.4348848559188518
10000,35,mixed,4,aggregated,3,96,96,96,96,1.0,1.0,0.6691043364925959,0.007554465552609897,101.034754810382,1.1407242984440988,0.6691043364925959,0.007554465552609897,101.034754810382,1.1407242984440988
10000,35,mixed,4,disaggregated,3,96,92,92,96,0.9375,0.9583333333333334,0.5577558231478855,0.02678901771673432,83.10251283545188,2.6264045340218916,0.581791526784986,0.017240912705006384,87.85052054453288,2.603377818455967
10000,35,mixed,8,aggregated,3,96,89,89,96,0.875,0.9270833333333334,0.6564071634339033,0.025363865785865754,104.39067327510072,4.8507189491028715,0.7098480381050456,0.05799319648479546,107.18705375386189,8.75697266920412
10000,35,mixed,8,disaggregated,3,96,70,70,96,0.71875,0.7291666666666666,0.43197659281497247,0.005788496418832281,69.13202167093831,1.1247332949815667,0.5925752017704643,0.01083443006427746,89.4788554673401,1.6359989397058987
10000,50,i256-o16,1,aggregated,3,96,96,96,96,1.0,1.0,2.095743024165223,0.00926042345225116,33.531888386643566,0.14816677523601857,2.095743024165223,0.00926042345225116,33.531888386643566,0.14816677523601857
10000,50,i256-o16,1,disaggregated,3,96,96,96,96,1.0,1.0,1.8779790777557706,0.03930303639384769,30.04766524409233,0.628848582301563,1.8779790777557706,0.03930303639384769,30.04766524409233,0.628848582301563
10000,50,i256-o16,2,aggregated,3,96,96,96,96,1.0,1.0,4.121102994620531,0.02270022132089188,65.9376479139285,0.36320354113427006,4.121102994620531,0.02270022132089188,65.9376479139285,0.36320354113427006
10000,50,i256-o16,2,disaggregated,3,96,96,96,96,1.0,1.0,3.7332473317280837,0.05683451735659063,59.73195730764934,0.9093522777054501,3.7332473317280837,0.05683451735659063,59.73195730764934,0.9093522777054501
10000,50,i256-o16,4,aggregated,3,96,96,96,96,1.0,1.0,7.549238361982489,0.19520763464891508,120.78781379171983,3.1233221543826413,7.549238361982489,0.19520763464891508,120.78781379171983,3.1233221543826413
10000,50,i256-o16,4,disaggregated,3,96,96,96,96,1.0,1.0,5.810593578392465,0.13308093979812466,92.96949725427945,2.1292950367699945,5.810593578392465,0.13308093979812466,92.96949725427945,2.1292950367699945
10000,50,i256-o16,8,aggregated,3,96,96,96,96,1.0,1.0,7.6864815158297635,0.0974544058928763,122.98370425327622,1.5592704942860207,7.6864815158297635,0.0974544058928763,122.98370425327622,1.5592704942860207
10000,50,i256-o16,8,disaggregated,3,96,96,96,96,1.0,1.0,5.880239402270708,0.09013848278998511,94.08383043633133,1.4422157246397618,5.880239402270708,0.09013848278998511,94.08383043633133,1.4422157246397618
10000,50,i256-o256,1,aggregated,3,96,96,96,96,1.0,1.0,0.13468152047288184,0.0009767785451678136,34.47846924105775,0.2500553075629603,0.13468152047288184,0.0009767785451678136,34.47846924105775,0.2500553075629603
10000,50,i256-o256,1,disaggregated,3,96,96,96,96,1.0,1.0,0.1340783425654771,0.002039709424550647,34.32405569676214,0.5221656126849656,0.1340783425654771,0.002039709424550647,34.32405569676214,0.5221656126849656
10000,50,i256-o256,2,aggregated,3,96,96,96,96,1.0,1.0,0.2682490491074594,0.0010473976364467066,68.6717565715096,0.2681337949303569,0.2682490491074594,0.0010473976364467066,68.6717565715096,0.2681337949303569
10000,50,i256-o256,2,disaggregated,3,96,96,96,96,1.0,1.0,0.2669674524931047,0.004201077372182297,68.34366783823481,1.075475807278668,0.2669674524931047,0.004201077372182297,68.34366783823481,1.075475807278668
10000,50,i256-o256,4,aggregated,3,96,96,96,96,1.0,1.0,0.5023034342476068,0.004622936634290753,128.58967916738735,1.1834717783784328,0.5023034342476068,0.004622936634290753,128.58967916738735,1.1834717783784328
10000,50,i256-o256,4,disaggregated,3,96,96,96,96,1.0,1.0,0.3827854162958466,0.008871425275032901,97.99306657173673,2.2710848704084228,0.3827854162958466,0.008871425275032901,97.99306657173673,2.2710848704084228
10000,50,i256-o256,8,aggregated,3,96,96,96,96,1.0,1.0,0.5027104281091086,0.005674246352636646,128.6938695959318,1.4526070662749815,0.5027104281091086,0.005674246352636646,128.6938695959318,1.4526070662749815
10000,50,i256-o256,8,disaggregated,3,96,42,42,96,0.4375,0.4375,0.16623833771497556,0.0027645433235942056,42.557014455033745,0.7077230908401166,0.37997334334851557,0.006318956168215353,97.27317589721999,1.6176527790631303
10000,50,i256-o64,1,aggregated,3,96,96,96,96,1.0,1.0,0.5371730481620268,0.004071085573812895,34.37907508236972,0.2605494767240253,0.5371730481620268,0.004071085573812895,34.37907508236972,0.2605494767240253
10000,50,i256-o64,1,disaggregated,3,96,96,96,96,1.0,1.0,0.521395680355397,0.007589752506458044,33.369323542745406,0.4857441604133148,0.521395680355397,0.007589752506458044,33.369323542745406,0.4857441604133148
10000,50,i256-o64,2,aggregated,3,96,96,96,96,1.0,1.0,1.0668221017734503,0.004768924920999102,68.27661451350082,0.30521119494394255,1.0668221017734503,0.004768924920999102,68.27661451350082,0.30521119494394255
10000,50,i256-o64,2,disaggregated,3,96,96,96,96,1.0,1.0,1.038939472508178,0.013320016656098803,66.49212624052339,0.8524810659903234,1.038939472508178,0.013320016656098803,66.49212624052339,0.8524810659903234
10000,50,i256-o64,4,aggregated,3,96,96,96,96,1.0,1.0,1.975817126195673,0.0057593728230623115,126.45229607652307,0.36859986067598793,1.975817126195673,0.0057593728230623115,126.45229607652307,0.36859986067598793
10000,50,i256-o64,4,disaggregated,3,96,96,96,96,1.0,1.0,1.5125377519478755,0.019817767080911906,96.80241612466403,1.268337093178362,1.5125377519478755,0.019817767080911906,96.80241612466403,1.268337093178362
10000,50,i256-o64,8,aggregated,3,96,96,96,96,1.0,1.0,1.9922015938518371,0.015706642949864118,127.50090200651758,1.0052251487913035,1.9922015938518371,0.015706642949864118,127.50090200651758,1.0052251487913035
10000,50,i256-o64,8,disaggregated,3,96,96,96,96,1.0,1.0,1.50892125619985,0.02171101314456493,96.5709603967904,1.3895048412521556,1.50892125619985,0.02171101314456493,96.5709603967904,1.3895048412521556
10000,50,i64-o16,1,aggregated,3,96,96,96,96,1.0,1.0,2.120744658231485,0.010853245263595452,33.93191453170376,0.17365192421752723,2.120744658231485,0.010853245263595452,33.93191453170376,0.17365192421752723
10000,50,i64-o16,1,disaggregated,3,96,96,96,96,1.0,1.0,2.0556847531098885,0.027501446169903385,32.890956049758216,0.44002313871845417,2.0556847531098885,0.027501446169903385,32.890956049758216,0.44002313871845417
10000,50,i64-o16,2,aggregated,3,96,96,96,96,1.0,1.0,4.217835986081198,0.009471339556007987,67.48537577729917,0.1515414328961278,4.217835986081198,0.009471339556007987,67.48537577729917,0.1515414328961278
10000,50,i64-o16,2,disaggregated,3,96,96,96,96,1.0,1.0,3.964687804867304,0.07208857292455283,63.435004877876864,1.1534171667928452,3.964687804867304,0.07208857292455283,63.435004877876864,1.1534171667928452
10000,50,i64-o16,4,aggregated,3,96,96,96,96,1.0,1.0,7.803976160478475,0.04170443942929311,124.8636185676556,0.6672710308686898,7.803976160478475,0.04170443942929311,124.8636185676556,0.6672710308686898
10000,50,i64-o16,4,disaggregated,3,96,96,96,96,1.0,1.0,5.640218821154343,0.7724160768234212,90.24350113846948,12.358657229174739,5.640218821154343,0.7724160768234212,90.24350113846948,12.358657229174739
10000,50,i64-o16,8,aggregated,3,96,96,96,96,1.0,1.0,7.744913468815028,0.10533698778079977,123.91861550104045,1.6853918044927962,7.744913468815028,0.10533698778079977,123.91861550104045,1.6853918044927962
10000,50,i64-o16,8,disaggregated,3,96,96,96,96,1.0,1.0,5.920288111108862,0.3463379506091306,94.72460977774179,5.541407209746089,5.920288111108862,0.3463379506091306,94.72460977774179,5.541407209746089
10000,50,i64-o256,1,aggregated,3,96,96,96,96,1.0,1.0,0.13529434025893733,0.0009768817592908968,34.635351106287956,0.2500817303784696,0.13529434025893733,0.0009768817592908968,34.635351106287956,0.2500817303784696
10000,50,i64-o256,1,disaggregated,3,96,96,96,96,1.0,1.0,0.13486909063847818,0.0020652583201577154,34.526487203450415,0.5287061299603751,0.13486909063847818,0.0020652583201577154,34.526487203450415,0.5287061299603751
10000,50,i64-o256,2,aggregated,3,96,96,96,96,1.0,1.0,0.26918178349348154,0.0006358395052080113,68.91053657433127,0.1627749133332509,0.26918178349348154,0.0006358395052080113,68.91053657433127,0.1627749133332509
10000,50,i64-o256,2,disaggregated,3,96,96,96,96,1.0,1.0,0.269717758183404,0.003832365232771815,69.04774609495142,0.9810854995895847,0.269717758183404,0.003832365232771815,69.04774609495142,0.9810854995895847
10000,50,i64-o256,4,aggregated,3,96,96,96,96,1.0,1.0,0.5018380722774222,0.004919935539386469,128.47054650302007,1.259503498082936,0.5018380722774222,0.004919935539386469,128.47054650302007,1.259503498082936
10000,50,i64-o256,4,disaggregated,3,96,96,96,96,1.0,1.0,0.3835581623173795,0.007726159588768941,98.19088955324915,1.977896854724849,0.3835581623173795,0.007726159588768941,98.19088955324915,1.977896854724849
10000,50,i64-o256,8,aggregated,3,96,96,96,96,1.0,1.0,0.5056166299895594,0.006544388469786255,129.4378572773272,1.6753634482652813,0.5056166299895594,0.006544388469786255,129.4378572773272,1.6753634482652813
10000,50,i64-o256,8,disaggregated,3,96,42,42,96,0.4375,0.4375,0.16818094912788237,0.004219673927065421,43.054322976737886,1.0802365253287478,0.38441359800658825,0.009644968976149536,98.40988108968659,2.4691120578942813
10000,50,i64-o64,1,aggregated,3,96,96,96,96,1.0,1.0,0.5407570371232046,0.0057328671774340735,34.60845037588509,0.3669034993557807,0.5407570371232046,0.0057328671774340735,34.60845037588509,0.3669034993557807
10000,50,i64-o64,1,disaggregated,3,96,96,96,96,1.0,1.0,0.5327703019269415,0.008553826804920702,34.09729932332426,0.5474449155149249,0.5327703019269415,0.008553826804920702,34.09729932332426,0.5474449155149249
10000,50,i64-o64,2,aggregated,3,96,96,96,96,1.0,1.0,1.0760819012459542,0.004883848551188994,68.86924167974107,0.31256630727609563,1.0760819012459542,0.004883848551188994,68.86924167974107,0.31256630727609563
10000,50,i64-o64,2,disaggregated,3,96,96,96,96,1.0,1.0,1.0619980915836817,0.014895657079479771,67.96787786135563,0.9533220530867054,1.0619980915836817,0.014895657079479771,67.96787786135563,0.9533220530867054
10000,50,i64-o64,4,aggregated,3,96,96,96,96,1.0,1.0,2.0013958188843204,0.023549000906719728,128.0893324085965,1.5071360580300626,2.0013958188843204,0.023549000906719728,128.0893324085965,1.5071360580300626
10000,50,i64-o64,4,disaggregated,3,96,96,96,96,1.0,1.0,1.543640202039512,0.034548528578471245,98.79297293052876,2.2111058290221597,1.543640202039512,0.034548528578471245,98.79297293052876,2.2111058290221597
10000,50,i64-o64,8,aggregated,3,96,96,96,96,1.0,1.0,2.0259607285119743,0.025549662484497044,129.66148662476635,1.6351783990078108,2.0259607285119743,0.025549662484497044,129.66148662476635,1.6351783990078108
10000,50,i64-o64,8,disaggregated,3,96,96,96,96,1.0,1.0,1.5354845179922796,0.038351583028497616,98.2710091515059,2.4545013138238474,1.5354845179922796,0.038351583028497616,98.2710091515059,2.4545013138238474
10000,50,i704-o16,1,aggregated,3,96,96,96,96,1.0,1.0,1.7675390160318332,0.015710485856984677,28.28062425650933,0.25136777371175484,1.7675390160318332,0.015710485856984677,28.28062425650933,0.25136777371175484
10000,50,i704-o16,1,disaggregated,3,96,96,96,96,1.0,1.0,1.5068743964037539,0.015042369053473831,24.109990342460062,0.2406779048555813,1.5068743964037539,0.015042369053473831,24.109990342460062,0.2406779048555813
10000,50,i704-o16,2,aggregated,3,96,96,96,96,1.0,1.0,3.4231353134510694,0.020904963219625067,54.77016501521711,0.33447941151400107,3.4231353134510694,0.020904963219625067,54.77016501521711,0.33447941151400107
10000,50,i704-o16,2,disaggregated,3,96,96,96,96,1.0,1.0,2.9038899371858675,0.025379549177124205,46.46223899497388,0.4060727868339873,2.9038899371858675,0.025379549177124205,46.46223899497388,0.4060727868339873
10000,50,i704-o16,4,aggregated,3,96,96,96,96,1.0,1.0,6.13705847899473,0.026451181948233923,98.19293566391568,0.42321891117174276,6.13705847899473,0.026451181948233923,98.19293566391568,0.42321891117174276
10000,50,i704-o16,4,disaggregated,3,96,96,96,96,1.0,1.0,4.807706438515174,0.1250408454339715,76.92330301624278,2.000653526943544,4.807706438515174,0.1250408454339715,76.92330301624278,2.000653526943544
10000,50,i704-o16,8,aggregated,3,96,96,96,96,1.0,1.0,6.26901513982759,0.05323281135010287,100.30424223724144,0.8517249816016459,6.26901513982759,0.05323281135010287,100.30424223724144,0.8517249816016459
10000,50,i704-o16,8,disaggregated,3,96,96,96,96,1.0,1.0,5.194695140033942,0.1180547323063891,83.11512224054307,1.8888757169022257,5.194695140033942,0.1180547323063891,83.11512224054307,1.8888757169022257
10000,50,i704-o256,1,aggregated,3,96,96,96,96,1.0,1.0,0.13315973441342704,0.0012079164472832916,34.08889200983732,0.30922661050452266,0.13315973441342704,0.0012079164472832916,34.08889200983732,0.30922661050452266
10000,50,i704-o256,1,disaggregated,3,96,96,96,96,1.0,1.0,0.13193384669232183,0.002131816651440936,33.77506475323439,0.5457450627688796,0.13193384669232183,0.002131816651440936,33.77506475323439,0.5457450627688796
10000,50,i704-o256,2,aggregated,3,96,96,96,96,1.0,1.0,0.26410580486760143,0.001362346291233675,67.61108604610597,0.3487606505558208,0.26410580486760143,0.001362346291233675,67.61108604610597,0.3487606505558208
10000,50,i704-o256,2,disaggregated,3,96,96,96,96,1.0,1.0,0.26134501584656855,0.0037909228940693155,66.90432405672155,0.9704762608817448,0.26134501584656855,0.0037909228940693155,66.90432405672155,0.9704762608817448
10000,50,i704-o256,4,aggregated,3,96,96,96,96,1.0,1.0,0.49510610991416354,0.006680299480468798,126.74716413802587,1.7101566670000123,0.49510610991416354,0.006680299480468798,126.74716413802587,1.7101566670000123
10000,50,i704-o256,4,disaggregated,3,96,96,96,96,1.0,1.0,0.3779514943446062,0.007244794533137345,96.75558255221918,1.8546674004831603,0.3779514943446062,0.007244794533137345,96.75558255221918,1.8546674004831603
10000,50,i704-o256,8,aggregated,3,96,96,96,96,1.0,1.0,0.49630706390823565,0.006032745851796616,127.05460836050833,1.5443829380599337,0.49630706390823565,0.006032745851796616,127.05460836050833,1.5443829380599337
10000,50,i704-o256,8,disaggregated,3,96,42,42,96,0.4375,0.4375,0.16461252205790458,0.0029904428817936492,42.14080564682357,0.7655533777391742,0.3762571932752105,0.006835298015528307,96.32184147845389,1.7498362919752466
10000,50,i704-o64,1,aggregated,3,96,96,96,96,1.0,1.0,0.5129146812802884,0.0037243163276673703,32.82653960193846,0.2383562449707117,0.5129146812802884,0.0037243163276673703,32.82653960193846,0.2383562449707117
10000,50,i704-o64,1,disaggregated,3,96,96,96,96,1.0,1.0,0.4876659180427332,0.007876828035810949,31.210618754734924,0.5041169942919007,0.4876659180427332,0.007876828035810949,31.210618754734924,0.5041169942919007
10000,50,i704-o64,2,aggregated,3,96,96,96,96,1.0,1.0,1.0153539462500099,0.005588110358331045,64.98265256000063,0.35763906293318687,1.0153539462500099,0.005588110358331045,64.98265256000063,0.35763906293318687
10000,50,i704-o64,2,disaggregated,3,96,96,96,96,1.0,1.0,0.9621512714349714,0.015229829721129363,61.57768137183817,0.9747091021522792,0.9621512714349714,0.015229829721129363,61.57768137183817,0.9747091021522792
10000,50,i704-o64,4,aggregated,3,96,96,96,96,1.0,1.0,1.8599615857959877,0.00974979465902817,119.03754149094321,0.6239868581778029,1.8599615857959877,0.00974979465902817,119.03754149094321,0.6239868581778029
10000,50,i704-o64,4,disaggregated,3,96,96,96,96,1.0,1.0,1.4630005116005735,0.027717615942049825,93.6320327424367,1.7739274202911888,1.4630005116005735,0.027717615942049825,93.6320327424367,1.7739274202911888
10000,50,i704-o64,8,aggregated,3,96,96,96,96,1.0,1.0,1.8899157972095058,0.008830952057150027,120.95461102140837,0.5651809316576017,1.8899157972095058,0.008830952057150027,120.95461102140837,0.5651809316576017
10000,50,i704-o64,8,disaggregated,3,96,96,96,96,1.0,1.0,1.4696514602957602,0.02710767303287764,94.05769345892865,1.734891074104169,1.4696514602957602,0.02710767303287764,94.05769345892865,1.734891074104169
10000,50,mixed,1,aggregated,3,96,96,96,96,1.0,1.0,0.2261834766108772,0.00161737723607549,34.15370496824246,0.24422396264740048,0.2261834766108772,0.00161737723607549,34.15370496824246,0.24422396264740048
10000,50,mixed,1,disaggregated,3,96,96,96,96,1.0,1.0,0.22444138376508363,0.0033440931328650994,33.89064894852763,0.5049580630626318,0.22444138376508363,0.0033440931328650994,33.89064894852763,0.5049580630626318
10000,50,mixed,2,aggregated,3,96,96,96,96,1.0,1.0,0.44730072718407815,0.004167870441603936,67.54240980479581,0.6293484366821898,0.44730072718407815,0.004167870441603936,67.54240980479581,0.6293484366821898
10000,50,mixed,2,disaggregated,3,96,96,96,96,1.0,1.0,0.38683378874800795,0.0028800321584030067,58.4119021009492,0.4348848559188518,0.38683378874800795,0.0028800321584030067,58.4119021009492,0.4348848559188518
10000,50,mixed,4,aggregated,3,96,96,96,96,1.0,1.0,0.6691043364925959,0.007554465552609897,101.034754810382,1.1407242984440988,0.6691043364925959,0.007554465552609897,101.034754810382,1.1407242984440988
10000,50,mixed,4,disaggregated,3,96,92,92,96,0.9375,0.9583333333333334,0.5577558231478855,0.02678901771673432,83.10251283545188,2.6264045340218916,0.581791526784986,0.017240912705006384,87.85052054453288,2.603377818455967
10000,50,mixed,8,aggregated,3,96,89,89,96,0.875,0.9270833333333334,0.6564071634339033,0.025363865785865754,104.39067327510072,4.8507189491028715,0.7098480381050456,0.05799319648479546,107.18705375386189,8.75697266920412
10000,50,mixed,8,disaggregated,3,96,70,70,96,0.71875,0.7291666666666666,0.43197659281497247,0.005788496418832281,69.13202167093831,1.1247332949815667,0.5925752017704643,0.01083443006427746,89.4788554673401,1.6359989397058987
20000,25,i256-o16,1,aggregated,3,96,32,96,32,0.28125,0.3333333333333333,0.6987902535651195,0.10231448951914338,11.180644057041912,1.637031832306294,2.095743024165223,0.00926042345225116,33.531888386643566,0.14816677523601857
20000,25,i256-o16,1,disaggregated,3,96,32,96,32,0.21875,0.3333333333333333,0.6288556069794914,0.21831085503910397,10.061689711671862,3.4929736806256635,1.8779790777557706,0.03930303639384769,30.04766524409233,0.628848582301563
20000,25,i256-o16,2,aggregated,3,96,27,96,27,0.21875,0.28125,1.1595959115896293,0.26055396810499126,18.55353458543407,4.16886348967986,4.121102994620531,0.02270022132089188,65.9376479139285,0.36320354113427006
20000,25,i256-o16,2,disaggregated,3,96,28,96,28,0.1875,0.2916666666666667,1.0925485582030663,0.4235817087570164,17.48077693124906,6.777307340112262,3.7332473317280837,0.05683451735659063,59.73195730764934,0.9093522777054501
20000,25,i256-o16,4,aggregated,3,96,8,96,8,0.0625,0.08333333333333333,0.6304576080658308,0.14518717846872928,10.087321729053293,2.3229948554996684,7.549238361982489,0.19520763464891508,120.78781379171983,3.1233221543826413
20000,25,i256-o16,4,disaggregated,3,96,9,96,9,0.0625,0.09375,0.5436141657649545,0.1789970131544665,8.697826652239272,2.863952210471464,5.810593578392465,0.13308093979812466,92.96949725427945,2.1292950367699945
20000,25,i256-o16,8,aggregated,3,96,13,96,13,0.09375,0.13541666666666666,1.0378519408066509,0.3521616664034828,16.605631052906414,5.634586662455725,7.6864815158297635,0.0974544058928763,122.98370425327622,1.5592704942860207
20000,25,i256-o16,8,disaggregated,3,96,12,96,12,0.09375,0.125,0.7365951956254905,0.19231226876500548,11.785523130007848,3.0769963002400877,5.880239402270708,0.09013848278998511,94.08383043633133,1.4422157246397618
20000,25,i256-o256,1,aggregated,3,96,0,96,0,0.0,0.0,0.0,0.0,0.0,0.0,0.13468152047288184,0.0009767785451678136,34.47846924105775,0.2500553075629603
20000,25,i256-o256,1,disaggregated,3,96,0,96,0,0.0,0.0,0.0,0.0,0.0,0.0,0.1340783425654771,0.002039709424550647,34.32405569676214,0.5221656126849656
20000,25,i256-o256,2,aggregated,3,96,0,96,0,0.0,0.0,0.0,0.0,0.0,0.0,0.2682490491074594,0.0010473976364467066,68.6717565715096,0.2681337949303569
20000,25,i256-o256,2,disaggregated,3,96,0,96,0,0.0,0.0,0.0,0.0,0.0,0.0,0.2669674524931047,0.004201077372182297,68.34366783823481,1.075475807278668
20000,25,i256-o256,4,aggregated,3,96,0,96,0,0.0,0.0,0.0,0.0,0.0,0.0,0.5023034342476068,0.004622936634290753,128.58967916738735,1.1834717783784328
20000,25,i256-o256,4,disaggregated,3,96,0,96,0,0.0,0.0,0.0,0.0,0.0,0.0,0.3827854162958466,0.008871425275032901,97.99306657173673,2.2710848704084228
20000,25,i256-o256,8,aggregated,3,96,0,96,0,0.0,0.0,0.0,0.0,0.0,0.0,0.5027104281091086,0.005674246352636646,128.6938695959318,1.4526070662749815
20000,25,i256-o256,8,disaggregated,3,96,0,96,0,0.0,0.0,0.0,0.0,0.0,0.0,0.37997334334851557,0.006318956168215353,97.27317589721999,1.6176527790631303
20000,25,i256-o64,1,aggregated,3,96,0,96,0,0.0,0.0,0.0,0.0,0.0,0.0,0.5371730481620268,0.004071085573812895,34.37907508236972,0.2605494767240253
20000,25,i256-o64,1,disaggregated,3,96,0,96,0,0.0,0.0,0.0,0.0,0.0,0.0,0.521395680355397,0.007589752506458044,33.369323542745406,0.4857441604133148
20000,25,i256-o64,2,aggregated,3,96,0,96,0,0.0,0.0,0.0,0.0,0.0,0.0,1.0668221017734503,0.004768924920999102,68.27661451350082,0.30521119494394255
20000,25,i256-o64,2,disaggregated,3,96,0,96,0,0.0,0.0,0.0,0.0,0.0,0.0,1.038939472508178,0.013320016656098803,66.49212624052339,0.8524810659903234
20000,25,i256-o64,4,aggregated,3,96,0,96,0,0.0,0.0,0.0,0.0,0.0,0.0,1.975817126195673,0.0057593728230623115,126.45229607652307,0.36859986067598793
20000,25,i256-o64,4,disaggregated,3,96,0,96,0,0.0,0.0,0.0,0.0,0.0,0.0,1.5125377519478755,0.019817767080911906,96.80241612466403,1.268337093178362
20000,25,i256-o64,8,aggregated,3,96,0,96,0,0.0,0.0,0.0,0.0,0.0,0.0,1.9922015938518371,0.015706642949864118,127.50090200651758,1.0052251487913035
20000,25,i256-o64,8,disaggregated,3,96,0,96,0,0.0,0.0,0.0,0.0,0.0,0.0,1.50892125619985,0.02171101314456493,96.5709603967904,1.3895048412521556
20000,25,i64-o16,1,aggregated,3,96,30,96,30,0.28125,0.3125,0.6629578935109844,0.0696705488710359,10.607326296175751,1.1147287819365743,2.120744658231485,0.010853245263595452,33.93191453170376,0.17365192421752723
20000,25,i64-o16,1,disaggregated,3,96,42,96,42,0.25,0.4375,0.9023649161031415,0.34986670890389643,14.437838657650264,5.597867342462343,2.0556847531098885,0.027501446169903385,32.890956049758216,0.44002313871845417
20000,25,i64-o16,2,aggregated,3,96,34,96,34,0.28125,0.3541666666666667,1.4940320144264052,0.27581078740823256,23.904512230822483,4.412972598531721,4.217835986081198,0.009471339556007987,67.48537577729917,0.1515414328961278
20000,25,i64-o16,2,disaggregated,3,96,33,96,33,0.21875,0.34375,1.3644079103902176,0.4361141898599375,21.83052656624348,6.977827037759,3.964687804867304,0.07208857292455283,63.435004877876864,1.1534171667928452
20000,25,i64-o16,4,aggregated,3,96,9,96,9,0.09375,0.09375,0.7316227650448571,0.003909791196496226,11.705964240717714,0.06255665914393961,7.803976160478475,0.04170443942929311,124.8636185676556,0.6672710308686898
20000,25,i64-o16,4,disaggregated,3,96,11,96,11,0.03125,0.11458333333333333,0.6769213895108881,0.5806749914962149,10.83074223217421,9.290799863939439,5.640218821154343,0.7724160768234212,90.24350113846948,12.358657229174739
20000,25,i64-o16,8,aggregated,3,96,8,96,8,0.0625,0.08333333333333333,0.6441182857691773,0.27393814059425303,10.305892572306837,4.3830102495080485,7.744913468815028,0.10533698778079977,123.91861550104045,1.6853918044927962
20000,25,i64-o16,8,disaggregated,3,96,12,96,12,0.125,0.125,0.7400360138886077,0.04329224382614132,11.840576222217724,0.6926759012182612,5.920288111108862,0.3463379506091306,94.72460977774179,5.541407209746089
20000,25,i64-o256,1,aggregated,3,96,0,96,0,0.0,0.0,0.0,0.0,0.0,0.0,0.13529434025893733,0.0009768817592908968,34.635351106287956,0.2500817303784696
20000,25,i64-o256,1,disaggregated,3,96,0,96,0,0.0,0.0,0.0,0.0,0.0,0.0,0.13486909063847818,0.0020652583201577154,34.526487203450415,0.5287061299603751
20000,25,i64-o256,2,aggregated,3,96,0,96,0,0.0,0.0,0.0,0.0,0.0,0.0,0.26918178349348154,0.0006358395052080113,68.91053657433127,0.1627749133332509
20000,25,i64-o256,2,disaggregated,3,96,0,96,0,0.0,0.0,0.0,0.0,0.0,0.0,0.269717758183404,0.003832365232771815,69.04774609495142,0.9810854995895847
20000,25,i64-o256,4,aggregated,3,96,0,96,0,0.0,0.0,0.0,0.0,0.0,0.0,0.5018380722774222,0.004919935539386469,128.47054650302007,1.259503498082936
20000,25,i64-o256,4,disaggregated,3,96,0,96,0,0.0,0.0,0.0,0.0,0.0,0.0,0.3835581623173795,0.007726159588768941,98.19088955324915,1.977896854724849
20000,25,i64-o256,8,aggregated,3,96,0,96,0,0.0,0.0,0.0,0.0,0.0,0.0,0.5056166299895594,0.006544388469786255,129.4378572773272,1.6753634482652813
20000,25,i64-o256,8,disaggregated,3,96,0,96,0,0.0,0.0,0.0,0.0,0.0,0.0,0.38441359800658825,0.009644968976149536,98.40988108968659,2.4691120578942813
20000,25,i64-o64,1,aggregated,3,96,0,96,0,0.0,0.0,0.0,0.0,0.0,0.0,0.5407570371232046,0.0057328671774340735,34.60845037588509,0.3669034993557807
20000,25,i64-o64,1,disaggregated,3,96,0,96,0,0.0,0.0,0.0,0.0,0.0,0.0,0.5327703019269415,0.008553826804920702,34.09729932332426,0.5474449155149249
20000,25,i64-o64,2,aggregated,3,96,0,96,0,0.0,0.0,0.0,0.0,0.0,0.0,1.0760819012459542,0.004883848551188994,68.86924167974107,0.31256630727609563
20000,25,i64-o64,2,disaggregated,3,96,0,96,0,0.0,0.0,0.0,0.0,0.0,0.0,1.0619980915836817,0.014895657079479771,67.96787786135563,0.9533220530867054
20000,25,i64-o64,4,aggregated,3,96,0,96,0,0.0,0.0,0.0,0.0,0.0,0.0,2.0013958188843204,0.023549000906719728,128.0893324085965,1.5071360580300626
20000,25,i64-o64,4,disaggregated,3,96,0,96,0,0.0,0.0,0.0,0.0,0.0,0.0,1.543640202039512,0.034548528578471245,98.79297293052876,2.2111058290221597
20000,25,i64-o64,8,aggregated,3,96,0,96,0,0.0,0.0,0.0,0.0,0.0,0.0,2.0259607285119743,0.025549662484497044,129.66148662476635,1.6351783990078108
20000,25,i64-o64,8,disaggregated,3,96,0,96,0,0.0,0.0,0.0,0.0,0.0,0.0,1.5354845179922796,0.038351583028497616,98.2710091515059,2.4545013138238474
20000,25,i704-o16,1,aggregated,3,96,37,96,37,0.34375,0.3854166666666667,0.6814031031686195,0.0869639484459665,10.902449650697912,1.391423175135464,1.7675390160318332,0.015710485856984677,28.28062425650933,0.25136777371175484
20000,25,i704-o16,1,disaggregated,3,96,38,96,38,0.34375,0.3958333333333333,0.5969469029534998,0.07758874581029279,9.551150447255997,1.2414199329646847,1.5068743964037539,0.015042369053473831,24.109990342460062,0.2406779048555813
20000,25,i704-o16,2,aggregated,3,96,35,96,35,0.28125,0.3645833333333333,1.2474801942590905,0.24353911483393256,19.959683108145448,3.896625837342921,3.4231353134510694,0.020904963219625067,54.77016501521711,0.33447941151400107
20000,25,i704-o16,2,disaggregated,3,96,31,96,31,0.28125,0.3229166666666667,0.9383192426453473,0.11238594674476214,15.013107882325556,1.7981751479161943,2.9038899371858675,0.025379549177124205,46.46223899497388,0.4060727868339873
20000,25,i704-o16,4,aggregated,3,96,25,96,25,0.25,0.2604166666666667,1.598074187923176,0.10824054141403133,25.569187006770814,1.7318486626245013,6.13705847899473,0.026451181948233923,98.19293566391568,0.42321891117174276
20000,25,i704-o16,4,disaggregated,3,96,25,96,25,0.25,0.2604166666666667,1.2524458923649409,0.10114660037529495,20.039134277839054,1.6183456060047192,4.807706438515174,0.1250408454339715,76.92330301624278,2.000653526943544
20000,25,i704-o16,8,aggregated,3,96,25,96,25,0.25,0.2604166666666667,1.6331899257868328,0.12739391463152014,26.131038812589324,2.038302634104322,6.26901513982759,0.05323281135010287,100.30424223724144,0.8517249816016459
20000,25,i704-o16,8,disaggregated,3,96,22,96,22,0.21875,0.22916666666666666,1.191162642584856,0.11018905843609643,19.058602281357697,1.7630249349775429,5.194695140033942,0.1180547323063891,83.11512224054307,1.8888757169022257
20000,25,i704-o256,1,aggregated,3,96,0,96,0,0.0,0.0,0.0,0.0,0.0,0.0,0.13315973441342704,0.0012079164472832916,34.08889200983732,0.30922661050452266
20000,25,i704-o256,1,disaggregated,3,96,0,96,0,0.0,0.0,0.0,0.0,0.0,0.0,0.13193384669232183,0.002131816651440936,33.77506475323439,0.5457450627688796
20000,25,i704-o256,2,aggregated,3,96,0,96,0,0.0,0.0,0.0,0.0,0.0,0.0,0.26410580486760143,0.001362346291233675,67.61108604610597,0.3487606505558208
20000,25,i704-o256,2,disaggregated,3,96,0,96,0,0.0,0.0,0.0,0.0,0.0,0.0,0.26134501584656855,0.0037909228940693155,66.90432405672155,0.9704762608817448
20000,25,i704-o256,4,aggregated,3,96,0,96,0,0.0,0.0,0.0,0.0,0.0,0.0,0.49510610991416354,0.006680299480468798,126.74716413802587,1.7101566670000123
20000,25,i704-o256,4,disaggregated,3,96,0,96,0,0.0,0.0,0.0,0.0,0.0,0.0,0.3779514943446062,0.007244794533137345,96.75558255221918,1.8546674004831603
20000,25,i704-o256,8,aggregated,3,96,0,96,0,0.0,0.0,0.0,0.0,0.0,0.0,0.49630706390823565,0.006032745851796616,127.05460836050833,1.5443829380599337
20000,25,i704-o256,8,disaggregated,3,96,0,96,0,0.0,0.0,0.0,0.0,0.0,0.0,0.3762571932752105,0.006835298015528307,96.32184147845389,1.7498362919752466
20000,25,i704-o64,1,aggregated,3,96,0,96,0,0.0,0.0,0.0,0.0,0.0,0.0,0.5129146812802884,0.0037243163276673703,32.82653960193846,0.2383562449707117
20000,25,i704-o64,1,disaggregated,3,96,0,96,0,0.0,0.0,0.0,0.0,0.0,0.0,0.4876659180427332,0.007876828035810949,31.210618754734924,0.5041169942919007
20000,25,i704-o64,2,aggregated,3,96,0,96,0,0.0,0.0,0.0,0.0,0.0,0.0,1.0153539462500099,0.005588110358331045,64.98265256000063,0.35763906293318687
20000,25,i704-o64,2,disaggregated,3,96,0,96,0,0.0,0.0,0.0,0.0,0.0,0.0,0.9621512714349714,0.015229829721129363,61.57768137183817,0.9747091021522792
20000,25,i704-o64,4,aggregated,3,96,0,96,0,0.0,0.0,0.0,0.0,0.0,0.0,1.8599615857959877,0.00974979465902817,119.03754149094321,0.6239868581778029
20000,25,i704-o64,4,disaggregated,3,96,0,96,0,0.0,0.0,0.0,0.0,0.0,0.0,1.4630005116005735,0.027717615942049825,93.6320327424367,1.7739274202911888
20000,25,i704-o64,8,aggregated,3,96,0,96,0,0.0,0.0,0.0,0.0,0.0,0.0,1.8899157972095058,0.008830952057150027,120.95461102140837,0.5651809316576017
20000,25,i704-o64,8,disaggregated,3,96,0,96,0,0.0,0.0,0.0,0.0,0.0,0.0,1.4696514602957602,0.02710767303287764,94.05769345892865,1.734891074104169
20000,25,mixed,1,aggregated,3,96,18,96,18,0.1875,0.1875,0.042409401864539474,0.0003032582317641552,0.6785504298326316,0.0048521317082264835,0.2261834766108772,0.00161737723607549,34.15370496824246,0.24422396264740048
20000,25,mixed,1,disaggregated,3,96,16,96,16,0.15625,0.16666666666666666,0.03742932161529857,0.004400985783354958,0.5988691458447771,0.07041577253367932,0.22444138376508363,0.0033440931328650994,33.89064894852763,0.5049580630626318
20000,25,mixed,2,aggregated,3,96,16,96,16,0.125,0.16666666666666666,0.07458612883206114,0.016375109750876745,1.1933780613129783,0.2620017560140279,0.44730072718407815,0.004167870441603936,67.54240980479581,0.6293484366821898
20000,25,mixed,2,disaggregated,3,96,16,96,16,0.15625,0.16666666666666666,0.06450042230066312,0.007398054050558615,1.03200675681061,0.11836886480893784,0.38683378874800795,0.0028800321584030067,58.4119021009492,0.4348848559188518
20000,25,mixed,4,aggregated,3,96,13,96,13,0.125,0.13541666666666666,0.09056532865607303,0.011586299590727742,1.4490452584971685,0.18538079345164388,0.6691043364925959,0.007554465552609897,101.034754810382,1.1407242984440988
20000,25,mixed,4,disaggregated,3,96,12,96,12,0.09375,0.125,0.0726771651774167,0.01832901284305899,1.162834642838667,0.29326420548894383,0.581791526784986,0.017240912705006384,87.85052054453288,2.603377818455967
20000,25,mixed,8,aggregated,3,96,15,96,15,0.125,0.15625,0.11102456193445341,0.023716239503571428,1.7763929909512546,0.37945983205714284,0.7098480381050456,0.05799319648479546,107.18705375386189,8.75697266920412
20000,25,mixed,8,disaggregated,3,96,13,94,13,0.09375,0.13541666666666666,0.08025747153259816,0.021510775536206717,1.2841195445215705,0.3441724085793075,0.5925752017704643,0.01083443006427746,89.4788554673401,1.6359989397058987
20000,30,i256-o16,1,aggregated,3,96,96,96,96,1.0,1.0,2.095743024165223,0.00926042345225116,33.531888386643566,0.14816677523601857,2.095743024165223,0.00926042345225116,33.531888386643566,0.14816677523601857
20000,30,i256-o16,1,disaggregated,3,96,96,96,96,1.0,1.0,1.8779790777557706,0.03930303639384769,30.04766524409233,0.628848582301563,1.8779790777557706,0.03930303639384769,30.04766524409233,0.628848582301563
20000,30,i256-o16,2,aggregated,3,96,96,96,96,1.0,1.0,4.121102994620531,0.02270022132089188,65.9376479139285,0.36320354113427006,4.121102994620531,0.02270022132089188,65.9376479139285,0.36320354113427006
20000,30,i256-o16,2,disaggregated,3,96,96,96,96,1.0,1.0,3.7332473317280837,0.05683451735659063,59.73195730764934,0.9093522777054501,3.7332473317280837,0.05683451735659063,59.73195730764934,0.9093522777054501
20000,30,i256-o16,4,aggregated,3,96,87,96,87,0.84375,0.90625,6.851833919302931,0.8047180672160116,109.62934270884689,12.875489075456185,7.549238361982489,0.19520763464891508,120.78781379171983,3.1233221543826413
20000,30,i256-o16,4,disaggregated,3,96,82,96,82,0.65625,0.8541666666666666,4.97766876565791,1.0976490754566879,79.64270025052656,17.562385207307006,5.810593578392465,0.13308093979812466,92.96949725427945,2.1292950367699945
20000,30,i256-o16,8,aggregated,3,96,90,96,90,0.90625,0.9375,7.207937370266361,0.32512281390486863,115.32699792426178,5.201965022477898,7.6864815158297635,0.0974544058928763,122.98370425327622,1.5592704942860207
20000,30,i256-o16,8,disaggregated,3,96,82,96,82,0.8125,0.8541666666666666,5.024868753673524,0.28719839910394007,80.39790005877639,4.595174385663041,5.880239402270708,0.09013848278998511,94.08383043633133,1.4422157246397618
20000,30,i256-o256,1,aggregated,3,96,96,96,96,1.0,1.0,0.13468152047288184,0.0009767785451678136,34.47846924105775,0.2500553075629603,0.13468152047288184,0.0009767785451678136,34.47846924105775,0.2500553075629603
20000,30,i256-o256,1,disaggregated,3,96,93,96,93,0.90625,0.96875,0.12996198458772476,0.009169203925790766,33.27026805445754,2.347316205002436,0.1340783425654771,0.002039709424550647,34.32405569676214,0.5221656126849656
20000,30,i256-o256,2,aggregated,3,96,96,96,96,1.0,1.0,0.2682490491074594,0.0010473976364467066,68.6717565715096,0.2681337949303569,0.2682490491074594,0.0010473976364467066,68.6717565715096,0.2681337949303569
20000,30,i256-o256,2,disaggregated,3,96,91,96,91,0.84375,0.9479166666666666,0.25331470564994235,0.027836359000380614,64.84856464638524,7.126107904097437,0.2669674524931047,0.004201077372182297,68.34366783823481,1.075475807278668
20000,30,i256-o256,4,aggregated,3,96,43,96,43,0.4375,0.4479166666666667,0.22504568469664035,0.011181486771656477,57.61169528233993,2.8624606135440582,0.5023034342476068,0.004622936634290753,128.58967916738735,1.1834717783784328
20000,30,i256-o256,4,disaggregated,3,96,79,96,79,0.46875,0.8229166666666666,0.3168133427463813,0.12313310180654562,81.10421574307361,31.522074062475678,0.3827854162958466,0.008871425275032901,97.99306657173673,2.2710848704084228
20000,30,i256-o256,8,aggregated,3,96,38,96,38,0.375,0.3958333333333333,0.1990057989467052,0.009848686258091164,50.94548453035653,2.521263682071338,0.5027104281091086,0.005674246352636646,128.6938695959318,1.4526070662749815
20000,30,i256-o256,8,disaggregated,3,96,81,96,81,0.59375,0.84375,0.3215141196600435,0.08680635687202795,82.30761463297114,22.222427359239155,0.37997334334851557,0.006318956168215353,97.27317589721999,1.6176527790631303
20000,30,i256-o64,1,aggregated,3,96,96,96,96,1.0,1.0,0.5371730481620268,0.004071085573812895,34.37907508236972,0.2605494767240253,0.5371730481620268,0.004071085573812895,34.37907508236972,0.2605494767240253
20000,30,i256-o64,1,disaggregated,3,96,96,96,96,1.0,1.0,0.521395680355397,0.007589752506458044,33.369323542745406,0.4857441604133148,0.521395680355397,0.007589752506458044,33.369323542745406,0.4857441604133148
20000,30,i256-o64,2,aggregated,3,96,96,96,96,1.0,1.0,1.0668221017734503,0.004768924920999102,68.27661451350082,0.30521119494394255,1.0668221017734503,0.004768924920999102,68.27661451350082,0.30521119494394255
20000,30,i256-o64,2,disaggregated,3,96,96,96,96,1.0,1.0,1.038939472508178,0.013320016656098803,66.49212624052339,0.8524810659903234,1.038939472508178,0.013320016656098803,66.49212624052339,0.8524810659903234
20000,30,i256-o64,4,aggregated,3,96,62,96,62,0.59375,0.6458333333333334,1.2761595059891178,0.09645434803382129,81.67420838330354,6.1730782741645625,1.975817126195673,0.0057593728230623115,126.45229607652307,0.36859986067598793
20000,30,i256-o64,4,disaggregated,3,96,82,96,82,0.59375,0.8541666666666666,1.2949451225509914,0.356314617790345,82.87648784326345,22.80413553858208,1.5125377519478755,0.019817767080911906,96.80241612466403,1.268337093178362
20000,30,i256-o64,8,aggregated,3,96,66,96,66,0.5625,0.6875,1.3688910380991375,0.24211427986941894,87.6090264383448,15.495313911642812,1.9922015938518371,0.015706642949864118,127.50090200651758,1.0052251487913035
20000,30,i256-o64,8,disaggregated,3,96,80,96,80,0.71875,0.8333333333333334,1.2588256974010963,0.18067268863283054,80.56484463367016,11.563052072501154,1.50892125619985,0.02171101314456493,96.5709603967904,1.3895048412521556
20000,30,i64-o16,1,aggregated,3,96,96,96,96,1.0,1.0,2.120744658231485,0.010853245263595452,33.93191453170376,0.17365192421752723,2.120744658231485,0.010853245263595452,33.93191453170376,0.17365192421752723
20000,30,i64-o16,1,disaggregated,3,96,96,96,96,1.0,1.0,2.0556847531098885,0.027501446169903385,32.890956049758216,0.44002313871845417,2.0556847531098885,0.027501446169903385,32.890956049758216,0.44002313871845417
20000,30,i64-o16,2,aggregated,3,96,96,96,96,1.0,1.0,4.217835986081198,0.009471339556007987,67.48537577729917,0.1515414328961278,4.217835986081198,0.009471339556007987,67.48537577729917,0.1515414328961278
20000,30,i64-o16,2,disaggregated,3,96,94,96,94,0.9375,0.9791666666666666,3.883266355516325,0.19716960669247482,62.1322616882612,3.154713707079597,3.964687804867304,0.07208857292455283,63.435004877876864,1.1534171667928452
20000,30,i64-o16,4,aggregated,3,96,93,96,93,0.96875,0.96875,7.560101905463523,0.040401175697127326,120.96163048741637,0.6464188111540372,7.803976160478475,0.04170443942929311,124.8636185676556,0.6672710308686898
20000,30,i64-o16,4,disaggregated,3,96,71,96,71,0.21875,0.7395833333333334,4.399758289688732,2.9113482190376403,70.39613263501971,46.581571504602245,5.640218821154343,0.7724160768234212,90.24350113846948,12.358657229174739
20000,30,i64-o16,8,aggregated,3,96,88,96,88,0.875,0.9166666666666666,7.102659217351028,0.46416549265221374,113.64254747761645,7.42664788243542,7.744913468815028,0.10533698778079977,123.91861550104045,1.6853918044927962
20000,30,i64-o16,8,disaggregated,3,96,82,96,82,0.625,0.8541666666666666,5.101352170369387,1.4257236434179124,81.6216347259102,22.811578294686598,5.920288111108862,0.3463379506091306,94.72460977774179,5.541407209746089
20000,30,i64-o256,1,aggregated,3,96,96,96,96,1.0,1.0,0.13529434025893733,0.0009768817592908968,34.635351106287956,0.2500817303784696,0.13529434025893733,0.0009768817592908968,34.635351106287956,0.2500817303784696
20000,30,i64-o256,1,disaggregated,3,96,94,96,94,0.9375,0.9791666666666666,0.13210900011481652,0.00684586966101398,33.81990402939303,1.7525426332195788,0.13486909063847818,0.0020652583201577154,34.526487203450415,0.5287061299603751
20000,30,i64-o256,2,aggregated,3,96,96,96,96,1.0,1.0,0.26918178349348154,0.0006358395052080113,68.91053657433127,0.1627749133332509,0.26918178349348154,0.0006358395052080113,68.91053657433127,0.1627749133332509
20000,30,i64-o256,2,disaggregated,3,96,94,96,94,0.9375,0.9791666666666666,0.26419020993016606,0.013387921648446321,67.63269374212251,3.4273079420022583,0.269717758183404,0.003832365232771815,69.04774609495142,0.9810854995895847
20000,30,i64-o256,4,aggregated,3,96,42,96,42,0.3125,0.4375,0.21974230983192453,0.05777731991690918,56.25403131697268,14.79099389872875,0.5018380722774222,0.004919935539386469,128.47054650302007,1.259503498082936
20000,30,i64-o256,4,disaggregated,3,96,82,96,82,0.5625,0.8541666666666666,0.32892351599331987,0.10235549185050018,84.20442009428989,26.203005913728045,0.3835581623173795,0.007726159588768941,98.19088955324915,1.977896854724849
20000,30,i64-o256,8,aggregated,3,96,41,96,41,0.3125,0.4270833333333333,0.21649036460754834,0.06681836802212184,55.421533339532374,17.10550221366319,0.5056166299895594,0.006544388469786255,129.4378572773272,1.6753634482652813
20000,30,i64-o256,8,disaggregated,3,96,83,96,83,0.59375,0.8645833333333334,0.33386572965476,0.09719643023459562,85.46962679161857,24.88228614005648,0.38441359800658825,0.009644968976149536,98.40988108968659,2.4691120578942813
20000,30,i64-o64,1,aggregated,3,96,96,96,96,1.0,1.0,0.5407570371232046,0.0057328671774340735,34.60845037588509,0.3669034993557807,0.5407570371232046,0.0057328671774340735,34.60845037588509,0.3669034993557807
20000,30,i64-o64,1,disaggregated,3,96,95,96,95,0.96875,0.9895833333333334,0.5273212429501303,0.017893263482388004,33.74855954880834,1.1451688628728323,0.5327703019269415,0.008553826804920702,34.09729932332426,0.5474449155149249
20000,30,i64-o64,2,aggregated,3,96,96,96,96,1.0,1.0,1.0760819012459542,0.004883848551188994,68.86924167974107,0.31256630727609563,1.0760819012459542,0.004883848551188994,68.86924167974107,0.31256630727609563
20000,30,i64-o64,2,disaggregated,3,96,96,96,96,1.0,1.0,1.0619980915836817,0.014895657079479771,67.96787786135563,0.9533220530867054,1.0619980915836817,0.014895657079479771,67.96787786135563,0.9533220530867054
20000,30,i64-o64,4,aggregated,3,96,70,96,70,0.625,0.7291666666666666,1.4613760899657564,0.2788955874619162,93.52806975780841,17.849317597562635,2.0013958188843204,0.023549000906719728,128.0893324085965,1.5071360580300626
20000,30,i64-o64,4,disaggregated,3,96,91,96,91,0.84375,0.9479166666666666,1.4653196004844489,0.17019788649091622,93.78045443100473,10.892664735418638,1.543640202039512,0.034548528578471245,98.79297293052876,2.2111058290221597
20000,30,i64-o64,8,aggregated,3,96,76,96,76,0.75,0.7916666666666666,1.605068686693918,0.16678430748693834,102.72439594841074,10.674195679164054,2.0259607285119743,0.025549662484497044,129.66148662476635,1.6351783990078108
20000,30,i64-o64,8,disaggregated,3,96,88,96,88,0.75,0.9166666666666666,1.4111959601787631,0.25343245227972344,90.31654145144084,16.2196769459023,1.5354845179922796,0.038351583028497616,98.2710091515059,2.4545013138238474
20000,30,i704-o16,1,aggregated,3,96,96,96,96,1.0,1.0,1.7675390160318332,0.015710485856984677,28.28062425650933,0.25136777371175484,1.7675390160318332,0.015710485856984677,28.28062425650933,0.25136777371175484
20000,30,i704-o16,1,disaggregated,3,96,96,96,96,1.0,1.0,1.5068743964037539,0.015042369053473831,24.109990342460062,0.2406779048555813,1.5068743964037539,0.015042369053473831,24.109990342460062,0.2406779048555813
20000,30,i704-o16,2,aggregated,3,96,96,96,96,1.0,1.0,3.4231353134510694,0.020904963219625067,54.77016501521711,0.33447941151400107,3.4231353134510694,0.020904963219625067,54.77016501521711,0.33447941151400107
20000,30,i704-o16,2,disaggregated,3,96,96,96,96,1.0,1.0,2.9038899371858675,0.025379549177124205,46.46223899497388,0.4060727868339873,2.9038899371858675,0.025379549177124205,46.46223899497388,0.4060727868339873
20000,30,i704-o16,4,aggregated,3,96,89,96,89,0.875,0.9270833333333334,5.690115781169725,0.30981333296684654,91.0418524987156,4.957013327469545,6.13705847899473,0.026451181948233923,98.19293566391568,0.42321891117174276
20000,30,i704-o16,4,disaggregated,3,96,75,96,75,0.6875,0.78125,3.762320822464851,0.4824520224157195,60.19713315943761,7.719232358651512,4.807706438515174,0.1250408454339715,76.92330301624278,2.000653526943544
20000,30,i704-o16,8,aggregated,3,96,89,96,89,0.90625,0.9270833333333334,5.812294555594279,0.1485043661641767,92.99671288950846,2.376069858626827,6.26901513982759,0.05323281135010287,100.30424223724144,0.8517249816016459
20000,30,i704-o16,8,disaggregated,3,96,52,96,52,0.5,0.5416666666666666,2.8145082434265234,0.27027064058018674,45.032131894824374,4.324330249282988,5.194695140033942,0.1180547323063891,83.11512224054307,1.8888757169022257
20000,30,i704-o256,1,aggregated,3,96,96,96,96,1.0,1.0,0.13315973441342704,0.0012079164472832916,34.08889200983732,0.30922661050452266,0.13315973441342704,0.0012079164472832916,34.08889200983732,0.30922661050452266
20000,30,i704-o256,1,disaggregated,3,96,95,96,95,0.96875,0.9895833333333334,0.13058516528652345,0.0044672678937833585,33.42980231335,1.1436205808085398,0.13193384669232183,0.002131816651440936,33.77506475323439,0.5457450627688796
20000,30,i704-o256,2,aggregated,3,96,96,96,96,1.0,1.0,0.26410580486760143,0.001362346291233675,67.61108604610597,0.3487606505558208,0.26410580486760143,0.001362346291233675,67.61108604610597,0.3487606505558208
20000,30,i704-o256,2,disaggregated,3,96,92,96,92,0.875,0.9583333333333334,0.2506379148767757,0.0223341608979687,64.16330620845459,5.717545189879988,0.26134501584656855,0.0037909228940693155,66.90432405672155,0.9704762608817448
20000,30,i704-o256,4,aggregated,3,96,37,96,37,0.25,0.3854166666666667,0.1910343861447184,0.059671881414132696,48.90480285304791,15.27600164201797,0.49510610991416354,0.006680299480468798,126.74716413802587,1.7101566670000123
20000,30,i704-o256,4,disaggregated,3,96,77,96,77,0.4375,0.8020833333333334,0.3046710348378406,0.12398704101530758,77.99578491848719,31.74068249991874,0.3779514943446062,0.007244794533137345,96.75558255221918,1.8546674004831603
20000,30,i704-o256,8,aggregated,3,96,43,96,43,0.40625,0.4479166666666667,0.22259412341052223,0.038768198836303856,56.98409559309369,9.924658902093787,0.49630706390823565,0.006032745851796616,127.05460836050833,1.5443829380599337
20000,30,i704-o256,8,disaggregated,3,96,70,96,70,0.40625,0.7291666666666666,0.2756461542637372,0.11070085526985796,70.56541549151672,28.339418949083637,0.3762571932752105,0.006835298015528307,96.32184147845389,1.7498362919752466
20000,30,i704-o64,1,aggregated,3,96,96,96,96,1.0,1.0,0.5129146812802884,0.0037243163276673703,32.82653960193846,0.2383562449707117,0.5129146812802884,0.0037243163276673703,32.82653960193846,0.2383562449707117
20000,30,i704-o64,1,disaggregated,3,96,96,96,96,1.0,1.0,0.4876659180427332,0.007876828035810949,31.210618754734924,0.5041169942919007,0.4876659180427332,0.007876828035810949,31.210618754734924,0.5041169942919007
20000,30,i704-o64,2,aggregated,3,96,96,96,96,1.0,1.0,1.0153539462500099,0.005588110358331045,64.98265256000063,0.35763906293318687,1.0153539462500099,0.005588110358331045,64.98265256000063,0.35763906293318687
20000,30,i704-o64,2,disaggregated,3,96,95,96,95,0.96875,0.9895833333333334,0.9523117272845443,0.03225830384905989,60.94795054621083,2.0645314463398328,0.9621512714349714,0.015229829721129363,61.57768137183817,0.9747091021522792
20000,30,i704-o64,4,aggregated,3,96,60,96,60,0.5,0.625,1.162858444047245,0.21219277370092413,74.42294041902367,13.580337516859144,1.8599615857959877,0.00974979465902817,119.03754149094321,0.6239868581778029
20000,30,i704-o64,4,disaggregated,3,96,74,96,74,0.59375,0.7708333333333334,1.1305232777748064,0.25263221588515966,72.35348977758761,16.16846181665022,1.4630005116005735,0.027717615942049825,93.6320327424367,1.7739274202911888
20000,30,i704-o64,8,aggregated,3,96,60,96,60,0.5625,0.625,1.1815652314167047,0.123645774983221,75.6201748106691,7.913329598926144,1.8899157972095058,0.008830952057150027,120.95461102140837,0.5651809316576017
20000,30,i704-o64,8,disaggregated,3,96,66,96,66,0.53125,0.6875,1.0128249047499636,0.21658336945081644,64.82079390399767,13.861335644852252,1.4696514602957602,0.02710767303287764,94.05769345892865,1.734891074104169
20000,30,mixed,1,aggregated,3,96,96,96,96,1.0,1.0,0.2261834766108772,0.00161737723607549,34.15370496824246,0.24422396264740048,0.2261834766108772,0.00161737723607549,34.15370496824246,0.24422396264740048
20000,30,mixed,1,disaggregated,3,96,94,96,94,0.9375,0.9791666666666666,0.21984578331942062,0.011298499959211311,32.7141752344379,2.541741218965899,0.22444138376508363,0.0033440931328650994,33.89064894852763,0.5049580630626318
20000,30,mixed,2,aggregated,3,96,96,96,96,1.0,1.0,0.44730072718407815,0.004167870441603936,67.54240980479581,0.6293484366821898,0.44730072718407815,0.004167870441603936,67.54240980479581,0.6293484366821898
20000,30,mixed,2,disaggregated,3,96,95,96,95,0.96875,0.9895833333333334,0.3828358477146982,0.00962308954510915,57.388429196421896,2.1764870618739,0.38683378874800795,0.0028800321584030067,58.4119021009492,0.4348848559188518
20000,30,mixed,4,aggregated,3,96,75,96,75,0.75,0.78125,0.5230101819727035,0.042350800839044515,66.95700999879811,8.719660617204694,0.6691043364925959,0.007554465552609897,101.034754810382,1.1407242984440988
20000,30,mixed,4,disaggregated,3,96,86,96,86,0.71875,0.8958333333333334,0.5229125397305254,0.10324236886101788,75.66739737552781,23.426602455040243,0.581791526784986,0.017240912705006384,87.85052054453288,2.603377818455967
20000,30,mixed,8,aggregated,3,96,66,96,66,0.625,0.6875,0.4861583082987955,0.04611003718285665,60.543610059707945,8.232259416550521,0.7098480381050456,0.05799319648479546,107.18705375386189,8.75697266920412
20000,30,mixed,8,disaggregated,3,96,78,94,79,0.59375,0.8125,0.48030141206792903,0.10641554827208291,71.13465892385379,25.453916688486032,0.5925752017704643,0.01083443006427746,89.4788554673401,1.6359989397058987
20000,35,i256-o16,1,aggregated,3,96,96,96,96,1.0,1.0,2.095743024165223,0.00926042345225116,33.531888386643566,0.14816677523601857,2.095743024165223,0.00926042345225116,33.531888386643566,0.14816677523601857
20000,35,i256-o16,1,disaggregated,3,96,96,96,96,1.0,1.0,1.8779790777557706,0.03930303639384769,30.04766524409233,0.628848582301563,1.8779790777557706,0.03930303639384769,30.04766524409233,0.628848582301563
20000,35,i256-o16,2,aggregated,3,96,96,96,96,1.0,1.0,4.121102994620531,0.02270022132089188,65.9376479139285,0.36320354113427006,4.121102994620531,0.02270022132089188,65.9376479139285,0.36320354113427006
20000,35,i256-o16,2,disaggregated,3,96,96,96,96,1.0,1.0,3.7332473317280837,0.05683451735659063,59.73195730764934,0.9093522777054501,3.7332473317280837,0.05683451735659063,59.73195730764934,0.9093522777054501
20000,35,i256-o16,4,aggregated,3,96,96,96,96,1.0,1.0,7.549238361982489,0.19520763464891508,120.78781379171983,3.1233221543826413,7.549238361982489,0.19520763464891508,120.78781379171983,3.1233221543826413
20000,35,i256-o16,4,disaggregated,3,96,96,96,96,1.0,1.0,5.810593578392465,0.13308093979812466,92.96949725427945,2.1292950367699945,5.810593578392465,0.13308093979812466,92.96949725427945,2.1292950367699945
20000,35,i256-o16,8,aggregated,3,96,96,96,96,1.0,1.0,7.6864815158297635,0.0974544058928763,122.98370425327622,1.5592704942860207,7.6864815158297635,0.0974544058928763,122.98370425327622,1.5592704942860207
20000,35,i256-o16,8,disaggregated,3,96,96,96,96,1.0,1.0,5.880239402270708,0.09013848278998511,94.08383043633133,1.4422157246397618,5.880239402270708,0.09013848278998511,94.08383043633133,1.4422157246397618
20000,35,i256-o256,1,aggregated,3,96,96,96,96,1.0,1.0,0.13468152047288184,0.0009767785451678136,34.47846924105775,0.2500553075629603,0.13468152047288184,0.0009767785451678136,34.47846924105775,0.2500553075629603
20000,35,i256-o256,1,disaggregated,3,96,96,96,96,1.0,1.0,0.1340783425654771,0.002039709424550647,34.32405569676214,0.5221656126849656,0.1340783425654771,0.002039709424550647,34.32405569676214,0.5221656126849656
20000,35,i256-o256,2,aggregated,3,96,96,96,96,1.0,1.0,0.2682490491074594,0.0010473976364467066,68.6717565715096,0.2681337949303569,0.2682490491074594,0.0010473976364467066,68.6717565715096,0.2681337949303569
20000,35,i256-o256,2,disaggregated,3,96,96,96,96,1.0,1.0,0.2669674524931047,0.004201077372182297,68.34366783823481,1.075475807278668,0.2669674524931047,0.004201077372182297,68.34366783823481,1.075475807278668
20000,35,i256-o256,4,aggregated,3,96,96,96,96,1.0,1.0,0.5023034342476068,0.004622936634290753,128.58967916738735,1.1834717783784328,0.5023034342476068,0.004622936634290753,128.58967916738735,1.1834717783784328
20000,35,i256-o256,4,disaggregated,3,96,96,96,96,1.0,1.0,0.3827854162958466,0.008871425275032901,97.99306657173673,2.2710848704084228,0.3827854162958466,0.008871425275032901,97.99306657173673,2.2710848704084228
20000,35,i256-o256,8,aggregated,3,96,96,96,96,1.0,1.0,0.5027104281091086,0.005674246352636646,128.6938695959318,1.4526070662749815,0.5027104281091086,0.005674246352636646,128.6938695959318,1.4526070662749815
20000,35,i256-o256,8,disaggregated,3,96,96,96,96,1.0,1.0,0.37997334334851557,0.006318956168215353,97.27317589721999,1.6176527790631303,0.37997334334851557,0.006318956168215353,97.27317589721999,1.6176527790631303
20000,35,i256-o64,1,aggregated,3,96,96,96,96,1.0,1.0,0.5371730481620268,0.004071085573812895,34.37907508236972,0.2605494767240253,0.5371730481620268,0.004071085573812895,34.37907508236972,0.2605494767240253
20000,35,i256-o64,1,disaggregated,3,96,96,96,96,1.0,1.0,0.521395680355397,0.007589752506458044,33.369323542745406,0.4857441604133148,0.521395680355397,0.007589752506458044,33.369323542745406,0.4857441604133148
20000,35,i256-o64,2,aggregated,3,96,96,96,96,1.0,1.0,1.0668221017734503,0.004768924920999102,68.27661451350082,0.30521119494394255,1.0668221017734503,0.004768924920999102,68.27661451350082,0.30521119494394255
20000,35,i256-o64,2,disaggregated,3,96,96,96,96,1.0,1.0,1.038939472508178,0.013320016656098803,66.49212624052339,0.8524810659903234,1.038939472508178,0.013320016656098803,66.49212624052339,0.8524810659903234
20000,35,i256-o64,4,aggregated,3,96,96,96,96,1.0,1.0,1.975817126195673,0.0057593728230623115,126.45229607652307,0.36859986067598793,1.975817126195673,0.0057593728230623115,126.45229607652307,0.36859986067598793
20000,35,i256-o64,4,disaggregated,3,96,96,96,96,1.0,1.0,1.5125377519478755,0.019817767080911906,96.80241612466403,1.268337093178362,1.5125377519478755,0.019817767080911906,96.80241612466403,1.268337093178362
20000,35,i256-o64,8,aggregated,3,96,96,96,96,1.0,1.0,1.9922015938518371,0.015706642949864118,127.50090200651758,1.0052251487913035,1.9922015938518371,0.015706642949864118,127.50090200651758,1.0052251487913035
20000,35,i256-o64,8,disaggregated,3,96,96,96,96,1.0,1.0,1.50892125619985,0.02171101314456493,96.5709603967904,1.3895048412521556,1.50892125619985,0.02171101314456493,96.5709603967904,1.3895048412521556
20000,35,i64-o16,1,aggregated,3,96,96,96,96,1.0,1.0,2.120744658231485,0.010853245263595452,33.93191453170376,0.17365192421752723,2.120744658231485,0.010853245263595452,33.93191453170376,0.17365192421752723
20000,35,i64-o16,1,disaggregated,3,96,96,96,96,1.0,1.0,2.0556847531098885,0.027501446169903385,32.890956049758216,0.44002313871845417,2.0556847531098885,0.027501446169903385,32.890956049758216,0.44002313871845417
20000,35,i64-o16,2,aggregated,3,96,96,96,96,1.0,1.0,4.217835986081198,0.009471339556007987,67.48537577729917,0.1515414328961278,4.217835986081198,0.009471339556007987,67.48537577729917,0.1515414328961278
20000,35,i64-o16,2,disaggregated,3,96,96,96,96,1.0,1.0,3.964687804867304,0.07208857292455283,63.435004877876864,1.1534171667928452,3.964687804867304,0.07208857292455283,63.435004877876864,1.1534171667928452
20000,35,i64-o16,4,aggregated,3,96,96,96,96,1.0,1.0,7.803976160478475,0.04170443942929311,124.8636185676556,0.6672710308686898,7.803976160478475,0.04170443942929311,124.8636185676556,0.6672710308686898
20000,35,i64-o16,4,disaggregated,3,96,87,96,87,0.71875,0.90625,5.193653029826723,1.5393517354999224,83.09844847722756,24.62962776799876,5.640218821154343,0.7724160768234212,90.24350113846948,12.358657229174739
20000,35,i64-o16,8,aggregated,3,96,96,96,96,1.0,1.0,7.744913468815028,0.10533698778079977,123.91861550104045,1.6853918044927962,7.744913468815028,0.10533698778079977,123.91861550104045,1.6853918044927962
20000,35,i64-o16,8,disaggregated,3,96,90,96,90,0.8125,0.9375,5.574509781690322,0.9385907441173168,89.19215650704515,15.017451905877069,5.920288111108862,0.3463379506091306,94.72460977774179,5.541407209746089
20000,35,i64-o256,1,aggregated,3,96,96,96,96,1.0,1.0,0.13529434025893733,0.0009768817592908968,34.635351106287956,0.2500817303784696,0.13529434025893733,0.0009768817592908968,34.635351106287956,0.2500817303784696
20000,35,i64-o256,1,disaggregated,3,96,96,96,96,1.0,1.0,0.13486909063847818,0.0020652583201577154,34.526487203450415,0.5287061299603751,0.13486909063847818,0.0020652583201577154,34.526487203450415,0.5287061299603751
20000,35,i64-o256,2,aggregated,3,96,96,96,96,1.0,1.0,0.26918178349348154,0.0006358395052080113,68.91053657433127,0.1627749133332509,0.26918178349348154,0.0006358395052080113,68.91053657433127,0.1627749133332509
20000,35,i64-o256,2,disaggregated,3,96,96,96,96,1.0,1.0,0.269717758183404,0.003832365232771815,69.04774609495142,0.9810854995895847,0.269717758183404,0.003832365232771815,69.04774609495142,0.9810854995895847
20000,35,i64-o256,4,aggregated,3,96,96,96,96,1.0,1.0,0.5018380722774222,0.004919935539386469,128.47054650302007,1.259503498082936,0.5018380722774222,0.004919935539386469,128.47054650302007,1.259503498082936
20000,35,i64-o256,4,disaggregated,3,96,96,96,96,1.0,1.0,0.3835581623173795,0.007726159588768941,98.19088955324915,1.977896854724849,0.3835581623173795,0.007726159588768941,98.19088955324915,1.977896854724849
20000,35,i64-o256,8,aggregated,3,96,96,96,96,1.0,1.0,0.5056166299895594,0.006544388469786255,129.4378572773272,1.6753634482652813,0.5056166299895594,0.006544388469786255,129.4378572773272,1.6753634482652813
20000,35,i64-o256,8,disaggregated,3,96,96,96,96,1.0,1.0,0.38441359800658825,0.009644968976149536,98.40988108968659,2.4691120578942813,0.38441359800658825,0.009644968976149536,98.40988108968659,2.4691120578942813
20000,35,i64-o64,1,aggregated,3,96,96,96,96,1.0,1.0,0.5407570371232046,0.0057328671774340735,34.60845037588509,0.3669034993557807,0.5407570371232046,0.0057328671774340735,34.60845037588509,0.3669034993557807
20000,35,i64-o64,1,disaggregated,3,96,96,96,96,1.0,1.0,0.5327703019269415,0.008553826804920702,34.09729932332426,0.5474449155149249,0.5327703019269415,0.008553826804920702,34.09729932332426,0.5474449155149249
20000,35,i64-o64,2,aggregated,3,96,96,96,96,1.0,1.0,1.0760819012459542,0.004883848551188994,68.86924167974107,0.31256630727609563,1.0760819012459542,0.004883848551188994,68.86924167974107,0.31256630727609563
20000,35,i64-o64,2,disaggregated,3,96,96,96,96,1.0,1.0,1.0619980915836817,0.014895657079479771,67.96787786135563,0.9533220530867054,1.0619980915836817,0.014895657079479771,67.96787786135563,0.9533220530867054
20000,35,i64-o64,4,aggregated,3,96,96,96,96,1.0,1.0,2.0013958188843204,0.023549000906719728,128.0893324085965,1.5071360580300626,2.0013958188843204,0.023549000906719728,128.0893324085965,1.5071360580300626
20000,35,i64-o64,4,disaggregated,3,96,96,96,96,1.0,1.0,1.543640202039512,0.034548528578471245,98.79297293052876,2.2111058290221597,1.543640202039512,0.034548528578471245,98.79297293052876,2.2111058290221597
20000,35,i64-o64,8,aggregated,3,96,96,96,96,1.0,1.0,2.0259607285119743,0.025549662484497044,129.66148662476635,1.6351783990078108,2.0259607285119743,0.025549662484497044,129.66148662476635,1.6351783990078108
20000,35,i64-o64,8,disaggregated,3,96,96,96,96,1.0,1.0,1.5354845179922796,0.038351583028497616,98.2710091515059,2.4545013138238474,1.5354845179922796,0.038351583028497616,98.2710091515059,2.4545013138238474
20000,35,i704-o16,1,aggregated,3,96,96,96,96,1.0,1.0,1.7675390160318332,0.015710485856984677,28.28062425650933,0.25136777371175484,1.7675390160318332,0.015710485856984677,28.28062425650933,0.25136777371175484
20000,35,i704-o16,1,disaggregated,3,96,96,96,96,1.0,1.0,1.5068743964037539,0.015042369053473831,24.109990342460062,0.2406779048555813,1.5068743964037539,0.015042369053473831,24.109990342460062,0.2406779048555813
20000,35,i704-o16,2,aggregated,3,96,96,96,96,1.0,1.0,3.4231353134510694,0.020904963219625067,54.77016501521711,0.33447941151400107,3.4231353134510694,0.020904963219625067,54.77016501521711,0.33447941151400107
20000,35,i704-o16,2,disaggregated,3,96,96,96,96,1.0,1.0,2.9038899371858675,0.025379549177124205,46.46223899497388,0.4060727868339873,2.9038899371858675,0.025379549177124205,46.46223899497388,0.4060727868339873
20000,35,i704-o16,4,aggregated,3,96,96,96,96,1.0,1.0,6.13705847899473,0.026451181948233923,98.19293566391568,0.42321891117174276,6.13705847899473,0.026451181948233923,98.19293566391568,0.42321891117174276
20000,35,i704-o16,4,disaggregated,3,96,96,96,96,1.0,1.0,4.807706438515174,0.1250408454339715,76.92330301624278,2.000653526943544,4.807706438515174,0.1250408454339715,76.92330301624278,2.000653526943544
20000,35,i704-o16,8,aggregated,3,96,96,96,96,1.0,1.0,6.26901513982759,0.05323281135010287,100.30424223724144,0.8517249816016459,6.26901513982759,0.05323281135010287,100.30424223724144,0.8517249816016459
20000,35,i704-o16,8,disaggregated,3,96,94,96,94,0.96875,0.9791666666666666,5.087183997610312,0.18160858102836305,81.394943961765,2.905737296453809,5.194695140033942,0.1180547323063891,83.11512224054307,1.8888757169022257
20000,35,i704-o256,1,aggregated,3,96,96,96,96,1.0,1.0,0.13315973441342704,0.0012079164472832916,34.08889200983732,0.30922661050452266,0.13315973441342704,0.0012079164472832916,34.08889200983732,0.30922661050452266
20000,35,i704-o256,1,disaggregated,3,96,96,96,96,1.0,1.0,0.13193384669232183,0.002131816651440936,33.77506475323439,0.5457450627688796,0.13193384669232183,0.002131816651440936,33.77506475323439,0.5457450627688796
20000,35,i704-o256,2,aggregated,3,96,96,96,96,1.0,1.0,0.26410580486760143,0.001362346291233675,67.61108604610597,0.3487606505558208,0.26410580486760143,0.001362346291233675,67.61108604610597,0.3487606505558208
20000,35,i704-o256,2,disaggregated,3,96,96,96,96,1.0,1.0,0.26134501584656855,0.0037909228940693155,66.90432405672155,0.9704762608817448,0.26134501584656855,0.0037909228940693155,66.90432405672155,0.9704762608817448
20000,35,i704-o256,4,aggregated,3,96,96,96,96,1.0,1.0,0.49510610991416354,0.006680299480468798,126.74716413802587,1.7101566670000123,0.49510610991416354,0.006680299480468798,126.74716413802587,1.7101566670000123
20000,35,i704-o256,4,disaggregated,3,96,96,96,96,1.0,1.0,0.3779514943446062,0.007244794533137345,96.75558255221918,1.8546674004831603,0.3779514943446062,0.007244794533137345,96.75558255221918,1.8546674004831603
20000,35,i704-o256,8,aggregated,3,96,96,96,96,1.0,1.0,0.49630706390823565,0.006032745851796616,127.05460836050833,1.5443829380599337,0.49630706390823565,0.006032745851796616,127.05460836050833,1.5443829380599337
20000,35,i704-o256,8,disaggregated,3,96,96,96,96,1.0,1.0,0.3762571932752105,0.006835298015528307,96.32184147845389,1.7498362919752466,0.3762571932752105,0.006835298015528307,96.32184147845389,1.7498362919752466
20000,35,i704-o64,1,aggregated,3,96,96,96,96,1.0,1.0,0.5129146812802884,0.0037243163276673703,32.82653960193846,0.2383562449707117,0.5129146812802884,0.0037243163276673703,32.82653960193846,0.2383562449707117
20000,35,i704-o64,1,disaggregated,3,96,96,96,96,1.0,1.0,0.4876659180427332,0.007876828035810949,31.210618754734924,0.5041169942919007,0.4876659180427332,0.007876828035810949,31.210618754734924,0.5041169942919007
20000,35,i704-o64,2,aggregated,3,96,96,96,96,1.0,1.0,1.0153539462500099,0.005588110358331045,64.98265256000063,0.35763906293318687,1.0153539462500099,0.005588110358331045,64.98265256000063,0.35763906293318687
20000,35,i704-o64,2,disaggregated,3,96,96,96,96,1.0,1.0,0.9621512714349714,0.015229829721129363,61.57768137183817,0.9747091021522792,0.9621512714349714,0.015229829721129363,61.57768137183817,0.9747091021522792
20000,35,i704-o64,4,aggregated,3,96,96,96,96,1.0,1.0,1.8599615857959877,0.00974979465902817,119.03754149094321,0.6239868581778029,1.8599615857959877,0.00974979465902817,119.03754149094321,0.6239868581778029
20000,35,i704-o64,4,disaggregated,3,96,96,96,96,1.0,1.0,1.4630005116005735,0.027717615942049825,93.6320327424367,1.7739274202911888,1.4630005116005735,0.027717615942049825,93.6320327424367,1.7739274202911888
20000,35,i704-o64,8,aggregated,3,96,96,96,96,1.0,1.0,1.8899157972095058,0.008830952057150027,120.95461102140837,0.5651809316576017,1.8899157972095058,0.008830952057150027,120.95461102140837,0.5651809316576017
20000,35,i704-o64,8,disaggregated,3,96,96,96,96,1.0,1.0,1.4696514602957602,0.02710767303287764,94.05769345892865,1.734891074104169,1.4696514602957602,0.02710767303287764,94.05769345892865,1.734891074104169
20000,35,mixed,1,aggregated,3,96,96,96,96,1.0,1.0,0.2261834766108772,0.00161737723607549,34.15370496824246,0.24422396264740048,0.2261834766108772,0.00161737723607549,34.15370496824246,0.24422396264740048
20000,35,mixed,1,disaggregated,3,96,96,96,96,1.0,1.0,0.22444138376508363,0.0033440931328650994,33.89064894852763,0.5049580630626318,0.22444138376508363,0.0033440931328650994,33.89064894852763,0.5049580630626318
20000,35,mixed,2,aggregated,3,96,96,96,96,1.0,1.0,0.44730072718407815,0.004167870441603936,67.54240980479581,0.6293484366821898,0.44730072718407815,0.004167870441603936,67.54240980479581,0.6293484366821898
20000,35,mixed,2,disaggregated,3,96,96,96,96,1.0,1.0,0.38683378874800795,0.0028800321584030067,58.4119021009492,0.4348848559188518,0.38683378874800795,0.0028800321584030067,58.4119021009492,0.4348848559188518
20000,35,mixed,4,aggregated,3,96,96,96,96,1.0,1.0,0.6691043364925959,0.007554465552609897,101.034754810382,1.1407242984440988,0.6691043364925959,0.007554465552609897,101.034754810382,1.1407242984440988
20000,35,mixed,4,disaggregated,3,96,96,96,96,1.0,1.0,0.581791526784986,0.017240912705006384,87.85052054453288,2.603377818455967,0.581791526784986,0.017240912705006384,87.85052054453288,2.603377818455967
20000,35,mixed,8,aggregated,3,96,96,96,96,1.0,1.0,0.7098480381050456,0.05799319648479546,107.18705375386189,8.75697266920412,0.7098480381050456,0.05799319648479546,107.18705375386189,8.75697266920412
20000,35,mixed,8,disaggregated,3,96,94,94,96,0.9375,0.9791666666666666,0.5804488686855617,0.030674356916768092,87.82967416779334,4.3230310866255985,0.5925752017704643,0.01083443006427746,89.4788554673401,1.6359989397058987
20000,50,i256-o16,1,aggregated,3,96,96,96,96,1.0,1.0,2.095743024165223,0.00926042345225116,33.531888386643566,0.14816677523601857,2.095743024165223,0.00926042345225116,33.531888386643566,0.14816677523601857
20000,50,i256-o16,1,disaggregated,3,96,96,96,96,1.0,1.0,1.8779790777557706,0.03930303639384769,30.04766524409233,0.628848582301563,1.8779790777557706,0.03930303639384769,30.04766524409233,0.628848582301563
20000,50,i256-o16,2,aggregated,3,96,96,96,96,1.0,1.0,4.121102994620531,0.02270022132089188,65.9376479139285,0.36320354113427006,4.121102994620531,0.02270022132089188,65.9376479139285,0.36320354113427006
20000,50,i256-o16,2,disaggregated,3,96,96,96,96,1.0,1.0,3.7332473317280837,0.05683451735659063,59.73195730764934,0.9093522777054501,3.7332473317280837,0.05683451735659063,59.73195730764934,0.9093522777054501
20000,50,i256-o16,4,aggregated,3,96,96,96,96,1.0,1.0,7.549238361982489,0.19520763464891508,120.78781379171983,3.1233221543826413,7.549238361982489,0.19520763464891508,120.78781379171983,3.1233221543826413
20000,50,i256-o16,4,disaggregated,3,96,96,96,96,1.0,1.0,5.810593578392465,0.13308093979812466,92.96949725427945,2.1292950367699945,5.810593578392465,0.13308093979812466,92.96949725427945,2.1292950367699945
20000,50,i256-o16,8,aggregated,3,96,96,96,96,1.0,1.0,7.6864815158297635,0.0974544058928763,122.98370425327622,1.5592704942860207,7.6864815158297635,0.0974544058928763,122.98370425327622,1.5592704942860207
20000,50,i256-o16,8,disaggregated,3,96,96,96,96,1.0,1.0,5.880239402270708,0.09013848278998511,94.08383043633133,1.4422157246397618,5.880239402270708,0.09013848278998511,94.08383043633133,1.4422157246397618
20000,50,i256-o256,1,aggregated,3,96,96,96,96,1.0,1.0,0.13468152047288184,0.0009767785451678136,34.47846924105775,0.2500553075629603,0.13468152047288184,0.0009767785451678136,34.47846924105775,0.2500553075629603
20000,50,i256-o256,1,disaggregated,3,96,96,96,96,1.0,1.0,0.1340783425654771,0.002039709424550647,34.32405569676214,0.5221656126849656,0.1340783425654771,0.002039709424550647,34.32405569676214,0.5221656126849656
20000,50,i256-o256,2,aggregated,3,96,96,96,96,1.0,1.0,0.2682490491074594,0.0010473976364467066,68.6717565715096,0.2681337949303569,0.2682490491074594,0.0010473976364467066,68.6717565715096,0.2681337949303569
20000,50,i256-o256,2,disaggregated,3,96,96,96,96,1.0,1.0,0.2669674524931047,0.004201077372182297,68.34366783823481,1.075475807278668,0.2669674524931047,0.004201077372182297,68.34366783823481,1.075475807278668
20000,50,i256-o256,4,aggregated,3,96,96,96,96,1.0,1.0,0.5023034342476068,0.004622936634290753,128.58967916738735,1.1834717783784328,0.5023034342476068,0.004622936634290753,128.58967916738735,1.1834717783784328
20000,50,i256-o256,4,disaggregated,3,96,96,96,96,1.0,1.0,0.3827854162958466,0.008871425275032901,97.99306657173673,2.2710848704084228,0.3827854162958466,0.008871425275032901,97.99306657173673,2.2710848704084228
20000,50,i256-o256,8,aggregated,3,96,96,96,96,1.0,1.0,0.5027104281091086,0.005674246352636646,128.6938695959318,1.4526070662749815,0.5027104281091086,0.005674246352636646,128.6938695959318,1.4526070662749815
20000,50,i256-o256,8,disaggregated,3,96,96,96,96,1.0,1.0,0.37997334334851557,0.006318956168215353,97.27317589721999,1.6176527790631303,0.37997334334851557,0.006318956168215353,97.27317589721999,1.6176527790631303
20000,50,i256-o64,1,aggregated,3,96,96,96,96,1.0,1.0,0.5371730481620268,0.004071085573812895,34.37907508236972,0.2605494767240253,0.5371730481620268,0.004071085573812895,34.37907508236972,0.2605494767240253
20000,50,i256-o64,1,disaggregated,3,96,96,96,96,1.0,1.0,0.521395680355397,0.007589752506458044,33.369323542745406,0.4857441604133148,0.521395680355397,0.007589752506458044,33.369323542745406,0.4857441604133148
20000,50,i256-o64,2,aggregated,3,96,96,96,96,1.0,1.0,1.0668221017734503,0.004768924920999102,68.27661451350082,0.30521119494394255,1.0668221017734503,0.004768924920999102,68.27661451350082,0.30521119494394255
20000,50,i256-o64,2,disaggregated,3,96,96,96,96,1.0,1.0,1.038939472508178,0.013320016656098803,66.49212624052339,0.8524810659903234,1.038939472508178,0.013320016656098803,66.49212624052339,0.8524810659903234
20000,50,i256-o64,4,aggregated,3,96,96,96,96,1.0,1.0,1.975817126195673,0.0057593728230623115,126.45229607652307,0.36859986067598793,1.975817126195673,0.0057593728230623115,126.45229607652307,0.36859986067598793
20000,50,i256-o64,4,disaggregated,3,96,96,96,96,1.0,1.0,1.5125377519478755,0.019817767080911906,96.80241612466403,1.268337093178362,1.5125377519478755,0.019817767080911906,96.80241612466403,1.268337093178362
20000,50,i256-o64,8,aggregated,3,96,96,96,96,1.0,1.0,1.9922015938518371,0.015706642949864118,127.50090200651758,1.0052251487913035,1.9922015938518371,0.015706642949864118,127.50090200651758,1.0052251487913035
20000,50,i256-o64,8,disaggregated,3,96,96,96,96,1.0,1.0,1.50892125619985,0.02171101314456493,96.5709603967904,1.3895048412521556,1.50892125619985,0.02171101314456493,96.5709603967904,1.3895048412521556
20000,50,i64-o16,1,aggregated,3,96,96,96,96,1.0,1.0,2.120744658231485,0.010853245263595452,33.93191453170376,0.17365192421752723,2.120744658231485,0.010853245263595452,33.93191453170376,0.17365192421752723
20000,50,i64-o16,1,disaggregated,3,96,96,96,96,1.0,1.0,2.0556847531098885,0.027501446169903385,32.890956049758216,0.44002313871845417,2.0556847531098885,0.027501446169903385,32.890956049758216,0.44002313871845417
20000,50,i64-o16,2,aggregated,3,96,96,96,96,1.0,1.0,4.217835986081198,0.009471339556007987,67.48537577729917,0.1515414328961278,4.217835986081198,0.009471339556007987,67.48537577729917,0.1515414328961278
20000,50,i64-o16,2,disaggregated,3,96,96,96,96,1.0,1.0,3.964687804867304,0.07208857292455283,63.435004877876864,1.1534171667928452,3.964687804867304,0.07208857292455283,63.435004877876864,1.1534171667928452
20000,50,i64-o16,4,aggregated,3,96,96,96,96,1.0,1.0,7.803976160478475,0.04170443942929311,124.8636185676556,0.6672710308686898,7.803976160478475,0.04170443942929311,124.8636185676556,0.6672710308686898
20000,50,i64-o16,4,disaggregated,3,96,96,96,96,1.0,1.0,5.640218821154343,0.7724160768234212,90.24350113846948,12.358657229174739,5.640218821154343,0.7724160768234212,90.24350113846948,12.358657229174739
20000,50,i64-o16,8,aggregated,3,96,96,96,96,1.0,1.0,7.744913468815028,0.10533698778079977,123.91861550104045,1.6853918044927962,7.744913468815028,0.10533698778079977,123.91861550104045,1.6853918044927962
20000,50,i64-o16,8,disaggregated,3,96,96,96,96,1.0,1.0,5.920288111108862,0.3463379506091306,94.72460977774179,5.541407209746089,5.920288111108862,0.3463379506091306,94.72460977774179,5.541407209746089
20000,50,i64-o256,1,aggregated,3,96,96,96,96,1.0,1.0,0.13529434025893733,0.0009768817592908968,34.635351106287956,0.2500817303784696,0.13529434025893733,0.0009768817592908968,34.635351106287956,0.2500817303784696
20000,50,i64-o256,1,disaggregated,3,96,96,96,96,1.0,1.0,0.13486909063847818,0.0020652583201577154,34.526487203450415,0.5287061299603751,0.13486909063847818,0.0020652583201577154,34.526487203450415,0.5287061299603751
20000,50,i64-o256,2,aggregated,3,96,96,96,96,1.0,1.0,0.26918178349348154,0.0006358395052080113,68.91053657433127,0.1627749133332509,0.26918178349348154,0.0006358395052080113,68.91053657433127,0.1627749133332509
20000,50,i64-o256,2,disaggregated,3,96,96,96,96,1.0,1.0,0.269717758183404,0.003832365232771815,69.04774609495142,0.9810854995895847,0.269717758183404,0.003832365232771815,69.04774609495142,0.9810854995895847
20000,50,i64-o256,4,aggregated,3,96,96,96,96,1.0,1.0,0.5018380722774222,0.004919935539386469,128.47054650302007,1.259503498082936,0.5018380722774222,0.004919935539386469,128.47054650302007,1.259503498082936
20000,50,i64-o256,4,disaggregated,3,96,96,96,96,1.0,1.0,0.3835581623173795,0.007726159588768941,98.19088955324915,1.977896854724849,0.3835581623173795,0.007726159588768941,98.19088955324915,1.977896854724849
20000,50,i64-o256,8,aggregated,3,96,96,96,96,1.0,1.0,0.5056166299895594,0.006544388469786255,129.4378572773272,1.6753634482652813,0.5056166299895594,0.006544388469786255,129.4378572773272,1.6753634482652813
20000,50,i64-o256,8,disaggregated,3,96,96,96,96,1.0,1.0,0.38441359800658825,0.009644968976149536,98.40988108968659,2.4691120578942813,0.38441359800658825,0.009644968976149536,98.40988108968659,2.4691120578942813
20000,50,i64-o64,1,aggregated,3,96,96,96,96,1.0,1.0,0.5407570371232046,0.0057328671774340735,34.60845037588509,0.3669034993557807,0.5407570371232046,0.0057328671774340735,34.60845037588509,0.3669034993557807
20000,50,i64-o64,1,disaggregated,3,96,96,96,96,1.0,1.0,0.5327703019269415,0.008553826804920702,34.09729932332426,0.5474449155149249,0.5327703019269415,0.008553826804920702,34.09729932332426,0.5474449155149249
20000,50,i64-o64,2,aggregated,3,96,96,96,96,1.0,1.0,1.0760819012459542,0.004883848551188994,68.86924167974107,0.31256630727609563,1.0760819012459542,0.004883848551188994,68.86924167974107,0.31256630727609563
20000,50,i64-o64,2,disaggregated,3,96,96,96,96,1.0,1.0,1.0619980915836817,0.014895657079479771,67.96787786135563,0.9533220530867054,1.0619980915836817,0.014895657079479771,67.96787786135563,0.9533220530867054
20000,50,i64-o64,4,aggregated,3,96,96,96,96,1.0,1.0,2.0013958188843204,0.023549000906719728,128.0893324085965,1.5071360580300626,2.0013958188843204,0.023549000906719728,128.0893324085965,1.5071360580300626
20000,50,i64-o64,4,disaggregated,3,96,96,96,96,1.0,1.0,1.543640202039512,0.034548528578471245,98.79297293052876,2.2111058290221597,1.543640202039512,0.034548528578471245,98.79297293052876,2.2111058290221597
20000,50,i64-o64,8,aggregated,3,96,96,96,96,1.0,1.0,2.0259607285119743,0.025549662484497044,129.66148662476635,1.6351783990078108,2.0259607285119743,0.025549662484497044,129.66148662476635,1.6351783990078108
20000,50,i64-o64,8,disaggregated,3,96,96,96,96,1.0,1.0,1.5354845179922796,0.038351583028497616,98.2710091515059,2.4545013138238474,1.5354845179922796,0.038351583028497616,98.2710091515059,2.4545013138238474
20000,50,i704-o16,1,aggregated,3,96,96,96,96,1.0,1.0,1.7675390160318332,0.015710485856984677,28.28062425650933,0.25136777371175484,1.7675390160318332,0.015710485856984677,28.28062425650933,0.25136777371175484
20000,50,i704-o16,1,disaggregated,3,96,96,96,96,1.0,1.0,1.5068743964037539,0.015042369053473831,24.109990342460062,0.2406779048555813,1.5068743964037539,0.015042369053473831,24.109990342460062,0.2406779048555813
20000,50,i704-o16,2,aggregated,3,96,96,96,96,1.0,1.0,3.4231353134510694,0.020904963219625067,54.77016501521711,0.33447941151400107,3.4231353134510694,0.020904963219625067,54.77016501521711,0.33447941151400107
20000,50,i704-o16,2,disaggregated,3,96,96,96,96,1.0,1.0,2.9038899371858675,0.025379549177124205,46.46223899497388,0.4060727868339873,2.9038899371858675,0.025379549177124205,46.46223899497388,0.4060727868339873
20000,50,i704-o16,4,aggregated,3,96,96,96,96,1.0,1.0,6.13705847899473,0.026451181948233923,98.19293566391568,0.42321891117174276,6.13705847899473,0.026451181948233923,98.19293566391568,0.42321891117174276
20000,50,i704-o16,4,disaggregated,3,96,96,96,96,1.0,1.0,4.807706438515174,0.1250408454339715,76.92330301624278,2.000653526943544,4.807706438515174,0.1250408454339715,76.92330301624278,2.000653526943544
20000,50,i704-o16,8,aggregated,3,96,96,96,96,1.0,1.0,6.26901513982759,0.05323281135010287,100.30424223724144,0.8517249816016459,6.26901513982759,0.05323281135010287,100.30424223724144,0.8517249816016459
20000,50,i704-o16,8,disaggregated,3,96,96,96,96,1.0,1.0,5.194695140033942,0.1180547323063891,83.11512224054307,1.8888757169022257,5.194695140033942,0.1180547323063891,83.11512224054307,1.8888757169022257
20000,50,i704-o256,1,aggregated,3,96,96,96,96,1.0,1.0,0.13315973441342704,0.0012079164472832916,34.08889200983732,0.30922661050452266,0.13315973441342704,0.0012079164472832916,34.08889200983732,0.30922661050452266
20000,50,i704-o256,1,disaggregated,3,96,96,96,96,1.0,1.0,0.13193384669232183,0.002131816651440936,33.77506475323439,0.5457450627688796,0.13193384669232183,0.002131816651440936,33.77506475323439,0.5457450627688796
20000,50,i704-o256,2,aggregated,3,96,96,96,96,1.0,1.0,0.26410580486760143,0.001362346291233675,67.61108604610597,0.3487606505558208,0.26410580486760143,0.001362346291233675,67.61108604610597,0.3487606505558208
20000,50,i704-o256,2,disaggregated,3,96,96,96,96,1.0,1.0,0.26134501584656855,0.0037909228940693155,66.90432405672155,0.9704762608817448,0.26134501584656855,0.0037909228940693155,66.90432405672155,0.9704762608817448
20000,50,i704-o256,4,aggregated,3,96,96,96,96,1.0,1.0,0.49510610991416354,0.006680299480468798,126.74716413802587,1.7101566670000123,0.49510610991416354,0.006680299480468798,126.74716413802587,1.7101566670000123
20000,50,i704-o256,4,disaggregated,3,96,96,96,96,1.0,1.0,0.3779514943446062,0.007244794533137345,96.75558255221918,1.8546674004831603,0.3779514943446062,0.007244794533137345,96.75558255221918,1.8546674004831603
20000,50,i704-o256,8,aggregated,3,96,96,96,96,1.0,1.0,0.49630706390823565,0.006032745851796616,127.05460836050833,1.5443829380599337,0.49630706390823565,0.006032745851796616,127.05460836050833,1.5443829380599337
20000,50,i704-o256,8,disaggregated,3,96,96,96,96,1.0,1.0,0.3762571932752105,0.006835298015528307,96.32184147845389,1.7498362919752466,0.3762571932752105,0.006835298015528307,96.32184147845389,1.7498362919752466
20000,50,i704-o64,1,aggregated,3,96,96,96,96,1.0,1.0,0.5129146812802884,0.0037243163276673703,32.82653960193846,0.2383562449707117,0.5129146812802884,0.0037243163276673703,32.82653960193846,0.2383562449707117
20000,50,i704-o64,1,disaggregated,3,96,96,96,96,1.0,1.0,0.4876659180427332,0.007876828035810949,31.210618754734924,0.5041169942919007,0.4876659180427332,0.007876828035810949,31.210618754734924,0.5041169942919007
20000,50,i704-o64,2,aggregated,3,96,96,96,96,1.0,1.0,1.0153539462500099,0.005588110358331045,64.98265256000063,0.35763906293318687,1.0153539462500099,0.005588110358331045,64.98265256000063,0.35763906293318687
20000,50,i704-o64,2,disaggregated,3,96,96,96,96,1.0,1.0,0.9621512714349714,0.015229829721129363,61.57768137183817,0.9747091021522792,0.9621512714349714,0.015229829721129363,61.57768137183817,0.9747091021522792
20000,50,i704-o64,4,aggregated,3,96,96,96,96,1.0,1.0,1.8599615857959877,0.00974979465902817,119.03754149094321,0.6239868581778029,1.8599615857959877,0.00974979465902817,119.03754149094321,0.6239868581778029
20000,50,i704-o64,4,disaggregated,3,96,96,96,96,1.0,1.0,1.4630005116005735,0.027717615942049825,93.6320327424367,1.7739274202911888,1.4630005116005735,0.027717615942049825,93.6320327424367,1.7739274202911888
20000,50,i704-o64,8,aggregated,3,96,96,96,96,1.0,1.0,1.8899157972095058,0.008830952057150027,120.95461102140837,0.5651809316576017,1.8899157972095058,0.008830952057150027,120.95461102140837,0.5651809316576017
20000,50,i704-o64,8,disaggregated,3,96,96,96,96,1.0,1.0,1.4696514602957602,0.02710767303287764,94.05769345892865,1.734891074104169,1.4696514602957602,0.02710767303287764,94.05769345892865,1.734891074104169
20000,50,mixed,1,aggregated,3,96,96,96,96,1.0,1.0,0.2261834766108772,0.00161737723607549,34.15370496824246,0.24422396264740048,0.2261834766108772,0.00161737723607549,34.15370496824246,0.24422396264740048
20000,50,mixed,1,disaggregated,3,96,96,96,96,1.0,1.0,0.22444138376508363,0.0033440931328650994,33.89064894852763,0.5049580630626318,0.22444138376508363,0.0033440931328650994,33.89064894852763,0.5049580630626318
20000,50,mixed,2,aggregated,3,96,96,96,96,1.0,1.0,0.44730072718407815,0.004167870441603936,67.54240980479581,0.6293484366821898,0.44730072718407815,0.004167870441603936,67.54240980479581,0.6293484366821898
20000,50,mixed,2,disaggregated,3,96,96,96,96,1.0,1.0,0.38683378874800795,0.0028800321584030067,58.4119021009492,0.4348848559188518,0.38683378874800795,0.0028800321584030067,58.4119021009492,0.4348848559188518
20000,50,mixed,4,aggregated,3,96,96,96,96,1.0,1.0,0.6691043364925959,0.007554465552609897,101.034754810382,1.1407242984440988,0.6691043364925959,0.007554465552609897,101.034754810382,1.1407242984440988
20000,50,mixed,4,disaggregated,3,96,96,96,96,1.0,1.0,0.581791526784986,0.017240912705006384,87.85052054453288,2.603377818455967,0.581791526784986,0.017240912705006384,87.85052054453288,2.603377818455967
20000,50,mixed,8,aggregated,3,96,96,96,96,1.0,1.0,0.7098480381050456,0.05799319648479546,107.18705375386189,8.75697266920412,0.7098480381050456,0.05799319648479546,107.18705375386189,8.75697266920412
20000,50,mixed,8,disaggregated,3,96,94,94,96,0.9375,0.9791666666666666,0.5804488686855617,0.030674356916768092,87.82967416779334,4.3230310866255985,0.5925752017704643,0.01083443006427746,89.4788554673401,1.6359989397058987
