repetition,workload,concurrency,mode,exported_benchmark_duration_seconds,ttft_slo_ms,tpot_slo_ms,requests,good_requests,ttft_pass,tpot_pass,good_output_tokens,attainment,duration_seconds,request_goodput,token_goodput,request_throughput,token_throughput
1,i256-o16,1,aggregated,15.301014272000002,,25,32,9,32,9,144,0.28125,15.303436816000001,0.5881031893822928,9.409651030116684,2.091033562248152,33.45653699597043
1,i256-o16,1,aggregated,15.301014272000002,,30,32,32,32,32,512,1.0,15.303436816000001,2.091033562248152,33.45653699597043,2.091033562248152,33.45653699597043
1,i256-o16,1,aggregated,15.301014272000002,,35,32,32,32,32,512,1.0,15.303436816000001,2.091033562248152,33.45653699597043,2.091033562248152,33.45653699597043
1,i256-o16,1,aggregated,15.301014272000002,,50,32,32,32,32,512,1.0,15.303436816000001,2.091033562248152,33.45653699597043,2.091033562248152,33.45653699597043
1,i256-o16,2,aggregated,7.807282432,,25,32,7,32,7,112,0.21875,7.809744854000001,0.8963160936576225,14.34105749852196,4.097444999577703,65.55911999324324
1,i256-o16,2,aggregated,7.807282432,,30,32,32,32,32,512,1.0,7.809744854000001,4.097444999577703,65.55911999324324,4.097444999577703,65.55911999324324
1,i256-o16,2,aggregated,7.807282432,,35,32,32,32,32,512,1.0,7.809744854000001,4.097444999577703,65.55911999324324,4.097444999577703,65.55911999324324
1,i256-o16,2,aggregated,7.807282432,,50,32,32,32,32,512,1.0,7.809744854000001,4.097444999577703,65.55911999324324,4.097444999577703,65.55911999324324
1,i256-o16,4,aggregated,4.3105088,,25,32,2,32,2,32,0.0625,4.313124839,0.4637009302201651,7.419214883522642,7.419214883522642,118.70743813636227
1,i256-o16,4,aggregated,4.3105088,,30,32,28,32,28,448,0.875,4.313124839,6.491813023082312,103.86900836931699,7.419214883522642,118.70743813636227
1,i256-o16,4,aggregated,4.3105088,,35,32,32,32,32,512,1.0,4.313124839,7.419214883522642,118.70743813636227,7.419214883522642,118.70743813636227
1,i256-o16,4,aggregated,4.3105088,,50,32,32,32,32,512,1.0,4.313124839,7.419214883522642,118.70743813636227,7.419214883522642,118.70743813636227
1,i256-o16,8,aggregated,4.13608576,,25,32,4,32,4,64,0.125,4.138925663,0.9664343662313318,15.46294985970131,7.731474929850655,123.70359887761047
1,i256-o16,8,aggregated,4.13608576,,30,32,30,32,30,480,0.9375,4.138925663,7.248257746734988,115.97212394775981,7.731474929850655,123.70359887761047
1,i256-o16,8,aggregated,4.13608576,,35,32,32,32,32,512,1.0,4.138925663,7.731474929850655,123.70359887761047,7.731474929850655,123.70359887761047
1,i256-o16,8,aggregated,4.13608576,,50,32,32,32,32,512,1.0,4.138925663,7.731474929850655,123.70359887761047,7.731474929850655,123.70359887761047
1,i256-o256,1,aggregated,239.314130432,,25,32,0,32,0,0,0.0,239.31727148599998,0.0,0.0,0.13371370900771778,34.23070950597575
1,i256-o256,1,aggregated,239.314130432,,30,32,32,32,32,8192,1.0,239.31727148599998,0.13371370900771778,34.23070950597575,0.13371370900771778,34.23070950597575
1,i256-o256,1,aggregated,239.314130432,,35,32,32,32,32,8192,1.0,239.31727148599998,0.13371370900771778,34.23070950597575,0.13371370900771778,34.23070950597575
1,i256-o256,1,aggregated,239.314130432,,50,32,32,32,32,8192,1.0,239.31727148599998,0.13371370900771778,34.23070950597575,0.13371370900771778,34.23070950597575
1,i256-o256,2,aggregated,119.26610432000001,,25,32,0,32,0,0,0.0,119.269353183,0.0,0.0,0.26830027283623353,68.68486984607578
1,i256-o256,2,aggregated,119.26610432000001,,30,32,32,32,32,8192,1.0,119.269353183,0.26830027283623353,68.68486984607578,0.26830027283623353,68.68486984607578
1,i256-o256,2,aggregated,119.26610432000001,,35,32,32,32,32,8192,1.0,119.269353183,0.26830027283623353,68.68486984607578,0.26830027283623353,68.68486984607578
1,i256-o256,2,aggregated,119.26610432000001,,50,32,32,32,32,8192,1.0,119.269353183,0.26830027283623353,68.68486984607578,0.26830027283623353,68.68486984607578
1,i256-o256,4,aggregated,64.04088320000001,,25,32,0,32,0,0,0.0,64.044286454,0.0,0.0,0.4996542513278541,127.91148833993066
1,i256-o256,4,aggregated,64.04088320000001,,30,32,14,32,14,3584,0.4375,64.044286454,0.21859873495593618,55.96127614871966,0.4996542513278541,127.91148833993066
1,i256-o256,4,aggregated,64.04088320000001,,35,32,32,32,32,8192,1.0,64.044286454,0.4996542513278541,127.91148833993066,0.4996542513278541,127.91148833993066
1,i256-o256,4,aggregated,64.04088320000001,,50,32,32,32,32,8192,1.0,64.044286454,0.4996542513278541,127.91148833993066,0.4996542513278541,127.91148833993066
1,i256-o256,8,aggregated,64.256134656,,25,32,0,32,0,0,0.0,64.259651812,0.0,0.0,0.49797966683075373,127.48279470867296
1,i256-o256,8,aggregated,64.256134656,,30,32,13,32,13,3328,0.40625,64.259651812,0.2023042396499937,51.789885350398386,0.49797966683075373,127.48279470867296
1,i256-o256,8,aggregated,64.256134656,,35,32,32,32,32,8192,1.0,64.259651812,0.49797966683075373,127.48279470867296,0.49797966683075373,127.48279470867296
1,i256-o256,8,aggregated,64.256134656,,50,32,32,32,32,8192,1.0,64.259651812,0.49797966683075373,127.48279470867296,0.49797966683075373,127.48279470867296
1,i256-o64,1,aggregated,60.083107328000004,,25,32,0,32,0,0,0.0,60.08542795100001,0.0,0.0,0.5325750534072283,34.08480341806261
1,i256-o64,1,aggregated,60.083107328000004,,30,32,32,32,32,2048,1.0,60.08542795100001,0.5325750534072283,34.08480341806261,0.5325750534072283,34.08480341806261
1,i256-o64,1,aggregated,60.083107328000004,,35,32,32,32,32,2048,1.0,60.08542795100001,0.5325750534072283,34.08480341806261,0.5325750534072283,34.08480341806261
1,i256-o64,1,aggregated,60.083107328000004,,50,32,32,32,32,2048,1.0,60.08542795100001,0.5325750534072283,34.08480341806261,0.5325750534072283,34.08480341806261
1,i256-o64,2,aggregated,30.143386624,,25,32,0,32,0,0,0.0,30.146059317000002,0.0,0.0,1.0614986079442403,67.93591090843138
1,i256-o64,2,aggregated,30.143386624,,30,32,32,32,32,2048,1.0,30.146059317000002,1.0614986079442403,67.93591090843138,1.0614986079442403,67.93591090843138
1,i256-o64,2,aggregated,30.143386624,,35,32,32,32,32,2048,1.0,30.146059317000002,1.0614986079442403,67.93591090843138,1.0614986079442403,67.93591090843138
1,i256-o64,2,aggregated,30.143386624,,50,32,32,32,32,2048,1.0,30.146059317000002,1.0614986079442403,67.93591090843138,1.0614986079442403,67.93591090843138
1,i256-o64,4,aggregated,16.196270848,,25,32,0,32,0,0,0.0,16.199293787000002,0.0,0.0,1.9753947561393157,126.4252643929162
1,i256-o64,4,aggregated,16.196270848,,30,32,22,32,22,1408,0.6875,16.199293787000002,1.3580838948457794,86.91736927012988,1.9753947561393157,126.4252643929162
1,i256-o64,4,aggregated,16.196270848,,35,32,32,32,32,2048,1.0,16.199293787000002,1.9753947561393157,126.4252643929162,1.9753947561393157,126.4252643929162
1,i256-o64,4,aggregated,16.196270848,,50,32,32,32,32,2048,1.0,16.199293787000002,1.9753947561393157,126.4252643929162,1.9753947561393157,126.4252643929162
1,i256-o64,8,aggregated,16.046125056,,25,32,0,32,0,0,0.0,16.050329005000002,0.0,0.0,1.9937286014530515,127.5986304929953
1,i256-o64,8,aggregated,16.046125056,,30,32,18,32,18,1152,0.5625,16.050329005000002,1.1214723383173415,71.77422965230986,1.9937286014530515,127.5986304929953
1,i256-o64,8,aggregated,16.046125056,,35,32,32,32,32,2048,1.0,16.050329005000002,1.9937286014530515,127.5986304929953,1.9937286014530515,127.5986304929953
1,i256-o64,8,aggregated,16.046125056,,50,32,32,32,32,2048,1.0,16.050329005000002,1.9937286014530515,127.5986304929953,1.9937286014530515,127.5986304929953
1,i64-o16,1,aggregated,15.160182528000002,,25,32,9,32,9,144,0.28125,15.162278242,0.5935783433303387,9.497253493285418,2.1105007762856487,33.76801242057038
1,i64-o16,1,aggregated,15.160182528000002,,30,32,32,32,32,512,1.0,15.162278242,2.1105007762856487,33.76801242057038,2.1105007762856487,33.76801242057038
1,i64-o16,1,aggregated,15.160182528000002,,35,32,32,32,32,512,1.0,15.162278242,2.1105007762856487,33.76801242057038,2.1105007762856487,33.76801242057038
1,i64-o16,1,aggregated,15.160182528000002,,50,32,32,32,32,512,1.0,15.162278242,2.1105007762856487,33.76801242057038,2.1105007762856487,33.76801242057038
1,i64-o16,2,aggregated,7.598337536000001,,25,32,9,32,9,144,0.28125,7.600880555000002,1.1840733366188252,18.945173385901203,4.210038530200268,67.36061648320428
1,i64-o16,2,aggregated,7.598337536000001,,30,32,32,32,32,512,1.0,7.600880555000002,4.210038530200268,67.36061648320428,4.210038530200268,67.36061648320428
1,i64-o16,2,aggregated,7.598337536000001,,35,32,32,32,32,512,1.0,7.600880555000002,4.210038530200268,67.36061648320428,4.210038530200268,67.36061648320428
1,i64-o16,2,aggregated,7.598337536000001,,50,32,32,32,32,512,1.0,7.600880555000002,4.210038530200268,67.36061648320428,4.210038530200268,67.36061648320428
1,i64-o16,4,aggregated,4.0750592,,25,32,3,32,3,48,0.09375,4.077589662,0.7357287634794871,11.771660215671794,7.847773477114529,125.56437563383247
1,i64-o16,4,aggregated,4.0750592,,30,32,31,32,31,496,0.96875,4.077589662,7.6025305559547,121.6404888952752,7.847773477114529,125.56437563383247
1,i64-o16,4,aggregated,4.0750592,,35,32,32,32,32,512,1.0,4.077589662,7.847773477114529,125.56437563383247,7.847773477114529,125.56437563383247
1,i64-o16,4,aggregated,4.0750592,,50,32,32,32,32,512,1.0,4.077589662,7.847773477114529,125.56437563383247,7.847773477114529,125.56437563383247
1,i64-o16,8,aggregated,4.162237184,,25,32,4,32,4,64,0.125,4.165073683,0.9603671638094283,15.365874620950853,7.682937310475427,122.92699696760683
1,i64-o16,8,aggregated,4.162237184,,30,32,29,32,29,464,0.90625,4.165073683,6.962661937618355,111.40259100189368,7.682937310475427,122.92699696760683
1,i64-o16,8,aggregated,4.162237184,,35,32,32,32,32,512,1.0,4.165073683,7.682937310475427,122.92699696760683,7.682937310475427,122.92699696760683
1,i64-o16,8,aggregated,4.162237184,,50,32,32,32,32,512,1.0,4.165073683,7.682937310475427,122.92699696760683,7.682937310475427,122.92699696760683
1,i64-o256,1,aggregated,237.964983296,,25,32,0,32,0,0,0.0,237.968460479,0.0,0.0,0.1344716015542064,34.42472999787684
1,i64-o256,1,aggregated,237.964983296,,30,32,32,32,32,8192,1.0,237.968460479,0.1344716015542064,34.42472999787684,0.1344716015542064,34.42472999787684
1,i64-o256,1,aggregated,237.964983296,,35,32,32,32,32,8192,1.0,237.968460479,0.1344716015542064,34.42472999787684,0.1344716015542064,34.42472999787684
1,i64-o256,1,aggregated,237.964983296,,50,32,32,32,32,8192,1.0,237.968460479,0.1344716015542064,34.42472999787684,0.1344716015542064,34.42472999787684
1,i64-o256,2,aggregated,119.20022886400001,,25,32,0,32,0,0,0.0,119.20327179300003,0.0,0.0,0.26844900746993705,68.72294591230389
1,i64-o256,2,aggregated,119.20022886400001,,30,32,32,32,32,8192,1.0,119.20327179300003,0.26844900746993705,68.72294591230389,0.26844900746993705,68.72294591230389
1,i64-o256,2,aggregated,119.20022886400001,,35,32,32,32,32,8192,1.0,119.20327179300003,0.26844900746993705,68.72294591230389,0.26844900746993705,68.72294591230389
1,i64-o256,2,aggregated,119.20022886400001,,50,32,32,32,32,8192,1.0,119.20327179300003,0.26844900746993705,68.72294591230389,0.26844900746993705,68.72294591230389
1,i64-o256,4,aggregated,64.280516096,,25,32,0,32,0,0,0.0,64.284615675,0.0,0.0,0.4977862846964901,127.43328888230147
1,i64-o256,4,aggregated,64.280516096,,30,32,15,32,15,3840,0.46875,64.284615675,0.23333732095147974,59.734354163578814,0.4977862846964901,127.43328888230147
1,i64-o256,4,aggregated,64.280516096,,35,32,32,32,32,8192,1.0,64.284615675,0.4977862846964901,127.43328888230147,0.4977862846964901,127.43328888230147
1,i64-o256,4,aggregated,64.280516096,,50,32,32,32,32,8192,1.0,64.284615675,0.4977862846964901,127.43328888230147,0.4977862846964901,127.43328888230147
1,i64-o256,8,aggregated,64.074257664,,25,32,0,32,0,0,0.0,64.077252078,0.0,0.0,0.4993971957637481,127.84568211551951
1,i64-o256,8,aggregated,64.074257664,,30,32,10,32,10,2560,0.3125,64.077252078,0.15606162367617127,39.951775661099845,0.4993971957637481,127.84568211551951
1,i64-o256,8,aggregated,64.074257664,,35,32,32,32,32,8192,1.0,64.077252078,0.4993971957637481,127.84568211551951,0.4993971957637481,127.84568211551951
1,i64-o256,8,aggregated,64.074257664,,50,32,32,32,32,8192,1.0,64.077252078,0.4993971957637481,127.84568211551951,0.4993971957637481,127.84568211551951
1,i64-o64,1,aggregated,59.901095936000004,,25,32,0,32,0,0,0.0,59.903456898,0.0,0.0,0.5341928772906658,34.18834414660261
1,i64-o64,1,aggregated,59.901095936000004,,30,32,32,32,32,2048,1.0,59.903456898,0.5341928772906658,34.18834414660261,0.5341928772906658,34.18834414660261
1,i64-o64,1,aggregated,59.901095936000004,,35,32,32,32,32,2048,1.0,59.903456898,0.5341928772906658,34.18834414660261,0.5341928772906658,34.18834414660261
1,i64-o64,1,aggregated,59.901095936000004,,50,32,32,32,32,2048,1.0,59.903456898,0.5341928772906658,34.18834414660261,0.5341928772906658,34.18834414660261
1,i64-o64,2,aggregated,29.888658688000003,,25,32,0,32,0,0,0.0,29.893005037000005,0.0,0.0,1.0704845484885868,68.51101110326955
1,i64-o64,2,aggregated,29.888658688000003,,30,32,32,32,32,2048,1.0,29.893005037000005,1.0704845484885868,68.51101110326955,1.0704845484885868,68.51101110326955
1,i64-o64,2,aggregated,29.888658688000003,,35,32,32,32,32,2048,1.0,29.893005037000005,1.0704845484885868,68.51101110326955,1.0704845484885868,68.51101110326955
1,i64-o64,2,aggregated,29.888658688000003,,50,32,32,32,32,2048,1.0,29.893005037000005,1.0704845484885868,68.51101110326955,1.0704845484885868,68.51101110326955
1,i64-o64,4,aggregated,16.073512448000002,,25,32,0,32,0,0,0.0,16.076370057000002,0.0,0.0,1.990499091930675,127.3919418835632
1,i64-o64,4,aggregated,16.073512448000002,,30,32,22,32,22,1408,0.6875,16.076370057000002,1.3684681257023392,87.58196004494971,1.990499091930675,127.3919418835632
1,i64-o64,4,aggregated,16.073512448000002,,35,32,32,32,32,2048,1.0,16.076370057000002,1.990499091930675,127.3919418835632,1.990499091930675,127.3919418835632
1,i64-o64,4,aggregated,16.073512448000002,,50,32,32,32,32,2048,1.0,16.076370057000002,1.990499091930675,127.3919418835632,1.990499091930675,127.3919418835632
1,i64-o64,8,aggregated,15.958585856000001,,25,32,0,32,0,0,0.0,15.961465405999999,0.0,0.0,2.004828453155124,128.30902100192793
1,i64-o64,8,aggregated,15.958585856000001,,30,32,24,32,24,1536,0.75,15.961465405999999,1.503621339866343,96.23176575144595,2.004828453155124,128.30902100192793
1,i64-o64,8,aggregated,15.958585856000001,,35,32,32,32,32,2048,1.0,15.961465405999999,2.004828453155124,128.30902100192793,2.004828453155124,128.30902100192793
1,i64-o64,8,aggregated,15.958585856000001,,50,32,32,32,32,2048,1.0,15.961465405999999,2.004828453155124,128.30902100192793,2.004828453155124,128.30902100192793
1,i704-o16,1,aggregated,18.287739904000002,,25,32,12,32,12,192,0.375,18.290033993,0.6560950080569924,10.497520128911878,1.7495866881519797,27.993387010431675
1,i704-o16,1,aggregated,18.287739904000002,,30,32,32,32,32,512,1.0,18.290033993,1.7495866881519797,27.993387010431675,1.7495866881519797,27.993387010431675
1,i704-o16,1,aggregated,18.287739904000002,,35,32,32,32,32,512,1.0,18.290033993,1.7495866881519797,27.993387010431675,1.7495866881519797,27.993387010431675
1,i704-o16,1,aggregated,18.287739904000002,,50,32,32,32,32,512,1.0,18.290033993,1.7495866881519797,27.993387010431675,1.7495866881519797,27.993387010431675
1,i704-o16,2,aggregated,9.410982912,,25,32,13,32,13,208,0.40625,9.414488553,1.3808503698119055,22.093605916990487,3.3990162949216134,54.384260718745814
1,i704-o16,2,aggregated,9.410982912,,30,32,32,32,32,512,1.0,9.414488553,3.3990162949216134,54.384260718745814,3.3990162949216134,54.384260718745814
1,i704-o16,2,aggregated,9.410982912,,35,32,32,32,32,512,1.0,9.414488553,3.3990162949216134,54.384260718745814,3.3990162949216134,54.384260718745814
1,i704-o16,2,aggregated,9.410982912,,50,32,32,32,32,512,1.0,9.414488553,3.3990162949216134,54.384260718745814,3.3990162949216134,54.384260718745814
1,i704-o16,4,aggregated,5.227523072,,25,32,8,32,8,128,0.25,5.230323917000001,1.529541979990529,24.472671679848464,6.118167919962116,97.89068671939386
1,i704-o16,4,aggregated,5.227523072,,30,32,30,32,30,480,0.9375,5.230323917000001,5.7357824249644835,91.77251879943174,6.118167919962116,97.89068671939386
1,i704-o16,4,aggregated,5.227523072,,35,32,32,32,32,512,1.0,5.230323917000001,6.118167919962116,97.89068671939386,6.118167919962116,97.89068671939386
1,i704-o16,4,aggregated,5.227523072,,50,32,32,32,32,512,1.0,5.230323917000001,6.118167919962116,97.89068671939386,6.118167919962116,97.89068671939386
1,i704-o16,8,aggregated,5.12035072,,25,32,8,32,8,128,0.25,5.123204542000001,1.5615226630941723,24.984362609506757,6.246090652376689,99.93745043802703
1,i704-o16,8,aggregated,5.12035072,,30,32,30,32,30,480,0.9375,5.123204542000001,5.855709986603146,93.69135978565033,6.246090652376689,99.93745043802703
1,i704-o16,8,aggregated,5.12035072,,35,32,32,32,32,512,1.0,5.123204542000001,6.246090652376689,99.93745043802703,6.246090652376689,99.93745043802703
1,i704-o16,8,aggregated,5.12035072,,50,32,32,32,32,512,1.0,5.123204542000001,6.246090652376689,99.93745043802703,6.246090652376689,99.93745043802703
1,i704-o256,1,aggregated,242.55858304,,25,32,0,32,0,0,0.0,242.56170746700005,0.0,0.0,0.13192519270319503,33.77284933201793
1,i704-o256,1,aggregated,242.55858304,,30,32,32,32,32,8192,1.0,242.56170746700005,0.13192519270319503,33.77284933201793,0.13192519270319503,33.77284933201793
1,i704-o256,1,aggregated,242.55858304,,35,32,32,32,32,8192,1.0,242.56170746700005,0.13192519270319503,33.77284933201793,0.13192519270319503,33.77284933201793
1,i704-o256,1,aggregated,242.55858304,,50,32,32,32,32,8192,1.0,242.56170746700005,0.13192519270319503,33.77284933201793,0.13192519270319503,33.77284933201793
1,i704-o256,2,aggregated,121.785927168,,25,32,0,32,0,0,0.0,121.789138367,0.0,0.0,0.2627492108825915,67.26379798594343
1,i704-o256,2,aggregated,121.785927168,,30,32,32,32,32,8192,1.0,121.789138367,0.2627492108825915,67.26379798594343,0.2627492108825915,67.26379798594343
1,i704-o256,2,aggregated,121.785927168,,35,32,32,32,32,8192,1.0,121.789138367,0.2627492108825915,67.26379798594343,0.2627492108825915,67.26379798594343
1,i704-o256,2,aggregated,121.785927168,,50,32,32,32,32,8192,1.0,121.789138367,0.2627492108825915,67.26379798594343,0.2627492108825915,67.26379798594343
1,i704-o256,4,aggregated,65.332710144,,25,32,0,32,0,0,0.0,65.337635237,0.0,0.0,0.4897636696511285,125.3794994306889
1,i704-o256,4,aggregated,65.332710144,,30,32,14,32,14,3584,0.4375,65.337635237,0.2142716054723687,54.85353100092639,0.4897636696511285,125.3794994306889
1,i704-o256,4,aggregated,65.332710144,,35,32,32,32,32,8192,1.0,65.337635237,0.4897636696511285,125.3794994306889,0.4897636696511285,125.3794994306889
1,i704-o256,4,aggregated,65.332710144,,50,32,32,32,32,8192,1.0,65.337635237,0.4897636696511285,125.3794994306889,0.4897636696511285,125.3794994306889
1,i704-o256,8,aggregated,64.890011392,,25,32,0,32,0,0,0.0,64.89333307300001,0.0,0.0,0.49311691177894135,126.23792941540898
1,i704-o256,8,aggregated,64.890011392,,30,32,13,32,13,3328,0.40625,64.89333307300001,0.2003287454101949,51.2841588250099,0.49311691177894135,126.23792941540898
1,i704-o256,8,aggregated,64.890011392,,35,32,32,32,32,8192,1.0,64.89333307300001,0.49311691177894135,126.23792941540898,0.49311691177894135,126.23792941540898
1,i704-o256,8,aggregated,64.890011392,,50,32,32,32,32,8192,1.0,64.89333307300001,0.49311691177894135,126.23792941540898,0.49311691177894135,126.23792941540898
1,i704-o64,1,aggregated,62.856655616000005,,25,32,0,32,0,0,0.0,62.859124075000004,0.0,0.0,0.5090748633693875,32.5807912556408
1,i704-o64,1,aggregated,62.856655616000005,,30,32,32,32,32,2048,1.0,62.859124075000004,0.5090748633693875,32.5807912556408,0.5090748633693875,32.5807912556408
1,i704-o64,1,aggregated,62.856655616000005,,35,32,32,32,32,2048,1.0,62.859124075000004,0.5090748633693875,32.5807912556408,0.5090748633693875,32.5807912556408
1,i704-o64,1,aggregated,62.856655616000005,,50,32,32,32,32,2048,1.0,62.859124075000004,0.5090748633693875,32.5807912556408,0.5090748633693875,32.5807912556408
1,i704-o64,2,aggregated,31.683796224,,25,32,0,32,0,0,0.0,31.686226975,0.0,0.0,1.009902505124626,64.63376032797606
1,i704-o64,2,aggregated,31.683796224,,30,32,32,32,32,2048,1.0,31.686226975,1.009902505124626,64.63376032797606,1.009902505124626,64.63376032797606
1,i704-o64,2,aggregated,31.683796224,,35,32,32,32,32,2048,1.0,31.686226975,1.009902505124626,64.63376032797606,1.009902505124626,64.63376032797606
1,i704-o64,2,aggregated,31.683796224,,50,32,32,32,32,2048,1.0,31.686226975,1.009902505124626,64.63376032797606,1.009902505124626,64.63376032797606
1,i704-o64,4,aggregated,17.102882304,,25,32,0,32,0,0,0.0,17.105953907,0.0,0.0,1.870693687938978,119.72439602809459
1,i704-o64,4,aggregated,17.102882304,,30,32,21,32,21,1344,0.65625,17.105953907,1.2276427327099544,78.56913489343708,1.870693687938978,119.72439602809459
1,i704-o64,4,aggregated,17.102882304,,35,32,32,32,32,2048,1.0,17.105953907,1.870693687938978,119.72439602809459,1.870693687938978,119.72439602809459
1,i704-o64,4,aggregated,17.102882304,,50,32,32,32,32,2048,1.0,17.105953907,1.870693687938978,119.72439602809459,1.870693687938978,119.72439602809459
1,i704-o64,8,aggregated,17.008322304,,25,32,0,32,0,0,0.0,17.010373928,0.0,0.0,1.8812049714748633,120.39711817439125
1,i704-o64,8,aggregated,17.008322304,,30,32,18,32,18,1152,0.5625,17.010373928,1.0581777964546106,67.72337897309508,1.8812049714748633,120.39711817439125
1,i704-o64,8,aggregated,17.008322304,,35,32,32,32,32,2048,1.0,17.010373928,1.8812049714748633,120.39711817439125,1.8812049714748633,120.39711817439125
1,i704-o64,8,aggregated,17.008322304,,50,32,32,32,32,2048,1.0,17.010373928,1.8812049714748633,120.39711817439125,1.8812049714748633,120.39711817439125
1,mixed,1,aggregated,142.48459392,,25,32,6,32,6,96,0.1875,142.48894459000002,0.04210853001448285,0.6737364802317256,0.22457882674390856,33.91140283833019
1,mixed,1,aggregated,142.48459392,,30,32,32,32,32,4832,1.0,142.48894459000002,0.22457882674390856,33.91140283833019,0.22457882674390856,33.91140283833019
1,mixed,1,aggregated,142.48459392,,35,32,32,32,32,4832,1.0,142.48894459000002,0.22457882674390856,33.91140283833019,0.22457882674390856,33.91140283833019
1,mixed,1,aggregated,142.48459392,,50,32,32,32,32,4832,1.0,142.48894459000002,0.22457882674390856,33.91140283833019,0.22457882674390856,33.91140283833019
1,mixed,2,aggregated,72.024379392,,25,32,6,32,6,96,0.1875,72.02744594400001,0.08330157929888125,1.3328252687821,0.4442750895940334,67.08553852869905
1,mixed,2,aggregated,72.024379392,,30,32,32,32,32,4832,1.0,72.02744594400001,0.4442750895940334,67.08553852869905,0.4442750895940334,67.08553852869905
1,mixed,2,aggregated,72.024379392,,35,32,32,32,32,4832,1.0,72.02744594400001,0.4442750895940334,67.08553852869905,0.4442750895940334,67.08553852869905
1,mixed,2,aggregated,72.024379392,,50,32,32,32,32,4832,1.0,72.02744594400001,0.4442750895940334,67.08553852869905,0.4442750895940334,67.08553852869905
1,mixed,4,aggregated,48.115700736,,25,32,5,32,5,80,0.15625,48.118888801000004,0.10390929891747812,1.66254878267965,0.66501951307186,100.41794647385086
1,mixed,4,aggregated,48.115700736,,30,32,24,32,24,2784,0.75,48.118888801000004,0.498764634803895,57.85669763725182,0.66501951307186,100.41794647385086
1,mixed,4,aggregated,48.115700736,,35,32,32,32,32,4832,1.0,48.118888801000004,0.66501951307186,100.41794647385086,0.66501951307186,100.41794647385086
1,mixed,4,aggregated,48.115700736,,50,32,32,32,32,4832,1.0,48.118888801000004,0.66501951307186,100.41794647385086,0.66501951307186,100.41794647385086
1,mixed,8,aggregated,47.673804800000006,,25,32,4,32,4,64,0.125,47.676651707,0.08389850916088368,1.3423761465741388,0.6711880732870694,101.34939906634749
1,mixed,8,aggregated,47.673804800000006,,30,32,21,32,21,2736,0.65625,47.676651707,0.44046717309463934,57.38658026604444,0.6711880732870694,101.34939906634749
1,mixed,8,aggregated,47.673804800000006,,35,32,32,32,32,4832,1.0,47.676651707,0.6711880732870694,101.34939906634749,0.6711880732870694,101.34939906634749
1,mixed,8,aggregated,47.673804800000006,,50,32,32,32,32,4832,1.0,47.676651707,0.6711880732870694,101.34939906634749,0.6711880732870694,101.34939906634749
1,i256-o16,1,disaggregated,17.433074432,,25,32,7,32,7,112,0.21875,17.435951709,0.40146933857282796,6.423509417165247,1.8352884049043565,29.364614478469704
1,i256-o16,1,disaggregated,17.433074432,,30,32,32,32,32,512,1.0,17.435951709,1.8352884049043565,29.364614478469704,1.8352884049043565,29.364614478469704
1,i256-o16,1,disaggregated,17.433074432,,35,32,32,32,32,512,1.0,17.435951709,1.8352884049043565,29.364614478469704,1.8352884049043565,29.364614478469704
1,i256-o16,1,disaggregated,17.433074432,,50,32,32,32,32,512,1.0,17.435951709,1.8352884049043565,29.364614478469704,1.8352884049043565,29.364614478469704
1,i256-o16,2,disaggregated,8.720662016,,25,32,6,32,6,96,0.1875,8.723804119,0.6877733518720699,11.004373629953118,3.668124543317706,58.6899926930833
1,i256-o16,2,disaggregated,8.720662016,,30,32,32,32,32,512,1.0,8.723804119,3.668124543317706,58.6899926930833,3.668124543317706,58.6899926930833
1,i256-o16,2,disaggregated,8.720662016,,35,32,32,32,32,512,1.0,8.723804119,3.668124543317706,58.6899926930833,3.668124543317706,58.6899926930833
1,i256-o16,2,disaggregated,8.720662016,,50,32,32,32,32,512,1.0,8.723804119,3.668124543317706,58.6899926930833,3.668124543317706,58.6899926930833
1,i256-o16,4,disaggregated,5.639207936,,25,32,3,32,3,48,0.09375,5.643497787,0.5315852177546003,8.505363484073605,5.670242322715737,90.72387716345179
1,i256-o16,4,disaggregated,5.639207936,,30,32,21,32,21,336,0.65625,5.643497787,3.721096524282202,59.53754438851523,5.670242322715737,90.72387716345179
1,i256-o16,4,disaggregated,5.639207936,,35,32,32,32,32,512,1.0,5.643497787,5.670242322715737,90.72387716345179,5.670242322715737,90.72387716345179
1,i256-o16,4,disaggregated,5.639207936,,50,32,32,32,32,512,1.0,5.643497787,5.670242322715737,90.72387716345179,5.670242322715737,90.72387716345179
1,i256-o16,8,disaggregated,5.53420672,,25,32,3,32,3,48,0.09375,5.539825990000001,0.5415332549100518,8.664532078560828,5.776354719040552,92.42167550464883
1,i256-o16,8,disaggregated,5.53420672,,30,32,26,32,26,416,0.8125,5.539825990000001,4.693288209220448,75.09261134752717,5.776354719040552,92.42167550464883
1,i256-o16,8,disaggregated,5.53420672,,35,32,32,32,32,512,1.0,5.539825990000001,5.776354719040552,92.42167550464883,5.776354719040552,92.42167550464883
1,i256-o16,8,disaggregated,5.53420672,,50,32,32,32,32,512,1.0,5.539825990000001,5.776354719040552,92.42167550464883,5.776354719040552,92.42167550464883
1,i256-o256,1,disaggregated,242.930030592,,25,32,0,32,0,0,0.0,242.933196142,0.0,0.0,0.13172345528807544,33.72120455374731
1,i256-o256,1,disaggregated,242.930030592,,30,32,29,32,29,7424,0.90625,242.933196142,0.11937438135481837,30.559841626833503,0.13172345528807544,33.72120455374731
1,i256-o256,1,disaggregated,242.930030592,,35,32,32,32,32,8192,1.0,242.933196142,0.13172345528807544,33.72120455374731,0.13172345528807544,33.72120455374731
1,i256-o256,1,disaggregated,242.930030592,,50,32,32,32,32,8192,1.0,242.933196142,0.13172345528807544,33.72120455374731,0.13172345528807544,33.72120455374731
1,i256-o256,2,disaggregated,122.07245542400001,,25,32,0,32,0,0,0.0,122.075556356,0.0,0.0,0.2621327393887171,67.10598128351158
1,i256-o256,2,disaggregated,122.07245542400001,,30,32,27,32,27,6912,0.84375,122.075556356,0.22117449885923007,56.6206717079629,0.2621327393887171,67.10598128351158
1,i256-o256,2,disaggregated,122.07245542400001,,35,32,32,32,32,8192,1.0,122.075556356,0.2621327393887171,67.10598128351158,0.2621327393887171,67.10598128351158
1,i256-o256,2,disaggregated,122.07245542400001,,50,32,32,32,32,8192,1.0,122.075556356,0.2621327393887171,67.10598128351158,0.2621327393887171,67.10598128351158
1,i256-o256,4,disaggregated,85.887914752,,25,32,0,32,0,0,0.0,85.89493041200001,0.0,0.0,0.3725481800440392,95.37233409127404
1,i256-o256,4,disaggregated,85.887914752,,30,32,15,32,15,3840,0.46875,85.89493041200001,0.17463195939564338,44.705781605284706,0.3725481800440392,95.37233409127404
1,i256-o256,4,disaggregated,85.887914752,,35,32,32,32,32,8192,1.0,85.89493041200001,0.3725481800440392,95.37233409127404,0.3725481800440392,95.37233409127404
1,i256-o256,4,disaggregated,85.887914752,,50,32,32,32,32,8192,1.0,85.89493041200001,0.3725481800440392,95.37233409127404,0.3725481800440392,95.37233409127404
1,i256-o256,8,disaggregated,85.856094208,,25,32,0,32,0,0,0.0,85.86444415000001,0.0,0.0,0.3726804536706477,95.40619613968582
1,i256-o256,8,disaggregated,85.856094208,,30,32,19,32,19,4864,0.59375,85.86444415000001,0.2212790193669471,56.64742895793846,0.3726804536706477,95.40619613968582
1,i256-o256,8,disaggregated,85.856094208,,35,32,32,32,32,8192,1.0,85.86444415000001,0.3726804536706477,95.40619613968582,0.3726804536706477,95.40619613968582
1,i256-o256,8,disaggregated,85.856094208,,50,32,32,32,32,8192,1.0,85.86444415000001,0.3726804536706477,95.40619613968582,0.3726804536706477,95.40619613968582
1,i256-o64,1,disaggregated,62.405084672,,25,32,0,32,0,0,0.0,62.407408209,0.0,0.0,0.5127596373307675,32.81661678916912
1,i256-o64,1,disaggregated,62.405084672,,30,32,32,32,32,2048,1.0,62.407408209,0.5127596373307675,32.81661678916912,0.5127596373307675,32.81661678916912
1,i256-o64,1,disaggregated,62.405084672,,35,32,32,32,32,2048,1.0,62.407408209,0.5127596373307675,32.81661678916912,0.5127596373307675,32.81661678916912
1,i256-o64,1,disaggregated,62.405084672,,50,32,32,32,32,2048,1.0,62.407408209,0.5127596373307675,32.81661678916912,0.5127596373307675,32.81661678916912
1,i256-o64,2,disaggregated,31.256548864000003,,25,32,0,32,0,0,0.0,31.259276929000002,0.0,0.0,1.0236961038056773,65.51655064356335
1,i256-o64,2,disaggregated,31.256548864000003,,30,32,32,32,32,2048,1.0,31.259276929000002,1.0236961038056773,65.51655064356335,1.0236961038056773,65.51655064356335
1,i256-o64,2,disaggregated,31.256548864000003,,35,32,32,32,32,2048,1.0,31.259276929000002,1.0236961038056773,65.51655064356335,1.0236961038056773,65.51655064356335
1,i256-o64,2,disaggregated,31.256548864000003,,50,32,32,32,32,2048,1.0,31.259276929000002,1.0236961038056773,65.51655064356335,1.0236961038056773,65.51655064356335
1,i256-o64,4,disaggregated,21.476576,,25,32,0,32,0,0,0.0,21.48118371,0.0,0.0,1.4896758219661443,95.33925260583324
1,i256-o64,4,disaggregated,21.476576,,30,32,19,32,19,1216,0.59375,21.48118371,0.8844950192923982,56.60768123471348,1.4896758219661443,95.33925260583324
1,i256-o64,4,disaggregated,21.476576,,35,32,32,32,32,2048,1.0,21.48118371,1.4896758219661443,95.33925260583324,1.4896758219661443,95.33925260583324
1,i256-o64,4,disaggregated,21.476576,,50,32,32,32,32,2048,1.0,21.48118371,1.4896758219661443,95.33925260583324,1.4896758219661443,95.33925260583324
1,i256-o64,8,disaggregated,21.556858112,,25,32,0,32,0,0,0.0,21.564794697,0.0,0.0,1.4839000532869298,94.9696034103635
1,i256-o64,8,disaggregated,21.556858112,,30,32,23,32,23,1472,0.71875,21.564794697,1.0665531632999807,68.25940245119877,1.4839000532869298,94.9696034103635
1,i256-o64,8,disaggregated,21.556858112,,35,32,32,32,32,2048,1.0,21.564794697,1.4839000532869298,94.9696034103635,1.4839000532869298,94.9696034103635
1,i256-o64,8,disaggregated,21.556858112,,50,32,32,32,32,2048,1.0,21.564794697,1.4839000532869298,94.9696034103635,1.4839000532869298,94.9696034103635
1,i64-o16,1,disaggregated,15.795419648000001,,25,32,8,32,8,128,0.25,15.797591197000001,0.5064063185480593,8.102501096768949,2.025625274192237,32.410004387075794
1,i64-o16,1,disaggregated,15.795419648000001,,30,32,32,32,32,512,1.0,15.797591197000001,2.025625274192237,32.410004387075794,2.025625274192237,32.410004387075794
1,i64-o16,1,disaggregated,15.795419648000001,,35,32,32,32,32,512,1.0,15.797591197000001,2.025625274192237,32.410004387075794,2.025625274192237,32.410004387075794
1,i64-o16,1,disaggregated,15.795419648000001,,50,32,32,32,32,512,1.0,15.797591197000001,2.025625274192237,32.410004387075794,2.025625274192237,32.410004387075794
1,i64-o16,2,disaggregated,8.119445504,,25,32,7,32,7,112,0.21875,8.121942509,0.861862786179936,13.789804578878975,3.9399441653939933,63.03910664630389
1,i64-o16,2,disaggregated,8.119445504,,30,32,32,32,32,512,1.0,8.121942509,3.9399441653939933,63.03910664630389,3.9399441653939933,63.03910664630389
1,i64-o16,2,disaggregated,8.119445504,,35,32,32,32,32,512,1.0,8.121942509,3.9399441653939933,63.03910664630389,3.9399441653939933,63.03910664630389
1,i64-o16,2,disaggregated,8.119445504,,50,32,32,32,32,512,1.0,8.121942509,3.9399441653939933,63.03910664630389,3.9399441653939933,63.03910664630389
1,i64-o16,4,disaggregated,5.385978880000001,,25,32,7,32,7,112,0.21875,5.389650491,1.2987855171108162,20.78056827377306,5.9373052210780175,94.99688353724828
1,i64-o16,4,disaggregated,5.385978880000001,,30,32,32,32,32,512,1.0,5.389650491,5.9373052210780175,94.99688353724828,5.9373052210780175,94.99688353724828
1,i64-o16,4,disaggregated,5.385978880000001,,35,32,32,32,32,512,1.0,5.389650491,5.9373052210780175,94.99688353724828,5.9373052210780175,94.99688353724828
1,i64-o16,4,disaggregated,5.385978880000001,,50,32,32,32,32,512,1.0,5.389650491,5.9373052210780175,94.99688353724828,5.9373052210780175,94.99688353724828
1,i64-o16,8,disaggregated,5.303174912,,25,32,4,32,4,64,0.125,5.3070471910000006,0.7537147977096252,12.059436763354004,6.029718381677002,96.47549410683203
1,i64-o16,8,disaggregated,5.303174912,,30,32,31,32,31,496,0.96875,5.3070471910000006,5.841289682249595,93.46063491599352,6.029718381677002,96.47549410683203
1,i64-o16,8,disaggregated,5.303174912,,35,32,32,32,32,512,1.0,5.3070471910000006,6.029718381677002,96.47549410683203,6.029718381677002,96.47549410683203
1,i64-o16,8,disaggregated,5.303174912,,50,32,32,32,32,512,1.0,5.3070471910000006,6.029718381677002,96.47549410683203,6.029718381677002,96.47549410683203
1,i64-o256,1,disaggregated,241.53496320000002,,25,32,0,32,0,0,0.0,241.53797165400002,0.0,0.0,0.13248434513576018,33.91599235475461
1,i64-o256,1,disaggregated,241.53496320000002,,30,32,30,32,30,7680,0.9375,241.53797165400002,0.12420407356477518,31.796242832582447,0.13248434513576018,33.91599235475461
1,i64-o256,1,disaggregated,241.53496320000002,,35,32,32,32,32,8192,1.0,241.53797165400002,0.13248434513576018,33.91599235475461,0.13248434513576018,33.91599235475461
1,i64-o256,1,disaggregated,241.53496320000002,,50,32,32,32,32,8192,1.0,241.53797165400002,0.13248434513576018,33.91599235475461,0.13248434513576018,33.91599235475461
1,i64-o256,2,disaggregated,120.60513920000001,,25,32,0,32,0,0,0.0,120.60802296499999,0.0,0.0,0.26532231615542096,67.92251293578776
1,i64-o256,2,disaggregated,120.60513920000001,,30,32,30,32,30,7680,0.9375,120.60802296499999,0.24873967139570716,63.67735587730103,0.26532231615542096,67.92251293578776
1,i64-o256,2,disaggregated,120.60513920000001,,35,32,32,32,32,8192,1.0,120.60802296499999,0.26532231615542096,67.92251293578776,0.26532231615542096,67.92251293578776
1,i64-o256,2,disaggregated,120.60513920000001,,50,32,32,32,32,8192,1.0,120.60802296499999,0.26532231615542096,67.92251293578776,0.26532231615542096,67.92251293578776
1,i64-o256,4,disaggregated,85.412432128,,25,32,0,32,0,0,0.0,85.41588498600001,0.0,0.0,0.37463757479355186,95.90721914714928
1,i64-o256,4,disaggregated,85.412432128,,30,32,18,32,18,4608,0.5625,85.41588498600001,0.21073363582137292,53.94781077027147,0.37463757479355186,95.90721914714928
1,i64-o256,4,disaggregated,85.412432128,,35,32,32,32,32,8192,1.0,85.41588498600001,0.37463757479355186,95.90721914714928,0.37463757479355186,95.90721914714928
1,i64-o256,4,disaggregated,85.412432128,,50,32,32,32,32,8192,1.0,85.41588498600001,0.37463757479355186,95.90721914714928,0.37463757479355186,95.90721914714928
1,i64-o256,8,disaggregated,85.72335001600001,,25,32,0,32,0,0,0.0,85.727320946,0.0,0.0,0.3732765662904237,95.55880097034847
1,i64-o256,8,disaggregated,85.72335001600001,,30,32,19,32,19,4864,0.59375,85.727320946,0.22163296123493909,56.738038076144406,0.3732765662904237,95.55880097034847
1,i64-o256,8,disaggregated,85.72335001600001,,35,32,32,32,32,8192,1.0,85.727320946,0.3732765662904237,95.55880097034847,0.3732765662904237,95.55880097034847
1,i64-o256,8,disaggregated,85.72335001600001,,50,32,32,32,32,8192,1.0,85.727320946,0.3732765662904237,95.55880097034847,0.3732765662904237,95.55880097034847
1,i64-o64,1,disaggregated,61.170245376000004,,25,32,0,32,0,0,0.0,61.17264187300001,0.0,0.0,0.5231096617738845,33.47901835352861
1,i64-o64,1,disaggregated,61.170245376000004,,30,32,31,32,31,1984,0.96875,61.17264187300001,0.5067624848434507,32.43279902998084,0.5231096617738845,33.47901835352861
1,i64-o64,1,disaggregated,61.170245376000004,,35,32,32,32,32,2048,1.0,61.17264187300001,0.5231096617738845,33.47901835352861,0.5231096617738845,33.47901835352861
1,i64-o64,1,disaggregated,61.170245376000004,,50,32,32,32,32,2048,1.0,61.17264187300001,0.5231096617738845,33.47901835352861,0.5231096617738845,33.47901835352861
1,i64-o64,2,disaggregated,30.612205312,,25,32,0,32,0,0,0.0,30.614573383000003,0.0,0.0,1.0452538273085756,66.89624494774884
1,i64-o64,2,disaggregated,30.612205312,,30,32,32,32,32,2048,1.0,30.614573383000003,1.0452538273085756,66.89624494774884,1.0452538273085756,66.89624494774884
1,i64-o64,2,disaggregated,30.612205312,,35,32,32,32,32,2048,1.0,30.614573383000003,1.0452538273085756,66.89624494774884,1.0452538273085756,66.89624494774884
1,i64-o64,2,disaggregated,30.612205312,,50,32,32,32,32,2048,1.0,30.614573383000003,1.0452538273085756,66.89624494774884,1.0452538273085756,66.89624494774884
1,i64-o64,4,disaggregated,21.274871296,,25,32,0,32,0,0,0.0,21.280054463000003,0.0,0.0,1.5037555498572126,96.2403551908616
1,i64-o64,4,disaggregated,21.274871296,,30,32,27,32,27,1728,0.84375,21.280054463000003,1.268793745192023,81.20279969228947,1.5037555498572126,96.2403551908616
1,i64-o64,4,disaggregated,21.274871296,,35,32,32,32,32,2048,1.0,21.280054463000003,1.5037555498572126,96.2403551908616,1.5037555498572126,96.2403551908616
1,i64-o64,4,disaggregated,21.274871296,,50,32,32,32,32,2048,1.0,21.280054463000003,1.5037555498572126,96.2403551908616,1.5037555498572126,96.2403551908616
1,i64-o64,8,disaggregated,21.451735040000003,,25,32,0,32,0,0,0.0,21.455447819,0.0,0.0,1.4914626937621973,95.45361240078063
1,i64-o64,8,disaggregated,21.451735040000003,,30,32,24,32,24,1536,0.75,21.455447819,1.118597020321648,71.59020930058547,1.4914626937621973,95.45361240078063
1,i64-o64,8,disaggregated,21.451735040000003,,35,32,32,32,32,2048,1.0,21.455447819,1.4914626937621973,95.45361240078063,1.4914626937621973,95.45361240078063
1,i64-o64,8,disaggregated,21.451735040000003,,50,32,32,32,32,2048,1.0,21.455447819,1.4914626937621973,95.45361240078063,1.4914626937621973,95.45361240078063
1,i704-o16,1,disaggregated,21.475166208,,25,32,11,32,11,176,0.34375,21.47743996,0.5121653241953702,8.194645187125923,1.4899354885683498,23.838967817093597
1,i704-o16,1,disaggregated,21.475166208,,30,32,32,32,32,512,1.0,21.47743996,1.4899354885683498,23.838967817093597,1.4899354885683498,23.838967817093597
1,i704-o16,1,disaggregated,21.475166208,,35,32,32,32,32,512,1.0,21.47743996,1.4899354885683498,23.838967817093597,1.4899354885683498,23.838967817093597
1,i704-o16,1,disaggregated,21.475166208,,50,32,32,32,32,512,1.0,21.47743996,1.4899354885683498,23.838967817093597,1.4899354885683498,23.838967817093597
1,i704-o16,2,disaggregated,11.12854528,,25,32,9,32,9,144,0.28125,11.130975587,0.8085544640409784,12.936871424655655,2.8748603165901456,45.99776506544233
1,i704-o16,2,disaggregated,11.12854528,,30,32,32,32,32,512,1.0,11.130975587,2.8748603165901456,45.99776506544233,2.8748603165901456,45.99776506544233
1,i704-o16,2,disaggregated,11.12854528,,35,32,32,32,32,512,1.0,11.130975587,2.8748603165901456,45.99776506544233,2.8748603165901456,45.99776506544233
1,i704-o16,2,disaggregated,11.12854528,,50,32,32,32,32,512,1.0,11.130975587,2.8748603165901456,45.99776506544233,2.8748603165901456,45.99776506544233
1,i704-o16,4,disaggregated,6.8495562240000005,,25,32,8,32,8,128,0.25,6.85659639,1.1667596493892505,18.668154390228008,4.667038597557002,74.67261756091203
1,i704-o16,4,disaggregated,6.8495562240000005,,30,32,22,32,22,352,0.6875,6.85659639,3.2085890358204385,51.33742457312702,4.667038597557002,74.67261756091203
1,i704-o16,4,disaggregated,6.8495562240000005,,35,32,32,32,32,512,1.0,6.85659639,4.667038597557002,74.67261756091203,4.667038597557002,74.67261756091203
1,i704-o16,4,disaggregated,6.8495562240000005,,50,32,32,32,32,512,1.0,6.85659639,4.667038597557002,74.67261756091203,4.667038597557002,74.67261756091203
1,i704-o16,8,disaggregated,6.319330048,,25,32,7,32,7,112,0.21875,6.3261392810000014,1.1065200573474376,17.704320917559002,5.058377405016858,80.93403848026973
1,i704-o16,8,disaggregated,6.319330048,,30,32,17,32,17,272,0.53125,6.3261392810000014,2.687262996415206,42.996207942643295,5.058377405016858,80.93403848026973
1,i704-o16,8,disaggregated,6.319330048,,35,32,31,32,31,496,0.96875,6.3261392810000014,4.900303111110081,78.4048497777613,5.058377405016858,80.93403848026973
1,i704-o16,8,disaggregated,6.319330048,,50,32,32,32,32,512,1.0,6.3261392810000014,5.058377405016858,80.93403848026973,5.058377405016858,80.93403848026973
1,i704-o256,1,disaggregated,247.15203916800002,,25,32,0,32,0,0,0.0,247.15498552900002,0.0,0.0,0.12947341495664577,33.14519422890132
1,i704-o256,1,disaggregated,247.15203916800002,,30,32,31,32,31,7936,0.96875,247.15498552900002,0.1254273707392506,32.10940690924815,0.12947341495664577,33.14519422890132
1,i704-o256,1,disaggregated,247.15203916800002,,35,32,32,32,32,8192,1.0,247.15498552900002,0.12947341495664577,33.14519422890132,0.12947341495664577,33.14519422890132
1,i704-o256,1,disaggregated,247.15203916800002,,50,32,32,32,32,8192,1.0,247.15498552900002,0.12947341495664577,33.14519422890132,0.12947341495664577,33.14519422890132
1,i704-o256,2,disaggregated,124.524728576,,25,32,0,32,0,0,0.0,124.527949918,0.0,0.0,0.2569704232750284,65.78442835840727
1,i704-o256,2,disaggregated,124.524728576,,30,32,28,32,28,7168,0.875,124.527949918,0.22484912036564986,57.56137481360636,0.2569704232750284,65.78442835840727
1,i704-o256,2,disaggregated,124.524728576,,35,32,32,32,32,8192,1.0,124.527949918,0.2569704232750284,65.78442835840727,0.2569704232750284,65.78442835840727
1,i704-o256,2,disaggregated,124.524728576,,50,32,32,32,32,8192,1.0,124.527949918,0.2569704232750284,65.78442835840727,0.2569704232750284,65.78442835840727
1,i704-o256,4,disaggregated,86.559060224,,25,32,0,32,0,0,0.0,86.568003296,0.0,0.0,0.3696515892896724,94.63080685815613
1,i704-o256,4,disaggregated,86.559060224,,30,32,14,32,14,3584,0.4375,86.568003296,0.16172257031423168,41.40097800044331,0.3696515892896724,94.63080685815613
1,i704-o256,4,disaggregated,86.559060224,,35,32,32,32,32,8192,1.0,86.568003296,0.3696515892896724,94.63080685815613,0.3696515892896724,94.63080685815613
1,i704-o256,4,disaggregated,86.559060224,,50,32,32,32,32,8192,1.0,86.568003296,0.3696515892896724,94.63080685815613,0.3696515892896724,94.63080685815613
1,i704-o256,8,disaggregated,86.826588928,,25,32,0,32,0,0,0.0,86.839608729,0.0,0.0,0.36849544198042467,94.33483314698871
1,i704-o256,8,disaggregated,86.826588928,,30,32,13,32,13,3328,0.40625,86.839608729,0.14970127330454752,38.323525965964166,0.36849544198042467,94.33483314698871
1,i704-o256,8,disaggregated,86.826588928,,35,32,32,32,32,8192,1.0,86.839608729,0.36849544198042467,94.33483314698871,0.36849544198042467,94.33483314698871
1,i704-o256,8,disaggregated,86.826588928,,50,32,32,32,32,8192,1.0,86.839608729,0.36849544198042467,94.33483314698871,0.36849544198042467,94.33483314698871
1,i704-o64,1,disaggregated,66.86235980800001,,25,32,0,32,0,0,0.0,66.864880013,0.0,0.0,0.4785770944893417,30.62893404731787
1,i704-o64,1,disaggregated,66.86235980800001,,30,32,32,32,32,2048,1.0,66.864880013,0.4785770944893417,30.62893404731787,0.4785770944893417,30.62893404731787
1,i704-o64,1,disaggregated,66.86235980800001,,35,32,32,32,32,2048,1.0,66.864880013,0.4785770944893417,30.62893404731787,0.4785770944893417,30.62893404731787
1,i704-o64,1,disaggregated,66.86235980800001,,50,32,32,32,32,2048,1.0,66.864880013,0.4785770944893417,30.62893404731787,0.4785770944893417,30.62893404731787
1,i704-o64,2,disaggregated,33.87425024,,25,32,0,32,0,0,0.0,33.876908141,0.0,0.0,0.9445962384410032,60.4541592602242
1,i704-o64,2,disaggregated,33.87425024,,30,32,31,32,31,1984,0.96875,33.876908141,0.9150776059897219,58.5649667833422,0.9445962384410032,60.4541592602242
1,i704-o64,2,disaggregated,33.87425024,,35,32,32,32,32,2048,1.0,33.876908141,0.9445962384410032,60.4541592602242,0.9445962384410032,60.4541592602242
1,i704-o64,2,disaggregated,33.87425024,,50,32,32,32,32,2048,1.0,33.876908141,0.9445962384410032,60.4541592602242,0.9445962384410032,60.4541592602242
1,i704-o64,4,disaggregated,22.354305024000002,,25,32,0,32,0,0,0.0,22.361595444000002,0.0,0.0,1.4310249051834156,91.5855939317386
1,i704-o64,4,disaggregated,22.354305024000002,,30,32,19,32,19,1216,0.59375,22.361595444000002,0.8496710374526529,54.37894639696979,1.4310249051834156,91.5855939317386
1,i704-o64,4,disaggregated,22.354305024000002,,35,32,32,32,32,2048,1.0,22.361595444000002,1.4310249051834156,91.5855939317386,1.4310249051834156,91.5855939317386
1,i704-o64,4,disaggregated,22.354305024000002,,50,32,32,32,32,2048,1.0,22.361595444000002,1.4310249051834156,91.5855939317386,1.4310249051834156,91.5855939317386
1,i704-o64,8,disaggregated,22.237796608,,25,32,0,32,0,0,0.0,22.247621484,0.0,0.0,1.4383560068663384,92.05478443944565
1,i704-o64,8,disaggregated,22.237796608,,30,32,17,32,17,1088,0.53125,22.247621484,0.7641266286477423,48.904104233455506,1.4383560068663384,92.05478443944565
1,i704-o64,8,disaggregated,22.237796608,,35,32,32,32,32,2048,1.0,22.247621484,1.4383560068663384,92.05478443944565,1.4383560068663384,92.05478443944565
1,i704-o64,8,disaggregated,22.237796608,,50,32,32,32,32,2048,1.0,22.247621484,1.4383560068663384,92.05478443944565,1.4383560068663384,92.05478443944565
1,mixed,1,disaggregated,145.063388928,,25,32,5,32,5,80,0.15625,145.066281229,0.03446700334247251,0.5514720534795602,0.22058882139182406,33.30891203016543
1,mixed,1,disaggregated,145.063388928,,30,32,30,32,30,4320,0.9375,145.066281229,0.20680202005483506,29.779490887896248,0.22058882139182406,33.30891203016543
1,mixed,1,disaggregated,145.063388928,,35,32,32,32,32,4832,1.0,145.066281229,0.22058882139182406,33.30891203016543,0.22058882139182406,33.30891203016543
1,mixed,1,disaggregated,145.063388928,,50,32,32,32,32,4832,1.0,145.066281229,0.22058882139182406,33.30891203016543,0.22058882139182406,33.30891203016543
1,mixed,2,disaggregated,83.373388288,,25,32,5,32,5,80,0.15625,83.376250564,0.05996911549964671,0.9595058479943473,0.38380233919773893,57.95415321885858
1,mixed,2,disaggregated,83.373388288,,30,32,31,32,31,4576,0.96875,83.376250564,0.37180851609780957,54.883734505276664,0.38380233919773893,57.95415321885858
1,mixed,2,disaggregated,83.373388288,,35,32,32,32,32,4832,1.0,83.376250564,0.38380233919773893,57.95415321885858,0.38380233919773893,57.95415321885858
1,mixed,2,disaggregated,83.373388288,,50,32,32,32,32,4832,1.0,83.376250564,0.38380233919773893,57.95415321885858,0.38380233919773893,57.95415321885858
1,mixed,4,disaggregated,56.92773913600001,,25,32,4,32,4,64,0.125,56.93413570600001,0.07025662110083564,1.1241059376133702,0.5620529688066851,84.86999828980944
1,mixed,4,disaggregated,56.92773913600001,,30,32,23,32,23,2768,0.71875,56.93413570600001,0.4039755713298049,48.61758180177826,0.5620529688066851,84.86999828980944
1,mixed,4,disaggregated,56.92773913600001,,35,32,32,32,32,4832,1.0,56.93413570600001,0.5620529688066851,84.86999828980944,0.5620529688066851,84.86999828980944
1,mixed,4,disaggregated,56.92773913600001,,50,32,32,32,32,4832,1.0,56.93413570600001,0.5620529688066851,84.86999828980944,0.5620529688066851,84.86999828980944
1,mixed,8,disaggregated,53.002128128,,25,32,5,32,5,80,0.15625,53.005912497000004,0.09432909961285899,1.5092655938057438,0.6037062375222975,91.15964186586692
1,mixed,8,disaggregated,53.002128128,,30,32,19,32,19,2224,0.59375,53.005912497000004,0.35845057852886414,41.957583507799676,0.6037062375222975,91.15964186586692
1,mixed,8,disaggregated,53.002128128,,35,32,32,32,32,4832,1.0,53.005912497000004,0.6037062375222975,91.15964186586692,0.6037062375222975,91.15964186586692
1,mixed,8,disaggregated,53.002128128,,50,32,32,32,32,4832,1.0,53.005912497000004,0.6037062375222975,91.15964186586692,0.6037062375222975,91.15964186586692
2,i256-o16,1,disaggregated,16.965054208,,25,32,11,32,11,176,0.34375,16.967233666000002,0.648308393491538,10.372934295864608,1.8859880537935652,30.175808860697042
2,i256-o16,1,disaggregated,16.965054208,,30,32,32,32,32,512,1.0,16.967233666000002,1.8859880537935652,30.175808860697042,1.8859880537935652,30.175808860697042
2,i256-o16,1,disaggregated,16.965054208,,35,32,32,32,32,512,1.0,16.967233666000002,1.8859880537935652,30.175808860697042,1.8859880537935652,30.175808860697042
2,i256-o16,1,disaggregated,16.965054208,,50,32,32,32,32,512,1.0,16.967233666000002,1.8859880537935652,30.175808860697042,1.8859880537935652,30.175808860697042
2,i256-o16,2,disaggregated,8.511051008,,25,32,9,32,9,144,0.28125,8.513404845,1.0571563509382245,16.91450161501159,3.758778136669242,60.140450186707874
2,i256-o16,2,disaggregated,8.511051008,,30,32,32,32,32,512,1.0,8.513404845,3.758778136669242,60.140450186707874,3.758778136669242,60.140450186707874
2,i256-o16,2,disaggregated,8.511051008,,35,32,32,32,32,512,1.0,8.513404845,3.758778136669242,60.140450186707874,3.758778136669242,60.140450186707874
2,i256-o16,2,disaggregated,8.511051008,,50,32,32,32,32,512,1.0,8.513404845,3.758778136669242,60.140450186707874,3.758778136669242,60.140450186707874
2,i256-o16,4,disaggregated,5.487447808000001,,25,32,4,32,4,64,0.125,5.492074365000001,0.7283222575228184,11.653156120365095,5.826578060182547,93.22524896292076
2,i256-o16,4,disaggregated,5.487447808000001,,30,32,30,32,30,480,0.9375,5.492074365000001,5.462416931421139,87.39867090273822,5.826578060182547,93.22524896292076
2,i256-o16,4,disaggregated,5.487447808000001,,35,32,32,32,32,512,1.0,5.492074365000001,5.826578060182547,93.22524896292076,5.826578060182547,93.22524896292076
2,i256-o16,4,disaggregated,5.487447808000001,,50,32,32,32,32,512,1.0,5.492074365000001,5.826578060182547,93.22524896292076,5.826578060182547,93.22524896292076
2,i256-o16,8,disaggregated,5.383343872,,25,32,4,32,4,64,0.125,5.389253289,0.7422178519915544,11.875485631864871,5.9377428159324355,95.00388505491897
2,i256-o16,8,disaggregated,5.383343872,,30,32,28,32,28,448,0.875,5.389253289,5.195524963940881,83.12839942305409,5.9377428159324355,95.00388505491897
2,i256-o16,8,disaggregated,5.383343872,,35,32,32,32,32,512,1.0,5.389253289,5.9377428159324355,95.00388505491897,5.9377428159324355,95.00388505491897
2,i256-o16,8,disaggregated,5.383343872,,50,32,32,32,32,512,1.0,5.389253289,5.9377428159324355,95.00388505491897,5.9377428159324355,95.00388505491897
2,i256-o256,1,disaggregated,236.522838272,,25,32,0,32,0,0,0.0,236.525864358,0.0,0.0,0.1352917579938131,34.634690046416154
2,i256-o256,1,disaggregated,236.522838272,,30,32,32,32,32,8192,1.0,236.525864358,0.1352917579938131,34.634690046416154,0.1352917579938131,34.634690046416154
2,i256-o256,1,disaggregated,236.522838272,,35,32,32,32,32,8192,1.0,236.525864358,0.1352917579938131,34.634690046416154,0.1352917579938131,34.634690046416154
2,i256-o256,1,disaggregated,236.522838272,,50,32,32,32,32,8192,1.0,236.525864358,0.1352917579938131,34.634690046416154,0.1352917579938131,34.634690046416154
2,i256-o256,2,disaggregated,118.93773542400001,,25,32,0,32,0,0,0.0,118.94098460900001,0.0,0.0,0.26904098789155834,68.87449290023893
2,i256-o256,2,disaggregated,118.93773542400001,,30,32,32,32,32,8192,1.0,118.94098460900001,0.26904098789155834,68.87449290023893,0.26904098789155834,68.87449290023893
2,i256-o256,2,disaggregated,118.93773542400001,,35,32,32,32,32,8192,1.0,118.94098460900001,0.26904098789155834,68.87449290023893,0.26904098789155834,68.87449290023893
2,i256-o256,2,disaggregated,118.93773542400001,,50,32,32,32,32,8192,1.0,118.94098460900001,0.26904098789155834,68.87449290023893,0.26904098789155834,68.87449290023893
2,i256-o256,4,disaggregated,82.423124736,,25,32,0,32,0,0,0.0,82.426954924,0.0,0.0,0.3882225181010861,99.38496463387804
2,i256-o256,4,disaggregated,82.423124736,,30,32,32,32,32,8192,1.0,82.426954924,0.3882225181010861,99.38496463387804,0.3882225181010861,99.38496463387804
2,i256-o256,4,disaggregated,82.423124736,,35,32,32,32,32,8192,1.0,82.426954924,0.3882225181010861,99.38496463387804,0.3882225181010861,99.38496463387804
2,i256-o256,4,disaggregated,82.423124736,,50,32,32,32,32,8192,1.0,82.426954924,0.3882225181010861,99.38496463387804,0.3882225181010861,99.38496463387804
2,i256-o256,8,disaggregated,83.36790860800001,,25,32,0,32,0,0,0.0,83.37271769600001,0.0,0.0,0.38381860258748973,98.25756226239737
2,i256-o256,8,disaggregated,83.36790860800001,,30,32,31,32,31,7936,0.96875,83.37271769600001,0.3718242712566307,95.18701344169746,0.38381860258748973,98.25756226239737
2,i256-o256,8,disaggregated,83.36790860800001,,35,32,32,32,32,8192,1.0,83.37271769600001,0.38381860258748973,98.25756226239737,0.38381860258748973,98.25756226239737
2,i256-o256,8,disaggregated,83.36790860800001,,50,32,32,32,32,8192,1.0,83.37271769600001,0.38381860258748973,98.25756226239737,0.38381860258748973,98.25756226239737
2,i256-o64,1,disaggregated,61.017188608000005,,25,32,0,32,0,0,0.0,61.01955698200001,0.0,0.0,0.524422030947219,33.56300998062201
2,i256-o64,1,disaggregated,61.017188608000005,,30,32,32,32,32,2048,1.0,61.01955698200001,0.524422030947219,33.56300998062201,0.524422030947219,33.56300998062201
2,i256-o64,1,disaggregated,61.017188608000005,,35,32,32,32,32,2048,1.0,61.01955698200001,0.524422030947219,33.56300998062201,0.524422030947219,33.56300998062201
2,i256-o64,1,disaggregated,61.017188608000005,,50,32,32,32,32,2048,1.0,61.01955698200001,0.524422030947219,33.56300998062201,0.524422030947219,33.56300998062201
2,i256-o64,2,disaggregated,30.625544704000003,,25,32,0,32,0,0,0.0,30.628293701,0.0,0.0,1.044785593098685,66.86627795831583
2,i256-o64,2,disaggregated,30.625544704000003,,30,32,32,32,32,2048,1.0,30.628293701,1.044785593098685,66.86627795831583,1.044785593098685,66.86627795831583
2,i256-o64,2,disaggregated,30.625544704000003,,35,32,32,32,32,2048,1.0,30.628293701,1.044785593098685,66.86627795831583,1.044785593098685,66.86627795831583
2,i256-o64,2,disaggregated,30.625544704000003,,50,32,32,32,32,2048,1.0,30.628293701,1.044785593098685,66.86627795831583,1.044785593098685,66.86627795831583
2,i256-o64,4,disaggregated,20.981049344000002,,25,32,0,32,0,0,0.0,20.985936377,0.0,0.0,1.524830697336484,97.58916462953498
2,i256-o64,4,disaggregated,20.981049344000002,,30,32,32,32,32,2048,1.0,20.985936377,1.524830697336484,97.58916462953498,1.524830697336484,97.58916462953498
2,i256-o64,4,disaggregated,20.981049344000002,,35,32,32,32,32,2048,1.0,20.985936377,1.524830697336484,97.58916462953498,1.524830697336484,97.58916462953498
2,i256-o64,4,disaggregated,20.981049344000002,,50,32,32,32,32,2048,1.0,20.985936377,1.524830697336484,97.58916462953498,1.524830697336484,97.58916462953498
2,i256-o64,8,disaggregated,21.008267776,,25,32,0,32,0,0,0.0,21.014171339,0.0,0.0,1.522781911490914,97.4580423354185
2,i256-o64,8,disaggregated,21.008267776,,30,32,27,32,27,1728,0.84375,21.014171339,1.2848472378204587,82.23022322050936,1.522781911490914,97.4580423354185
2,i256-o64,8,disaggregated,21.008267776,,35,32,32,32,32,2048,1.0,21.014171339,1.522781911490914,97.4580423354185,1.522781911490914,97.4580423354185
2,i256-o64,8,disaggregated,21.008267776,,50,32,32,32,32,2048,1.0,21.014171339,1.522781911490914,97.4580423354185,1.522781911490914,97.4580423354185
2,i64-o16,1,disaggregated,15.385536256000002,,25,32,18,32,18,288,0.5625,15.387700359,1.1697654347338595,18.716246955741752,2.0795829950824167,33.27332792131867
2,i64-o16,1,disaggregated,15.385536256000002,,30,32,32,32,32,512,1.0,15.387700359,2.0795829950824167,33.27332792131867,2.0795829950824167,33.27332792131867
2,i64-o16,1,disaggregated,15.385536256000002,,35,32,32,32,32,512,1.0,15.387700359,2.0795829950824167,33.27332792131867,2.0795829950824167,33.27332792131867
2,i64-o16,1,disaggregated,15.385536256000002,,50,32,32,32,32,512,1.0,15.387700359,2.0795829950824167,33.27332792131867,2.0795829950824167,33.27332792131867
2,i64-o16,2,disaggregated,8.185193984,,25,32,13,32,13,208,0.40625,8.187850646000001,1.587718262344083,25.40349219750533,3.908229568846974,62.53167310155158
2,i64-o16,2,disaggregated,8.185193984,,30,32,30,32,30,480,0.9375,8.187850646000001,3.663965220794038,58.623443532704606,3.908229568846974,62.53167310155158
2,i64-o16,2,disaggregated,8.185193984,,35,32,32,32,32,512,1.0,8.187850646000001,3.908229568846974,62.53167310155158,3.908229568846974,62.53167310155158
2,i64-o16,2,disaggregated,8.185193984,,50,32,32,32,32,512,1.0,8.187850646000001,3.908229568846974,62.53167310155158,3.908229568846974,62.53167310155158
2,i64-o16,4,disaggregated,6.715084032,,25,32,1,32,1,16,0.03125,6.717935091,0.14885526377587324,2.381684220413972,4.763368440827944,76.2138950532471
2,i64-o16,4,disaggregated,6.715084032,,30,32,7,32,7,112,0.21875,6.717935091,1.0419868464311126,16.671789542897802,4.763368440827944,76.2138950532471
2,i64-o16,4,disaggregated,6.715084032,,35,32,23,32,23,368,0.71875,6.717935091,3.4236710668450843,54.77873706952135,4.763368440827944,76.2138950532471
2,i64-o16,4,disaggregated,6.715084032,,50,32,32,32,32,512,1.0,6.717935091,4.763368440827944,76.2138950532471,4.763368440827944,76.2138950532471
2,i64-o16,8,disaggregated,5.779170048,,25,32,4,32,4,64,0.125,5.784052469000001,0.6915566588370794,11.06490654139327,5.532453270696635,88.51925233114616
2,i64-o16,8,disaggregated,5.779170048,,30,32,20,32,20,320,0.625,5.784052469000001,3.457783294185397,55.32453270696635,5.532453270696635,88.51925233114616
2,i64-o16,8,disaggregated,5.779170048,,35,32,26,32,26,416,0.8125,5.784052469000001,4.495118282441016,71.92189251905626,5.532453270696635,88.51925233114616
2,i64-o16,8,disaggregated,5.779170048,,50,32,32,32,32,512,1.0,5.784052469000001,5.532453270696635,88.51925233114616,5.532453270696635,88.51925233114616
2,i64-o256,1,disaggregated,235.19499545600002,,25,32,0,32,0,0,0.0,235.197846811,0.0,0.0,0.13605566731958443,34.830250833813615
2,i64-o256,1,disaggregated,235.19499545600002,,30,32,32,32,32,8192,1.0,235.197846811,0.13605566731958443,34.830250833813615,0.13605566731958443,34.830250833813615
2,i64-o256,1,disaggregated,235.19499545600002,,35,32,32,32,32,8192,1.0,235.197846811,0.13605566731958443,34.830250833813615,0.13605566731958443,34.830250833813615
2,i64-o256,1,disaggregated,235.19499545600002,,50,32,32,32,32,8192,1.0,235.197846811,0.13605566731958443,34.830250833813615,0.13605566731958443,34.830250833813615
2,i64-o256,2,disaggregated,117.871915008,,25,32,0,32,0,0,0.0,117.87608049800001,0.0,0.0,0.2714715306515722,69.49671184680248
2,i64-o256,2,disaggregated,117.871915008,,30,32,32,32,32,8192,1.0,117.87608049800001,0.2714715306515722,69.49671184680248,0.2714715306515722,69.49671184680248
2,i64-o256,2,disaggregated,117.871915008,,35,32,32,32,32,8192,1.0,117.87608049800001,0.2714715306515722,69.49671184680248,0.2714715306515722,69.49671184680248
2,i64-o256,2,disaggregated,117.871915008,,50,32,32,32,32,8192,1.0,117.87608049800001,0.2714715306515722,69.49671184680248,0.2714715306515722,69.49671184680248
2,i64-o256,4,disaggregated,82.48856089600001,,25,32,0,32,0,0,0.0,82.492480251,0.0,0.0,0.38791414566071414,99.30602128914282
2,i64-o256,4,disaggregated,82.48856089600001,,30,32,32,32,32,8192,1.0,82.492480251,0.38791414566071414,99.30602128914282,0.38791414566071414,99.30602128914282
2,i64-o256,4,disaggregated,82.48856089600001,,35,32,32,32,32,8192,1.0,82.492480251,0.38791414566071414,99.30602128914282,0.38791414566071414,99.30602128914282
2,i64-o256,4,disaggregated,82.48856089600001,,50,32,32,32,32,8192,1.0,82.492480251,0.38791414566071414,99.30602128914282,0.38791414566071414,99.30602128914282
2,i64-o256,8,disaggregated,82.054140672,,25,32,0,32,0,0,0.0,82.0588091,0.0,0.0,0.38996422627829724,99.8308419272441
2,i64-o256,8,disaggregated,82.054140672,,30,32,32,32,32,8192,1.0,82.0588091,0.38996422627829724,99.8308419272441,0.38996422627829724,99.8308419272441
2,i64-o256,8,disaggregated,82.054140672,,35,32,32,32,32,8192,1.0,82.0588091,0.38996422627829724,99.8308419272441,0.38996422627829724,99.8308419272441
2,i64-o256,8,disaggregated,82.054140672,,50,32,32,32,32,8192,1.0,82.0588091,0.38996422627829724,99.8308419272441,0.38996422627829724,99.8308419272441
2,i64-o64,1,disaggregated,59.718570496000005,,25,32,0,32,0,0,0.0,59.72159090900001,0.0,0.0,0.5358196175443414,34.29245552283785
2,i64-o64,1,disaggregated,59.718570496000005,,30,32,32,32,32,2048,1.0,59.72159090900001,0.5358196175443414,34.29245552283785,0.5358196175443414,34.29245552283785
2,i64-o64,1,disaggregated,59.718570496000005,,35,32,32,32,32,2048,1.0,59.72159090900001,0.5358196175443414,34.29245552283785,0.5358196175443414,34.29245552283785
2,i64-o64,1,disaggregated,59.718570496000005,,50,32,32,32,32,2048,1.0,59.72159090900001,0.5358196175443414,34.29245552283785,0.5358196175443414,34.29245552283785
2,i64-o64,2,disaggregated,29.988871424000003,,25,32,0,32,0,0,0.0,29.991641688,0.0,0.0,1.0669639339150803,68.28569177056514
2,i64-o64,2,disaggregated,29.988871424000003,,30,32,32,32,32,2048,1.0,29.991641688,1.0669639339150803,68.28569177056514,1.0669639339150803,68.28569177056514
2,i64-o64,2,disaggregated,29.988871424000003,,35,32,32,32,32,2048,1.0,29.991641688,1.0669639339150803,68.28569177056514,1.0669639339150803,68.28569177056514
2,i64-o64,2,disaggregated,29.988871424000003,,50,32,32,32,32,2048,1.0,29.991641688,1.0669639339150803,68.28569177056514,1.0669639339150803,68.28569177056514
2,i64-o64,4,disaggregated,20.453090304,,25,32,0,32,0,0,0.0,20.456462013000003,0.0,0.0,1.564297872215837,100.11506382181356
2,i64-o64,4,disaggregated,20.453090304,,30,32,32,32,32,2048,1.0,20.456462013000003,1.564297872215837,100.11506382181356,1.564297872215837,100.11506382181356
2,i64-o64,4,disaggregated,20.453090304,,35,32,32,32,32,2048,1.0,20.456462013000003,1.564297872215837,100.11506382181356,1.564297872215837,100.11506382181356
2,i64-o64,4,disaggregated,20.453090304,,50,32,32,32,32,2048,1.0,20.456462013000003,1.564297872215837,100.11506382181356,1.564297872215837,100.11506382181356
2,i64-o64,8,disaggregated,20.59837696,,25,32,0,32,0,0,0.0,20.600985864000002,0.0,0.0,1.5533237201001944,99.41271808641244
2,i64-o64,8,disaggregated,20.59837696,,30,32,32,32,32,2048,1.0,20.600985864000002,1.5533237201001944,99.41271808641244,1.5533237201001944,99.41271808641244
2,i64-o64,8,disaggregated,20.59837696,,35,32,32,32,32,2048,1.0,20.600985864000002,1.5533237201001944,99.41271808641244,1.5533237201001944,99.41271808641244
2,i64-o64,8,disaggregated,20.59837696,,50,32,32,32,32,2048,1.0,20.600985864000002,1.5533237201001944,99.41271808641244,1.5533237201001944,99.41271808641244
2,i704-o16,1,disaggregated,21.068824064,,25,32,14,32,14,224,0.4375,21.071038227000003,0.6644190879052501,10.630705406484001,1.5186722009262859,24.298755214820574
2,i704-o16,1,disaggregated,21.068824064,,30,32,32,32,32,512,1.0,21.071038227000003,1.5186722009262859,24.298755214820574,1.5186722009262859,24.298755214820574
2,i704-o16,1,disaggregated,21.068824064,,35,32,32,32,32,512,1.0,21.071038227000003,1.5186722009262859,24.298755214820574,1.5186722009262859,24.298755214820574
2,i704-o16,1,disaggregated,21.068824064,,50,32,32,32,32,512,1.0,21.071038227000003,1.5186722009262859,24.298755214820574,1.5186722009262859,24.298755214820574
2,i704-o16,2,disaggregated,10.949456128000001,,25,32,11,32,11,176,0.34375,10.95185023,1.0043964963899985,16.070343942239976,2.921880716770905,46.75009146833448
2,i704-o16,2,disaggregated,10.949456128000001,,30,32,32,32,32,512,1.0,10.95185023,2.921880716770905,46.75009146833448,2.921880716770905,46.75009146833448
2,i704-o16,2,disaggregated,10.949456128000001,,35,32,32,32,32,512,1.0,10.95185023,2.921880716770905,46.75009146833448,2.921880716770905,46.75009146833448
2,i704-o16,2,disaggregated,10.949456128000001,,50,32,32,32,32,512,1.0,10.95185023,2.921880716770905,46.75009146833448,2.921880716770905,46.75009146833448
2,i704-o16,4,disaggregated,6.519665408000001,,25,32,8,32,8,128,0.25,6.522320146,1.2265573938295913,19.62491830127346,4.906229575318365,78.49967320509384
2,i704-o16,4,disaggregated,6.519665408000001,,30,32,26,32,26,416,0.8125,6.522320146,3.986311529946172,63.78098447913875,4.906229575318365,78.49967320509384
2,i704-o16,4,disaggregated,6.519665408000001,,35,32,32,32,32,512,1.0,6.522320146,4.906229575318365,78.49967320509384,4.906229575318365,78.49967320509384
2,i704-o16,4,disaggregated,6.519665408000001,,50,32,32,32,32,512,1.0,6.522320146,4.906229575318365,78.49967320509384,4.906229575318365,78.49967320509384
2,i704-o16,8,disaggregated,6.077265152000001,,25,32,8,32,8,128,0.25,6.080164213000001,1.3157539368583497,21.052062989733596,5.263015747433399,84.20825195893438
2,i704-o16,8,disaggregated,6.077265152000001,,30,32,19,32,19,304,0.59375,6.080164213000001,3.1249156000385803,49.998649600617284,5.263015747433399,84.20825195893438
2,i704-o16,8,disaggregated,6.077265152000001,,35,32,32,32,32,512,1.0,6.080164213000001,5.263015747433399,84.20825195893438,5.263015747433399,84.20825195893438
2,i704-o16,8,disaggregated,6.077265152000001,,50,32,32,32,32,512,1.0,6.080164213000001,5.263015747433399,84.20825195893438,5.263015747433399,84.20825195893438
2,i704-o256,1,disaggregated,240.1829376,,25,32,0,32,0,0,0.0,240.186127244,0.0,0.0,0.13323000943968707,34.10688241655989
2,i704-o256,1,disaggregated,240.1829376,,30,32,32,32,32,8192,1.0,240.186127244,0.13323000943968707,34.10688241655989,0.13323000943968707,34.10688241655989
2,i704-o256,1,disaggregated,240.1829376,,35,32,32,32,32,8192,1.0,240.186127244,0.13323000943968707,34.10688241655989,0.13323000943968707,34.10688241655989
2,i704-o256,1,disaggregated,240.1829376,,50,32,32,32,32,8192,1.0,240.186127244,0.13323000943968707,34.10688241655989,0.13323000943968707,34.10688241655989
2,i704-o256,2,disaggregated,121.36177587200001,,25,32,0,32,0,0,0.0,121.36493331899999,0.0,0.0,0.26366759429505093,67.49890413953304
2,i704-o256,2,disaggregated,121.36177587200001,,30,32,32,32,32,8192,1.0,121.36493331899999,0.26366759429505093,67.49890413953304,0.26366759429505093,67.49890413953304
2,i704-o256,2,disaggregated,121.36177587200001,,35,32,32,32,32,8192,1.0,121.36493331899999,0.26366759429505093,67.49890413953304,0.26366759429505093,67.49890413953304
2,i704-o256,2,disaggregated,121.36177587200001,,50,32,32,32,32,8192,1.0,121.36493331899999,0.26366759429505093,67.49890413953304,0.26366759429505093,67.49890413953304
2,i704-o256,4,disaggregated,83.540494592,,25,32,0,32,0,0,0.0,83.54930212000001,0.0,0.0,0.38300738830875103,98.04989140704026
2,i704-o256,4,disaggregated,83.540494592,,30,32,32,32,32,8192,1.0,83.54930212000001,0.38300738830875103,98.04989140704026,0.38300738830875103,98.04989140704026
2,i704-o256,4,disaggregated,83.540494592,,35,32,32,32,32,8192,1.0,83.54930212000001,0.38300738830875103,98.04989140704026,0.38300738830875103,98.04989140704026
2,i704-o256,4,disaggregated,83.540494592,,50,32,32,32,32,8192,1.0,83.54930212000001,0.38300738830875103,98.04989140704026,0.38300738830875103,98.04989140704026
2,i704-o256,8,disaggregated,84.444708608,,25,32,0,32,0,0,0.0,84.45544177900001,0.0,0.0,0.37889802392765237,96.99789412547901
2,i704-o256,8,disaggregated,84.444708608,,30,32,27,32,27,6912,0.84375,84.45544177900001,0.3196952076889567,81.84197316837292,0.37889802392765237,96.99789412547901
2,i704-o256,8,disaggregated,84.444708608,,35,32,32,32,32,8192,1.0,84.45544177900001,0.37889802392765237,96.99789412547901,0.37889802392765237,96.99789412547901
2,i704-o256,8,disaggregated,84.444708608,,50,32,32,32,32,8192,1.0,84.45544177900001,0.37889802392765237,96.99789412547901,0.37889802392765237,96.99789412547901
2,i704-o64,1,disaggregated,65.049855488,,25,32,0,32,0,0,0.0,65.05237080100001,0.0,0.0,0.49191135704938954,31.48232685116093
2,i704-o64,1,disaggregated,65.049855488,,30,32,32,32,32,2048,1.0,65.05237080100001,0.49191135704938954,31.48232685116093,0.49191135704938954,31.48232685116093
2,i704-o64,1,disaggregated,65.049855488,,35,32,32,32,32,2048,1.0,65.05237080100001,0.49191135704938954,31.48232685116093,0.49191135704938954,31.48232685116093
2,i704-o64,1,disaggregated,65.049855488,,50,32,32,32,32,2048,1.0,65.05237080100001,0.49191135704938954,31.48232685116093,0.49191135704938954,31.48232685116093
2,i704-o64,2,disaggregated,32.985939968000004,,25,32,0,32,0,0,0.0,32.988774444,0.0,0.0,0.9700269421745724,62.081724299172635
2,i704-o64,2,disaggregated,32.985939968000004,,30,32,32,32,32,2048,1.0,32.988774444,0.9700269421745724,62.081724299172635,0.9700269421745724,62.081724299172635
2,i704-o64,2,disaggregated,32.985939968000004,,35,32,32,32,32,2048,1.0,32.988774444,0.9700269421745724,62.081724299172635,0.9700269421745724,62.081724299172635
2,i704-o64,2,disaggregated,32.985939968000004,,50,32,32,32,32,2048,1.0,32.988774444,0.9700269421745724,62.081724299172635,0.9700269421745724,62.081724299172635
2,i704-o64,4,disaggregated,21.645610496,,25,32,0,32,0,0,0.0,21.653960652000002,0.0,0.0,1.477789699273533,94.57854075350612
2,i704-o64,4,disaggregated,21.645610496,,30,32,29,32,29,1856,0.90625,21.653960652000002,1.3392469149666393,85.71180255786491,1.477789699273533,94.57854075350612
2,i704-o64,4,disaggregated,21.645610496,,35,32,32,32,32,2048,1.0,21.653960652000002,1.477789699273533,94.57854075350612,1.477789699273533,94.57854075350612
2,i704-o64,4,disaggregated,21.645610496,,50,32,32,32,32,2048,1.0,21.653960652000002,1.477789699273533,94.57854075350612,1.477789699273533,94.57854075350612
2,i704-o64,8,disaggregated,21.530976512000002,,25,32,0,32,0,0,0.0,21.536920243,0.0,0.0,1.4858206112547936,95.09251912030679
2,i704-o64,8,disaggregated,21.530976512000002,,30,32,24,32,24,1536,0.75,21.536920243,1.1143654584410951,71.31938934023009,1.4858206112547936,95.09251912030679
2,i704-o64,8,disaggregated,21.530976512000002,,35,32,32,32,32,2048,1.0,21.536920243,1.4858206112547936,95.09251912030679,1.4858206112547936,95.09251912030679
2,i704-o64,8,disaggregated,21.530976512000002,,50,32,32,32,32,2048,1.0,21.536920243,1.4858206112547936,95.09251912030679,1.4858206112547936,95.09251912030679
2,mixed,1,disaggregated,141.501540096,,25,32,5,32,5,80,0.15625,141.504504263,0.03533456426734664,0.5653530282775462,0.2261412113110185,34.14732290796379
2,mixed,1,disaggregated,141.501540096,,30,32,32,32,32,4832,1.0,141.504504263,0.2261412113110185,34.14732290796379,0.2261412113110185,34.14732290796379
2,mixed,1,disaggregated,141.501540096,,35,32,32,32,32,4832,1.0,141.504504263,0.2261412113110185,34.14732290796379,0.2261412113110185,34.14732290796379
2,mixed,1,disaggregated,141.501540096,,50,32,32,32,32,4832,1.0,141.504504263,0.2261412113110185,34.14732290796379,0.2261412113110185,34.14732290796379
2,mixed,2,disaggregated,82.146157056,,25,32,6,32,6,96,0.1875,82.149501334,0.07303757055816384,1.1686011289306215,0.3895337096435405,58.81959015617461
2,mixed,2,disaggregated,82.146157056,,30,32,32,32,32,4832,1.0,82.149501334,0.3895337096435405,58.81959015617461,0.3895337096435405,58.81959015617461
2,mixed,2,disaggregated,82.146157056,,35,32,32,32,32,4832,1.0,82.149501334,0.3895337096435405,58.81959015617461,0.3895337096435405,58.81959015617461
2,mixed,2,disaggregated,82.146157056,,50,32,32,32,32,4832,1.0,82.149501334,0.3895337096435405,58.81959015617461,0.3895337096435405,58.81959015617461
2,mixed,4,disaggregated,53.875382784,,25,32,3,32,3,48,0.09375,53.88057698400001,0.05567869105950477,0.8908590569520763,0.593906037968051,89.6798117331757
2,mixed,4,disaggregated,53.875382784,,30,32,31,32,31,4816,0.96875,53.88057698400001,0.5753464742815494,89.38285871419167,0.593906037968051,89.6798117331757
2,mixed,4,disaggregated,53.875382784,,35,32,32,32,32,4832,1.0,53.88057698400001,0.593906037968051,89.6798117331757,0.593906037968051,89.6798117331757
2,mixed,4,disaggregated,53.875382784,,50,32,32,32,32,4832,1.0,53.88057698400001,0.593906037968051,89.6798117331757,0.593906037968051,89.6798117331757
2,mixed,8,disaggregated,54.052635136000006,,25,32,3,32,3,48,0.09375,54.058128529,0.05549581684816597,0.8879330695706555,0.5919553797137704,89.38526233677933
2,mixed,8,disaggregated,54.052635136000006,,30,32,30,32,30,4800,0.9375,54.058128529,0.5549581684816598,88.79330695706555,0.5919553797137704,89.38526233677933
2,mixed,8,disaggregated,54.052635136000006,,35,32,32,32,32,4832,1.0,54.058128529,0.5919553797137704,89.38526233677933,0.5919553797137704,89.38526233677933
2,mixed,8,disaggregated,54.052635136000006,,50,32,32,32,32,4832,1.0,54.058128529,0.5919553797137704,89.38526233677933,0.5919553797137704,89.38526233677933
2,i256-o16,1,aggregated,15.189329664,,25,32,12,32,12,192,0.375,15.191712269000002,0.7899043759857823,12.638470015772517,2.1064116692954196,33.70258670872671
2,i256-o16,1,aggregated,15.189329664,,30,32,32,32,32,512,1.0,15.191712269000002,2.1064116692954196,33.70258670872671,2.1064116692954196,33.70258670872671
2,i256-o16,1,aggregated,15.189329664,,35,32,32,32,32,512,1.0,15.191712269000002,2.1064116692954196,33.70258670872671,2.1064116692954196,33.70258670872671
2,i256-o16,1,aggregated,15.189329664,,50,32,32,32,32,512,1.0,15.191712269000002,2.1064116692954196,33.70258670872671,2.1064116692954196,33.70258670872671
2,i256-o16,2,aggregated,7.758696448,,25,32,11,32,11,176,0.34375,7.7610407970000015,1.4173356754228126,22.677370806765,4.123158328502727,65.97053325604364
2,i256-o16,2,aggregated,7.758696448,,30,32,32,32,32,512,1.0,7.7610407970000015,4.123158328502727,65.97053325604364,4.123158328502727,65.97053325604364
2,i256-o16,2,aggregated,7.758696448,,35,32,32,32,32,512,1.0,7.7610407970000015,4.123158328502727,65.97053325604364,4.123158328502727,65.97053325604364
2,i256-o16,2,aggregated,7.758696448,,50,32,32,32,32,512,1.0,7.7610407970000015,4.123158328502727,65.97053325604364,4.123158328502727,65.97053325604364
2,i256-o16,4,aggregated,4.114713088,,25,32,3,32,3,48,0.09375,4.116440301,0.7287850134183205,11.660560214693128,7.773706809795418,124.37930895672669
2,i256-o16,4,aggregated,4.114713088,,30,32,32,32,32,512,1.0,4.116440301,7.773706809795418,124.37930895672669,7.773706809795418,124.37930895672669
2,i256-o16,4,aggregated,4.114713088,,35,32,32,32,32,512,1.0,4.116440301,7.773706809795418,124.37930895672669,7.773706809795418,124.37930895672669
2,i256-o16,4,aggregated,4.114713088,,50,32,32,32,32,512,1.0,4.116440301,7.773706809795418,124.37930895672669,7.773706809795418,124.37930895672669
2,i256-o16,8,aggregated,4.221773312,,25,32,6,32,6,96,0.1875,4.224612481,1.420248609069997,22.723977745119953,7.574659248373318,121.19454797397309
2,i256-o16,8,aggregated,4.221773312,,30,32,29,32,29,464,0.90625,4.224612481,6.864534943838319,109.83255910141311,7.574659248373318,121.19454797397309
2,i256-o16,8,aggregated,4.221773312,,35,32,32,32,32,512,1.0,4.224612481,7.574659248373318,121.19454797397309,7.574659248373318,121.19454797397309
2,i256-o16,8,aggregated,4.221773312,,50,32,32,32,32,512,1.0,4.224612481,7.574659248373318,121.19454797397309,7.574659248373318,121.19454797397309
2,i256-o256,1,aggregated,235.86843801600003,,25,32,0,32,0,0,0.0,235.87161165400005,0.0,0.0,0.13566702569930622,34.73075857902239
2,i256-o256,1,aggregated,235.86843801600003,,30,32,32,32,32,8192,1.0,235.87161165400005,0.13566702569930622,34.73075857902239,0.13566702569930622,34.73075857902239
2,i256-o256,1,aggregated,235.86843801600003,,35,32,32,32,32,8192,1.0,235.87161165400005,0.13566702569930622,34.73075857902239,0.13566702569930622,34.73075857902239
2,i256-o256,1,aggregated,235.86843801600003,,50,32,32,32,32,8192,1.0,235.87161165400005,0.13566702569930622,34.73075857902239,0.13566702569930622,34.73075857902239
2,i256-o256,2,aggregated,118.836797696,,25,32,0,32,0,0,0.0,118.83987252300001,0.0,0.0,0.2692698950329721,68.93309312844086
2,i256-o256,2,aggregated,118.836797696,,30,32,32,32,32,8192,1.0,118.83987252300001,0.2692698950329721,68.93309312844086,0.2692698950329721,68.93309312844086
2,i256-o256,2,aggregated,118.836797696,,35,32,32,32,32,8192,1.0,118.83987252300001,0.2692698950329721,68.93309312844086,0.2692698950329721,68.93309312844086
2,i256-o256,2,aggregated,118.836797696,,50,32,32,32,32,8192,1.0,118.83987252300001,0.2692698950329721,68.93309312844086,0.2692698950329721,68.93309312844086
2,i256-o256,4,aggregated,63.028911104,,25,32,0,32,0,0,0.0,63.036612401,0.0,0.0,0.5076414924779866,129.95622207436458
2,i256-o256,4,aggregated,63.028911104,,30,32,15,32,15,3840,0.46875,63.036612401,0.23795694959905622,60.91697909735839,0.5076414924779866,129.95622207436458
2,i256-o256,4,aggregated,63.028911104,,35,32,32,32,32,8192,1.0,63.036612401,0.5076414924779866,129.95622207436458,0.5076414924779866,129.95622207436458
2,i256-o256,4,aggregated,63.028911104,,50,32,32,32,32,8192,1.0,63.036612401,0.5076414924779866,129.95622207436458,0.5076414924779866,129.95622207436458
2,i256-o256,8,aggregated,62.864597248,,25,32,0,32,0,0,0.0,62.868169245000004,0.0,0.0,0.5090016201250366,130.30441475200936
2,i256-o256,8,aggregated,62.864597248,,30,32,13,32,13,3328,0.40625,62.868169245000004,0.20678190817579611,52.936168493003805,0.5090016201250366,130.30441475200936
2,i256-o256,8,aggregated,62.864597248,,35,32,32,32,32,8192,1.0,62.868169245000004,0.5090016201250366,130.30441475200936,0.5090016201250366,130.30441475200936
2,i256-o256,8,aggregated,62.864597248,,50,32,32,32,32,8192,1.0,62.868169245000004,0.5090016201250366,130.30441475200936,0.5090016201250366,130.30441475200936
2,i256-o64,1,aggregated,59.221457920000006,,25,32,0,32,0,0,0.0,59.2242576,0.0,0.0,0.5403191411216609,34.5804250317863
2,i256-o64,1,aggregated,59.221457920000006,,30,32,32,32,32,2048,1.0,59.2242576,0.5403191411216609,34.5804250317863,0.5403191411216609,34.5804250317863
2,i256-o64,1,aggregated,59.221457920000006,,35,32,32,32,32,2048,1.0,59.2242576,0.5403191411216609,34.5804250317863,0.5403191411216609,34.5804250317863
2,i256-o64,1,aggregated,59.221457920000006,,50,32,32,32,32,2048,1.0,59.2242576,0.5403191411216609,34.5804250317863,0.5403191411216609,34.5804250317863
2,i256-o64,2,aggregated,29.952613120000002,,25,32,0,32,0,0,0.0,29.955141303,0.0,0.0,1.0682640310828782,68.3688979893042
2,i256-o64,2,aggregated,29.952613120000002,,30,32,32,32,32,2048,1.0,29.955141303,1.0682640310828782,68.3688979893042,1.0682640310828782,68.3688979893042
2,i256-o64,2,aggregated,29.952613120000002,,35,32,32,32,32,2048,1.0,29.955141303,1.0682640310828782,68.3688979893042,1.0682640310828782,68.3688979893042
2,i256-o64,2,aggregated,29.952613120000002,,50,32,32,32,32,2048,1.0,29.955141303,1.0682640310828782,68.3688979893042,1.0682640310828782,68.3688979893042
2,i256-o64,4,aggregated,16.144299264,,25,32,0,32,0,0,0.0,16.147132211000002,0.0,0.0,1.9817760566920024,126.83366762828815
2,i256-o64,4,aggregated,16.144299264,,30,32,21,32,21,1344,0.65625,16.147132211000002,1.3005405372041265,83.2345943810641,1.9817760566920024,126.83366762828815
2,i256-o64,4,aggregated,16.144299264,,35,32,32,32,32,2048,1.0,16.147132211000002,1.9817760566920024,126.83366762828815,1.9817760566920024,126.83366762828815
2,i256-o64,4,aggregated,16.144299264,,50,32,32,32,32,2048,1.0,16.147132211000002,1.9817760566920024,126.83366762828815,1.9817760566920024,126.83366762828815
2,i256-o64,8,aggregated,16.193193216,,25,32,0,32,0,0,0.0,16.196076035,0.0,0.0,1.9757872172770397,126.45038190573054
2,i256-o64,8,aggregated,16.193193216,,30,32,26,32,26,1664,0.8125,16.196076035,1.6053271140375946,102.74093529840606,1.9757872172770397,126.45038190573054
2,i256-o64,8,aggregated,16.193193216,,35,32,32,32,32,2048,1.0,16.196076035,1.9757872172770397,126.45038190573054,1.9757872172770397,126.45038190573054
2,i256-o64,8,aggregated,16.193193216,,50,32,32,32,32,2048,1.0,16.196076035,1.9757872172770397,126.45038190573054,1.9757872172770397,126.45038190573054
2,i64-o16,1,aggregated,15.006435328,,25,32,11,32,11,176,0.34375,15.008544507000002,0.7329158396984856,11.72665343517577,2.1321188063955945,34.11390090232951
2,i64-o16,1,aggregated,15.006435328,,30,32,32,32,32,512,1.0,15.008544507000002,2.1321188063955945,34.11390090232951,2.1321188063955945,34.11390090232951
2,i64-o16,1,aggregated,15.006435328,,35,32,32,32,32,512,1.0,15.008544507000002,2.1321188063955945,34.11390090232951,2.1321188063955945,34.11390090232951
2,i64-o16,1,aggregated,15.006435328,,50,32,32,32,32,512,1.0,15.008544507000002,2.1321188063955945,34.11390090232951,2.1321188063955945,34.11390090232951
2,i64-o16,2,aggregated,7.589266944,,25,32,13,32,13,208,0.40625,7.591765207,1.7123817248738578,27.398107597981724,4.215093476612573,67.44149562580117
2,i64-o16,2,aggregated,7.589266944,,30,32,32,32,32,512,1.0,7.591765207,4.215093476612573,67.44149562580117,4.215093476612573,67.44149562580117
2,i64-o16,2,aggregated,7.589266944,,35,32,32,32,32,512,1.0,7.591765207,4.215093476612573,67.44149562580117,4.215093476612573,67.44149562580117
2,i64-o16,2,aggregated,7.589266944,,50,32,32,32,32,512,1.0,7.591765207,4.215093476612573,67.44149562580117,4.215093476612573,67.44149562580117
2,i64-o16,4,aggregated,4.100251648,,25,32,3,32,3,48,0.09375,4.1028715490000005,0.7311952041811289,11.699123266898063,7.799415511265375,124.790648180246
2,i64-o16,4,aggregated,4.100251648,,30,32,31,32,31,496,0.96875,4.1028715490000005,7.5556837765383325,120.89094042461332,7.799415511265375,124.790648180246
2,i64-o16,4,aggregated,4.100251648,,35,32,32,32,32,512,1.0,4.1028715490000005,7.799415511265375,124.790648180246,7.799415511265375,124.790648180246
2,i64-o16,4,aggregated,4.100251648,,50,32,32,32,32,512,1.0,4.1028715490000005,7.799415511265375,124.790648180246,7.799415511265375,124.790648180246
2,i64-o16,8,aggregated,4.064341504000001,,25,32,2,32,2,32,0.0625,4.067862769,0.49165867030751836,7.866538724920294,7.866538724920294,125.8646195987247
2,i64-o16,8,aggregated,4.064341504000001,,30,32,31,32,31,496,0.96875,4.067862769,7.620709389766535,121.93135023626456,7.866538724920294,125.8646195987247
2,i64-o16,8,aggregated,4.064341504000001,,35,32,32,32,32,512,1.0,4.067862769,7.866538724920294,125.8646195987247,7.866538724920294,125.8646195987247
2,i64-o16,8,aggregated,4.064341504000001,,50,32,32,32,32,512,1.0,4.067862769,7.866538724920294,125.8646195987247,7.866538724920294,125.8646195987247
2,i64-o256,1,aggregated,234.645603584,,25,32,0,32,0,0,0.0,234.64881829900003,0.0,0.0,0.13637400875049013,34.911746240125474
2,i64-o256,1,aggregated,234.645603584,,30,32,32,32,32,8192,1.0,234.64881829900003,0.13637400875049013,34.911746240125474,0.13637400875049013,34.911746240125474
2,i64-o256,1,aggregated,234.645603584,,35,32,32,32,32,8192,1.0,234.64881829900003,0.13637400875049013,34.911746240125474,0.13637400875049013,34.911746240125474
2,i64-o256,1,aggregated,234.645603584,,50,32,32,32,32,8192,1.0,234.64881829900003,0.13637400875049013,34.911746240125474,0.13637400875049013,34.911746240125474
2,i64-o256,2,aggregated,118.73157376,,25,32,0,32,0,0,0.0,118.734645813,0.0,0.0,0.2695085312369407,68.99418399665682
2,i64-o256,2,aggregated,118.73157376,,30,32,32,32,32,8192,1.0,118.734645813,0.2695085312369407,68.99418399665682,0.2695085312369407,68.99418399665682
2,i64-o256,2,aggregated,118.73157376,,35,32,32,32,32,8192,1.0,118.734645813,0.2695085312369407,68.99418399665682,0.2695085312369407,68.99418399665682
2,i64-o256,2,aggregated,118.73157376,,50,32,32,32,32,8192,1.0,118.734645813,0.2695085312369407,68.99418399665682,0.2695085312369407,68.99418399665682
2,i64-o256,4,aggregated,63.074360064000004,,25,32,0,32,0,0,0.0,63.077480102,0.0,0.0,0.5073125931513769,129.87202384675248
2,i64-o256,4,aggregated,63.074360064000004,,30,32,17,32,17,4352,0.53125,63.077480102,0.269509815111669,68.99451266858726,0.5073125931513769,129.87202384675248
2,i64-o256,4,aggregated,63.074360064000004,,35,32,32,32,32,8192,1.0,63.077480102,0.5073125931513769,129.87202384675248,0.5073125931513769,129.87202384675248
2,i64-o256,4,aggregated,63.074360064000004,,50,32,32,32,32,8192,1.0,63.077480102,0.5073125931513769,129.87202384675248,0.5073125931513769,129.87202384675248
2,i64-o256,8,aggregated,62.44259712,,25,32,0,32,0,0,0.0,62.44589599700001,0.0,0.0,0.5124436040046143,131.18556262518126
2,i64-o256,8,aggregated,62.44259712,,30,32,18,32,18,4608,0.5625,62.44589599700001,0.2882495272525955,73.79187897666445,0.5124436040046143,131.18556262518126
2,i64-o256,8,aggregated,62.44259712,,35,32,32,32,32,8192,1.0,62.44589599700001,0.5124436040046143,131.18556262518126,0.5124436040046143,131.18556262518126
2,i64-o256,8,aggregated,62.44259712,,50,32,32,32,32,8192,1.0,62.44589599700001,0.5124436040046143,131.18556262518126,0.5124436040046143,131.18556262518126
2,i64-o64,1,aggregated,58.736816896,,25,32,0,32,0,0,0.0,58.739255761,0.0,0.0,0.5447804808798146,34.86595077630813
2,i64-o64,1,aggregated,58.736816896,,30,32,32,32,32,2048,1.0,58.739255761,0.5447804808798146,34.86595077630813,0.5447804808798146,34.86595077630813
2,i64-o64,1,aggregated,58.736816896,,35,32,32,32,32,2048,1.0,58.739255761,0.5447804808798146,34.86595077630813,0.5447804808798146,34.86595077630813
2,i64-o64,1,aggregated,58.736816896,,50,32,32,32,32,2048,1.0,58.739255761,0.5447804808798146,34.86595077630813,0.5447804808798146,34.86595077630813
2,i64-o64,2,aggregated,29.67423488,,25,32,0,32,0,0,0.0,29.676743558000002,0.0,0.0,1.078285423650322,69.01026711362061
2,i64-o64,2,aggregated,29.67423488,,30,32,32,32,32,2048,1.0,29.676743558000002,1.078285423650322,69.01026711362061,1.078285423650322,69.01026711362061
2,i64-o64,2,aggregated,29.67423488,,35,32,32,32,32,2048,1.0,29.676743558000002,1.078285423650322,69.01026711362061,1.078285423650322,69.01026711362061
2,i64-o64,2,aggregated,29.67423488,,50,32,32,32,32,2048,1.0,29.676743558000002,1.078285423650322,69.01026711362061,1.078285423650322,69.01026711362061
2,i64-o64,4,aggregated,15.772599040000001,,25,32,0,32,0,0,0.0,15.775828124999999,0.0,0.0,2.028419664974006,129.8188585583364
2,i64-o64,4,aggregated,15.772599040000001,,30,32,28,32,28,1792,0.875,15.775828124999999,1.7748672068522553,113.59150123854434,2.028419664974006,129.8188585583364
2,i64-o64,4,aggregated,15.772599040000001,,35,32,32,32,32,2048,1.0,15.775828124999999,2.028419664974006,129.8188585583364,2.028419664974006,129.8188585583364
2,i64-o64,4,aggregated,15.772599040000001,,50,32,32,32,32,2048,1.0,15.775828124999999,2.028419664974006,129.8188585583364,2.028419664974006,129.8188585583364
2,i64-o64,8,aggregated,15.573881088,,25,32,0,32,0,0,0.0,15.576662396000003,0.0,0.0,2.0543553674384967,131.4787435160638
2,i64-o64,8,aggregated,15.573881088,,30,32,28,32,28,1792,0.875,15.576662396000003,1.7975609465086846,115.04390057655581,2.0543553674384967,131.4787435160638
2,i64-o64,8,aggregated,15.573881088,,35,32,32,32,32,2048,1.0,15.576662396000003,2.0543553674384967,131.4787435160638,2.0543553674384967,131.4787435160638
2,i64-o64,8,aggregated,15.573881088,,50,32,32,32,32,2048,1.0,15.576662396000003,2.0543553674384967,131.4787435160638,2.0543553674384967,131.4787435160638
2,i704-o16,1,aggregated,17.987682816,,25,32,14,32,14,224,0.4375,17.989913212,0.7782138710186457,12.451421936298331,1.778774562328333,28.46039299725333
2,i704-o16,1,aggregated,17.987682816,,30,32,32,32,32,512,1.0,17.989913212,1.778774562328333,28.46039299725333,1.778774562328333,28.46039299725333
2,i704-o16,1,aggregated,17.987682816,,35,32,32,32,32,512,1.0,17.989913212,1.778774562328333,28.46039299725333,1.778774562328333,28.46039299725333
2,i704-o16,1,aggregated,17.987682816,,50,32,32,32,32,512,1.0,17.989913212,1.778774562328333,28.46039299725333,1.778774562328333,28.46039299725333
2,i704-o16,2,aggregated,9.313860352,,25,32,13,32,13,208,0.40625,9.317642807,1.3952026568601215,22.323242509761943,3.4343450015018373,54.9495200240294
2,i704-o16,2,aggregated,9.313860352,,30,32,32,32,32,512,1.0,9.317642807,3.4343450015018373,54.9495200240294,3.4343450015018373,54.9495200240294
2,i704-o16,2,aggregated,9.313860352,,35,32,32,32,32,512,1.0,9.317642807,3.4343450015018373,54.9495200240294,3.4343450015018373,54.9495200240294
2,i704-o16,2,aggregated,9.313860352,,50,32,32,32,32,512,1.0,9.317642807,3.4343450015018373,54.9495200240294,3.4343450015018373,54.9495200240294
2,i704-o16,4,aggregated,5.185986816000001,,25,32,8,32,8,128,0.25,5.188665578,1.541822243067676,24.669155889082816,6.167288972270704,98.67662355633126
2,i704-o16,4,aggregated,5.185986816000001,,30,32,31,32,31,496,0.96875,5.188665578,5.974561191887244,95.59297907019591,6.167288972270704,98.67662355633126
2,i704-o16,4,aggregated,5.185986816000001,,35,32,32,32,32,512,1.0,5.188665578,6.167288972270704,98.67662355633126,6.167288972270704,98.67662355633126
2,i704-o16,4,aggregated,5.185986816000001,,50,32,32,32,32,512,1.0,5.188665578,6.167288972270704,98.67662355633126,6.167288972270704,98.67662355633126
2,i704-o16,8,aggregated,5.052706816000001,,25,32,9,32,9,144,0.28125,5.055396466,1.7802758024082537,28.48441283853206,6.329869519673791,101.27791231478065
2,i704-o16,8,aggregated,5.052706816000001,,30,32,30,32,30,480,0.9375,5.055396466,5.934252674694179,94.94804279510686,6.329869519673791,101.27791231478065
2,i704-o16,8,aggregated,5.052706816000001,,35,32,32,32,32,512,1.0,5.055396466,6.329869519673791,101.27791231478065,6.329869519673791,101.27791231478065
2,i704-o16,8,aggregated,5.052706816000001,,50,32,32,32,32,512,1.0,5.055396466,6.329869519673791,101.27791231478065,6.329869519673791,101.27791231478065
2,i704-o256,1,aggregated,238.198572544,,25,32,0,32,0,0,0.0,238.20310809,0.0,0.0,0.1343391371195269,34.39081910259889
2,i704-o256,1,aggregated,238.198572544,,30,32,32,32,32,8192,1.0,238.20310809,0.1343391371195269,34.39081910259889,0.1343391371195269,34.39081910259889
2,i704-o256,1,aggregated,238.198572544,,35,32,32,32,32,8192,1.0,238.20310809,0.1343391371195269,34.39081910259889,0.1343391371195269,34.39081910259889
2,i704-o256,1,aggregated,238.198572544,,50,32,32,32,32,8192,1.0,238.20310809,0.1343391371195269,34.39081910259889,0.1343391371195269,34.39081910259889
2,i704-o256,2,aggregated,120.53550080000001,,25,32,0,32,0,0,0.0,120.53918767900001,0.0,0.0,0.2654738315079499,67.96130086603517
2,i704-o256,2,aggregated,120.53550080000001,,30,32,32,32,32,8192,1.0,120.53918767900001,0.2654738315079499,67.96130086603517,0.2654738315079499,67.96130086603517
2,i704-o256,2,aggregated,120.53550080000001,,35,32,32,32,32,8192,1.0,120.53918767900001,0.2654738315079499,67.96130086603517,0.2654738315079499,67.96130086603517
2,i704-o256,2,aggregated,120.53550080000001,,50,32,32,32,32,8192,1.0,120.53918767900001,0.2654738315079499,67.96130086603517,0.2654738315079499,67.96130086603517
2,i704-o256,4,aggregated,63.666178048000006,,25,32,0,32,0,0,0.0,63.669420835000004,0.0,0.0,0.5025960591494675,128.66459114226367
2,i704-o256,4,aggregated,63.666178048000006,,30,32,15,32,15,3840,0.46875,63.669420835000004,0.2355919027263129,60.3115270979361,0.5025960591494675,128.66459114226367
2,i704-o256,4,aggregated,63.666178048000006,,35,32,32,32,32,8192,1.0,63.669420835000004,0.5025960591494675,128.66459114226367,0.5025960591494675,128.66459114226367
2,i704-o256,4,aggregated,63.666178048000006,,50,32,32,32,32,8192,1.0,63.669420835000004,0.5025960591494675,128.66459114226367,0.5025960591494675,128.66459114226367
2,i704-o256,8,aggregated,63.580984576000006,,25,32,0,32,0,0,0.0,63.5847801,0.0,0.0,0.5032650887472362,128.83586271929246
2,i704-o256,8,aggregated,63.580984576000006,,30,32,17,32,17,4352,0.53125,63.5847801,0.2673595783969692,68.44405206962412,0.5032650887472362,128.83586271929246
2,i704-o256,8,aggregated,63.580984576000006,,35,32,32,32,32,8192,1.0,63.5847801,0.5032650887472362,128.83586271929246,0.5032650887472362,128.83586271929246
2,i704-o256,8,aggregated,63.580984576000006,,50,32,32,32,32,8192,1.0,63.5847801,0.5032650887472362,128.83586271929246,0.5032650887472362,128.83586271929246
2,i704-o64,1,aggregated,61.951566592000006,,25,32,0,32,0,0,0.0,61.954077403000014,0.0,0.0,0.516511605714759,33.05674276574457
2,i704-o64,1,aggregated,61.951566592000006,,30,32,32,32,32,2048,1.0,61.954077403000014,0.516511605714759,33.05674276574457,0.516511605714759,33.05674276574457
2,i704-o64,1,aggregated,61.951566592000006,,35,32,32,32,32,2048,1.0,61.954077403000014,0.516511605714759,33.05674276574457,0.516511605714759,33.05674276574457
2,i704-o64,1,aggregated,61.951566592000006,,50,32,32,32,32,2048,1.0,61.954077403000014,0.516511605714759,33.05674276574457,0.516511605714759,33.05674276574457
2,i704-o64,2,aggregated,31.336838912,,25,32,0,32,0,0,0.0,31.339692453,0.0,0.0,1.021069369075343,65.34843962082195
2,i704-o64,2,aggregated,31.336838912,,30,32,32,32,32,2048,1.0,31.339692453,1.021069369075343,65.34843962082195,1.021069369075343,65.34843962082195
2,i704-o64,2,aggregated,31.336838912,,35,32,32,32,32,2048,1.0,31.339692453,1.021069369075343,65.34843962082195,1.021069369075343,65.34843962082195
2,i704-o64,2,aggregated,31.336838912,,50,32,32,32,32,2048,1.0,31.339692453,1.021069369075343,65.34843962082195,1.021069369075343,65.34843962082195
2,i704-o64,4,aggregated,17.224101888,,25,32,0,32,0,0,0.0,17.227077242,0.0,0.0,1.857540867233316,118.88261550293223
2,i704-o64,4,aggregated,17.224101888,,30,32,23,32,23,1472,0.71875,17.227077242,1.3351074983239457,85.44687989273253,1.857540867233316,118.88261550293223
2,i704-o64,4,aggregated,17.224101888,,35,32,32,32,32,2048,1.0,17.227077242,1.857540867233316,118.88261550293223,1.857540867233316,118.88261550293223
2,i704-o64,4,aggregated,17.224101888,,50,32,32,32,32,2048,1.0,17.227077242,1.857540867233316,118.88261550293223,1.857540867233316,118.88261550293223
2,i704-o64,8,aggregated,16.849623808,,25,32,0,32,0,0,0.0,16.852197395,0.0,0.0,1.8988621631915081,121.52717844425652
2,i704-o64,8,aggregated,16.849623808,,30,32,22,32,22,1408,0.6875,16.852197395,1.3054677371941619,83.54993518042636,1.8988621631915081,121.52717844425652
2,i704-o64,8,aggregated,16.849623808,,35,32,32,32,32,2048,1.0,16.852197395,1.8988621631915081,121.52717844425652,1.8988621631915081,121.52717844425652
2,i704-o64,8,aggregated,16.849623808,,50,32,32,32,32,2048,1.0,16.852197395,1.8988621631915081,121.52717844425652,1.8988621631915081,121.52717844425652
2,mixed,1,aggregated,140.46308224,,25,32,6,32,6,96,0.1875,140.465906675,0.042714991431211644,0.6834398628993863,0.22781328763312877,34.399806432602446
2,mixed,1,aggregated,140.46308224,,30,32,32,32,32,4832,1.0,140.465906675,0.22781328763312877,34.399806432602446,0.22781328763312877,34.399806432602446
2,mixed,1,aggregated,140.46308224,,35,32,32,32,32,4832,1.0,140.465906675,0.22781328763312877,34.399806432602446,0.22781328763312877,34.399806432602446
2,mixed,1,aggregated,140.46308224,,50,32,32,32,32,4832,1.0,140.465906675,0.22781328763312877,34.399806432602446,0.22781328763312877,34.399806432602446
2,mixed,2,aggregated,70.78493696000001,,25,32,6,32,6,96,0.1875,70.787888697,0.08476026210758114,1.3561641937212983,0.4520547312404327,68.26026441730534
2,mixed,2,aggregated,70.78493696000001,,30,32,32,32,32,4832,1.0,70.787888697,0.4520547312404327,68.26026441730534,0.4520547312404327,68.26026441730534
2,mixed,2,aggregated,70.78493696000001,,35,32,32,32,32,4832,1.0,70.787888697,0.4520547312404327,68.26026441730534,0.4520547312404327,68.26026441730534
2,mixed,2,aggregated,70.78493696000001,,50,32,32,32,32,4832,1.0,70.787888697,0.4520547312404327,68.26026441730534,0.4520547312404327,68.26026441730534
2,mixed,4,aggregated,47.206818816,,25,32,4,32,4,64,0.125,47.210052093,0.08472771841302615,1.3556434946084184,0.6778217473042092,102.3510838429356
2,mixed,4,aggregated,47.206818816,,30,32,27,32,27,3552,0.84375,47.210052093,0.5719120992879265,75.23821395076722,0.6778217473042092,102.3510838429356
2,mixed,4,aggregated,47.206818816,,35,32,32,32,32,4832,1.0,47.210052093,0.6778217473042092,102.3510838429356,0.6778217473042092,102.3510838429356
2,mixed,4,aggregated,47.206818816,,50,32,32,32,32,4832,1.0,47.210052093,0.6778217473042092,102.3510838429356,0.6778217473042092,102.3510838429356
2,mixed,8,aggregated,46.92922368,,25,32,6,32,6,96,0.1875,46.932833207,0.1278422713910462,2.0454763422567392,0.6818254474189132,102.95564256025588
2,mixed,8,aggregated,46.92922368,,30,32,25,32,25,3280,0.78125,46.932833207,0.5326761307960259,69.8871083604386,0.6818254474189132,102.95564256025588
2,mixed,8,aggregated,46.92922368,,35,32,32,32,32,4832,1.0,46.932833207,0.6818254474189132,102.95564256025588,0.6818254474189132,102.95564256025588
2,mixed,8,aggregated,46.92922368,,50,32,32,32,32,4832,1.0,46.932833207,0.6818254474189132,102.95564256025588,0.6818254474189132,102.95564256025588
3,i256-o16,1,aggregated,15.310945536,,25,32,11,32,11,176,0.34375,15.312588495000002,0.7183631953272834,11.493811125236535,2.0897838409520975,33.43654145523356
3,i256-o16,1,aggregated,15.310945536,,30,32,32,32,32,512,1.0,15.312588495000002,2.0897838409520975,33.43654145523356,2.0897838409520975,33.43654145523356
3,i256-o16,1,aggregated,15.310945536,,35,32,32,32,32,512,1.0,15.312588495000002,2.0897838409520975,33.43654145523356,2.0897838409520975,33.43654145523356
3,i256-o16,1,aggregated,15.310945536,,50,32,32,32,32,512,1.0,15.312588495000002,2.0897838409520975,33.43654145523356,2.0897838409520975,33.43654145523356
3,i256-o16,2,aggregated,7.722631936000001,,25,32,9,32,9,144,0.28125,7.724420381,1.1651359656884526,18.64217545101524,4.142705655781165,66.28329049249864
3,i256-o16,2,aggregated,7.722631936000001,,30,32,32,32,32,512,1.0,7.724420381,4.142705655781165,66.28329049249864,4.142705655781165,66.28329049249864
3,i256-o16,2,aggregated,7.722631936000001,,35,32,32,32,32,512,1.0,7.724420381,4.142705655781165,66.28329049249864,4.142705655781165,66.28329049249864
3,i256-o16,2,aggregated,7.722631936000001,,50,32,32,32,32,512,1.0,7.724420381,4.142705655781165,66.28329049249864,4.142705655781165,66.28329049249864
3,i256-o16,4,aggregated,4.28996224,,25,32,3,32,3,48,0.09375,4.292540157,0.6988868805590069,11.182190088944111,7.454793392629407,119.27669428207051
3,i256-o16,4,aggregated,4.28996224,,30,32,27,32,27,432,0.84375,4.292540157,6.2899819250310625,100.639710800497,7.454793392629407,119.27669428207051
3,i256-o16,4,aggregated,4.28996224,,35,32,32,32,32,512,1.0,4.292540157,7.454793392629407,119.27669428207051,7.454793392629407,119.27669428207051
3,i256-o16,4,aggregated,4.28996224,,50,32,32,32,32,512,1.0,4.292540157,7.454793392629407,119.27669428207051,7.454793392629407,119.27669428207051
3,i256-o16,8,aggregated,4.124635648,,25,32,3,32,3,48,0.09375,4.127269318000001,0.7268728471186235,11.629965553897977,7.753310369265318,124.05296590824508
3,i256-o16,8,aggregated,4.124635648,,30,32,31,32,31,496,0.96875,4.127269318000001,7.511019420225776,120.17631072361242,7.753310369265318,124.05296590824508
3,i256-o16,8,aggregated,4.124635648,,35,32,32,32,32,512,1.0,4.127269318000001,7.753310369265318,124.05296590824508,7.753310369265318,124.05296590824508
3,i256-o16,8,aggregated,4.124635648,,50,32,32,32,32,512,1.0,4.127269318000001,7.753310369265318,124.05296590824508,7.753310369265318,124.05296590824508
3,i256-o256,1,aggregated,237.62556953600003,,25,32,0,32,0,0,0.0,237.62877367599998,0.0,0.0,0.13466382671162155,34.47393963817512
3,i256-o256,1,aggregated,237.62556953600003,,30,32,32,32,32,8192,1.0,237.62877367599998,0.13466382671162155,34.47393963817512,0.13466382671162155,34.47393963817512
3,i256-o256,1,aggregated,237.62556953600003,,35,32,32,32,32,8192,1.0,237.62877367599998,0.13466382671162155,34.47393963817512,0.13466382671162155,34.47393963817512
3,i256-o256,1,aggregated,237.62556953600003,,50,32,32,32,32,8192,1.0,237.62877367599998,0.13466382671162155,34.47393963817512,0.13466382671162155,34.47393963817512
3,i256-o256,2,aggregated,119.76772838400001,,25,32,0,32,0,0,0.0,119.77079786399999,0.0,0.0,0.2671769794531725,68.39730674001216
3,i256-o256,2,aggregated,119.76772838400001,,30,32,32,32,32,8192,1.0,119.77079786399999,0.2671769794531725,68.39730674001216,0.2671769794531725,68.39730674001216
3,i256-o256,2,aggregated,119.76772838400001,,35,32,32,32,32,8192,1.0,119.77079786399999,0.2671769794531725,68.39730674001216,0.2671769794531725,68.39730674001216
3,i256-o256,2,aggregated,119.76772838400001,,50,32,32,32,32,8192,1.0,119.77079786399999,0.2671769794531725,68.39730674001216,0.2671769794531725,68.39730674001216
3,i256-o256,4,aggregated,64.046046976,,25,32,0,32,0,0,0.0,64.04937451800001,0.0,0.0,0.4996145589369797,127.9013270878668
3,i256-o256,4,aggregated,64.046046976,,30,32,14,32,14,3584,0.4375,64.04937451800001,0.21858136953492863,55.95683060094173,0.4996145589369797,127.9013270878668
3,i256-o256,4,aggregated,64.046046976,,35,32,32,32,32,8192,1.0,64.04937451800001,0.4996145589369797,127.9013270878668,0.4996145589369797,127.9013270878668
3,i256-o256,4,aggregated,64.046046976,,50,32,32,32,32,8192,1.0,64.04937451800001,0.4996145589369797,127.9013270878668,0.4996145589369797,127.9013270878668
3,i256-o256,8,aggregated,63.849716992000005,,25,32,0,32,0,0,0.0,63.85313811800001,0.0,0.0,0.5011499973715355,128.2943993271131
3,i256-o256,8,aggregated,63.849716992000005,,30,32,12,32,12,3072,0.375,63.85313811800001,0.1879312490143258,48.11039974766741,0.5011499973715355,128.2943993271131
3,i256-o256,8,aggregated,63.849716992000005,,35,32,32,32,32,8192,1.0,63.85313811800001,0.5011499973715355,128.2943993271131,0.5011499973715355,128.2943993271131
3,i256-o256,8,aggregated,63.849716992000005,,50,32,32,32,32,8192,1.0,63.85313811800001,0.5011499973715355,128.2943993271131,0.5011499973715355,128.2943993271131
3,i256-o64,1,aggregated,59.408100352000005,,25,32,0,32,0,0,0.0,59.410541607000006,0.0,0.0,0.5386249499571911,34.47199679726023
3,i256-o64,1,aggregated,59.408100352000005,,30,32,32,32,32,2048,1.0,59.410541607000006,0.5386249499571911,34.47199679726023,0.5386249499571911,34.47199679726023
3,i256-o64,1,aggregated,59.408100352000005,,35,32,32,32,32,2048,1.0,59.410541607000006,0.5386249499571911,34.47199679726023,0.5386249499571911,34.47199679726023
3,i256-o64,1,aggregated,59.408100352000005,,50,32,32,32,32,2048,1.0,59.410541607000006,0.5386249499571911,34.47199679726023,0.5386249499571911,34.47199679726023
3,i256-o64,2,aggregated,29.884447488000003,,25,32,0,32,0,0,0.0,29.886887481,0.0,0.0,1.070703666293232,68.52503464276685
3,i256-o64,2,aggregated,29.884447488000003,,30,32,32,32,32,2048,1.0,29.886887481,1.070703666293232,68.52503464276685,1.070703666293232,68.52503464276685
3,i256-o64,2,aggregated,29.884447488000003,,35,32,32,32,32,2048,1.0,29.886887481,1.070703666293232,68.52503464276685,1.070703666293232,68.52503464276685
3,i256-o64,2,aggregated,29.884447488000003,,50,32,32,32,32,2048,1.0,29.886887481,1.070703666293232,68.52503464276685,1.070703666293232,68.52503464276685
3,i256-o64,4,aggregated,16.238773504,,25,32,0,32,0,0,0.0,16.241341744,0.0,0.0,1.9702805657557008,126.09795620836485
3,i256-o64,4,aggregated,16.238773504,,30,32,19,32,19,1216,0.59375,16.241341744,1.1698540859174473,74.87066149871663,1.9702805657557008,126.09795620836485
3,i256-o64,4,aggregated,16.238773504,,35,32,32,32,32,2048,1.0,16.241341744,1.9702805657557008,126.09795620836485,1.9702805657557008,126.09795620836485
3,i256-o64,4,aggregated,16.238773504,,50,32,32,32,32,2048,1.0,16.241341744,1.9702805657557008,126.09795620836485,1.9702805657557008,126.09795620836485
3,i256-o64,8,aggregated,15.940676352,,25,32,0,32,0,0,0.0,15.943488601,0.0,0.0,2.0070889628254203,128.4536936208269
3,i256-o64,8,aggregated,15.940676352,,30,32,22,32,22,1408,0.6875,15.943488601,1.3798736619424763,88.31191436431848,2.0070889628254203,128.4536936208269
3,i256-o64,8,aggregated,15.940676352,,35,32,32,32,32,2048,1.0,15.943488601,2.0070889628254203,128.4536936208269,2.0070889628254203,128.4536936208269
3,i256-o64,8,aggregated,15.940676352,,50,32,32,32,32,2048,1.0,15.943488601,2.0070889628254203,128.4536936208269,2.0070889628254203,128.4536936208269
3,i64-o16,1,aggregated,15.094769152000001,,25,32,10,32,10,160,0.3125,15.09708564,0.662379497504129,10.598071960066063,2.1196143920132124,33.9138302722114
3,i64-o16,1,aggregated,15.094769152000001,,30,32,32,32,32,512,1.0,15.09708564,2.1196143920132124,33.9138302722114,2.1196143920132124,33.9138302722114
3,i64-o16,1,aggregated,15.094769152000001,,35,32,32,32,32,512,1.0,15.09708564,2.1196143920132124,33.9138302722114,2.1196143920132124,33.9138302722114
3,i64-o16,1,aggregated,15.094769152000001,,50,32,32,32,32,512,1.0,15.09708564,2.1196143920132124,33.9138302722114,2.1196143920132124,33.9138302722114
3,i64-o16,2,aggregated,7.5653760000000005,,25,32,12,32,12,192,0.375,7.567917415,1.585640981786533,25.370255708584526,4.228375951430754,67.65401522289207
3,i64-o16,2,aggregated,7.5653760000000005,,30,32,32,32,32,512,1.0,7.567917415,4.228375951430754,67.65401522289207,4.228375951430754,67.65401522289207
3,i64-o16,2,aggregated,7.5653760000000005,,35,32,32,32,32,512,1.0,7.567917415,4.228375951430754,67.65401522289207,4.228375951430754,67.65401522289207
3,i64-o16,2,aggregated,7.5653760000000005,,50,32,32,32,32,512,1.0,7.567917415,4.228375951430754,67.65401522289207,4.228375951430754,67.65401522289207
3,i64-o16,4,aggregated,4.118394368000001,,25,32,3,32,3,48,0.09375,4.121194282,0.7279443274739552,11.647109239583283,7.764739493055522,124.23583188888836
3,i64-o16,4,aggregated,4.118394368000001,,30,32,31,32,31,496,0.96875,4.121194282,7.522091383897537,120.3534621423606,7.764739493055522,124.23583188888836
3,i64-o16,4,aggregated,4.118394368000001,,35,32,32,32,32,512,1.0,4.121194282,7.764739493055522,124.23583188888836,7.764739493055522,124.23583188888836
3,i64-o16,4,aggregated,4.118394368000001,,50,32,32,32,32,512,1.0,4.121194282,7.764739493055522,124.23583188888836,7.764739493055522,124.23583188888836
3,i64-o16,8,aggregated,4.16100864,,25,32,2,32,2,32,0.0625,4.163812519,0.4803290231905852,7.685264371049363,7.685264371049363,122.9642299367898
3,i64-o16,8,aggregated,4.16100864,,30,32,28,32,28,448,0.875,4.163812519,6.724606324668192,107.59370119469108,7.685264371049363,122.9642299367898
3,i64-o16,8,aggregated,4.16100864,,35,32,32,32,32,512,1.0,4.163812519,7.685264371049363,122.9642299367898,7.685264371049363,122.9642299367898
3,i64-o16,8,aggregated,4.16100864,,50,32,32,32,32,512,1.0,4.163812519,7.685264371049363,122.9642299367898,7.685264371049363,122.9642299367898
3,i64-o256,1,aggregated,236.96716288000002,,25,32,0,32,0,0,0.0,236.971368809,0.0,0.0,0.13503741047211548,34.56957708086156
3,i64-o256,1,aggregated,236.96716288000002,,30,32,32,32,32,8192,1.0,236.971368809,0.13503741047211548,34.56957708086156,0.13503741047211548,34.56957708086156
3,i64-o256,1,aggregated,236.96716288000002,,35,32,32,32,32,8192,1.0,236.971368809,0.13503741047211548,34.56957708086156,0.13503741047211548,34.56957708086156
3,i64-o256,1,aggregated,236.96716288000002,,50,32,32,32,32,8192,1.0,236.971368809,0.13503741047211548,34.56957708086156,0.13503741047211548,34.56957708086156
3,i64-o256,2,aggregated,118.6967424,,25,32,0,32,0,0,0.0,118.699728261,0.0,0.0,0.26958781177356683,69.01447981403311
3,i64-o256,2,aggregated,118.6967424,,30,32,32,32,32,8192,1.0,118.699728261,0.26958781177356683,69.01447981403311,0.26958781177356683,69.01447981403311
3,i64-o256,2,aggregated,118.6967424,,35,32,32,32,32,8192,1.0,118.699728261,0.26958781177356683,69.01447981403311,0.26958781177356683,69.01447981403311
3,i64-o256,2,aggregated,118.6967424,,50,32,32,32,32,8192,1.0,118.699728261,0.26958781177356683,69.01447981403311,0.26958781177356683,69.01447981403311
3,i64-o256,4,aggregated,63.943620864,,25,32,0,32,0,0,0.0,63.94688073500001,0.0,0.0,0.5004153389843996,128.1063267800063
3,i64-o256,4,aggregated,63.943620864,,30,32,10,32,10,2560,0.3125,63.94688073500001,0.15637979343262487,40.03322711875197,0.5004153389843996,128.1063267800063
3,i64-o256,4,aggregated,63.943620864,,35,32,32,32,32,8192,1.0,63.94688073500001,0.5004153389843996,128.1063267800063,0.5004153389843996,128.1063267800063
3,i64-o256,4,aggregated,63.943620864,,50,32,32,32,32,8192,1.0,63.94688073500001,0.5004153389843996,128.1063267800063,0.5004153389843996,128.1063267800063
3,i64-o256,8,aggregated,63.359908096000005,,25,32,0,32,0,0,0.0,63.36519603500001,0.0,0.0,0.5050090902003156,129.2823270912808
3,i64-o256,8,aggregated,63.359908096000005,,30,32,13,32,13,3328,0.40625,63.36519603500001,0.2051599428938782,52.52094538083282,0.5050090902003156,129.2823270912808
3,i64-o256,8,aggregated,63.359908096000005,,35,32,32,32,32,8192,1.0,63.36519603500001,0.5050090902003156,129.2823270912808,0.5050090902003156,129.2823270912808
3,i64-o256,8,aggregated,63.359908096000005,,50,32,32,32,32,8192,1.0,63.36519603500001,0.5050090902003156,129.2823270912808,0.5050090902003156,129.2823270912808
3,i64-o64,1,aggregated,58.89715584,,25,32,0,32,0,0,0.0,58.899562554,0.0,0.0,0.5432977531991332,34.771056204744525
3,i64-o64,1,aggregated,58.89715584,,30,32,32,32,32,2048,1.0,58.899562554,0.5432977531991332,34.771056204744525,0.5432977531991332,34.771056204744525
3,i64-o64,1,aggregated,58.89715584,,35,32,32,32,32,2048,1.0,58.899562554,0.5432977531991332,34.771056204744525,0.5432977531991332,34.771056204744525
3,i64-o64,1,aggregated,58.89715584,,50,32,32,32,32,2048,1.0,58.899562554,0.5432977531991332,34.771056204744525,0.5432977531991332,34.771056204744525
3,i64-o64,2,aggregated,29.640392704000003,,25,32,0,32,0,0,0.0,29.644019836000002,0.0,0.0,1.0794757315989538,69.08644682233304
3,i64-o64,2,aggregated,29.640392704000003,,30,32,32,32,32,2048,1.0,29.644019836000002,1.0794757315989538,69.08644682233304,1.0794757315989538,69.08644682233304
3,i64-o64,2,aggregated,29.640392704000003,,35,32,32,32,32,2048,1.0,29.644019836000002,1.0794757315989538,69.08644682233304,1.0794757315989538,69.08644682233304
3,i64-o64,2,aggregated,29.640392704000003,,50,32,32,32,32,2048,1.0,29.644019836000002,1.0794757315989538,69.08644682233304,1.0794757315989538,69.08644682233304
3,i64-o64,4,aggregated,16.115789568,,25,32,0,32,0,0,0.0,16.118724888000003,0.0,0.0,1.9852686997482796,127.05719678388989
3,i64-o64,4,aggregated,16.115789568,,30,32,20,32,20,1280,0.625,16.118724888000003,1.2407929373426747,79.41074798993118,1.9852686997482796,127.05719678388989
3,i64-o64,4,aggregated,16.115789568,,35,32,32,32,32,2048,1.0,16.118724888000003,1.9852686997482796,127.05719678388989,1.9852686997482796,127.05719678388989
3,i64-o64,4,aggregated,16.115789568,,50,32,32,32,32,2048,1.0,16.118724888000003,1.9852686997482796,127.05719678388989,1.9852686997482796,127.05719678388989
3,i64-o64,8,aggregated,15.849050624,,25,32,0,32,0,0,0.0,15.851798642,0.0,0.0,2.018698364942302,129.19669535630732
3,i64-o64,8,aggregated,15.849050624,,30,32,24,32,24,1536,0.75,15.851798642,1.5140237737067264,96.89752151723049,2.018698364942302,129.19669535630732
3,i64-o64,8,aggregated,15.849050624,,35,32,32,32,32,2048,1.0,15.851798642,2.018698364942302,129.19669535630732,2.018698364942302,129.19669535630732
3,i64-o64,8,aggregated,15.849050624,,50,32,32,32,32,2048,1.0,15.851798642,2.018698364942302,129.19669535630732,2.018698364942302,129.19669535630732
3,i704-o16,1,aggregated,18.033509888,,25,32,11,32,11,176,0.34375,18.035730836000003,0.6099004304302204,9.758406886883526,1.7742557976151865,28.388092761842984
3,i704-o16,1,aggregated,18.033509888,,30,32,32,32,32,512,1.0,18.035730836000003,1.7742557976151865,28.388092761842984,1.7742557976151865,28.388092761842984
3,i704-o16,1,aggregated,18.033509888,,35,32,32,32,32,512,1.0,18.035730836000003,1.7742557976151865,28.388092761842984,1.7742557976151865,28.388092761842984
3,i704-o16,1,aggregated,18.033509888,,50,32,32,32,32,512,1.0,18.035730836000003,1.7742557976151865,28.388092761842984,1.7742557976151865,28.388092761842984
3,i704-o16,2,aggregated,9.310738944,,25,32,9,32,9,144,0.28125,9.313033827,0.9663875561052443,15.462200897683909,3.4360446439297574,54.97671430287612
3,i704-o16,2,aggregated,9.310738944,,30,32,32,32,32,512,1.0,9.313033827,3.4360446439297574,54.97671430287612,3.4360446439297574,54.97671430287612
3,i704-o16,2,aggregated,9.310738944,,35,32,32,32,32,512,1.0,9.313033827,3.4360446439297574,54.97671430287612,3.4360446439297574,54.97671430287612
3,i704-o16,2,aggregated,9.310738944,,50,32,32,32,32,512,1.0,9.313033827,3.4360446439297574,54.97671430287612,3.4360446439297574,54.97671430287612
3,i704-o16,4,aggregated,5.221142784,,25,32,9,32,9,144,0.28125,5.2238769650000005,1.7228583407113225,27.56573345138116,6.1257185447513685,98.0114967160219
3,i704-o16,4,aggregated,5.221142784,,30,32,28,32,28,448,0.875,5.2238769650000005,5.360003726657448,85.76005962651917,6.1257185447513685,98.0114967160219
3,i704-o16,4,aggregated,5.221142784,,35,32,32,32,32,512,1.0,5.2238769650000005,6.1257185447513685,98.0114967160219,6.1257185447513685,98.0114967160219
3,i704-o16,4,aggregated,5.221142784,,50,32,32,32,32,512,1.0,5.2238769650000005,6.1257185447513685,98.0114967160219,6.1257185447513685,98.0114967160219
3,i704-o16,8,aggregated,5.132604416,,25,32,8,32,8,128,0.25,5.135542001,1.5577713118580723,24.924340989729156,6.231085247432289,99.69736395891663
3,i704-o16,8,aggregated,5.132604416,,30,32,29,32,29,464,0.90625,5.135542001,5.646921005485512,90.3507360877682,6.231085247432289,99.69736395891663
3,i704-o16,8,aggregated,5.132604416,,35,32,32,32,32,512,1.0,5.135542001,6.231085247432289,99.69736395891663,6.231085247432289,99.69736395891663
3,i704-o16,8,aggregated,5.132604416,,50,32,32,32,32,512,1.0,5.135542001,6.231085247432289,99.69736395891663,6.231085247432289,99.69736395891663
3,i704-o256,1,aggregated,240.210488832,,25,32,0,32,0,0,0.0,240.21341745900003,0.0,0.0,0.13321487341755922,34.10300759489516
3,i704-o256,1,aggregated,240.210488832,,30,32,32,32,32,8192,1.0,240.21341745900003,0.13321487341755922,34.10300759489516,0.13321487341755922,34.10300759489516
3,i704-o256,1,aggregated,240.210488832,,35,32,32,32,32,8192,1.0,240.21341745900003,0.13321487341755922,34.10300759489516,0.13321487341755922,34.10300759489516
3,i704-o256,1,aggregated,240.210488832,,50,32,32,32,32,8192,1.0,240.21341745900003,0.13321487341755922,34.10300759489516,0.13321487341755922,34.10300759489516
3,i704-o256,2,aggregated,121.165604864,,25,32,0,32,0,0,0.0,121.16880693799999,0.0,0.0,0.26409437221226295,67.60815928633932
3,i704-o256,2,aggregated,121.165604864,,30,32,32,32,32,8192,1.0,121.16880693799999,0.26409437221226295,67.60815928633932,0.26409437221226295,67.60815928633932
3,i704-o256,2,aggregated,121.165604864,,35,32,32,32,32,8192,1.0,121.16880693799999,0.26409437221226295,67.60815928633932,0.26409437221226295,67.60815928633932
3,i704-o256,2,aggregated,121.165604864,,50,32,32,32,32,8192,1.0,121.16880693799999,0.26409437221226295,67.60815928633932,0.26409437221226295,67.60815928633932
3,i704-o256,4,aggregated,64.910804224,,25,32,0,32,0,0,0.0,64.91417319600001,0.0,0.0,0.49295860094189464,126.19740184112503
3,i704-o256,4,aggregated,64.910804224,,30,32,8,32,8,2048,0.25,64.91417319600001,0.12323965023547366,31.549350460281257,0.49295860094189464,126.19740184112503
3,i704-o256,4,aggregated,64.910804224,,35,32,32,32,32,8192,1.0,64.91417319600001,0.49295860094189464,126.19740184112503,0.49295860094189464,126.19740184112503
3,i704-o256,4,aggregated,64.910804224,,50,32,32,32,32,8192,1.0,64.91417319600001,0.49295860094189464,126.19740184112503,0.49295860094189464,126.19740184112503
3,i704-o256,8,aggregated,64.965778176,,25,32,0,32,0,0,0.0,64.969449278,0.0,0.0,0.4925391911985294,126.09003294682353
3,i704-o256,8,aggregated,64.965778176,,30,32,13,32,13,3328,0.40625,64.969449278,0.20009404642440257,51.22407588464706,0.4925391911985294,126.09003294682353
3,i704-o256,8,aggregated,64.965778176,,35,32,32,32,32,8192,1.0,64.969449278,0.4925391911985294,126.09003294682353,0.4925391911985294,126.09003294682353
3,i704-o256,8,aggregated,64.965778176,,50,32,32,32,32,8192,1.0,64.969449278,0.4925391911985294,126.09003294682353,0.4925391911985294,126.09003294682353
3,i704-o64,1,aggregated,62.355687424,,25,32,0,32,0,0,0.0,62.359013243000014,0.0,0.0,0.5131575747567189,32.84208478443001
3,i704-o64,1,aggregated,62.355687424,,30,32,32,32,32,2048,1.0,62.359013243000014,0.5131575747567189,32.84208478443001,0.5131575747567189,32.84208478443001
3,i704-o64,1,aggregated,62.355687424,,35,32,32,32,32,2048,1.0,62.359013243000014,0.5131575747567189,32.84208478443001,0.5131575747567189,32.84208478443001
3,i704-o64,1,aggregated,62.355687424,,50,32,32,32,32,2048,1.0,62.359013243000014,0.5131575747567189,32.84208478443001,0.5131575747567189,32.84208478443001
3,i704-o64,2,aggregated,31.521716224000002,,25,32,0,32,0,0,0.0,31.524299439,0.0,0.0,1.0150899645500604,64.96575773120387
3,i704-o64,2,aggregated,31.521716224000002,,30,32,32,32,32,2048,1.0,31.524299439,1.0150899645500604,64.96575773120387,1.0150899645500604,64.96575773120387
3,i704-o64,2,aggregated,31.521716224000002,,35,32,32,32,32,2048,1.0,31.524299439,1.0150899645500604,64.96575773120387,1.0150899645500604,64.96575773120387
3,i704-o64,2,aggregated,31.521716224000002,,50,32,32,32,32,2048,1.0,31.524299439,1.0150899645500604,64.96575773120387,1.0150899645500604,64.96575773120387
3,i704-o64,4,aggregated,17.279032576000002,,25,32,0,32,0,0,0.0,17.281881838,0.0,0.0,1.8516502022156691,118.50561294180282
3,i704-o64,4,aggregated,17.279032576000002,,30,32,16,32,16,1024,0.5,17.281881838,0.9258251011078346,59.25280647090141,1.8516502022156691,118.50561294180282
3,i704-o64,4,aggregated,17.279032576000002,,35,32,32,32,32,2048,1.0,17.281881838,1.8516502022156691,118.50561294180282,1.8516502022156691,118.50561294180282
3,i704-o64,4,aggregated,17.279032576000002,,50,32,32,32,32,2048,1.0,17.281881838,1.8516502022156691,118.50561294180282,1.8516502022156691,118.50561294180282
3,i704-o64,8,aggregated,16.93124736,,25,32,0,32,0,0,0.0,16.934081775000003,0.0,0.0,1.889680256962146,120.93953644557735
3,i704-o64,8,aggregated,16.93124736,,30,32,20,32,20,1280,0.625,16.934081775000003,1.1810501606013413,75.58721027848584,1.889680256962146,120.93953644557735
3,i704-o64,8,aggregated,16.93124736,,35,32,32,32,32,2048,1.0,16.934081775000003,1.889680256962146,120.93953644557735,1.889680256962146,120.93953644557735
3,i704-o64,8,aggregated,16.93124736,,50,32,32,32,32,2048,1.0,16.934081775000003,1.889680256962146,120.93953644557735,1.889680256962146,120.93953644557735
3,mixed,1,aggregated,141.49096064,,25,32,6,32,6,96,0.1875,141.49380240800002,0.042404684147923935,0.678474946366783,0.2261583154555943,34.149905633794745
3,mixed,1,aggregated,141.49096064,,30,32,32,32,32,4832,1.0,141.49380240800002,0.2261583154555943,34.149905633794745,0.2261583154555943,34.149905633794745
3,mixed,1,aggregated,141.49096064,,35,32,32,32,32,4832,1.0,141.49380240800002,0.2261583154555943,34.149905633794745,0.2261583154555943,34.149905633794745
3,mixed,1,aggregated,141.49096064,,50,32,32,32,32,4832,1.0,141.49380240800002,0.2261583154555943,34.149905633794745,0.2261583154555943,34.149905633794745
3,mixed,2,aggregated,71.814388224,,25,32,4,32,4,64,0.125,71.817740105,0.05569654508972105,0.8911447214355368,0.4455723607177684,67.28142646838303
3,mixed,2,aggregated,71.814388224,,30,32,32,32,32,4832,1.0,71.817740105,0.4455723607177684,67.28142646838303,0.4455723607177684,67.28142646838303
3,mixed,2,aggregated,71.814388224,,35,32,32,32,32,4832,1.0,71.817740105,0.4455723607177684,67.28142646838303,0.4455723607177684,67.28142646838303
3,mixed,2,aggregated,71.814388224,,50,32,32,32,32,4832,1.0,71.817740105,0.4455723607177684,67.28142646838303,0.4455723607177684,67.28142646838303
3,mixed,4,aggregated,48.154852352000006,,25,32,4,32,4,64,0.125,48.158556091,0.08305896863771484,1.3289434982034374,0.6644717491017187,100.33523411435952
3,mixed,4,aggregated,48.154852352000006,,30,32,24,32,24,3264,0.75,48.158556091,0.498353811826289,67.77611840837531,0.6644717491017187,100.33523411435952
3,mixed,4,aggregated,48.154852352000006,,35,32,32,32,32,4832,1.0,48.158556091,0.6644717491017187,100.33523411435952,0.6644717491017187,100.33523411435952
3,mixed,4,aggregated,48.154852352000006,,50,32,32,32,32,4832,1.0,48.158556091,0.6644717491017187,100.33523411435952,0.6644717491017187,100.33523411435952
3,mixed,8,aggregated,41.206257408,,25,32,5,32,5,80,0.15625,41.2089366,0.12133290525143034,1.9413264840228854,0.7765305936091541,117.25611963498228
3,mixed,8,aggregated,41.206257408,,30,32,20,32,20,2240,0.625,41.2089366,0.48533162100572136,54.35714155264079,0.7765305936091541,117.25611963498228
3,mixed,8,aggregated,41.206257408,,35,32,32,32,32,4832,1.0,41.2089366,0.7765305936091541,117.25611963498228,0.7765305936091541,117.25611963498228
3,mixed,8,aggregated,41.206257408,,50,32,32,32,32,4832,1.0,41.2089366,0.7765305936091541,117.25611963498228,0.7765305936091541,117.25611963498228
3,i256-o16,1,disaggregated,16.727549184,,25,32,14,32,14,224,0.4375,16.730619682,0.8367890888741081,13.38862542198573,1.9126607745693898,30.602572393110236
3,i256-o16,1,disaggregated,16.727549184,,30,32,32,32,32,512,1.0,16.730619682,1.9126607745693898,30.602572393110236,1.9126607745693898,30.602572393110236
3,i256-o16,1,disaggregated,16.727549184,,35,32,32,32,32,512,1.0,16.730619682,1.9126607745693898,30.602572393110236,1.9126607745693898,30.602572393110236
3,i256-o16,1,disaggregated,16.727549184,,50,32,32,32,32,512,1.0,16.730619682,1.9126607745693898,30.602572393110236,1.9126607745693898,30.602572393110236
3,i256-o16,2,disaggregated,8.478522624,,25,32,13,32,13,208,0.40625,8.481675822,1.5327159717989043,24.52345554878247,3.7728393151973028,60.365429043156844
3,i256-o16,2,disaggregated,8.478522624,,30,32,32,32,32,512,1.0,8.481675822,3.7728393151973028,60.365429043156844,3.7728393151973028,60.365429043156844
3,i256-o16,2,disaggregated,8.478522624,,35,32,32,32,32,512,1.0,8.481675822,3.7728393151973028,60.365429043156844,3.7728393151973028,60.365429043156844
3,i256-o16,2,disaggregated,8.478522624,,50,32,32,32,32,512,1.0,8.481675822,3.7728393151973028,60.365429043156844,3.7728393151973028,60.365429043156844
3,i256-o16,4,disaggregated,5.388211200000001,,25,32,2,32,2,32,0.0625,5.391779911,0.3709350220174445,5.934960352279112,5.934960352279112,94.95936563646579
3,i256-o16,4,disaggregated,5.388211200000001,,30,32,31,32,31,496,0.96875,5.391779911,5.749492841270389,91.99188546032623,5.934960352279112,94.95936563646579
3,i256-o16,4,disaggregated,5.388211200000001,,35,32,32,32,32,512,1.0,5.391779911,5.934960352279112,94.95936563646579,5.934960352279112,94.95936563646579
3,i256-o16,4,disaggregated,5.388211200000001,,50,32,32,32,32,512,1.0,5.391779911,5.934960352279112,94.95936563646579,5.934960352279112,94.95936563646579
3,i256-o16,8,disaggregated,5.396473344,,25,32,5,32,5,80,0.15625,5.3993669870000005,0.9260344799748652,14.816551679597843,5.926620671839137,94.82593074942619
3,i256-o16,8,disaggregated,5.396473344,,30,32,28,32,28,448,0.875,5.3993669870000005,5.185793087859245,82.97268940574791,5.926620671839137,94.82593074942619
3,i256-o16,8,disaggregated,5.396473344,,35,32,32,32,32,512,1.0,5.3993669870000005,5.926620671839137,94.82593074942619,5.926620671839137,94.82593074942619
3,i256-o16,8,disaggregated,5.396473344,,50,32,32,32,32,512,1.0,5.3993669870000005,5.926620671839137,94.82593074942619,5.926620671839137,94.82593074942619
3,i256-o256,1,disaggregated,236.64870348800002,,25,32,0,32,0,0,0.0,236.651707729,0.0,0.0,0.13521981441454278,34.61627249012295
3,i256-o256,1,disaggregated,236.64870348800002,,30,32,32,32,32,8192,1.0,236.651707729,0.13521981441454278,34.61627249012295,0.13521981441454278,34.61627249012295
3,i256-o256,1,disaggregated,236.64870348800002,,35,32,32,32,32,8192,1.0,236.651707729,0.13521981441454278,34.61627249012295,0.13521981441454278,34.61627249012295
3,i256-o256,1,disaggregated,236.64870348800002,,50,32,32,32,32,8192,1.0,236.651707729,0.13521981441454278,34.61627249012295,0.13521981441454278,34.61627249012295
3,i256-o256,2,disaggregated,118.63444428800001,,25,32,0,32,0,0,0.0,118.63775816600001,0.0,0.0,0.2697286301990387,69.0505293309539
3,i256-o256,2,disaggregated,118.63444428800001,,30,32,32,32,32,8192,1.0,118.63775816600001,0.2697286301990387,69.0505293309539,0.2697286301990387,69.0505293309539
3,i256-o256,2,disaggregated,118.63444428800001,,35,32,32,32,32,8192,1.0,118.63775816600001,0.2697286301990387,69.0505293309539,0.2697286301990387,69.0505293309539
3,i256-o256,2,disaggregated,118.63444428800001,,50,32,32,32,32,8192,1.0,118.63775816600001,0.2697286301990387,69.0505293309539,0.2697286301990387,69.0505293309539
3,i256-o256,4,disaggregated,82.55766886400001,,25,32,0,32,0,0,0.0,82.56241735200001,0.0,0.0,0.38758555074241446,99.2219009900581
3,i256-o256,4,disaggregated,82.55766886400001,,30,32,32,32,32,8192,1.0,82.56241735200001,0.38758555074241446,99.2219009900581,0.38758555074241446,99.2219009900581
3,i256-o256,4,disaggregated,82.55766886400001,,35,32,32,32,32,8192,1.0,82.56241735200001,0.38758555074241446,99.2219009900581,0.38758555074241446,99.2219009900581
3,i256-o256,4,disaggregated,82.55766886400001,,50,32,32,32,32,8192,1.0,82.56241735200001,0.38758555074241446,99.2219009900581,0.38758555074241446,99.2219009900581
3,i256-o256,8,disaggregated,83.4530048,,25,32,0,32,0,0,0.0,83.459179825,0.0,0.0,0.38342097378740925,98.15576928957677
3,i256-o256,8,disaggregated,83.4530048,,30,32,31,32,31,7936,0.96875,83.459179825,0.37143906835655266,95.08840149927748,0.38342097378740925,98.15576928957677
3,i256-o256,8,disaggregated,83.4530048,,35,32,32,32,32,8192,1.0,83.459179825,0.38342097378740925,98.15576928957677,0.38342097378740925,98.15576928957677
3,i256-o256,8,disaggregated,83.4530048,,50,32,32,32,32,8192,1.0,83.459179825,0.38342097378740925,98.15576928957677,0.38342097378740925,98.15576928957677
3,i256-o64,1,disaggregated,60.717351168,,25,32,0,32,0,0,0.0,60.72044357100001,0.0,0.0,0.5270053727882046,33.72834385844509
3,i256-o64,1,disaggregated,60.717351168,,30,32,32,32,32,2048,1.0,60.72044357100001,0.5270053727882046,33.72834385844509,0.5270053727882046,33.72834385844509
3,i256-o64,1,disaggregated,60.717351168,,35,32,32,32,32,2048,1.0,60.72044357100001,0.5270053727882046,33.72834385844509,0.5270053727882046,33.72834385844509
3,i256-o64,1,disaggregated,60.717351168,,50,32,32,32,32,2048,1.0,60.72044357100001,0.5270053727882046,33.72834385844509,0.5270053727882046,33.72834385844509
3,i256-o64,2,disaggregated,30.521011968000003,,25,32,0,32,0,0,0.0,30.524543661000003,0.0,0.0,1.048336720620172,67.093550119691
3,i256-o64,2,disaggregated,30.521011968000003,,30,32,32,32,32,2048,1.0,30.524543661000003,1.048336720620172,67.093550119691,1.048336720620172,67.093550119691
3,i256-o64,2,disaggregated,30.521011968000003,,35,32,32,32,32,2048,1.0,30.524543661000003,1.048336720620172,67.093550119691,1.048336720620172,67.093550119691
3,i256-o64,2,disaggregated,30.521011968000003,,50,32,32,32,32,2048,1.0,30.524543661000003,1.048336720620172,67.093550119691,1.048336720620172,67.093550119691
3,i256-o64,4,disaggregated,21.005066752,,25,32,0,32,0,0,0.0,21.009689756,0.0,0.0,1.523106736540998,97.47883113862387
3,i256-o64,4,disaggregated,21.005066752,,30,32,31,32,31,1984,0.96875,21.009689756,1.475509651024092,94.43261766554188,1.523106736540998,97.47883113862387
3,i256-o64,4,disaggregated,21.005066752,,35,32,32,32,32,2048,1.0,21.009689756,1.523106736540998,97.47883113862387,1.523106736540998,97.47883113862387
3,i256-o64,4,disaggregated,21.005066752,,50,32,32,32,32,2048,1.0,21.009689756,1.523106736540998,97.47883113862387,1.523106736540998,97.47883113862387
3,i256-o64,8,disaggregated,21.044785408000003,,25,32,0,32,0,0,0.0,21.051498623,0.0,0.0,1.5200818038217059,97.28523544458918
3,i256-o64,8,disaggregated,21.044785408000003,,30,32,30,32,30,1920,0.9375,21.051498623,1.4250766910828494,91.20490822930236,1.5200818038217059,97.28523544458918
3,i256-o64,8,disaggregated,21.044785408000003,,35,32,32,32,32,2048,1.0,21.051498623,1.5200818038217059,97.28523544458918,1.5200818038217059,97.28523544458918
3,i256-o64,8,disaggregated,21.044785408000003,,50,32,32,32,32,2048,1.0,21.051498623,1.5200818038217059,97.28523544458918,1.5200818038217059,97.28523544458918
3,i64-o16,1,disaggregated,15.517881344000001,,25,32,16,32,16,256,0.5,15.520072864,1.0309229950275058,16.494767920440093,2.0618459900550117,32.98953584088019
3,i64-o16,1,disaggregated,15.517881344000001,,30,32,32,32,32,512,1.0,15.520072864,2.0618459900550117,32.98953584088019,2.0618459900550117,32.98953584088019
3,i64-o16,1,disaggregated,15.517881344000001,,35,32,32,32,32,512,1.0,15.520072864,2.0618459900550117,32.98953584088019,2.0618459900550117,32.98953584088019
3,i64-o16,1,disaggregated,15.517881344000001,,50,32,32,32,32,512,1.0,15.520072864,2.0618459900550117,32.98953584088019,2.0618459900550117,32.98953584088019
3,i64-o16,2,disaggregated,7.906710272000001,,25,32,13,32,13,208,0.40625,7.909261627999999,1.6436426826466337,26.29828292234614,4.045889680360944,64.73423488577511
3,i64-o16,2,disaggregated,7.906710272000001,,30,32,32,32,32,512,1.0,7.909261627999999,4.045889680360944,64.73423488577511,4.045889680360944,64.73423488577511
3,i64-o16,2,disaggregated,7.906710272000001,,35,32,32,32,32,512,1.0,7.909261627999999,4.045889680360944,64.73423488577511,4.045889680360944,64.73423488577511
3,i64-o16,2,disaggregated,7.906710272000001,,50,32,32,32,32,512,1.0,7.909261627999999,4.045889680360944,64.73423488577511,4.045889680360944,64.73423488577511
3,i64-o16,4,disaggregated,5.1411932160000005,,25,32,3,32,3,48,0.09375,5.144708759,0.5831233876459749,9.329974202335599,6.219982801557067,99.51972482491307
3,i64-o16,4,disaggregated,5.1411932160000005,,30,32,32,32,32,512,1.0,5.144708759,6.219982801557067,99.51972482491307,6.219982801557067,99.51972482491307
3,i64-o16,4,disaggregated,5.1411932160000005,,35,32,32,32,32,512,1.0,5.144708759,6.219982801557067,99.51972482491307,6.219982801557067,99.51972482491307
3,i64-o16,4,disaggregated,5.1411932160000005,,50,32,32,32,32,512,1.0,5.144708759,6.219982801557067,99.51972482491307,6.219982801557067,99.51972482491307
3,i64-o16,8,disaggregated,5.15897088,,25,32,4,32,4,64,0.125,5.162378851000001,0.7748365851191187,12.397385361905899,6.1986926809529495,99.17908289524719
3,i64-o16,8,disaggregated,5.15897088,,30,32,31,32,31,496,0.96875,5.162378851000001,6.00498353467317,96.07973655477072,6.1986926809529495,99.17908289524719
3,i64-o16,8,disaggregated,5.15897088,,35,32,32,32,32,512,1.0,5.162378851000001,6.1986926809529495,99.17908289524719,6.1986926809529495,99.17908289524719
3,i64-o16,8,disaggregated,5.15897088,,50,32,32,32,32,512,1.0,5.162378851000001,6.1986926809529495,99.17908289524719,6.1986926809529495,99.17908289524719
3,i64-o256,1,disaggregated,235.17480192000002,,25,32,0,32,0,0,0.0,235.17780932000002,0.0,0.0,0.13606725946008993,34.83321842178302
3,i64-o256,1,disaggregated,235.17480192000002,,30,32,32,32,32,8192,1.0,235.17780932000002,0.13606725946008993,34.83321842178302,0.13606725946008993,34.83321842178302
3,i64-o256,1,disaggregated,235.17480192000002,,35,32,32,32,32,8192,1.0,235.17780932000002,0.13606725946008993,34.83321842178302,0.13606725946008993,34.83321842178302
3,i64-o256,1,disaggregated,235.17480192000002,,50,32,32,32,32,8192,1.0,235.17780932000002,0.13606725946008993,34.83321842178302,0.13606725946008993,34.83321842178302
3,i64-o256,2,disaggregated,117.488750592,,25,32,0,32,0,0,0.0,117.49180215700002,0.0,0.0,0.27235942774321875,69.724013502264
3,i64-o256,2,disaggregated,117.488750592,,30,32,32,32,32,8192,1.0,117.49180215700002,0.27235942774321875,69.724013502264,0.27235942774321875,69.724013502264
3,i64-o256,2,disaggregated,117.488750592,,35,32,32,32,32,8192,1.0,117.49180215700002,0.27235942774321875,69.724013502264,0.27235942774321875,69.724013502264
3,i64-o256,2,disaggregated,117.488750592,,50,32,32,32,32,8192,1.0,117.49180215700002,0.27235942774321875,69.724013502264,0.27235942774321875,69.724013502264
3,i64-o256,4,disaggregated,82.445013504,,25,32,0,32,0,0,0.0,82.44813951200001,0.0,0.0,0.38812276649787253,99.35942822345537
3,i64-o256,4,disaggregated,82.445013504,,30,32,32,32,32,8192,1.0,82.44813951200001,0.38812276649787253,99.35942822345537,0.38812276649787253,99.35942822345537
3,i64-o256,4,disaggregated,82.445013504,,35,32,32,32,32,8192,1.0,82.44813951200001,0.38812276649787253,99.35942822345537,0.38812276649787253,99.35942822345537
3,i64-o256,4,disaggregated,82.445013504,,50,32,32,32,32,8192,1.0,82.44813951200001,0.38812276649787253,99.35942822345537,0.38812276649787253,99.35942822345537
3,i64-o256,8,disaggregated,82.04667161600001,,25,32,0,32,0,0,0.0,82.051281746,0.0,0.0,0.39000000145104374,99.8400003714672
3,i64-o256,8,disaggregated,82.04667161600001,,30,32,32,32,32,8192,1.0,82.051281746,0.39000000145104374,99.8400003714672,0.39000000145104374,99.8400003714672
3,i64-o256,8,disaggregated,82.04667161600001,,35,32,32,32,32,8192,1.0,82.051281746,0.39000000145104374,99.8400003714672,0.39000000145104374,99.8400003714672
3,i64-o256,8,disaggregated,82.04667161600001,,50,32,32,32,32,8192,1.0,82.051281746,0.39000000145104374,99.8400003714672,0.39000000145104374,99.8400003714672
3,i64-o64,1,disaggregated,59.324839936000004,,25,32,0,32,0,0,0.0,59.32719697900001,0.0,0.0,0.5393816264625988,34.52042409360632
3,i64-o64,1,disaggregated,59.324839936000004,,30,32,32,32,32,2048,1.0,59.32719697900001,0.5393816264625988,34.52042409360632,0.5393816264625988,34.52042409360632
3,i64-o64,1,disaggregated,59.324839936000004,,35,32,32,32,32,2048,1.0,59.32719697900001,0.5393816264625988,34.52042409360632,0.5393816264625988,34.52042409360632
3,i64-o64,1,disaggregated,59.324839936000004,,50,32,32,32,32,2048,1.0,59.32719697900001,0.5393816264625988,34.52042409360632,0.5393816264625988,34.52042409360632
3,i64-o64,2,disaggregated,29.798832128,,25,32,0,32,0,0,0.0,29.801359591,0.0,0.0,1.0737765135273891,68.7216968657529
3,i64-o64,2,disaggregated,29.798832128,,30,32,32,32,32,2048,1.0,29.801359591,1.0737765135273891,68.7216968657529,1.0737765135273891,68.7216968657529
3,i64-o64,2,disaggregated,29.798832128,,35,32,32,32,32,2048,1.0,29.801359591,1.0737765135273891,68.7216968657529,1.0737765135273891,68.7216968657529
3,i64-o64,2,disaggregated,29.798832128,,50,32,32,32,32,2048,1.0,29.801359591,1.0737765135273891,68.7216968657529,1.0737765135273891,68.7216968657529
3,i64-o64,4,disaggregated,20.471645952000003,,25,32,0,32,0,0,0.0,20.475188376000002,0.0,0.0,1.5628671840454864,100.02349977891113
3,i64-o64,4,disaggregated,20.471645952000003,,30,32,32,32,32,2048,1.0,20.475188376000002,1.5628671840454864,100.02349977891113,1.5628671840454864,100.02349977891113
3,i64-o64,4,disaggregated,20.471645952000003,,35,32,32,32,32,2048,1.0,20.475188376000002,1.5628671840454864,100.02349977891113,1.5628671840454864,100.02349977891113
3,i64-o64,4,disaggregated,20.471645952000003,,50,32,32,32,32,2048,1.0,20.475188376000002,1.5628671840454864,100.02349977891113,1.5628671840454864,100.02349977891113
3,i64-o64,8,disaggregated,20.487940864000002,,25,32,0,32,0,0,0.0,20.490922283,0.0,0.0,1.5616671401144469,99.9466969673246
3,i64-o64,8,disaggregated,20.487940864000002,,30,32,32,32,32,2048,1.0,20.490922283,1.5616671401144469,99.9466969673246,1.5616671401144469,99.9466969673246
3,i64-o64,8,disaggregated,20.487940864000002,,35,32,32,32,32,2048,1.0,20.490922283,1.5616671401144469,99.9466969673246,1.5616671401144469,99.9466969673246
3,i64-o64,8,disaggregated,20.487940864000002,,50,32,32,32,32,2048,1.0,20.490922283,1.5616671401144469,99.9466969673246,1.5616671401144469,99.9466969673246
3,i704-o16,1,disaggregated,21.161562624000002,,25,32,13,32,13,208,0.40625,21.163804211000002,0.6142562967598793,9.828100748158068,1.512015499716626,24.192247995466015
3,i704-o16,1,disaggregated,21.161562624000002,,30,32,32,32,32,512,1.0,21.163804211000002,1.512015499716626,24.192247995466015,1.512015499716626,24.192247995466015
3,i704-o16,1,disaggregated,21.161562624000002,,35,32,32,32,32,512,1.0,21.163804211000002,1.512015499716626,24.192247995466015,1.512015499716626,24.192247995466015
3,i704-o16,1,disaggregated,21.161562624000002,,50,32,32,32,32,512,1.0,21.163804211000002,1.512015499716626,24.192247995466015,1.512015499716626,24.192247995466015
3,i704-o16,2,disaggregated,10.975411968000001,,25,32,11,32,11,176,0.34375,10.977969767000001,1.0020067675050648,16.032108280081037,2.914928778196552,46.63886045114483
3,i704-o16,2,disaggregated,10.975411968000001,,30,32,32,32,32,512,1.0,10.977969767000001,2.914928778196552,46.63886045114483,2.914928778196552,46.63886045114483
3,i704-o16,2,disaggregated,10.975411968000001,,35,32,32,32,32,512,1.0,10.977969767000001,2.914928778196552,46.63886045114483,2.914928778196552,46.63886045114483
3,i704-o16,2,disaggregated,10.975411968000001,,50,32,32,32,32,512,1.0,10.977969767000001,2.914928778196552,46.63886045114483,2.914928778196552,46.63886045114483
3,i704-o16,4,disaggregated,6.595479296000001,,25,32,9,32,9,144,0.28125,6.598140656,1.3640206338759808,21.824330142015693,4.849851142670154,77.59761828272246
3,i704-o16,4,disaggregated,6.595479296000001,,30,32,27,32,27,432,0.84375,6.598140656,4.092061901627942,65.47299042604708,4.849851142670154,77.59761828272246
3,i704-o16,4,disaggregated,6.595479296000001,,35,32,32,32,32,512,1.0,6.598140656,4.849851142670154,77.59761828272246,4.849851142670154,77.59761828272246
3,i704-o16,4,disaggregated,6.595479296000001,,50,32,32,32,32,512,1.0,6.598140656,4.849851142670154,77.59761828272246,4.849851142670154,77.59761828272246
3,i704-o16,8,disaggregated,6.072808704000001,,25,32,7,32,7,112,0.21875,6.08053794,1.1512139335487808,18.419422936780492,5.262692267651569,84.2030762824251
3,i704-o16,8,disaggregated,6.072808704000001,,30,32,16,32,16,256,0.5,6.08053794,2.6313461338257844,42.10153814121255,5.262692267651569,84.2030762824251
3,i704-o16,8,disaggregated,6.072808704000001,,35,32,31,32,31,496,0.96875,6.08053794,5.098233134287457,81.57173014859931,5.262692267651569,84.2030762824251
3,i704-o16,8,disaggregated,6.072808704000001,,50,32,32,32,32,512,1.0,6.08053794,5.262692267651569,84.2030762824251,5.262692267651569,84.2030762824251
3,i704-o256,1,disaggregated,240.42087628800002,,25,32,0,32,0,0,0.0,240.424140014,0.0,0.0,0.13309811568063268,34.073117614241966
3,i704-o256,1,disaggregated,240.42087628800002,,30,32,32,32,32,8192,1.0,240.424140014,0.13309811568063268,34.073117614241966,0.13309811568063268,34.073117614241966
3,i704-o256,1,disaggregated,240.42087628800002,,35,32,32,32,32,8192,1.0,240.424140014,0.13309811568063268,34.073117614241966,0.13309811568063268,34.073117614241966
3,i704-o256,1,disaggregated,240.42087628800002,,50,32,32,32,32,8192,1.0,240.424140014,0.13309811568063268,34.073117614241966,0.13309811568063268,34.073117614241966
3,i704-o256,2,disaggregated,121.486420992,,25,32,0,32,0,0,0.0,121.48960071300002,0.0,0.0,0.26339702996962633,67.42963967222434
3,i704-o256,2,disaggregated,121.486420992,,30,32,32,32,32,8192,1.0,121.48960071300002,0.26339702996962633,67.42963967222434,0.26339702996962633,67.42963967222434
3,i704-o256,2,disaggregated,121.486420992,,35,32,32,32,32,8192,1.0,121.48960071300002,0.26339702996962633,67.42963967222434,0.26339702996962633,67.42963967222434
3,i704-o256,2,disaggregated,121.486420992,,50,32,32,32,32,8192,1.0,121.48960071300002,0.26339702996962633,67.42963967222434,0.26339702996962633,67.42963967222434
3,i704-o256,4,disaggregated,83.94295168000001,,25,32,0,32,0,0,0.0,83.94642524300001,0.0,0.0,0.38119550543539515,97.58604939146116
3,i704-o256,4,disaggregated,83.94295168000001,,30,32,31,32,31,7936,0.96875,83.94642524300001,0.369283145890539,94.53648534797799,0.38119550543539515,97.58604939146116
3,i704-o256,4,disaggregated,83.94295168000001,,35,32,32,32,32,8192,1.0,83.94642524300001,0.38119550543539515,97.58604939146116,0.38119550543539515,97.58604939146116
3,i704-o256,4,disaggregated,83.94295168000001,,50,32,32,32,32,8192,1.0,83.94642524300001,0.38119550543539515,97.58604939146116,0.38119550543539515,97.58604939146116
3,i704-o256,8,disaggregated,83.89593036800001,,25,32,0,32,0,0,0.0,83.90623067300001,0.0,0.0,0.38137811391755444,97.63279716289394
3,i704-o256,8,disaggregated,83.89593036800001,,30,32,30,32,30,7680,0.9375,83.90623067300001,0.3575419817977073,91.53074734021307,0.38137811391755444,97.63279716289394
3,i704-o256,8,disaggregated,83.89593036800001,,35,32,32,32,32,8192,1.0,83.90623067300001,0.38137811391755444,97.63279716289394,0.38137811391755444,97.63279716289394
3,i704-o256,8,disaggregated,83.89593036800001,,50,32,32,32,32,8192,1.0,83.90623067300001,0.38137811391755444,97.63279716289394,0.38137811391755444,97.63279716289394
3,i704-o64,1,disaggregated,64.970972672,,25,32,0,32,0,0,0.0,64.973392039,0.0,0.0,0.49250930258946823,31.520595365725967
3,i704-o64,1,disaggregated,64.970972672,,30,32,32,32,32,2048,1.0,64.973392039,0.49250930258946823,31.520595365725967,0.49250930258946823,31.520595365725967
3,i704-o64,1,disaggregated,64.970972672,,35,32,32,32,32,2048,1.0,64.973392039,0.49250930258946823,31.520595365725967,0.49250930258946823,31.520595365725967
3,i704-o64,1,disaggregated,64.970972672,,50,32,32,32,32,2048,1.0,64.973392039,0.49250930258946823,31.520595365725967,0.49250930258946823,31.520595365725967
3,i704-o64,2,disaggregated,32.924815616000004,,25,32,0,32,0,0,0.0,32.927548166,0.0,0.0,0.9718306336893386,62.19716055611767
3,i704-o64,2,disaggregated,32.924815616000004,,30,32,32,32,32,2048,1.0,32.927548166,0.9718306336893386,62.19716055611767,0.9718306336893386,62.19716055611767
3,i704-o64,2,disaggregated,32.924815616000004,,35,32,32,32,32,2048,1.0,32.927548166,0.9718306336893386,62.19716055611767,0.9718306336893386,62.19716055611767
3,i704-o64,2,disaggregated,32.924815616000004,,50,32,32,32,32,2048,1.0,32.927548166,0.9718306336893386,62.19716055611767,0.9718306336893386,62.19716055611767
3,i704-o64,4,disaggregated,21.614544128000002,,25,32,0,32,0,0,0.0,21.618891063000003,0.0,0.0,1.4801869303447721,94.73196354206542
3,i704-o64,4,disaggregated,21.614544128000002,,30,32,26,32,26,1664,0.8125,21.618891063000003,1.2026518809051272,76.96972037792814,1.4801869303447721,94.73196354206542
3,i704-o64,4,disaggregated,21.614544128000002,,35,32,32,32,32,2048,1.0,21.618891063000003,1.4801869303447721,94.73196354206542,1.4801869303447721,94.73196354206542
3,i704-o64,4,disaggregated,21.614544128000002,,50,32,32,32,32,2048,1.0,21.618891063000003,1.4801869303447721,94.73196354206542,1.4801869303447721,94.73196354206542
3,i704-o64,8,disaggregated,21.541842944000003,,25,32,0,32,0,0,0.0,21.552046914,0.0,0.0,1.4847777627661487,95.02577681703352
3,i704-o64,8,disaggregated,21.541842944000003,,30,32,25,32,25,1600,0.78125,21.552046914,1.1599826271610536,74.23888813830743,1.4847777627661487,95.02577681703352
3,i704-o64,8,disaggregated,21.541842944000003,,35,32,32,32,32,2048,1.0,21.552046914,1.4847777627661487,95.02577681703352,1.4847777627661487,95.02577681703352
3,i704-o64,8,disaggregated,21.541842944000003,,50,32,32,32,32,2048,1.0,21.552046914,1.4847777627661487,95.02577681703352,1.4847777627661487,95.02577681703352
3,mixed,1,disaggregated,141.218682624,,25,32,6,32,6,96,0.1875,141.22167070700002,0.04248639723607656,0.679782355777225,0.22659411859240833,34.21571190745366
3,mixed,1,disaggregated,141.218682624,,30,32,32,32,32,4832,1.0,141.22167070700002,0.22659411859240833,34.21571190745366,0.22659411859240833,34.21571190745366
3,mixed,1,disaggregated,141.218682624,,35,32,32,32,32,4832,1.0,141.22167070700002,0.22659411859240833,34.21571190745366,0.22659411859240833,34.21571190745366
3,mixed,1,disaggregated,141.218682624,,50,32,32,32,32,4832,1.0,141.22167070700002,0.22659411859240833,34.21571190745366,0.22659411859240833,34.21571190745366
3,mixed,2,disaggregated,82.648805376,,25,32,5,32,5,80,0.15625,82.652031475,0.06049458084417882,0.9679132935068612,0.38716531740274446,58.46196292781441
3,mixed,2,disaggregated,82.648805376,,30,32,32,32,32,4832,1.0,82.652031475,0.38716531740274446,58.46196292781441,0.38716531740274446,58.46196292781441
3,mixed,2,disaggregated,82.648805376,,35,32,32,32,32,4832,1.0,82.652031475,0.38716531740274446,58.46196292781441,0.38716531740274446,58.46196292781441
3,mixed,2,disaggregated,82.648805376,,50,32,32,32,32,4832,1.0,82.652031475,0.38716531740274446,58.46196292781441,0.38716531740274446,58.46196292781441
3,mixed,4,disaggregated,54.28855808,,25,32,5,32,5,80,0.15625,54.29106632800001,0.09209618337190968,1.473538933950555,0.589415573580222,89.00175161061352
3,mixed,4,disaggregated,54.28855808,,30,32,32,32,32,4832,1.0,54.29106632800001,0.589415573580222,89.00175161061352,0.589415573580222,89.00175161061352
3,mixed,4,disaggregated,54.28855808,,35,32,32,32,32,4832,1.0,54.29106632800001,0.589415573580222,89.00175161061352,0.589415573580222,89.00175161061352
3,mixed,4,disaggregated,54.28855808,,50,32,32,32,32,4832,1.0,54.29106632800001,0.589415573580222,89.00175161061352,0.589415573580222,89.00175161061352
3,mixed,8,disaggregated,54.974148352,,25,32,5,32,5,80,0.15625,54.97677344,0.09094749813676951,1.4551599701883122,0.5820639880753249,87.89166219937405
3,mixed,8,disaggregated,54.974148352,,30,32,30,32,30,4800,0.9375,54.97677344,0.5456849888206171,87.30959821129873,0.5820639880753249,87.89166219937405
3,mixed,8,disaggregated,54.974148352,,35,32,32,32,32,4832,1.0,54.97677344,0.5820639880753249,87.89166219937405,0.5820639880753249,87.89166219937405
3,mixed,8,disaggregated,54.974148352,,50,32,32,32,32,4832,1.0,54.97677344,0.5820639880753249,87.89166219937405,0.5820639880753249,87.89166219937405
