repetition,workload,concurrency,mode,exported_benchmark_duration_seconds,ttft_slo_ms,tpot_slo_ms,requests,good_requests,ttft_pass,tpot_pass,good_output_tokens,attainment,duration_seconds,request_goodput,token_goodput,request_throughput,token_throughput
1,i256-o16,1,aggregated,15.301014272000002,100,,32,18,18,32,288,0.5625,15.303436816000001,1.1762063787645856,18.81930206023337,2.091033562248152,33.45653699597043
1,i256-o16,1,aggregated,15.301014272000002,250,,32,32,32,32,512,1.0,15.303436816000001,2.091033562248152,33.45653699597043,2.091033562248152,33.45653699597043
1,i256-o16,1,aggregated,15.301014272000002,500,,32,32,32,32,512,1.0,15.303436816000001,2.091033562248152,33.45653699597043,2.091033562248152,33.45653699597043
1,i256-o16,1,aggregated,15.301014272000002,1000,,32,32,32,32,512,1.0,15.303436816000001,2.091033562248152,33.45653699597043,2.091033562248152,33.45653699597043
1,i256-o16,1,aggregated,15.301014272000002,2000,,32,32,32,32,512,1.0,15.303436816000001,2.091033562248152,33.45653699597043,2.091033562248152,33.45653699597043
1,i256-o16,1,aggregated,15.301014272000002,5000,,32,32,32,32,512,1.0,15.303436816000001,2.091033562248152,33.45653699597043,2.091033562248152,33.45653699597043
1,i256-o16,1,aggregated,15.301014272000002,10000,,32,32,32,32,512,1.0,15.303436816000001,2.091033562248152,33.45653699597043,2.091033562248152,33.45653699597043
1,i256-o16,1,aggregated,15.301014272000002,20000,,32,32,32,32,512,1.0,15.303436816000001,2.091033562248152,33.45653699597043,2.091033562248152,33.45653699597043
1,i256-o16,2,aggregated,7.807282432,100,,32,18,18,32,288,0.5625,7.809744854000001,2.304812812262458,36.877004996199325,4.097444999577703,65.55911999324324
1,i256-o16,2,aggregated,7.807282432,250,,32,32,32,32,512,1.0,7.809744854000001,4.097444999577703,65.55911999324324,4.097444999577703,65.55911999324324
1,i256-o16,2,aggregated,7.807282432,500,,32,32,32,32,512,1.0,7.809744854000001,4.097444999577703,65.55911999324324,4.097444999577703,65.55911999324324
1,i256-o16,2,aggregated,7.807282432,1000,,32,32,32,32,512,1.0,7.809744854000001,4.097444999577703,65.55911999324324,4.097444999577703,65.55911999324324
1,i256-o16,2,aggregated,7.807282432,2000,,32,32,32,32,512,1.0,7.809744854000001,4.097444999577703,65.55911999324324,4.097444999577703,65.55911999324324
1,i256-o16,2,aggregated,7.807282432,5000,,32,32,32,32,512,1.0,7.809744854000001,4.097444999577703,65.55911999324324,4.097444999577703,65.55911999324324
1,i256-o16,2,aggregated,7.807282432,10000,,32,32,32,32,512,1.0,7.809744854000001,4.097444999577703,65.55911999324324,4.097444999577703,65.55911999324324
1,i256-o16,2,aggregated,7.807282432,20000,,32,32,32,32,512,1.0,7.809744854000001,4.097444999577703,65.55911999324324,4.097444999577703,65.55911999324324
1,i256-o16,4,aggregated,4.3105088,100,,32,18,18,32,288,0.5625,4.313124839,4.173308371981486,66.77293395170378,7.419214883522642,118.70743813636227
1,i256-o16,4,aggregated,4.3105088,250,,32,32,32,32,512,1.0,4.313124839,7.419214883522642,118.70743813636227,7.419214883522642,118.70743813636227
1,i256-o16,4,aggregated,4.3105088,500,,32,32,32,32,512,1.0,4.313124839,7.419214883522642,118.70743813636227,7.419214883522642,118.70743813636227
1,i256-o16,4,aggregated,4.3105088,1000,,32,32,32,32,512,1.0,4.313124839,7.419214883522642,118.70743813636227,7.419214883522642,118.70743813636227
1,i256-o16,4,aggregated,4.3105088,2000,,32,32,32,32,512,1.0,4.313124839,7.419214883522642,118.70743813636227,7.419214883522642,118.70743813636227
1,i256-o16,4,aggregated,4.3105088,5000,,32,32,32,32,512,1.0,4.313124839,7.419214883522642,118.70743813636227,7.419214883522642,118.70743813636227
1,i256-o16,4,aggregated,4.3105088,10000,,32,32,32,32,512,1.0,4.313124839,7.419214883522642,118.70743813636227,7.419214883522642,118.70743813636227
1,i256-o16,4,aggregated,4.3105088,20000,,32,32,32,32,512,1.0,4.313124839,7.419214883522642,118.70743813636227,7.419214883522642,118.70743813636227
1,i256-o16,8,aggregated,4.13608576,100,,32,1,1,32,16,0.03125,4.138925663,0.24160859155783296,3.8657374649253273,7.731474929850655,123.70359887761047
1,i256-o16,8,aggregated,4.13608576,250,,32,4,4,32,64,0.125,4.138925663,0.9664343662313318,15.46294985970131,7.731474929850655,123.70359887761047
1,i256-o16,8,aggregated,4.13608576,500,,32,4,4,32,64,0.125,4.138925663,0.9664343662313318,15.46294985970131,7.731474929850655,123.70359887761047
1,i256-o16,8,aggregated,4.13608576,1000,,32,32,32,32,512,1.0,4.138925663,7.731474929850655,123.70359887761047,7.731474929850655,123.70359887761047
1,i256-o16,8,aggregated,4.13608576,2000,,32,32,32,32,512,1.0,4.138925663,7.731474929850655,123.70359887761047,7.731474929850655,123.70359887761047
1,i256-o16,8,aggregated,4.13608576,5000,,32,32,32,32,512,1.0,4.138925663,7.731474929850655,123.70359887761047,7.731474929850655,123.70359887761047
1,i256-o16,8,aggregated,4.13608576,10000,,32,32,32,32,512,1.0,4.138925663,7.731474929850655,123.70359887761047,7.731474929850655,123.70359887761047
1,i256-o16,8,aggregated,4.13608576,20000,,32,32,32,32,512,1.0,4.138925663,7.731474929850655,123.70359887761047,7.731474929850655,123.70359887761047
1,i256-o256,1,aggregated,239.314130432,100,,32,18,18,32,4608,0.5625,239.31727148599998,0.07521396131684126,19.254774097111362,0.13371370900771778,34.23070950597575
1,i256-o256,1,aggregated,239.314130432,250,,32,32,32,32,8192,1.0,239.31727148599998,0.13371370900771778,34.23070950597575,0.13371370900771778,34.23070950597575
1,i256-o256,1,aggregated,239.314130432,500,,32,32,32,32,8192,1.0,239.31727148599998,0.13371370900771778,34.23070950597575,0.13371370900771778,34.23070950597575
1,i256-o256,1,aggregated,239.314130432,1000,,32,32,32,32,8192,1.0,239.31727148599998,0.13371370900771778,34.23070950597575,0.13371370900771778,34.23070950597575
1,i256-o256,1,aggregated,239.314130432,2000,,32,32,32,32,8192,1.0,239.31727148599998,0.13371370900771778,34.23070950597575,0.13371370900771778,34.23070950597575
1,i256-o256,1,aggregated,239.314130432,5000,,32,32,32,32,8192,1.0,239.31727148599998,0.13371370900771778,34.23070950597575,0.13371370900771778,34.23070950597575
1,i256-o256,1,aggregated,239.314130432,10000,,32,32,32,32,8192,1.0,239.31727148599998,0.13371370900771778,34.23070950597575,0.13371370900771778,34.23070950597575
1,i256-o256,1,aggregated,239.314130432,20000,,32,32,32,32,8192,1.0,239.31727148599998,0.13371370900771778,34.23070950597575,0.13371370900771778,34.23070950597575
1,i256-o256,2,aggregated,119.26610432000001,100,,32,18,18,32,4608,0.5625,119.269353183,0.15091890347038137,38.63523928841763,0.26830027283623353,68.68486984607578
1,i256-o256,2,aggregated,119.26610432000001,250,,32,32,32,32,8192,1.0,119.269353183,0.26830027283623353,68.68486984607578,0.26830027283623353,68.68486984607578
1,i256-o256,2,aggregated,119.26610432000001,500,,32,32,32,32,8192,1.0,119.269353183,0.26830027283623353,68.68486984607578,0.26830027283623353,68.68486984607578
1,i256-o256,2,aggregated,119.26610432000001,1000,,32,32,32,32,8192,1.0,119.269353183,0.26830027283623353,68.68486984607578,0.26830027283623353,68.68486984607578
1,i256-o256,2,aggregated,119.26610432000001,2000,,32,32,32,32,8192,1.0,119.269353183,0.26830027283623353,68.68486984607578,0.26830027283623353,68.68486984607578
1,i256-o256,2,aggregated,119.26610432000001,5000,,32,32,32,32,8192,1.0,119.269353183,0.26830027283623353,68.68486984607578,0.26830027283623353,68.68486984607578
1,i256-o256,2,aggregated,119.26610432000001,10000,,32,32,32,32,8192,1.0,119.269353183,0.26830027283623353,68.68486984607578,0.26830027283623353,68.68486984607578
1,i256-o256,2,aggregated,119.26610432000001,20000,,32,32,32,32,8192,1.0,119.269353183,0.26830027283623353,68.68486984607578,0.26830027283623353,68.68486984607578
1,i256-o256,4,aggregated,64.04088320000001,100,,32,11,11,32,2816,0.34375,64.044286454,0.17175614889394986,43.96957411685116,0.4996542513278541,127.91148833993066
1,i256-o256,4,aggregated,64.04088320000001,250,,32,29,29,32,7424,0.90625,64.044286454,0.4528116652658678,115.91978630806216,0.4996542513278541,127.91148833993066
1,i256-o256,4,aggregated,64.04088320000001,500,,32,32,32,32,8192,1.0,64.044286454,0.4996542513278541,127.91148833993066,0.4996542513278541,127.91148833993066
1,i256-o256,4,aggregated,64.04088320000001,1000,,32,32,32,32,8192,1.0,64.044286454,0.4996542513278541,127.91148833993066,0.4996542513278541,127.91148833993066
1,i256-o256,4,aggregated,64.04088320000001,2000,,32,32,32,32,8192,1.0,64.044286454,0.4996542513278541,127.91148833993066,0.4996542513278541,127.91148833993066
1,i256-o256,4,aggregated,64.04088320000001,5000,,32,32,32,32,8192,1.0,64.044286454,0.4996542513278541,127.91148833993066,0.4996542513278541,127.91148833993066
1,i256-o256,4,aggregated,64.04088320000001,10000,,32,32,32,32,8192,1.0,64.044286454,0.4996542513278541,127.91148833993066,0.4996542513278541,127.91148833993066
1,i256-o256,4,aggregated,64.04088320000001,20000,,32,32,32,32,8192,1.0,64.044286454,0.4996542513278541,127.91148833993066,0.4996542513278541,127.91148833993066
1,i256-o256,8,aggregated,64.256134656,100,,32,0,0,32,0,0.0,64.259651812,0.0,0.0,0.49797966683075373,127.48279470867296
1,i256-o256,8,aggregated,64.256134656,250,,32,4,4,32,1024,0.125,64.259651812,0.062247458353844216,15.93534933858412,0.49797966683075373,127.48279470867296
1,i256-o256,8,aggregated,64.256134656,500,,32,4,4,32,1024,0.125,64.259651812,0.062247458353844216,15.93534933858412,0.49797966683075373,127.48279470867296
1,i256-o256,8,aggregated,64.256134656,1000,,32,4,4,32,1024,0.125,64.259651812,0.062247458353844216,15.93534933858412,0.49797966683075373,127.48279470867296
1,i256-o256,8,aggregated,64.256134656,2000,,32,4,4,32,1024,0.125,64.259651812,0.062247458353844216,15.93534933858412,0.49797966683075373,127.48279470867296
1,i256-o256,8,aggregated,64.256134656,5000,,32,4,4,32,1024,0.125,64.259651812,0.062247458353844216,15.93534933858412,0.49797966683075373,127.48279470867296
1,i256-o256,8,aggregated,64.256134656,10000,,32,32,32,32,8192,1.0,64.259651812,0.49797966683075373,127.48279470867296,0.49797966683075373,127.48279470867296
1,i256-o256,8,aggregated,64.256134656,20000,,32,32,32,32,8192,1.0,64.259651812,0.49797966683075373,127.48279470867296,0.49797966683075373,127.48279470867296
1,i256-o64,1,aggregated,60.083107328000004,100,,32,18,18,32,1152,0.5625,60.08542795100001,0.29957346754156594,19.17270192266022,0.5325750534072283,34.08480341806261
1,i256-o64,1,aggregated,60.083107328000004,250,,32,32,32,32,2048,1.0,60.08542795100001,0.5325750534072283,34.08480341806261,0.5325750534072283,34.08480341806261
1,i256-o64,1,aggregated,60.083107328000004,500,,32,32,32,32,2048,1.0,60.08542795100001,0.5325750534072283,34.08480341806261,0.5325750534072283,34.08480341806261
1,i256-o64,1,aggregated,60.083107328000004,1000,,32,32,32,32,2048,1.0,60.08542795100001,0.5325750534072283,34.08480341806261,0.5325750534072283,34.08480341806261
1,i256-o64,1,aggregated,60.083107328000004,2000,,32,32,32,32,2048,1.0,60.08542795100001,0.5325750534072283,34.08480341806261,0.5325750534072283,34.08480341806261
1,i256-o64,1,aggregated,60.083107328000004,5000,,32,32,32,32,2048,1.0,60.08542795100001,0.5325750534072283,34.08480341806261,0.5325750534072283,34.08480341806261
1,i256-o64,1,aggregated,60.083107328000004,10000,,32,32,32,32,2048,1.0,60.08542795100001,0.5325750534072283,34.08480341806261,0.5325750534072283,34.08480341806261
1,i256-o64,1,aggregated,60.083107328000004,20000,,32,32,32,32,2048,1.0,60.08542795100001,0.5325750534072283,34.08480341806261,0.5325750534072283,34.08480341806261
1,i256-o64,2,aggregated,30.143386624,100,,32,18,18,32,1152,0.5625,30.146059317000002,0.5970929669686352,38.213949885992655,1.0614986079442403,67.93591090843138
1,i256-o64,2,aggregated,30.143386624,250,,32,32,32,32,2048,1.0,30.146059317000002,1.0614986079442403,67.93591090843138,1.0614986079442403,67.93591090843138
1,i256-o64,2,aggregated,30.143386624,500,,32,32,32,32,2048,1.0,30.146059317000002,1.0614986079442403,67.93591090843138,1.0614986079442403,67.93591090843138
1,i256-o64,2,aggregated,30.143386624,1000,,32,32,32,32,2048,1.0,30.146059317000002,1.0614986079442403,67.93591090843138,1.0614986079442403,67.93591090843138
1,i256-o64,2,aggregated,30.143386624,2000,,32,32,32,32,2048,1.0,30.146059317000002,1.0614986079442403,67.93591090843138,1.0614986079442403,67.93591090843138
1,i256-o64,2,aggregated,30.143386624,5000,,32,32,32,32,2048,1.0,30.146059317000002,1.0614986079442403,67.93591090843138,1.0614986079442403,67.93591090843138
1,i256-o64,2,aggregated,30.143386624,10000,,32,32,32,32,2048,1.0,30.146059317000002,1.0614986079442403,67.93591090843138,1.0614986079442403,67.93591090843138
1,i256-o64,2,aggregated,30.143386624,20000,,32,32,32,32,2048,1.0,30.146059317000002,1.0614986079442403,67.93591090843138,1.0614986079442403,67.93591090843138
1,i256-o64,4,aggregated,16.196270848,100,,32,10,10,32,640,0.3125,16.199293787000002,0.6173108612935362,39.507895122786316,1.9753947561393157,126.4252643929162
1,i256-o64,4,aggregated,16.196270848,250,,32,32,32,32,2048,1.0,16.199293787000002,1.9753947561393157,126.4252643929162,1.9753947561393157,126.4252643929162
1,i256-o64,4,aggregated,16.196270848,500,,32,32,32,32,2048,1.0,16.199293787000002,1.9753947561393157,126.4252643929162,1.9753947561393157,126.4252643929162
1,i256-o64,4,aggregated,16.196270848,1000,,32,32,32,32,2048,1.0,16.199293787000002,1.9753947561393157,126.4252643929162,1.9753947561393157,126.4252643929162
1,i256-o64,4,aggregated,16.196270848,2000,,32,32,32,32,2048,1.0,16.199293787000002,1.9753947561393157,126.4252643929162,1.9753947561393157,126.4252643929162
1,i256-o64,4,aggregated,16.196270848,5000,,32,32,32,32,2048,1.0,16.199293787000002,1.9753947561393157,126.4252643929162,1.9753947561393157,126.4252643929162
1,i256-o64,4,aggregated,16.196270848,10000,,32,32,32,32,2048,1.0,16.199293787000002,1.9753947561393157,126.4252643929162,1.9753947561393157,126.4252643929162
1,i256-o64,4,aggregated,16.196270848,20000,,32,32,32,32,2048,1.0,16.199293787000002,1.9753947561393157,126.4252643929162,1.9753947561393157,126.4252643929162
1,i256-o64,8,aggregated,16.046125056,100,,32,1,1,32,64,0.03125,16.050329005000002,0.06230401879540786,3.987457202906103,1.9937286014530515,127.5986304929953
1,i256-o64,8,aggregated,16.046125056,250,,32,4,4,32,256,0.125,16.050329005000002,0.24921607518163144,15.949828811624412,1.9937286014530515,127.5986304929953
1,i256-o64,8,aggregated,16.046125056,500,,32,4,4,32,256,0.125,16.050329005000002,0.24921607518163144,15.949828811624412,1.9937286014530515,127.5986304929953
1,i256-o64,8,aggregated,16.046125056,1000,,32,4,4,32,256,0.125,16.050329005000002,0.24921607518163144,15.949828811624412,1.9937286014530515,127.5986304929953
1,i256-o64,8,aggregated,16.046125056,2000,,32,10,10,32,640,0.3125,16.050329005000002,0.6230401879540786,39.87457202906103,1.9937286014530515,127.5986304929953
1,i256-o64,8,aggregated,16.046125056,5000,,32,32,32,32,2048,1.0,16.050329005000002,1.9937286014530515,127.5986304929953,1.9937286014530515,127.5986304929953
1,i256-o64,8,aggregated,16.046125056,10000,,32,32,32,32,2048,1.0,16.050329005000002,1.9937286014530515,127.5986304929953,1.9937286014530515,127.5986304929953
1,i256-o64,8,aggregated,16.046125056,20000,,32,32,32,32,2048,1.0,16.050329005000002,1.9937286014530515,127.5986304929953,1.9937286014530515,127.5986304929953
1,i64-o16,1,aggregated,15.160182528000002,100,,32,29,29,32,464,0.90625,15.162278242,1.9126413285088693,30.602261256141908,2.1105007762856487,33.76801242057038
1,i64-o16,1,aggregated,15.160182528000002,250,,32,32,32,32,512,1.0,15.162278242,2.1105007762856487,33.76801242057038,2.1105007762856487,33.76801242057038
1,i64-o16,1,aggregated,15.160182528000002,500,,32,32,32,32,512,1.0,15.162278242,2.1105007762856487,33.76801242057038,2.1105007762856487,33.76801242057038
1,i64-o16,1,aggregated,15.160182528000002,1000,,32,32,32,32,512,1.0,15.162278242,2.1105007762856487,33.76801242057038,2.1105007762856487,33.76801242057038
1,i64-o16,1,aggregated,15.160182528000002,2000,,32,32,32,32,512,1.0,15.162278242,2.1105007762856487,33.76801242057038,2.1105007762856487,33.76801242057038
1,i64-o16,1,aggregated,15.160182528000002,5000,,32,32,32,32,512,1.0,15.162278242,2.1105007762856487,33.76801242057038,2.1105007762856487,33.76801242057038
1,i64-o16,1,aggregated,15.160182528000002,10000,,32,32,32,32,512,1.0,15.162278242,2.1105007762856487,33.76801242057038,2.1105007762856487,33.76801242057038
1,i64-o16,1,aggregated,15.160182528000002,20000,,32,32,32,32,512,1.0,15.162278242,2.1105007762856487,33.76801242057038,2.1105007762856487,33.76801242057038
1,i64-o16,2,aggregated,7.598337536000001,100,,32,28,28,32,448,0.875,7.600880555000002,3.683783713925234,58.940539422803745,4.210038530200268,67.36061648320428
1,i64-o16,2,aggregated,7.598337536000001,250,,32,32,32,32,512,1.0,7.600880555000002,4.210038530200268,67.36061648320428,4.210038530200268,67.36061648320428
1,i64-o16,2,aggregated,7.598337536000001,500,,32,32,32,32,512,1.0,7.600880555000002,4.210038530200268,67.36061648320428,4.210038530200268,67.36061648320428
1,i64-o16,2,aggregated,7.598337536000001,1000,,32,32,32,32,512,1.0,7.600880555000002,4.210038530200268,67.36061648320428,4.210038530200268,67.36061648320428
1,i64-o16,2,aggregated,7.598337536000001,2000,,32,32,32,32,512,1.0,7.600880555000002,4.210038530200268,67.36061648320428,4.210038530200268,67.36061648320428
1,i64-o16,2,aggregated,7.598337536000001,5000,,32,32,32,32,512,1.0,7.600880555000002,4.210038530200268,67.36061648320428,4.210038530200268,67.36061648320428
1,i64-o16,2,aggregated,7.598337536000001,10000,,32,32,32,32,512,1.0,7.600880555000002,4.210038530200268,67.36061648320428,4.210038530200268,67.36061648320428
1,i64-o16,2,aggregated,7.598337536000001,20000,,32,32,32,32,512,1.0,7.600880555000002,4.210038530200268,67.36061648320428,4.210038530200268,67.36061648320428
1,i64-o16,4,aggregated,4.0750592,100,,32,21,21,32,336,0.65625,4.077589662,5.150101344356409,82.40162150970255,7.847773477114529,125.56437563383247
1,i64-o16,4,aggregated,4.0750592,250,,32,32,32,32,512,1.0,4.077589662,7.847773477114529,125.56437563383247,7.847773477114529,125.56437563383247
1,i64-o16,4,aggregated,4.0750592,500,,32,32,32,32,512,1.0,4.077589662,7.847773477114529,125.56437563383247,7.847773477114529,125.56437563383247
1,i64-o16,4,aggregated,4.0750592,1000,,32,32,32,32,512,1.0,4.077589662,7.847773477114529,125.56437563383247,7.847773477114529,125.56437563383247
1,i64-o16,4,aggregated,4.0750592,2000,,32,32,32,32,512,1.0,4.077589662,7.847773477114529,125.56437563383247,7.847773477114529,125.56437563383247
1,i64-o16,4,aggregated,4.0750592,5000,,32,32,32,32,512,1.0,4.077589662,7.847773477114529,125.56437563383247,7.847773477114529,125.56437563383247
1,i64-o16,4,aggregated,4.0750592,10000,,32,32,32,32,512,1.0,4.077589662,7.847773477114529,125.56437563383247,7.847773477114529,125.56437563383247
1,i64-o16,4,aggregated,4.0750592,20000,,32,32,32,32,512,1.0,4.077589662,7.847773477114529,125.56437563383247,7.847773477114529,125.56437563383247
1,i64-o16,8,aggregated,4.162237184,100,,32,2,2,32,32,0.0625,4.165073683,0.48018358190471416,7.682937310475427,7.682937310475427,122.92699696760683
1,i64-o16,8,aggregated,4.162237184,250,,32,4,4,32,64,0.125,4.165073683,0.9603671638094283,15.365874620950853,7.682937310475427,122.92699696760683
1,i64-o16,8,aggregated,4.162237184,500,,32,6,6,32,96,0.1875,4.165073683,1.4405507457141424,23.04881193142628,7.682937310475427,122.92699696760683
1,i64-o16,8,aggregated,4.162237184,1000,,32,32,32,32,512,1.0,4.165073683,7.682937310475427,122.92699696760683,7.682937310475427,122.92699696760683
1,i64-o16,8,aggregated,4.162237184,2000,,32,32,32,32,512,1.0,4.165073683,7.682937310475427,122.92699696760683,7.682937310475427,122.92699696760683
1,i64-o16,8,aggregated,4.162237184,5000,,32,32,32,32,512,1.0,4.165073683,7.682937310475427,122.92699696760683,7.682937310475427,122.92699696760683
1,i64-o16,8,aggregated,4.162237184,10000,,32,32,32,32,512,1.0,4.165073683,7.682937310475427,122.92699696760683,7.682937310475427,122.92699696760683
1,i64-o16,8,aggregated,4.162237184,20000,,32,32,32,32,512,1.0,4.165073683,7.682937310475427,122.92699696760683,7.682937310475427,122.92699696760683
1,i64-o256,1,aggregated,237.964983296,100,,32,24,24,32,6144,0.75,237.968460479,0.1008537011656548,25.81854749840763,0.1344716015542064,34.42472999787684
1,i64-o256,1,aggregated,237.964983296,250,,32,32,32,32,8192,1.0,237.968460479,0.1344716015542064,34.42472999787684,0.1344716015542064,34.42472999787684
1,i64-o256,1,aggregated,237.964983296,500,,32,32,32,32,8192,1.0,237.968460479,0.1344716015542064,34.42472999787684,0.1344716015542064,34.42472999787684
1,i64-o256,1,aggregated,237.964983296,1000,,32,32,32,32,8192,1.0,237.968460479,0.1344716015542064,34.42472999787684,0.1344716015542064,34.42472999787684
1,i64-o256,1,aggregated,237.964983296,2000,,32,32,32,32,8192,1.0,237.968460479,0.1344716015542064,34.42472999787684,0.1344716015542064,34.42472999787684
1,i64-o256,1,aggregated,237.964983296,5000,,32,32,32,32,8192,1.0,237.968460479,0.1344716015542064,34.42472999787684,0.1344716015542064,34.42472999787684
1,i64-o256,1,aggregated,237.964983296,10000,,32,32,32,32,8192,1.0,237.968460479,0.1344716015542064,34.42472999787684,0.1344716015542064,34.42472999787684
1,i64-o256,1,aggregated,237.964983296,20000,,32,32,32,32,8192,1.0,237.968460479,0.1344716015542064,34.42472999787684,0.1344716015542064,34.42472999787684
1,i64-o256,2,aggregated,119.20022886400001,100,,32,29,29,32,7424,0.90625,119.20327179300003,0.24328191301963045,62.280169733025396,0.26844900746993705,68.72294591230389
1,i64-o256,2,aggregated,119.20022886400001,250,,32,32,32,32,8192,1.0,119.20327179300003,0.26844900746993705,68.72294591230389,0.26844900746993705,68.72294591230389
1,i64-o256,2,aggregated,119.20022886400001,500,,32,32,32,32,8192,1.0,119.20327179300003,0.26844900746993705,68.72294591230389,0.26844900746993705,68.72294591230389
1,i64-o256,2,aggregated,119.20022886400001,1000,,32,32,32,32,8192,1.0,119.20327179300003,0.26844900746993705,68.72294591230389,0.26844900746993705,68.72294591230389
1,i64-o256,2,aggregated,119.20022886400001,2000,,32,32,32,32,8192,1.0,119.20327179300003,0.26844900746993705,68.72294591230389,0.26844900746993705,68.72294591230389
1,i64-o256,2,aggregated,119.20022886400001,5000,,32,32,32,32,8192,1.0,119.20327179300003,0.26844900746993705,68.72294591230389,0.26844900746993705,68.72294591230389
1,i64-o256,2,aggregated,119.20022886400001,10000,,32,32,32,32,8192,1.0,119.20327179300003,0.26844900746993705,68.72294591230389,0.26844900746993705,68.72294591230389
1,i64-o256,2,aggregated,119.20022886400001,20000,,32,32,32,32,8192,1.0,119.20327179300003,0.26844900746993705,68.72294591230389,0.26844900746993705,68.72294591230389
1,i64-o256,4,aggregated,64.280516096,100,,32,17,17,32,4352,0.53125,64.284615675,0.26444896374501037,67.69893471872265,0.4977862846964901,127.43328888230147
1,i64-o256,4,aggregated,64.280516096,250,,32,30,30,32,7680,0.9375,64.284615675,0.4666746419029595,119.46870832715763,0.4977862846964901,127.43328888230147
1,i64-o256,4,aggregated,64.280516096,500,,32,32,32,32,8192,1.0,64.284615675,0.4977862846964901,127.43328888230147,0.4977862846964901,127.43328888230147
1,i64-o256,4,aggregated,64.280516096,1000,,32,32,32,32,8192,1.0,64.284615675,0.4977862846964901,127.43328888230147,0.4977862846964901,127.43328888230147
1,i64-o256,4,aggregated,64.280516096,2000,,32,32,32,32,8192,1.0,64.284615675,0.4977862846964901,127.43328888230147,0.4977862846964901,127.43328888230147
1,i64-o256,4,aggregated,64.280516096,5000,,32,32,32,32,8192,1.0,64.284615675,0.4977862846964901,127.43328888230147,0.4977862846964901,127.43328888230147
1,i64-o256,4,aggregated,64.280516096,10000,,32,32,32,32,8192,1.0,64.284615675,0.4977862846964901,127.43328888230147,0.4977862846964901,127.43328888230147
1,i64-o256,4,aggregated,64.280516096,20000,,32,32,32,32,8192,1.0,64.284615675,0.4977862846964901,127.43328888230147,0.4977862846964901,127.43328888230147
1,i64-o256,8,aggregated,64.074257664,100,,32,2,2,32,512,0.0625,64.077252078,0.031212324735234255,7.990355132219969,0.4993971957637481,127.84568211551951
1,i64-o256,8,aggregated,64.074257664,250,,32,4,4,32,1024,0.125,64.077252078,0.06242464947046851,15.980710264439939,0.4993971957637481,127.84568211551951
1,i64-o256,8,aggregated,64.074257664,500,,32,4,4,32,1024,0.125,64.077252078,0.06242464947046851,15.980710264439939,0.4993971957637481,127.84568211551951
1,i64-o256,8,aggregated,64.074257664,1000,,32,4,4,32,1024,0.125,64.077252078,0.06242464947046851,15.980710264439939,0.4993971957637481,127.84568211551951
1,i64-o256,8,aggregated,64.074257664,2000,,32,4,4,32,1024,0.125,64.077252078,0.06242464947046851,15.980710264439939,0.4993971957637481,127.84568211551951
1,i64-o256,8,aggregated,64.074257664,5000,,32,4,4,32,1024,0.125,64.077252078,0.06242464947046851,15.980710264439939,0.4993971957637481,127.84568211551951
1,i64-o256,8,aggregated,64.074257664,10000,,32,32,32,32,8192,1.0,64.077252078,0.4993971957637481,127.84568211551951,0.4993971957637481,127.84568211551951
1,i64-o256,8,aggregated,64.074257664,20000,,32,32,32,32,8192,1.0,64.077252078,0.4993971957637481,127.84568211551951,0.4993971957637481,127.84568211551951
1,i64-o64,1,aggregated,59.901095936000004,100,,32,30,30,32,1920,0.9375,59.903456898,0.5008058224599992,32.051572637439946,0.5341928772906658,34.18834414660261
1,i64-o64,1,aggregated,59.901095936000004,250,,32,32,32,32,2048,1.0,59.903456898,0.5341928772906658,34.18834414660261,0.5341928772906658,34.18834414660261
1,i64-o64,1,aggregated,59.901095936000004,500,,32,32,32,32,2048,1.0,59.903456898,0.5341928772906658,34.18834414660261,0.5341928772906658,34.18834414660261
1,i64-o64,1,aggregated,59.901095936000004,1000,,32,32,32,32,2048,1.0,59.903456898,0.5341928772906658,34.18834414660261,0.5341928772906658,34.18834414660261
1,i64-o64,1,aggregated,59.901095936000004,2000,,32,32,32,32,2048,1.0,59.903456898,0.5341928772906658,34.18834414660261,0.5341928772906658,34.18834414660261
1,i64-o64,1,aggregated,59.901095936000004,5000,,32,32,32,32,2048,1.0,59.903456898,0.5341928772906658,34.18834414660261,0.5341928772906658,34.18834414660261
1,i64-o64,1,aggregated,59.901095936000004,10000,,32,32,32,32,2048,1.0,59.903456898,0.5341928772906658,34.18834414660261,0.5341928772906658,34.18834414660261
1,i64-o64,1,aggregated,59.901095936000004,20000,,32,32,32,32,2048,1.0,59.903456898,0.5341928772906658,34.18834414660261,0.5341928772906658,34.18834414660261
1,i64-o64,2,aggregated,29.888658688000003,100,,32,27,27,32,1728,0.84375,29.893005037000005,0.9032213377872451,57.80616561838369,1.0704845484885868,68.51101110326955
1,i64-o64,2,aggregated,29.888658688000003,250,,32,32,32,32,2048,1.0,29.893005037000005,1.0704845484885868,68.51101110326955,1.0704845484885868,68.51101110326955
1,i64-o64,2,aggregated,29.888658688000003,500,,32,32,32,32,2048,1.0,29.893005037000005,1.0704845484885868,68.51101110326955,1.0704845484885868,68.51101110326955
1,i64-o64,2,aggregated,29.888658688000003,1000,,32,32,32,32,2048,1.0,29.893005037000005,1.0704845484885868,68.51101110326955,1.0704845484885868,68.51101110326955
1,i64-o64,2,aggregated,29.888658688000003,2000,,32,32,32,32,2048,1.0,29.893005037000005,1.0704845484885868,68.51101110326955,1.0704845484885868,68.51101110326955
1,i64-o64,2,aggregated,29.888658688000003,5000,,32,32,32,32,2048,1.0,29.893005037000005,1.0704845484885868,68.51101110326955,1.0704845484885868,68.51101110326955
1,i64-o64,2,aggregated,29.888658688000003,10000,,32,32,32,32,2048,1.0,29.893005037000005,1.0704845484885868,68.51101110326955,1.0704845484885868,68.51101110326955
1,i64-o64,2,aggregated,29.888658688000003,20000,,32,32,32,32,2048,1.0,29.893005037000005,1.0704845484885868,68.51101110326955,1.0704845484885868,68.51101110326955
1,i64-o64,4,aggregated,16.073512448000002,100,,32,16,16,32,1024,0.5,16.076370057000002,0.9952495459653375,63.6959709417816,1.990499091930675,127.3919418835632
1,i64-o64,4,aggregated,16.073512448000002,250,,32,32,32,32,2048,1.0,16.076370057000002,1.990499091930675,127.3919418835632,1.990499091930675,127.3919418835632
1,i64-o64,4,aggregated,16.073512448000002,500,,32,32,32,32,2048,1.0,16.076370057000002,1.990499091930675,127.3919418835632,1.990499091930675,127.3919418835632
1,i64-o64,4,aggregated,16.073512448000002,1000,,32,32,32,32,2048,1.0,16.076370057000002,1.990499091930675,127.3919418835632,1.990499091930675,127.3919418835632
1,i64-o64,4,aggregated,16.073512448000002,2000,,32,32,32,32,2048,1.0,16.076370057000002,1.990499091930675,127.3919418835632,1.990499091930675,127.3919418835632
1,i64-o64,4,aggregated,16.073512448000002,5000,,32,32,32,32,2048,1.0,16.076370057000002,1.990499091930675,127.3919418835632,1.990499091930675,127.3919418835632
1,i64-o64,4,aggregated,16.073512448000002,10000,,32,32,32,32,2048,1.0,16.076370057000002,1.990499091930675,127.3919418835632,1.990499091930675,127.3919418835632
1,i64-o64,4,aggregated,16.073512448000002,20000,,32,32,32,32,2048,1.0,16.076370057000002,1.990499091930675,127.3919418835632,1.990499091930675,127.3919418835632
1,i64-o64,8,aggregated,15.958585856000001,100,,32,3,3,32,192,0.09375,15.961465405999999,0.18795266748329287,12.028970718930744,2.004828453155124,128.30902100192793
1,i64-o64,8,aggregated,15.958585856000001,250,,32,4,4,32,256,0.125,15.961465405999999,0.2506035566443905,16.03862762524099,2.004828453155124,128.30902100192793
1,i64-o64,8,aggregated,15.958585856000001,500,,32,4,4,32,256,0.125,15.961465405999999,0.2506035566443905,16.03862762524099,2.004828453155124,128.30902100192793
1,i64-o64,8,aggregated,15.958585856000001,1000,,32,4,4,32,256,0.125,15.961465405999999,0.2506035566443905,16.03862762524099,2.004828453155124,128.30902100192793
1,i64-o64,8,aggregated,15.958585856000001,2000,,32,18,18,32,1152,0.5625,15.961465405999999,1.1277160048997572,72.17382431358446,2.004828453155124,128.30902100192793
1,i64-o64,8,aggregated,15.958585856000001,5000,,32,32,32,32,2048,1.0,15.961465405999999,2.004828453155124,128.30902100192793,2.004828453155124,128.30902100192793
1,i64-o64,8,aggregated,15.958585856000001,10000,,32,32,32,32,2048,1.0,15.961465405999999,2.004828453155124,128.30902100192793,2.004828453155124,128.30902100192793
1,i64-o64,8,aggregated,15.958585856000001,20000,,32,32,32,32,2048,1.0,15.961465405999999,2.004828453155124,128.30902100192793,2.004828453155124,128.30902100192793
1,i704-o16,1,aggregated,18.287739904000002,100,,32,0,0,32,0,0.0,18.290033993,0.0,0.0,1.7495866881519797,27.993387010431675
1,i704-o16,1,aggregated,18.287739904000002,250,,32,26,26,32,416,0.8125,18.290033993,1.4215391841234835,22.744626945975735,1.7495866881519797,27.993387010431675
1,i704-o16,1,aggregated,18.287739904000002,500,,32,32,32,32,512,1.0,18.290033993,1.7495866881519797,27.993387010431675,1.7495866881519797,27.993387010431675
1,i704-o16,1,aggregated,18.287739904000002,1000,,32,32,32,32,512,1.0,18.290033993,1.7495866881519797,27.993387010431675,1.7495866881519797,27.993387010431675
1,i704-o16,1,aggregated,18.287739904000002,2000,,32,32,32,32,512,1.0,18.290033993,1.7495866881519797,27.993387010431675,1.7495866881519797,27.993387010431675
1,i704-o16,1,aggregated,18.287739904000002,5000,,32,32,32,32,512,1.0,18.290033993,1.7495866881519797,27.993387010431675,1.7495866881519797,27.993387010431675
1,i704-o16,1,aggregated,18.287739904000002,10000,,32,32,32,32,512,1.0,18.290033993,1.7495866881519797,27.993387010431675,1.7495866881519797,27.993387010431675
1,i704-o16,1,aggregated,18.287739904000002,20000,,32,32,32,32,512,1.0,18.290033993,1.7495866881519797,27.993387010431675,1.7495866881519797,27.993387010431675
1,i704-o16,2,aggregated,9.410982912,100,,32,0,0,32,0,0.0,9.414488553,0.0,0.0,3.3990162949216134,54.384260718745814
1,i704-o16,2,aggregated,9.410982912,250,,32,25,25,32,400,0.78125,9.414488553,2.65548148040751,42.48770368652016,3.3990162949216134,54.384260718745814
1,i704-o16,2,aggregated,9.410982912,500,,32,32,32,32,512,1.0,9.414488553,3.3990162949216134,54.384260718745814,3.3990162949216134,54.384260718745814
1,i704-o16,2,aggregated,9.410982912,1000,,32,32,32,32,512,1.0,9.414488553,3.3990162949216134,54.384260718745814,3.3990162949216134,54.384260718745814
1,i704-o16,2,aggregated,9.410982912,2000,,32,32,32,32,512,1.0,9.414488553,3.3990162949216134,54.384260718745814,3.3990162949216134,54.384260718745814
1,i704-o16,2,aggregated,9.410982912,5000,,32,32,32,32,512,1.0,9.414488553,3.3990162949216134,54.384260718745814,3.3990162949216134,54.384260718745814
1,i704-o16,2,aggregated,9.410982912,10000,,32,32,32,32,512,1.0,9.414488553,3.3990162949216134,54.384260718745814,3.3990162949216134,54.384260718745814
1,i704-o16,2,aggregated,9.410982912,20000,,32,32,32,32,512,1.0,9.414488553,3.3990162949216134,54.384260718745814,3.3990162949216134,54.384260718745814
1,i704-o16,4,aggregated,5.227523072,100,,32,0,0,32,0,0.0,5.230323917000001,0.0,0.0,6.118167919962116,97.89068671939386
1,i704-o16,4,aggregated,5.227523072,250,,32,23,23,32,368,0.71875,5.230323917000001,4.3974331924727705,70.35893107956433,6.118167919962116,97.89068671939386
1,i704-o16,4,aggregated,5.227523072,500,,32,32,32,32,512,1.0,5.230323917000001,6.118167919962116,97.89068671939386,6.118167919962116,97.89068671939386
1,i704-o16,4,aggregated,5.227523072,1000,,32,32,32,32,512,1.0,5.230323917000001,6.118167919962116,97.89068671939386,6.118167919962116,97.89068671939386
1,i704-o16,4,aggregated,5.227523072,2000,,32,32,32,32,512,1.0,5.230323917000001,6.118167919962116,97.89068671939386,6.118167919962116,97.89068671939386
1,i704-o16,4,aggregated,5.227523072,5000,,32,32,32,32,512,1.0,5.230323917000001,6.118167919962116,97.89068671939386,6.118167919962116,97.89068671939386
1,i704-o16,4,aggregated,5.227523072,10000,,32,32,32,32,512,1.0,5.230323917000001,6.118167919962116,97.89068671939386,6.118167919962116,97.89068671939386
1,i704-o16,4,aggregated,5.227523072,20000,,32,32,32,32,512,1.0,5.230323917000001,6.118167919962116,97.89068671939386,6.118167919962116,97.89068671939386
1,i704-o16,8,aggregated,5.12035072,100,,32,0,0,32,0,0.0,5.123204542000001,0.0,0.0,6.246090652376689,99.93745043802703
1,i704-o16,8,aggregated,5.12035072,250,,32,2,2,32,32,0.0625,5.123204542000001,0.3903806657735431,6.246090652376689,6.246090652376689,99.93745043802703
1,i704-o16,8,aggregated,5.12035072,500,,32,4,4,32,64,0.125,5.123204542000001,0.7807613315470862,12.492181304753379,6.246090652376689,99.93745043802703
1,i704-o16,8,aggregated,5.12035072,1000,,32,29,29,32,464,0.90625,5.123204542000001,5.660519653716374,90.56831445946199,6.246090652376689,99.93745043802703
1,i704-o16,8,aggregated,5.12035072,2000,,32,32,32,32,512,1.0,5.123204542000001,6.246090652376689,99.93745043802703,6.246090652376689,99.93745043802703
1,i704-o16,8,aggregated,5.12035072,5000,,32,32,32,32,512,1.0,5.123204542000001,6.246090652376689,99.93745043802703,6.246090652376689,99.93745043802703
1,i704-o16,8,aggregated,5.12035072,10000,,32,32,32,32,512,1.0,5.123204542000001,6.246090652376689,99.93745043802703,6.246090652376689,99.93745043802703
1,i704-o16,8,aggregated,5.12035072,20000,,32,32,32,32,512,1.0,5.123204542000001,6.246090652376689,99.93745043802703,6.246090652376689,99.93745043802703
1,i704-o256,1,aggregated,242.55858304,100,,32,0,0,32,0,0.0,242.56170746700005,0.0,0.0,0.13192519270319503,33.77284933201793
1,i704-o256,1,aggregated,242.55858304,250,,32,25,25,32,6400,0.78125,242.56170746700005,0.10306655679937111,26.385038540639005,0.13192519270319503,33.77284933201793
1,i704-o256,1,aggregated,242.55858304,500,,32,32,32,32,8192,1.0,242.56170746700005,0.13192519270319503,33.77284933201793,0.13192519270319503,33.77284933201793
1,i704-o256,1,aggregated,242.55858304,1000,,32,32,32,32,8192,1.0,242.56170746700005,0.13192519270319503,33.77284933201793,0.13192519270319503,33.77284933201793
1,i704-o256,1,aggregated,242.55858304,2000,,32,32,32,32,8192,1.0,242.56170746700005,0.13192519270319503,33.77284933201793,0.13192519270319503,33.77284933201793
1,i704-o256,1,aggregated,242.55858304,5000,,32,32,32,32,8192,1.0,242.56170746700005,0.13192519270319503,33.77284933201793,0.13192519270319503,33.77284933201793
1,i704-o256,1,aggregated,242.55858304,10000,,32,32,32,32,8192,1.0,242.56170746700005,0.13192519270319503,33.77284933201793,0.13192519270319503,33.77284933201793
1,i704-o256,1,aggregated,242.55858304,20000,,32,32,32,32,8192,1.0,242.56170746700005,0.13192519270319503,33.77284933201793,0.13192519270319503,33.77284933201793
1,i704-o256,2,aggregated,121.785927168,100,,32,0,0,32,0,0.0,121.789138367,0.0,0.0,0.2627492108825915,67.26379798594343
1,i704-o256,2,aggregated,121.785927168,250,,32,25,25,32,6400,0.78125,121.789138367,0.2052728210020246,52.5498421765183,0.2627492108825915,67.26379798594343
1,i704-o256,2,aggregated,121.785927168,500,,32,32,32,32,8192,1.0,121.789138367,0.2627492108825915,67.26379798594343,0.2627492108825915,67.26379798594343
1,i704-o256,2,aggregated,121.785927168,1000,,32,32,32,32,8192,1.0,121.789138367,0.2627492108825915,67.26379798594343,0.2627492108825915,67.26379798594343
1,i704-o256,2,aggregated,121.785927168,2000,,32,32,32,32,8192,1.0,121.789138367,0.2627492108825915,67.26379798594343,0.2627492108825915,67.26379798594343
1,i704-o256,2,aggregated,121.785927168,5000,,32,32,32,32,8192,1.0,121.789138367,0.2627492108825915,67.26379798594343,0.2627492108825915,67.26379798594343
1,i704-o256,2,aggregated,121.785927168,10000,,32,32,32,32,8192,1.0,121.789138367,0.2627492108825915,67.26379798594343,0.2627492108825915,67.26379798594343
1,i704-o256,2,aggregated,121.785927168,20000,,32,32,32,32,8192,1.0,121.789138367,0.2627492108825915,67.26379798594343,0.2627492108825915,67.26379798594343
1,i704-o256,4,aggregated,65.332710144,100,,32,0,0,32,0,0.0,65.337635237,0.0,0.0,0.4897636696511285,125.3794994306889
1,i704-o256,4,aggregated,65.332710144,250,,32,19,19,32,4864,0.59375,65.337635237,0.29079717885535755,74.44407778697153,0.4897636696511285,125.3794994306889
1,i704-o256,4,aggregated,65.332710144,500,,32,32,32,32,8192,1.0,65.337635237,0.4897636696511285,125.3794994306889,0.4897636696511285,125.3794994306889
1,i704-o256,4,aggregated,65.332710144,1000,,32,32,32,32,8192,1.0,65.337635237,0.4897636696511285,125.3794994306889,0.4897636696511285,125.3794994306889
1,i704-o256,4,aggregated,65.332710144,2000,,32,32,32,32,8192,1.0,65.337635237,0.4897636696511285,125.3794994306889,0.4897636696511285,125.3794994306889
1,i704-o256,4,aggregated,65.332710144,5000,,32,32,32,32,8192,1.0,65.337635237,0.4897636696511285,125.3794994306889,0.4897636696511285,125.3794994306889
1,i704-o256,4,aggregated,65.332710144,10000,,32,32,32,32,8192,1.0,65.337635237,0.4897636696511285,125.3794994306889,0.4897636696511285,125.3794994306889
1,i704-o256,4,aggregated,65.332710144,20000,,32,32,32,32,8192,1.0,65.337635237,0.4897636696511285,125.3794994306889,0.4897636696511285,125.3794994306889
1,i704-o256,8,aggregated,64.890011392,100,,32,0,0,32,0,0.0,64.89333307300001,0.0,0.0,0.49311691177894135,126.23792941540898
1,i704-o256,8,aggregated,64.890011392,250,,32,1,1,32,256,0.03125,64.89333307300001,0.015409903493091917,3.9449352942315308,0.49311691177894135,126.23792941540898
1,i704-o256,8,aggregated,64.890011392,500,,32,4,4,32,1024,0.125,64.89333307300001,0.06163961397236767,15.779741176926123,0.49311691177894135,126.23792941540898
1,i704-o256,8,aggregated,64.890011392,1000,,32,4,4,32,1024,0.125,64.89333307300001,0.06163961397236767,15.779741176926123,0.49311691177894135,126.23792941540898
1,i704-o256,8,aggregated,64.890011392,2000,,32,4,4,32,1024,0.125,64.89333307300001,0.06163961397236767,15.779741176926123,0.49311691177894135,126.23792941540898
1,i704-o256,8,aggregated,64.890011392,5000,,32,4,4,32,1024,0.125,64.89333307300001,0.06163961397236767,15.779741176926123,0.49311691177894135,126.23792941540898
1,i704-o256,8,aggregated,64.890011392,10000,,32,32,32,32,8192,1.0,64.89333307300001,0.49311691177894135,126.23792941540898,0.49311691177894135,126.23792941540898
1,i704-o256,8,aggregated,64.890011392,20000,,32,32,32,32,8192,1.0,64.89333307300001,0.49311691177894135,126.23792941540898,0.49311691177894135,126.23792941540898
1,i704-o64,1,aggregated,62.856655616000005,100,,32,0,0,32,0,0.0,62.859124075000004,0.0,0.0,0.5090748633693875,32.5807912556408
1,i704-o64,1,aggregated,62.856655616000005,250,,32,25,25,32,1600,0.78125,62.859124075000004,0.39771473700733395,25.453743168469373,0.5090748633693875,32.5807912556408
1,i704-o64,1,aggregated,62.856655616000005,500,,32,32,32,32,2048,1.0,62.859124075000004,0.5090748633693875,32.5807912556408,0.5090748633693875,32.5807912556408
1,i704-o64,1,aggregated,62.856655616000005,1000,,32,32,32,32,2048,1.0,62.859124075000004,0.5090748633693875,32.5807912556408,0.5090748633693875,32.5807912556408
1,i704-o64,1,aggregated,62.856655616000005,2000,,32,32,32,32,2048,1.0,62.859124075000004,0.5090748633693875,32.5807912556408,0.5090748633693875,32.5807912556408
1,i704-o64,1,aggregated,62.856655616000005,5000,,32,32,32,32,2048,1.0,62.859124075000004,0.5090748633693875,32.5807912556408,0.5090748633693875,32.5807912556408
1,i704-o64,1,aggregated,62.856655616000005,10000,,32,32,32,32,2048,1.0,62.859124075000004,0.5090748633693875,32.5807912556408,0.5090748633693875,32.5807912556408
1,i704-o64,1,aggregated,62.856655616000005,20000,,32,32,32,32,2048,1.0,62.859124075000004,0.5090748633693875,32.5807912556408,0.5090748633693875,32.5807912556408
1,i704-o64,2,aggregated,31.683796224,100,,32,0,0,32,0,0.0,31.686226975,0.0,0.0,1.009902505124626,64.63376032797606
1,i704-o64,2,aggregated,31.683796224,250,,32,25,25,32,1600,0.78125,31.686226975,0.788986332128614,50.4951252562313,1.009902505124626,64.63376032797606
1,i704-o64,2,aggregated,31.683796224,500,,32,32,32,32,2048,1.0,31.686226975,1.009902505124626,64.63376032797606,1.009902505124626,64.63376032797606
1,i704-o64,2,aggregated,31.683796224,1000,,32,32,32,32,2048,1.0,31.686226975,1.009902505124626,64.63376032797606,1.009902505124626,64.63376032797606
1,i704-o64,2,aggregated,31.683796224,2000,,32,32,32,32,2048,1.0,31.686226975,1.009902505124626,64.63376032797606,1.009902505124626,64.63376032797606
1,i704-o64,2,aggregated,31.683796224,5000,,32,32,32,32,2048,1.0,31.686226975,1.009902505124626,64.63376032797606,1.009902505124626,64.63376032797606
1,i704-o64,2,aggregated,31.683796224,10000,,32,32,32,32,2048,1.0,31.686226975,1.009902505124626,64.63376032797606,1.009902505124626,64.63376032797606
1,i704-o64,2,aggregated,31.683796224,20000,,32,32,32,32,2048,1.0,31.686226975,1.009902505124626,64.63376032797606,1.009902505124626,64.63376032797606
1,i704-o64,4,aggregated,17.102882304,100,,32,0,0,32,0,0.0,17.105953907,0.0,0.0,1.870693687938978,119.72439602809459
1,i704-o64,4,aggregated,17.102882304,250,,32,23,23,32,1472,0.71875,17.105953907,1.3445610882061405,86.05190964519299,1.870693687938978,119.72439602809459
1,i704-o64,4,aggregated,17.102882304,500,,32,32,32,32,2048,1.0,17.105953907,1.870693687938978,119.72439602809459,1.870693687938978,119.72439602809459
1,i704-o64,4,aggregated,17.102882304,1000,,32,32,32,32,2048,1.0,17.105953907,1.870693687938978,119.72439602809459,1.870693687938978,119.72439602809459
1,i704-o64,4,aggregated,17.102882304,2000,,32,32,32,32,2048,1.0,17.105953907,1.870693687938978,119.72439602809459,1.870693687938978,119.72439602809459
1,i704-o64,4,aggregated,17.102882304,5000,,32,32,32,32,2048,1.0,17.105953907,1.870693687938978,119.72439602809459,1.870693687938978,119.72439602809459
1,i704-o64,4,aggregated,17.102882304,10000,,32,32,32,32,2048,1.0,17.105953907,1.870693687938978,119.72439602809459,1.870693687938978,119.72439602809459
1,i704-o64,4,aggregated,17.102882304,20000,,32,32,32,32,2048,1.0,17.105953907,1.870693687938978,119.72439602809459,1.870693687938978,119.72439602809459
1,i704-o64,8,aggregated,17.008322304,100,,32,0,0,32,0,0.0,17.010373928,0.0,0.0,1.8812049714748633,120.39711817439125
1,i704-o64,8,aggregated,17.008322304,250,,32,2,2,32,128,0.0625,17.010373928,0.11757531071717896,7.524819885899453,1.8812049714748633,120.39711817439125
1,i704-o64,8,aggregated,17.008322304,500,,32,4,4,32,256,0.125,17.010373928,0.23515062143435791,15.049639771798907,1.8812049714748633,120.39711817439125
1,i704-o64,8,aggregated,17.008322304,1000,,32,4,4,32,256,0.125,17.010373928,0.23515062143435791,15.049639771798907,1.8812049714748633,120.39711817439125
1,i704-o64,8,aggregated,17.008322304,2000,,32,4,4,32,256,0.125,17.010373928,0.23515062143435791,15.049639771798907,1.8812049714748633,120.39711817439125
1,i704-o64,8,aggregated,17.008322304,5000,,32,32,32,32,2048,1.0,17.010373928,1.8812049714748633,120.39711817439125,1.8812049714748633,120.39711817439125
1,i704-o64,8,aggregated,17.008322304,10000,,32,32,32,32,2048,1.0,17.010373928,1.8812049714748633,120.39711817439125,1.8812049714748633,120.39711817439125
1,i704-o64,8,aggregated,17.008322304,20000,,32,32,32,32,2048,1.0,17.010373928,1.8812049714748633,120.39711817439125,1.8812049714748633,120.39711817439125
1,mixed,1,aggregated,142.48459392,100,,32,15,15,32,3840,0.46875,142.48894459000002,0.10527132503620713,26.949459209269026,0.22457882674390856,33.91140283833019
1,mixed,1,aggregated,142.48459392,250,,32,28,28,32,4768,0.875,142.48894459000002,0.19650647340091998,33.462245184842374,0.22457882674390856,33.91140283833019
1,mixed,1,aggregated,142.48459392,500,,32,32,32,32,4832,1.0,142.48894459000002,0.22457882674390856,33.91140283833019,0.22457882674390856,33.91140283833019
1,mixed,1,aggregated,142.48459392,1000,,32,32,32,32,4832,1.0,142.48894459000002,0.22457882674390856,33.91140283833019,0.22457882674390856,33.91140283833019
1,mixed,1,aggregated,142.48459392,2000,,32,32,32,32,4832,1.0,142.48894459000002,0.22457882674390856,33.91140283833019,0.22457882674390856,33.91140283833019
1,mixed,1,aggregated,142.48459392,5000,,32,32,32,32,4832,1.0,142.48894459000002,0.22457882674390856,33.91140283833019,0.22457882674390856,33.91140283833019
1,mixed,1,aggregated,142.48459392,10000,,32,32,32,32,4832,1.0,142.48894459000002,0.22457882674390856,33.91140283833019,0.22457882674390856,33.91140283833019
1,mixed,1,aggregated,142.48459392,20000,,32,32,32,32,4832,1.0,142.48894459000002,0.22457882674390856,33.91140283833019,0.22457882674390856,33.91140283833019
1,mixed,2,aggregated,72.024379392,100,,32,16,16,32,4096,0.5,72.02744594400001,0.2221375447970167,56.867211468036274,0.4442750895940334,67.08553852869905
1,mixed,2,aggregated,72.024379392,250,,32,29,29,32,4784,0.90625,72.02744594400001,0.40262429994459276,66.419125894308,0.4442750895940334,67.08553852869905
1,mixed,2,aggregated,72.024379392,500,,32,32,32,32,4832,1.0,72.02744594400001,0.4442750895940334,67.08553852869905,0.4442750895940334,67.08553852869905
1,mixed,2,aggregated,72.024379392,1000,,32,32,32,32,4832,1.0,72.02744594400001,0.4442750895940334,67.08553852869905,0.4442750895940334,67.08553852869905
1,mixed,2,aggregated,72.024379392,2000,,32,32,32,32,4832,1.0,72.02744594400001,0.4442750895940334,67.08553852869905,0.4442750895940334,67.08553852869905
1,mixed,2,aggregated,72.024379392,5000,,32,32,32,32,4832,1.0,72.02744594400001,0.4442750895940334,67.08553852869905,0.4442750895940334,67.08553852869905
1,mixed,2,aggregated,72.024379392,10000,,32,32,32,32,4832,1.0,72.02744594400001,0.4442750895940334,67.08553852869905,0.4442750895940334,67.08553852869905
1,mixed,2,aggregated,72.024379392,20000,,32,32,32,32,4832,1.0,72.02744594400001,0.4442750895940334,67.08553852869905,0.4442750895940334,67.08553852869905
1,mixed,4,aggregated,48.115700736,100,,32,11,11,32,2816,0.34375,48.118888801000004,0.22860045761845188,58.52171715032368,0.66501951307186,100.41794647385086
1,mixed,4,aggregated,48.115700736,250,,32,20,20,32,3920,0.625,48.118888801000004,0.4156371956699125,81.46489035130286,0.66501951307186,100.41794647385086
1,mixed,4,aggregated,48.115700736,500,,32,25,25,32,4240,0.78125,48.118888801000004,0.5195464945873907,88.11508548202146,0.66501951307186,100.41794647385086
1,mixed,4,aggregated,48.115700736,1000,,32,29,29,32,4544,0.90625,48.118888801000004,0.6026739337213731,94.43277085620412,0.66501951307186,100.41794647385086
1,mixed,4,aggregated,48.115700736,2000,,32,29,29,32,4544,0.90625,48.118888801000004,0.6026739337213731,94.43277085620412,0.66501951307186,100.41794647385086
1,mixed,4,aggregated,48.115700736,5000,,32,29,29,32,4544,0.90625,48.118888801000004,0.6026739337213731,94.43277085620412,0.66501951307186,100.41794647385086
1,mixed,4,aggregated,48.115700736,10000,,32,32,32,32,4832,1.0,48.118888801000004,0.66501951307186,100.41794647385086,0.66501951307186,100.41794647385086
1,mixed,4,aggregated,48.115700736,20000,,32,32,32,32,4832,1.0,48.118888801000004,0.66501951307186,100.41794647385086,0.66501951307186,100.41794647385086
1,mixed,8,aggregated,47.673804800000006,100,,32,5,5,32,1280,0.15625,47.676651707,0.1048731364511046,26.84752293148278,0.6711880732870694,101.34939906634749
1,mixed,8,aggregated,47.673804800000006,250,,32,7,7,32,1552,0.21875,47.676651707,0.14682239103154646,32.55262155442287,0.6711880732870694,101.34939906634749
1,mixed,8,aggregated,47.673804800000006,500,,32,8,8,32,1568,0.25,47.676651707,0.16779701832176735,32.888215591066405,0.6711880732870694,101.34939906634749
1,mixed,8,aggregated,47.673804800000006,1000,,32,14,14,32,2384,0.4375,47.676651707,0.2936447820630929,50.003511459886674,0.6711880732870694,101.34939906634749
1,mixed,8,aggregated,47.673804800000006,2000,,32,15,15,32,2400,0.46875,47.676651707,0.31461940935331384,50.33910549653021,0.6711880732870694,101.34939906634749
1,mixed,8,aggregated,47.673804800000006,5000,,32,15,15,32,2400,0.46875,47.676651707,0.31461940935331384,50.33910549653021,0.6711880732870694,101.34939906634749
1,mixed,8,aggregated,47.673804800000006,10000,,32,30,30,32,4800,0.9375,47.676651707,0.6292388187066277,100.67821099306042,0.6711880732870694,101.34939906634749
1,mixed,8,aggregated,47.673804800000006,20000,,32,32,32,32,4832,1.0,47.676651707,0.6711880732870694,101.34939906634749,0.6711880732870694,101.34939906634749
1,i256-o16,1,disaggregated,17.433074432,100,,32,0,0,32,0,0.0,17.435951709,0.0,0.0,1.8352884049043565,29.364614478469704
1,i256-o16,1,disaggregated,17.433074432,250,,32,32,32,32,512,1.0,17.435951709,1.8352884049043565,29.364614478469704,1.8352884049043565,29.364614478469704
1,i256-o16,1,disaggregated,17.433074432,500,,32,32,32,32,512,1.0,17.435951709,1.8352884049043565,29.364614478469704,1.8352884049043565,29.364614478469704
1,i256-o16,1,disaggregated,17.433074432,1000,,32,32,32,32,512,1.0,17.435951709,1.8352884049043565,29.364614478469704,1.8352884049043565,29.364614478469704
1,i256-o16,1,disaggregated,17.433074432,2000,,32,32,32,32,512,1.0,17.435951709,1.8352884049043565,29.364614478469704,1.8352884049043565,29.364614478469704
1,i256-o16,1,disaggregated,17.433074432,5000,,32,32,32,32,512,1.0,17.435951709,1.8352884049043565,29.364614478469704,1.8352884049043565,29.364614478469704
1,i256-o16,1,disaggregated,17.433074432,10000,,32,32,32,32,512,1.0,17.435951709,1.8352884049043565,29.364614478469704,1.8352884049043565,29.364614478469704
1,i256-o16,1,disaggregated,17.433074432,20000,,32,32,32,32,512,1.0,17.435951709,1.8352884049043565,29.364614478469704,1.8352884049043565,29.364614478469704
1,i256-o16,2,disaggregated,8.720662016,100,,32,0,0,32,0,0.0,8.723804119,0.0,0.0,3.668124543317706,58.6899926930833
1,i256-o16,2,disaggregated,8.720662016,250,,32,32,32,32,512,1.0,8.723804119,3.668124543317706,58.6899926930833,3.668124543317706,58.6899926930833
1,i256-o16,2,disaggregated,8.720662016,500,,32,32,32,32,512,1.0,8.723804119,3.668124543317706,58.6899926930833,3.668124543317706,58.6899926930833
1,i256-o16,2,disaggregated,8.720662016,1000,,32,32,32,32,512,1.0,8.723804119,3.668124543317706,58.6899926930833,3.668124543317706,58.6899926930833
1,i256-o16,2,disaggregated,8.720662016,2000,,32,32,32,32,512,1.0,8.723804119,3.668124543317706,58.6899926930833,3.668124543317706,58.6899926930833
1,i256-o16,2,disaggregated,8.720662016,5000,,32,32,32,32,512,1.0,8.723804119,3.668124543317706,58.6899926930833,3.668124543317706,58.6899926930833
1,i256-o16,2,disaggregated,8.720662016,10000,,32,32,32,32,512,1.0,8.723804119,3.668124543317706,58.6899926930833,3.668124543317706,58.6899926930833
1,i256-o16,2,disaggregated,8.720662016,20000,,32,32,32,32,512,1.0,8.723804119,3.668124543317706,58.6899926930833,3.668124543317706,58.6899926930833
1,i256-o16,4,disaggregated,5.639207936,100,,32,0,0,32,0,0.0,5.643497787,0.0,0.0,5.670242322715737,90.72387716345179
1,i256-o16,4,disaggregated,5.639207936,250,,32,21,21,32,336,0.65625,5.643497787,3.721096524282202,59.53754438851523,5.670242322715737,90.72387716345179
1,i256-o16,4,disaggregated,5.639207936,500,,32,31,31,32,496,0.96875,5.643497787,5.49304725013087,87.88875600209391,5.670242322715737,90.72387716345179
1,i256-o16,4,disaggregated,5.639207936,1000,,32,32,32,32,512,1.0,5.643497787,5.670242322715737,90.72387716345179,5.670242322715737,90.72387716345179
1,i256-o16,4,disaggregated,5.639207936,2000,,32,32,32,32,512,1.0,5.643497787,5.670242322715737,90.72387716345179,5.670242322715737,90.72387716345179
1,i256-o16,4,disaggregated,5.639207936,5000,,32,32,32,32,512,1.0,5.643497787,5.670242322715737,90.72387716345179,5.670242322715737,90.72387716345179
1,i256-o16,4,disaggregated,5.639207936,10000,,32,32,32,32,512,1.0,5.643497787,5.670242322715737,90.72387716345179,5.670242322715737,90.72387716345179
1,i256-o16,4,disaggregated,5.639207936,20000,,32,32,32,32,512,1.0,5.643497787,5.670242322715737,90.72387716345179,5.670242322715737,90.72387716345179
1,i256-o16,8,disaggregated,5.53420672,100,,32,0,0,32,0,0.0,5.539825990000001,0.0,0.0,5.776354719040552,92.42167550464883
1,i256-o16,8,disaggregated,5.53420672,250,,32,2,2,32,32,0.0625,5.539825990000001,0.3610221699400345,5.776354719040552,5.776354719040552,92.42167550464883
1,i256-o16,8,disaggregated,5.53420672,500,,32,3,3,32,48,0.09375,5.539825990000001,0.5415332549100518,8.664532078560828,5.776354719040552,92.42167550464883
1,i256-o16,8,disaggregated,5.53420672,1000,,32,19,19,32,304,0.59375,5.539825990000001,3.4297106144303275,54.87536983088524,5.776354719040552,92.42167550464883
1,i256-o16,8,disaggregated,5.53420672,2000,,32,32,32,32,512,1.0,5.539825990000001,5.776354719040552,92.42167550464883,5.776354719040552,92.42167550464883
1,i256-o16,8,disaggregated,5.53420672,5000,,32,32,32,32,512,1.0,5.539825990000001,5.776354719040552,92.42167550464883,5.776354719040552,92.42167550464883
1,i256-o16,8,disaggregated,5.53420672,10000,,32,32,32,32,512,1.0,5.539825990000001,5.776354719040552,92.42167550464883,5.776354719040552,92.42167550464883
1,i256-o16,8,disaggregated,5.53420672,20000,,32,32,32,32,512,1.0,5.539825990000001,5.776354719040552,92.42167550464883,5.776354719040552,92.42167550464883
1,i256-o256,1,disaggregated,242.930030592,100,,32,0,0,32,0,0.0,242.933196142,0.0,0.0,0.13172345528807544,33.72120455374731
1,i256-o256,1,disaggregated,242.930030592,250,,32,31,31,32,7936,0.96875,242.933196142,0.12760709731032308,32.66741691144271,0.13172345528807544,33.72120455374731
1,i256-o256,1,disaggregated,242.930030592,500,,32,32,32,32,8192,1.0,242.933196142,0.13172345528807544,33.72120455374731,0.13172345528807544,33.72120455374731
1,i256-o256,1,disaggregated,242.930030592,1000,,32,32,32,32,8192,1.0,242.933196142,0.13172345528807544,33.72120455374731,0.13172345528807544,33.72120455374731
1,i256-o256,1,disaggregated,242.930030592,2000,,32,32,32,32,8192,1.0,242.933196142,0.13172345528807544,33.72120455374731,0.13172345528807544,33.72120455374731
1,i256-o256,1,disaggregated,242.930030592,5000,,32,32,32,32,8192,1.0,242.933196142,0.13172345528807544,33.72120455374731,0.13172345528807544,33.72120455374731
1,i256-o256,1,disaggregated,242.930030592,10000,,32,32,32,32,8192,1.0,242.933196142,0.13172345528807544,33.72120455374731,0.13172345528807544,33.72120455374731
1,i256-o256,1,disaggregated,242.930030592,20000,,32,32,32,32,8192,1.0,242.933196142,0.13172345528807544,33.72120455374731,0.13172345528807544,33.72120455374731
1,i256-o256,2,disaggregated,122.07245542400001,100,,32,0,0,32,0,0.0,122.075556356,0.0,0.0,0.2621327393887171,67.10598128351158
1,i256-o256,2,disaggregated,122.07245542400001,250,,32,32,32,32,8192,1.0,122.075556356,0.2621327393887171,67.10598128351158,0.2621327393887171,67.10598128351158
1,i256-o256,2,disaggregated,122.07245542400001,500,,32,32,32,32,8192,1.0,122.075556356,0.2621327393887171,67.10598128351158,0.2621327393887171,67.10598128351158
1,i256-o256,2,disaggregated,122.07245542400001,1000,,32,32,32,32,8192,1.0,122.075556356,0.2621327393887171,67.10598128351158,0.2621327393887171,67.10598128351158
1,i256-o256,2,disaggregated,122.07245542400001,2000,,32,32,32,32,8192,1.0,122.075556356,0.2621327393887171,67.10598128351158,0.2621327393887171,67.10598128351158
1,i256-o256,2,disaggregated,122.07245542400001,5000,,32,32,32,32,8192,1.0,122.075556356,0.2621327393887171,67.10598128351158,0.2621327393887171,67.10598128351158
1,i256-o256,2,disaggregated,122.07245542400001,10000,,32,32,32,32,8192,1.0,122.075556356,0.2621327393887171,67.10598128351158,0.2621327393887171,67.10598128351158
1,i256-o256,2,disaggregated,122.07245542400001,20000,,32,32,32,32,8192,1.0,122.075556356,0.2621327393887171,67.10598128351158,0.2621327393887171,67.10598128351158
1,i256-o256,4,disaggregated,85.887914752,100,,32,0,0,32,0,0.0,85.89493041200001,0.0,0.0,0.3725481800440392,95.37233409127404
1,i256-o256,4,disaggregated,85.887914752,250,,32,14,14,32,3584,0.4375,85.89493041200001,0.16298982876926715,41.72539616493239,0.3725481800440392,95.37233409127404
1,i256-o256,4,disaggregated,85.887914752,500,,32,21,21,32,5376,0.65625,85.89493041200001,0.24448474315390076,62.588094247398594,0.3725481800440392,95.37233409127404
1,i256-o256,4,disaggregated,85.887914752,1000,,32,22,22,32,5632,0.6875,85.89493041200001,0.256126873780277,65.56847968775091,0.3725481800440392,95.37233409127404
1,i256-o256,4,disaggregated,85.887914752,2000,,32,22,22,32,5632,0.6875,85.89493041200001,0.256126873780277,65.56847968775091,0.3725481800440392,95.37233409127404
1,i256-o256,4,disaggregated,85.887914752,5000,,32,22,22,32,5632,0.6875,85.89493041200001,0.256126873780277,65.56847968775091,0.3725481800440392,95.37233409127404
1,i256-o256,4,disaggregated,85.887914752,10000,,32,32,32,32,8192,1.0,85.89493041200001,0.3725481800440392,95.37233409127404,0.3725481800440392,95.37233409127404
1,i256-o256,4,disaggregated,85.887914752,20000,,32,32,32,32,8192,1.0,85.89493041200001,0.3725481800440392,95.37233409127404,0.3725481800440392,95.37233409127404
1,i256-o256,8,disaggregated,85.856094208,100,,32,0,0,32,0,0.0,85.86444415000001,0.0,0.0,0.3726804536706477,95.40619613968582
1,i256-o256,8,disaggregated,85.856094208,250,,32,2,2,32,512,0.0625,85.86444415000001,0.023292528354415483,5.962887258730364,0.3726804536706477,95.40619613968582
1,i256-o256,8,disaggregated,85.856094208,500,,32,3,3,32,768,0.09375,85.86444415000001,0.03493879253162323,8.944330888095546,0.3726804536706477,95.40619613968582
1,i256-o256,8,disaggregated,85.856094208,1000,,32,3,3,32,768,0.09375,85.86444415000001,0.03493879253162323,8.944330888095546,0.3726804536706477,95.40619613968582
1,i256-o256,8,disaggregated,85.856094208,2000,,32,3,3,32,768,0.09375,85.86444415000001,0.03493879253162323,8.944330888095546,0.3726804536706477,95.40619613968582
1,i256-o256,8,disaggregated,85.856094208,5000,,32,3,3,32,768,0.09375,85.86444415000001,0.03493879253162323,8.944330888095546,0.3726804536706477,95.40619613968582
1,i256-o256,8,disaggregated,85.856094208,10000,,32,14,14,32,3584,0.4375,85.86444415000001,0.1630476984809084,41.74021081111255,0.3726804536706477,95.40619613968582
1,i256-o256,8,disaggregated,85.856094208,20000,,32,32,32,32,8192,1.0,85.86444415000001,0.3726804536706477,95.40619613968582,0.3726804536706477,95.40619613968582
1,i256-o64,1,disaggregated,62.405084672,100,,32,0,0,32,0,0.0,62.407408209,0.0,0.0,0.5127596373307675,32.81661678916912
1,i256-o64,1,disaggregated,62.405084672,250,,32,31,31,32,1984,0.96875,62.407408209,0.49673589866418094,31.79109751450758,0.5127596373307675,32.81661678916912
1,i256-o64,1,disaggregated,62.405084672,500,,32,32,32,32,2048,1.0,62.407408209,0.5127596373307675,32.81661678916912,0.5127596373307675,32.81661678916912
1,i256-o64,1,disaggregated,62.405084672,1000,,32,32,32,32,2048,1.0,62.407408209,0.5127596373307675,32.81661678916912,0.5127596373307675,32.81661678916912
1,i256-o64,1,disaggregated,62.405084672,2000,,32,32,32,32,2048,1.0,62.407408209,0.5127596373307675,32.81661678916912,0.5127596373307675,32.81661678916912
1,i256-o64,1,disaggregated,62.405084672,5000,,32,32,32,32,2048,1.0,62.407408209,0.5127596373307675,32.81661678916912,0.5127596373307675,32.81661678916912
1,i256-o64,1,disaggregated,62.405084672,10000,,32,32,32,32,2048,1.0,62.407408209,0.5127596373307675,32.81661678916912,0.5127596373307675,32.81661678916912
1,i256-o64,1,disaggregated,62.405084672,20000,,32,32,32,32,2048,1.0,62.407408209,0.5127596373307675,32.81661678916912,0.5127596373307675,32.81661678916912
1,i256-o64,2,disaggregated,31.256548864000003,100,,32,0,0,32,0,0.0,31.259276929000002,0.0,0.0,1.0236961038056773,65.51655064356335
1,i256-o64,2,disaggregated,31.256548864000003,250,,32,32,32,32,2048,1.0,31.259276929000002,1.0236961038056773,65.51655064356335,1.0236961038056773,65.51655064356335
1,i256-o64,2,disaggregated,31.256548864000003,500,,32,32,32,32,2048,1.0,31.259276929000002,1.0236961038056773,65.51655064356335,1.0236961038056773,65.51655064356335
1,i256-o64,2,disaggregated,31.256548864000003,1000,,32,32,32,32,2048,1.0,31.259276929000002,1.0236961038056773,65.51655064356335,1.0236961038056773,65.51655064356335
1,i256-o64,2,disaggregated,31.256548864000003,2000,,32,32,32,32,2048,1.0,31.259276929000002,1.0236961038056773,65.51655064356335,1.0236961038056773,65.51655064356335
1,i256-o64,2,disaggregated,31.256548864000003,5000,,32,32,32,32,2048,1.0,31.259276929000002,1.0236961038056773,65.51655064356335,1.0236961038056773,65.51655064356335
1,i256-o64,2,disaggregated,31.256548864000003,10000,,32,32,32,32,2048,1.0,31.259276929000002,1.0236961038056773,65.51655064356335,1.0236961038056773,65.51655064356335
1,i256-o64,2,disaggregated,31.256548864000003,20000,,32,32,32,32,2048,1.0,31.259276929000002,1.0236961038056773,65.51655064356335,1.0236961038056773,65.51655064356335
1,i256-o64,4,disaggregated,21.476576,100,,32,0,0,32,0,0.0,21.48118371,0.0,0.0,1.4896758219661443,95.33925260583324
1,i256-o64,4,disaggregated,21.476576,250,,32,16,16,32,1024,0.5,21.48118371,0.7448379109830722,47.66962630291662,1.4896758219661443,95.33925260583324
1,i256-o64,4,disaggregated,21.476576,500,,32,22,22,32,1408,0.6875,21.48118371,1.0241521276017242,65.54573616651035,1.4896758219661443,95.33925260583324
1,i256-o64,4,disaggregated,21.476576,1000,,32,22,22,32,1408,0.6875,21.48118371,1.0241521276017242,65.54573616651035,1.4896758219661443,95.33925260583324
1,i256-o64,4,disaggregated,21.476576,2000,,32,31,31,32,1984,0.96875,21.48118371,1.4431234525297023,92.35990096190095,1.4896758219661443,95.33925260583324
1,i256-o64,4,disaggregated,21.476576,5000,,32,32,32,32,2048,1.0,21.48118371,1.4896758219661443,95.33925260583324,1.4896758219661443,95.33925260583324
1,i256-o64,4,disaggregated,21.476576,10000,,32,32,32,32,2048,1.0,21.48118371,1.4896758219661443,95.33925260583324,1.4896758219661443,95.33925260583324
1,i256-o64,4,disaggregated,21.476576,20000,,32,32,32,32,2048,1.0,21.48118371,1.4896758219661443,95.33925260583324,1.4896758219661443,95.33925260583324
1,i256-o64,8,disaggregated,21.556858112,100,,32,0,0,32,0,0.0,21.564794697,0.0,0.0,1.4839000532869298,94.9696034103635
1,i256-o64,8,disaggregated,21.556858112,250,,32,2,2,32,128,0.0625,21.564794697,0.09274375333043311,5.935600213147719,1.4839000532869298,94.9696034103635
1,i256-o64,8,disaggregated,21.556858112,500,,32,3,3,32,192,0.09375,21.564794697,0.13911562999564966,8.903400319721579,1.4839000532869298,94.9696034103635
1,i256-o64,8,disaggregated,21.556858112,1000,,32,3,3,32,192,0.09375,21.564794697,0.13911562999564966,8.903400319721579,1.4839000532869298,94.9696034103635
1,i256-o64,8,disaggregated,21.556858112,2000,,32,10,10,32,640,0.3125,21.564794697,0.46371876665216555,29.678001065738595,1.4839000532869298,94.9696034103635
1,i256-o64,8,disaggregated,21.556858112,5000,,32,32,32,32,2048,1.0,21.564794697,1.4839000532869298,94.9696034103635,1.4839000532869298,94.9696034103635
1,i256-o64,8,disaggregated,21.556858112,10000,,32,32,32,32,2048,1.0,21.564794697,1.4839000532869298,94.9696034103635,1.4839000532869298,94.9696034103635
1,i256-o64,8,disaggregated,21.556858112,20000,,32,32,32,32,2048,1.0,21.564794697,1.4839000532869298,94.9696034103635,1.4839000532869298,94.9696034103635
1,i64-o16,1,disaggregated,15.795419648000001,100,,32,13,13,32,208,0.40625,15.797591197000001,0.8229102676405964,13.166564282249542,2.025625274192237,32.410004387075794
1,i64-o16,1,disaggregated,15.795419648000001,250,,32,32,32,32,512,1.0,15.797591197000001,2.025625274192237,32.410004387075794,2.025625274192237,32.410004387075794
1,i64-o16,1,disaggregated,15.795419648000001,500,,32,32,32,32,512,1.0,15.797591197000001,2.025625274192237,32.410004387075794,2.025625274192237,32.410004387075794
1,i64-o16,1,disaggregated,15.795419648000001,1000,,32,32,32,32,512,1.0,15.797591197000001,2.025625274192237,32.410004387075794,2.025625274192237,32.410004387075794
1,i64-o16,1,disaggregated,15.795419648000001,2000,,32,32,32,32,512,1.0,15.797591197000001,2.025625274192237,32.410004387075794,2.025625274192237,32.410004387075794
1,i64-o16,1,disaggregated,15.795419648000001,5000,,32,32,32,32,512,1.0,15.797591197000001,2.025625274192237,32.410004387075794,2.025625274192237,32.410004387075794
1,i64-o16,1,disaggregated,15.795419648000001,10000,,32,32,32,32,512,1.0,15.797591197000001,2.025625274192237,32.410004387075794,2.025625274192237,32.410004387075794
1,i64-o16,1,disaggregated,15.795419648000001,20000,,32,32,32,32,512,1.0,15.797591197000001,2.025625274192237,32.410004387075794,2.025625274192237,32.410004387075794
1,i64-o16,2,disaggregated,8.119445504,100,,32,13,13,32,208,0.40625,8.121942509,1.6006023171913097,25.609637075060956,3.9399441653939933,63.03910664630389
1,i64-o16,2,disaggregated,8.119445504,250,,32,32,32,32,512,1.0,8.121942509,3.9399441653939933,63.03910664630389,3.9399441653939933,63.03910664630389
1,i64-o16,2,disaggregated,8.119445504,500,,32,32,32,32,512,1.0,8.121942509,3.9399441653939933,63.03910664630389,3.9399441653939933,63.03910664630389
1,i64-o16,2,disaggregated,8.119445504,1000,,32,32,32,32,512,1.0,8.121942509,3.9399441653939933,63.03910664630389,3.9399441653939933,63.03910664630389
1,i64-o16,2,disaggregated,8.119445504,2000,,32,32,32,32,512,1.0,8.121942509,3.9399441653939933,63.03910664630389,3.9399441653939933,63.03910664630389
1,i64-o16,2,disaggregated,8.119445504,5000,,32,32,32,32,512,1.0,8.121942509,3.9399441653939933,63.03910664630389,3.9399441653939933,63.03910664630389
1,i64-o16,2,disaggregated,8.119445504,10000,,32,32,32,32,512,1.0,8.121942509,3.9399441653939933,63.03910664630389,3.9399441653939933,63.03910664630389
1,i64-o16,2,disaggregated,8.119445504,20000,,32,32,32,32,512,1.0,8.121942509,3.9399441653939933,63.03910664630389,3.9399441653939933,63.03910664630389
1,i64-o16,4,disaggregated,5.385978880000001,100,,32,2,2,32,32,0.0625,5.389650491,0.3710815763173761,5.9373052210780175,5.9373052210780175,94.99688353724828
1,i64-o16,4,disaggregated,5.385978880000001,250,,32,22,22,32,352,0.6875,5.389650491,4.081897339491137,65.3103574318582,5.9373052210780175,94.99688353724828
1,i64-o16,4,disaggregated,5.385978880000001,500,,32,31,31,32,496,0.96875,5.389650491,5.751764432919329,92.02823092670927,5.9373052210780175,94.99688353724828
1,i64-o16,4,disaggregated,5.385978880000001,1000,,32,32,32,32,512,1.0,5.389650491,5.9373052210780175,94.99688353724828,5.9373052210780175,94.99688353724828
1,i64-o16,4,disaggregated,5.385978880000001,2000,,32,32,32,32,512,1.0,5.389650491,5.9373052210780175,94.99688353724828,5.9373052210780175,94.99688353724828
1,i64-o16,4,disaggregated,5.385978880000001,5000,,32,32,32,32,512,1.0,5.389650491,5.9373052210780175,94.99688353724828,5.9373052210780175,94.99688353724828
1,i64-o16,4,disaggregated,5.385978880000001,10000,,32,32,32,32,512,1.0,5.389650491,5.9373052210780175,94.99688353724828,5.9373052210780175,94.99688353724828
1,i64-o16,4,disaggregated,5.385978880000001,20000,,32,32,32,32,512,1.0,5.389650491,5.9373052210780175,94.99688353724828,5.9373052210780175,94.99688353724828
1,i64-o16,8,disaggregated,5.303174912,100,,32,1,1,32,16,0.03125,5.3070471910000006,0.1884286994274063,3.014859190838501,6.029718381677002,96.47549410683203
1,i64-o16,8,disaggregated,5.303174912,250,,32,3,3,32,48,0.09375,5.3070471910000006,0.5652860982822189,9.044577572515502,6.029718381677002,96.47549410683203
1,i64-o16,8,disaggregated,5.303174912,500,,32,3,3,32,48,0.09375,5.3070471910000006,0.5652860982822189,9.044577572515502,6.029718381677002,96.47549410683203
1,i64-o16,8,disaggregated,5.303174912,1000,,32,24,24,32,384,0.75,5.3070471910000006,4.522288786257751,72.35662058012402,6.029718381677002,96.47549410683203
1,i64-o16,8,disaggregated,5.303174912,2000,,32,32,32,32,512,1.0,5.3070471910000006,6.029718381677002,96.47549410683203,6.029718381677002,96.47549410683203
1,i64-o16,8,disaggregated,5.303174912,5000,,32,32,32,32,512,1.0,5.3070471910000006,6.029718381677002,96.47549410683203,6.029718381677002,96.47549410683203
1,i64-o16,8,disaggregated,5.303174912,10000,,32,32,32,32,512,1.0,5.3070471910000006,6.029718381677002,96.47549410683203,6.029718381677002,96.47549410683203
1,i64-o16,8,disaggregated,5.303174912,20000,,32,32,32,32,512,1.0,5.3070471910000006,6.029718381677002,96.47549410683203,6.029718381677002,96.47549410683203
1,i64-o256,1,disaggregated,241.53496320000002,100,,32,13,13,32,3328,0.40625,241.53797165400002,0.05382176521140258,13.77837189411906,0.13248434513576018,33.91599235475461
1,i64-o256,1,disaggregated,241.53496320000002,250,,32,32,32,32,8192,1.0,241.53797165400002,0.13248434513576018,33.91599235475461,0.13248434513576018,33.91599235475461
1,i64-o256,1,disaggregated,241.53496320000002,500,,32,32,32,32,8192,1.0,241.53797165400002,0.13248434513576018,33.91599235475461,0.13248434513576018,33.91599235475461
1,i64-o256,1,disaggregated,241.53496320000002,1000,,32,32,32,32,8192,1.0,241.53797165400002,0.13248434513576018,33.91599235475461,0.13248434513576018,33.91599235475461
1,i64-o256,1,disaggregated,241.53496320000002,2000,,32,32,32,32,8192,1.0,241.53797165400002,0.13248434513576018,33.91599235475461,0.13248434513576018,33.91599235475461
1,i64-o256,1,disaggregated,241.53496320000002,5000,,32,32,32,32,8192,1.0,241.53797165400002,0.13248434513576018,33.91599235475461,0.13248434513576018,33.91599235475461
1,i64-o256,1,disaggregated,241.53496320000002,10000,,32,32,32,32,8192,1.0,241.53797165400002,0.13248434513576018,33.91599235475461,0.13248434513576018,33.91599235475461
1,i64-o256,1,disaggregated,241.53496320000002,20000,,32,32,32,32,8192,1.0,241.53797165400002,0.13248434513576018,33.91599235475461,0.13248434513576018,33.91599235475461
1,i64-o256,2,disaggregated,120.60513920000001,100,,32,12,12,32,3072,0.375,120.60802296499999,0.09949586855828287,25.470942350920414,0.26532231615542096,67.92251293578776
1,i64-o256,2,disaggregated,120.60513920000001,250,,32,32,32,32,8192,1.0,120.60802296499999,0.26532231615542096,67.92251293578776,0.26532231615542096,67.92251293578776
1,i64-o256,2,disaggregated,120.60513920000001,500,,32,32,32,32,8192,1.0,120.60802296499999,0.26532231615542096,67.92251293578776,0.26532231615542096,67.92251293578776
1,i64-o256,2,disaggregated,120.60513920000001,1000,,32,32,32,32,8192,1.0,120.60802296499999,0.26532231615542096,67.92251293578776,0.26532231615542096,67.92251293578776
1,i64-o256,2,disaggregated,120.60513920000001,2000,,32,32,32,32,8192,1.0,120.60802296499999,0.26532231615542096,67.92251293578776,0.26532231615542096,67.92251293578776
1,i64-o256,2,disaggregated,120.60513920000001,5000,,32,32,32,32,8192,1.0,120.60802296499999,0.26532231615542096,67.92251293578776,0.26532231615542096,67.92251293578776
1,i64-o256,2,disaggregated,120.60513920000001,10000,,32,32,32,32,8192,1.0,120.60802296499999,0.26532231615542096,67.92251293578776,0.26532231615542096,67.92251293578776
1,i64-o256,2,disaggregated,120.60513920000001,20000,,32,32,32,32,8192,1.0,120.60802296499999,0.26532231615542096,67.92251293578776,0.26532231615542096,67.92251293578776
1,i64-o256,4,disaggregated,85.412432128,100,,32,3,3,32,768,0.09375,85.41588498600001,0.035122272636895484,8.991301795045244,0.37463757479355186,95.90721914714928
1,i64-o256,4,disaggregated,85.412432128,250,,32,13,13,32,3328,0.40625,85.41588498600001,0.15219651475988044,38.96230777852939,0.37463757479355186,95.90721914714928
1,i64-o256,4,disaggregated,85.412432128,500,,32,21,21,32,5376,0.65625,85.41588498600001,0.2458559084582684,62.93911256531671,0.37463757479355186,95.90721914714928
1,i64-o256,4,disaggregated,85.412432128,1000,,32,22,22,32,5632,0.6875,85.41588498600001,0.2575633326705669,65.93621316366513,0.37463757479355186,95.90721914714928
1,i64-o256,4,disaggregated,85.412432128,2000,,32,22,22,32,5632,0.6875,85.41588498600001,0.2575633326705669,65.93621316366513,0.37463757479355186,95.90721914714928
1,i64-o256,4,disaggregated,85.412432128,5000,,32,22,22,32,5632,0.6875,85.41588498600001,0.2575633326705669,65.93621316366513,0.37463757479355186,95.90721914714928
1,i64-o256,4,disaggregated,85.412432128,10000,,32,32,32,32,8192,1.0,85.41588498600001,0.37463757479355186,95.90721914714928,0.37463757479355186,95.90721914714928
1,i64-o256,4,disaggregated,85.412432128,20000,,32,32,32,32,8192,1.0,85.41588498600001,0.37463757479355186,95.90721914714928,0.37463757479355186,95.90721914714928
1,i64-o256,8,disaggregated,85.72335001600001,100,,32,1,1,32,256,0.03125,85.727320946,0.011664892696575741,2.9862125303233897,0.3732765662904237,95.55880097034847
1,i64-o256,8,disaggregated,85.72335001600001,250,,32,3,3,32,768,0.09375,85.727320946,0.03499467808972722,8.958637590970168,0.3732765662904237,95.55880097034847
1,i64-o256,8,disaggregated,85.72335001600001,500,,32,3,3,32,768,0.09375,85.727320946,0.03499467808972722,8.958637590970168,0.3732765662904237,95.55880097034847
1,i64-o256,8,disaggregated,85.72335001600001,1000,,32,3,3,32,768,0.09375,85.727320946,0.03499467808972722,8.958637590970168,0.3732765662904237,95.55880097034847
1,i64-o256,8,disaggregated,85.72335001600001,2000,,32,3,3,32,768,0.09375,85.727320946,0.03499467808972722,8.958637590970168,0.3732765662904237,95.55880097034847
1,i64-o256,8,disaggregated,85.72335001600001,5000,,32,3,3,32,768,0.09375,85.727320946,0.03499467808972722,8.958637590970168,0.3732765662904237,95.55880097034847
1,i64-o256,8,disaggregated,85.72335001600001,10000,,32,14,14,32,3584,0.4375,85.727320946,0.16330849775206038,41.80697542452746,0.3732765662904237,95.55880097034847
1,i64-o256,8,disaggregated,85.72335001600001,20000,,32,32,32,32,8192,1.0,85.727320946,0.3732765662904237,95.55880097034847,0.3732765662904237,95.55880097034847
1,i64-o64,1,disaggregated,61.170245376000004,100,,32,13,13,32,832,0.40625,61.17264187300001,0.21251330009564057,13.600851206120996,0.5231096617738845,33.47901835352861
1,i64-o64,1,disaggregated,61.170245376000004,250,,32,32,32,32,2048,1.0,61.17264187300001,0.5231096617738845,33.47901835352861,0.5231096617738845,33.47901835352861
1,i64-o64,1,disaggregated,61.170245376000004,500,,32,32,32,32,2048,1.0,61.17264187300001,0.5231096617738845,33.47901835352861,0.5231096617738845,33.47901835352861
1,i64-o64,1,disaggregated,61.170245376000004,1000,,32,32,32,32,2048,1.0,61.17264187300001,0.5231096617738845,33.47901835352861,0.5231096617738845,33.47901835352861
1,i64-o64,1,disaggregated,61.170245376000004,2000,,32,32,32,32,2048,1.0,61.17264187300001,0.5231096617738845,33.47901835352861,0.5231096617738845,33.47901835352861
1,i64-o64,1,disaggregated,61.170245376000004,5000,,32,32,32,32,2048,1.0,61.17264187300001,0.5231096617738845,33.47901835352861,0.5231096617738845,33.47901835352861
1,i64-o64,1,disaggregated,61.170245376000004,10000,,32,32,32,32,2048,1.0,61.17264187300001,0.5231096617738845,33.47901835352861,0.5231096617738845,33.47901835352861
1,i64-o64,1,disaggregated,61.170245376000004,20000,,32,32,32,32,2048,1.0,61.17264187300001,0.5231096617738845,33.47901835352861,0.5231096617738845,33.47901835352861
1,i64-o64,2,disaggregated,30.612205312,100,,32,13,13,32,832,0.40625,30.614573383000003,0.4246343673441088,27.176599510022964,1.0452538273085756,66.89624494774884
1,i64-o64,2,disaggregated,30.612205312,250,,32,32,32,32,2048,1.0,30.614573383000003,1.0452538273085756,66.89624494774884,1.0452538273085756,66.89624494774884
1,i64-o64,2,disaggregated,30.612205312,500,,32,32,32,32,2048,1.0,30.614573383000003,1.0452538273085756,66.89624494774884,1.0452538273085756,66.89624494774884
1,i64-o64,2,disaggregated,30.612205312,1000,,32,32,32,32,2048,1.0,30.614573383000003,1.0452538273085756,66.89624494774884,1.0452538273085756,66.89624494774884
1,i64-o64,2,disaggregated,30.612205312,2000,,32,32,32,32,2048,1.0,30.614573383000003,1.0452538273085756,66.89624494774884,1.0452538273085756,66.89624494774884
1,i64-o64,2,disaggregated,30.612205312,5000,,32,32,32,32,2048,1.0,30.614573383000003,1.0452538273085756,66.89624494774884,1.0452538273085756,66.89624494774884
1,i64-o64,2,disaggregated,30.612205312,10000,,32,32,32,32,2048,1.0,30.614573383000003,1.0452538273085756,66.89624494774884,1.0452538273085756,66.89624494774884
1,i64-o64,2,disaggregated,30.612205312,20000,,32,32,32,32,2048,1.0,30.614573383000003,1.0452538273085756,66.89624494774884,1.0452538273085756,66.89624494774884
1,i64-o64,4,disaggregated,21.274871296,100,,32,1,1,32,64,0.03125,21.280054463000003,0.046992360933037894,3.007511099714425,1.5037555498572126,96.2403551908616
1,i64-o64,4,disaggregated,21.274871296,250,,32,22,22,32,1408,0.6875,21.280054463000003,1.0338319405268337,66.16524419371736,1.5037555498572126,96.2403551908616
1,i64-o64,4,disaggregated,21.274871296,500,,32,22,22,32,1408,0.6875,21.280054463000003,1.0338319405268337,66.16524419371736,1.5037555498572126,96.2403551908616
1,i64-o64,4,disaggregated,21.274871296,1000,,32,22,22,32,1408,0.6875,21.280054463000003,1.0338319405268337,66.16524419371736,1.5037555498572126,96.2403551908616
1,i64-o64,4,disaggregated,21.274871296,2000,,32,32,32,32,2048,1.0,21.280054463000003,1.5037555498572126,96.2403551908616,1.5037555498572126,96.2403551908616
1,i64-o64,4,disaggregated,21.274871296,5000,,32,32,32,32,2048,1.0,21.280054463000003,1.5037555498572126,96.2403551908616,1.5037555498572126,96.2403551908616
1,i64-o64,4,disaggregated,21.274871296,10000,,32,32,32,32,2048,1.0,21.280054463000003,1.5037555498572126,96.2403551908616,1.5037555498572126,96.2403551908616
1,i64-o64,4,disaggregated,21.274871296,20000,,32,32,32,32,2048,1.0,21.280054463000003,1.5037555498572126,96.2403551908616,1.5037555498572126,96.2403551908616
1,i64-o64,8,disaggregated,21.451735040000003,100,,32,1,1,32,64,0.03125,21.455447819,0.046608209180068666,2.9829253875243946,1.4914626937621973,95.45361240078063
1,i64-o64,8,disaggregated,21.451735040000003,250,,32,3,3,32,192,0.09375,21.455447819,0.139824627540206,8.948776162573184,1.4914626937621973,95.45361240078063
1,i64-o64,8,disaggregated,21.451735040000003,500,,32,3,3,32,192,0.09375,21.455447819,0.139824627540206,8.948776162573184,1.4914626937621973,95.45361240078063
1,i64-o64,8,disaggregated,21.451735040000003,1000,,32,3,3,32,192,0.09375,21.455447819,0.139824627540206,8.948776162573184,1.4914626937621973,95.45361240078063
1,i64-o64,8,disaggregated,21.451735040000003,2000,,32,12,12,32,768,0.375,21.455447819,0.559298510160824,35.795104650292735,1.4914626937621973,95.45361240078063
1,i64-o64,8,disaggregated,21.451735040000003,5000,,32,32,32,32,2048,1.0,21.455447819,1.4914626937621973,95.45361240078063,1.4914626937621973,95.45361240078063
1,i64-o64,8,disaggregated,21.451735040000003,10000,,32,32,32,32,2048,1.0,21.455447819,1.4914626937621973,95.45361240078063,1.4914626937621973,95.45361240078063
1,i64-o64,8,disaggregated,21.451735040000003,20000,,32,32,32,32,2048,1.0,21.455447819,1.4914626937621973,95.45361240078063,1.4914626937621973,95.45361240078063
1,i704-o16,1,disaggregated,21.475166208,100,,32,0,0,32,0,0.0,21.47743996,0.0,0.0,1.4899354885683498,23.838967817093597
1,i704-o16,1,disaggregated,21.475166208,250,,32,0,0,32,0,0.0,21.47743996,0.0,0.0,1.4899354885683498,23.838967817093597
1,i704-o16,1,disaggregated,21.475166208,500,,32,32,32,32,512,1.0,21.47743996,1.4899354885683498,23.838967817093597,1.4899354885683498,23.838967817093597
1,i704-o16,1,disaggregated,21.475166208,1000,,32,32,32,32,512,1.0,21.47743996,1.4899354885683498,23.838967817093597,1.4899354885683498,23.838967817093597
1,i704-o16,1,disaggregated,21.475166208,2000,,32,32,32,32,512,1.0,21.47743996,1.4899354885683498,23.838967817093597,1.4899354885683498,23.838967817093597
1,i704-o16,1,disaggregated,21.475166208,5000,,32,32,32,32,512,1.0,21.47743996,1.4899354885683498,23.838967817093597,1.4899354885683498,23.838967817093597
1,i704-o16,1,disaggregated,21.475166208,10000,,32,32,32,32,512,1.0,21.47743996,1.4899354885683498,23.838967817093597,1.4899354885683498,23.838967817093597
1,i704-o16,1,disaggregated,21.475166208,20000,,32,32,32,32,512,1.0,21.47743996,1.4899354885683498,23.838967817093597,1.4899354885683498,23.838967817093597
1,i704-o16,2,disaggregated,11.12854528,100,,32,0,0,32,0,0.0,11.130975587,0.0,0.0,2.8748603165901456,45.99776506544233
1,i704-o16,2,disaggregated,11.12854528,250,,32,0,0,32,0,0.0,11.130975587,0.0,0.0,2.8748603165901456,45.99776506544233
1,i704-o16,2,disaggregated,11.12854528,500,,32,31,31,32,496,0.96875,11.130975587,2.7850209316967036,44.56033490714726,2.8748603165901456,45.99776506544233
1,i704-o16,2,disaggregated,11.12854528,1000,,32,32,32,32,512,1.0,11.130975587,2.8748603165901456,45.99776506544233,2.8748603165901456,45.99776506544233
1,i704-o16,2,disaggregated,11.12854528,2000,,32,32,32,32,512,1.0,11.130975587,2.8748603165901456,45.99776506544233,2.8748603165901456,45.99776506544233
1,i704-o16,2,disaggregated,11.12854528,5000,,32,32,32,32,512,1.0,11.130975587,2.8748603165901456,45.99776506544233,2.8748603165901456,45.99776506544233
1,i704-o16,2,disaggregated,11.12854528,10000,,32,32,32,32,512,1.0,11.130975587,2.8748603165901456,45.99776506544233,2.8748603165901456,45.99776506544233
1,i704-o16,2,disaggregated,11.12854528,20000,,32,32,32,32,512,1.0,11.130975587,2.8748603165901456,45.99776506544233,2.8748603165901456,45.99776506544233
1,i704-o16,4,disaggregated,6.8495562240000005,100,,32,0,0,32,0,0.0,6.85659639,0.0,0.0,4.667038597557002,74.67261756091203
1,i704-o16,4,disaggregated,6.8495562240000005,250,,32,0,0,32,0,0.0,6.85659639,0.0,0.0,4.667038597557002,74.67261756091203
1,i704-o16,4,disaggregated,6.8495562240000005,500,,32,27,27,32,432,0.84375,6.85659639,3.93781381668872,63.00502106701952,4.667038597557002,74.67261756091203
1,i704-o16,4,disaggregated,6.8495562240000005,1000,,32,32,32,32,512,1.0,6.85659639,4.667038597557002,74.67261756091203,4.667038597557002,74.67261756091203
1,i704-o16,4,disaggregated,6.8495562240000005,2000,,32,32,32,32,512,1.0,6.85659639,4.667038597557002,74.67261756091203,4.667038597557002,74.67261756091203
1,i704-o16,4,disaggregated,6.8495562240000005,5000,,32,32,32,32,512,1.0,6.85659639,4.667038597557002,74.67261756091203,4.667038597557002,74.67261756091203
1,i704-o16,4,disaggregated,6.8495562240000005,10000,,32,32,32,32,512,1.0,6.85659639,4.667038597557002,74.67261756091203,4.667038597557002,74.67261756091203
1,i704-o16,4,disaggregated,6.8495562240000005,20000,,32,32,32,32,512,1.0,6.85659639,4.667038597557002,74.67261756091203,4.667038597557002,74.67261756091203
1,i704-o16,8,disaggregated,6.319330048,100,,32,0,0,32,0,0.0,6.3261392810000014,0.0,0.0,5.058377405016858,80.93403848026973
1,i704-o16,8,disaggregated,6.319330048,250,,32,0,0,32,0,0.0,6.3261392810000014,0.0,0.0,5.058377405016858,80.93403848026973
1,i704-o16,8,disaggregated,6.319330048,500,,32,1,1,32,16,0.03125,6.3261392810000014,0.15807429390677682,2.529188702508429,5.058377405016858,80.93403848026973
1,i704-o16,8,disaggregated,6.319330048,1000,,32,16,16,32,256,0.5,6.3261392810000014,2.529188702508429,40.46701924013487,5.058377405016858,80.93403848026973
1,i704-o16,8,disaggregated,6.319330048,2000,,32,32,32,32,512,1.0,6.3261392810000014,5.058377405016858,80.93403848026973,5.058377405016858,80.93403848026973
1,i704-o16,8,disaggregated,6.319330048,5000,,32,32,32,32,512,1.0,6.3261392810000014,5.058377405016858,80.93403848026973,5.058377405016858,80.93403848026973
1,i704-o16,8,disaggregated,6.319330048,10000,,32,32,32,32,512,1.0,6.3261392810000014,5.058377405016858,80.93403848026973,5.058377405016858,80.93403848026973
1,i704-o16,8,disaggregated,6.319330048,20000,,32,32,32,32,512,1.0,6.3261392810000014,5.058377405016858,80.93403848026973,5.058377405016858,80.93403848026973
1,i704-o256,1,disaggregated,247.15203916800002,100,,32,0,0,32,0,0.0,247.15498552900002,0.0,0.0,0.12947341495664577,33.14519422890132
1,i704-o256,1,disaggregated,247.15203916800002,250,,32,0,0,32,0,0.0,247.15498552900002,0.0,0.0,0.12947341495664577,33.14519422890132
1,i704-o256,1,disaggregated,247.15203916800002,500,,32,32,32,32,8192,1.0,247.15498552900002,0.12947341495664577,33.14519422890132,0.12947341495664577,33.14519422890132
1,i704-o256,1,disaggregated,247.15203916800002,1000,,32,32,32,32,8192,1.0,247.15498552900002,0.12947341495664577,33.14519422890132,0.12947341495664577,33.14519422890132
1,i704-o256,1,disaggregated,247.15203916800002,2000,,32,32,32,32,8192,1.0,247.15498552900002,0.12947341495664577,33.14519422890132,0.12947341495664577,33.14519422890132
1,i704-o256,1,disaggregated,247.15203916800002,5000,,32,32,32,32,8192,1.0,247.15498552900002,0.12947341495664577,33.14519422890132,0.12947341495664577,33.14519422890132
1,i704-o256,1,disaggregated,247.15203916800002,10000,,32,32,32,32,8192,1.0,247.15498552900002,0.12947341495664577,33.14519422890132,0.12947341495664577,33.14519422890132
1,i704-o256,1,disaggregated,247.15203916800002,20000,,32,32,32,32,8192,1.0,247.15498552900002,0.12947341495664577,33.14519422890132,0.12947341495664577,33.14519422890132
1,i704-o256,2,disaggregated,124.524728576,100,,32,0,0,32,0,0.0,124.527949918,0.0,0.0,0.2569704232750284,65.78442835840727
1,i704-o256,2,disaggregated,124.524728576,250,,32,0,0,32,0,0.0,124.527949918,0.0,0.0,0.2569704232750284,65.78442835840727
1,i704-o256,2,disaggregated,124.524728576,500,,32,31,31,32,7936,0.96875,124.527949918,0.24894009754768376,63.72866497220704,0.2569704232750284,65.78442835840727
1,i704-o256,2,disaggregated,124.524728576,1000,,32,32,32,32,8192,1.0,124.527949918,0.2569704232750284,65.78442835840727,0.2569704232750284,65.78442835840727
1,i704-o256,2,disaggregated,124.524728576,2000,,32,32,32,32,8192,1.0,124.527949918,0.2569704232750284,65.78442835840727,0.2569704232750284,65.78442835840727
1,i704-o256,2,disaggregated,124.524728576,5000,,32,32,32,32,8192,1.0,124.527949918,0.2569704232750284,65.78442835840727,0.2569704232750284,65.78442835840727
1,i704-o256,2,disaggregated,124.524728576,10000,,32,32,32,32,8192,1.0,124.527949918,0.2569704232750284,65.78442835840727,0.2569704232750284,65.78442835840727
1,i704-o256,2,disaggregated,124.524728576,20000,,32,32,32,32,8192,1.0,124.527949918,0.2569704232750284,65.78442835840727,0.2569704232750284,65.78442835840727
1,i704-o256,4,disaggregated,86.559060224,100,,32,0,0,32,0,0.0,86.568003296,0.0,0.0,0.3696515892896724,94.63080685815613
1,i704-o256,4,disaggregated,86.559060224,250,,32,0,0,32,0,0.0,86.568003296,0.0,0.0,0.3696515892896724,94.63080685815613
1,i704-o256,4,disaggregated,86.559060224,500,,32,19,19,32,4864,0.59375,86.568003296,0.21948063114074298,56.1870415720302,0.3696515892896724,94.63080685815613
1,i704-o256,4,disaggregated,86.559060224,1000,,32,22,22,32,5632,0.6875,86.568003296,0.2541354676366498,65.05867971498235,0.3696515892896724,94.63080685815613
1,i704-o256,4,disaggregated,86.559060224,2000,,32,22,22,32,5632,0.6875,86.568003296,0.2541354676366498,65.05867971498235,0.3696515892896724,94.63080685815613
1,i704-o256,4,disaggregated,86.559060224,5000,,32,22,22,32,5632,0.6875,86.568003296,0.2541354676366498,65.05867971498235,0.3696515892896724,94.63080685815613
1,i704-o256,4,disaggregated,86.559060224,10000,,32,32,32,32,8192,1.0,86.568003296,0.3696515892896724,94.63080685815613,0.3696515892896724,94.63080685815613
1,i704-o256,4,disaggregated,86.559060224,20000,,32,32,32,32,8192,1.0,86.568003296,0.3696515892896724,94.63080685815613,0.3696515892896724,94.63080685815613
1,i704-o256,8,disaggregated,86.826588928,100,,32,0,0,32,0,0.0,86.839608729,0.0,0.0,0.36849544198042467,94.33483314698871
1,i704-o256,8,disaggregated,86.826588928,250,,32,0,0,32,0,0.0,86.839608729,0.0,0.0,0.36849544198042467,94.33483314698871
1,i704-o256,8,disaggregated,86.826588928,500,,32,1,1,32,256,0.03125,86.839608729,0.01151548256188827,2.9479635358433973,0.36849544198042467,94.33483314698871
1,i704-o256,8,disaggregated,86.826588928,1000,,32,3,3,32,768,0.09375,86.839608729,0.03454644768566481,8.843890607530192,0.36849544198042467,94.33483314698871
1,i704-o256,8,disaggregated,86.826588928,2000,,32,3,3,32,768,0.09375,86.839608729,0.03454644768566481,8.843890607530192,0.36849544198042467,94.33483314698871
1,i704-o256,8,disaggregated,86.826588928,5000,,32,3,3,32,768,0.09375,86.839608729,0.03454644768566481,8.843890607530192,0.36849544198042467,94.33483314698871
1,i704-o256,8,disaggregated,86.826588928,10000,,32,14,14,32,3584,0.4375,86.839608729,0.16121675586643577,41.27148950180756,0.36849544198042467,94.33483314698871
1,i704-o256,8,disaggregated,86.826588928,20000,,32,32,32,32,8192,1.0,86.839608729,0.36849544198042467,94.33483314698871,0.36849544198042467,94.33483314698871
1,i704-o64,1,disaggregated,66.86235980800001,100,,32,0,0,32,0,0.0,66.864880013,0.0,0.0,0.4785770944893417,30.62893404731787
1,i704-o64,1,disaggregated,66.86235980800001,250,,32,0,0,32,0,0.0,66.864880013,0.0,0.0,0.4785770944893417,30.62893404731787
1,i704-o64,1,disaggregated,66.86235980800001,500,,32,32,32,32,2048,1.0,66.864880013,0.4785770944893417,30.62893404731787,0.4785770944893417,30.62893404731787
1,i704-o64,1,disaggregated,66.86235980800001,1000,,32,32,32,32,2048,1.0,66.864880013,0.4785770944893417,30.62893404731787,0.4785770944893417,30.62893404731787
1,i704-o64,1,disaggregated,66.86235980800001,2000,,32,32,32,32,2048,1.0,66.864880013,0.4785770944893417,30.62893404731787,0.4785770944893417,30.62893404731787
1,i704-o64,1,disaggregated,66.86235980800001,5000,,32,32,32,32,2048,1.0,66.864880013,0.4785770944893417,30.62893404731787,0.4785770944893417,30.62893404731787
1,i704-o64,1,disaggregated,66.86235980800001,10000,,32,32,32,32,2048,1.0,66.864880013,0.4785770944893417,30.62893404731787,0.4785770944893417,30.62893404731787
1,i704-o64,1,disaggregated,66.86235980800001,20000,,32,32,32,32,2048,1.0,66.864880013,0.4785770944893417,30.62893404731787,0.4785770944893417,30.62893404731787
1,i704-o64,2,disaggregated,33.87425024,100,,32,0,0,32,0,0.0,33.876908141,0.0,0.0,0.9445962384410032,60.4541592602242
1,i704-o64,2,disaggregated,33.87425024,250,,32,0,0,32,0,0.0,33.876908141,0.0,0.0,0.9445962384410032,60.4541592602242
1,i704-o64,2,disaggregated,33.87425024,500,,32,31,31,32,1984,0.96875,33.876908141,0.9150776059897219,58.5649667833422,0.9445962384410032,60.4541592602242
1,i704-o64,2,disaggregated,33.87425024,1000,,32,32,32,32,2048,1.0,33.876908141,0.9445962384410032,60.4541592602242,0.9445962384410032,60.4541592602242
1,i704-o64,2,disaggregated,33.87425024,2000,,32,32,32,32,2048,1.0,33.876908141,0.9445962384410032,60.4541592602242,0.9445962384410032,60.4541592602242
1,i704-o64,2,disaggregated,33.87425024,5000,,32,32,32,32,2048,1.0,33.876908141,0.9445962384410032,60.4541592602242,0.9445962384410032,60.4541592602242
1,i704-o64,2,disaggregated,33.87425024,10000,,32,32,32,32,2048,1.0,33.876908141,0.9445962384410032,60.4541592602242,0.9445962384410032,60.4541592602242
1,i704-o64,2,disaggregated,33.87425024,20000,,32,32,32,32,2048,1.0,33.876908141,0.9445962384410032,60.4541592602242,0.9445962384410032,60.4541592602242
1,i704-o64,4,disaggregated,22.354305024000002,100,,32,0,0,32,0,0.0,22.361595444000002,0.0,0.0,1.4310249051834156,91.5855939317386
1,i704-o64,4,disaggregated,22.354305024000002,250,,32,0,0,32,0,0.0,22.361595444000002,0.0,0.0,1.4310249051834156,91.5855939317386
1,i704-o64,4,disaggregated,22.354305024000002,500,,32,20,20,32,1280,0.625,22.361595444000002,0.8943905657396347,57.24099620733662,1.4310249051834156,91.5855939317386
1,i704-o64,4,disaggregated,22.354305024000002,1000,,32,22,22,32,1408,0.6875,22.361595444000002,0.9838296223135982,62.96509582807028,1.4310249051834156,91.5855939317386
1,i704-o64,4,disaggregated,22.354305024000002,2000,,32,31,31,32,1984,0.96875,22.361595444000002,1.3863053768964337,88.72354412137176,1.4310249051834156,91.5855939317386
1,i704-o64,4,disaggregated,22.354305024000002,5000,,32,32,32,32,2048,1.0,22.361595444000002,1.4310249051834156,91.5855939317386,1.4310249051834156,91.5855939317386
1,i704-o64,4,disaggregated,22.354305024000002,10000,,32,32,32,32,2048,1.0,22.361595444000002,1.4310249051834156,91.5855939317386,1.4310249051834156,91.5855939317386
1,i704-o64,4,disaggregated,22.354305024000002,20000,,32,32,32,32,2048,1.0,22.361595444000002,1.4310249051834156,91.5855939317386,1.4310249051834156,91.5855939317386
1,i704-o64,8,disaggregated,22.237796608,100,,32,0,0,32,0,0.0,22.247621484,0.0,0.0,1.4383560068663384,92.05478443944565
1,i704-o64,8,disaggregated,22.237796608,250,,32,0,0,32,0,0.0,22.247621484,0.0,0.0,1.4383560068663384,92.05478443944565
1,i704-o64,8,disaggregated,22.237796608,500,,32,1,1,32,64,0.03125,22.247621484,0.044948625214573074,2.8767120137326767,1.4383560068663384,92.05478443944565
1,i704-o64,8,disaggregated,22.237796608,1000,,32,3,3,32,192,0.09375,22.247621484,0.13484587564371922,8.63013604119803,1.4383560068663384,92.05478443944565
1,i704-o64,8,disaggregated,22.237796608,2000,,32,7,7,32,448,0.21875,22.247621484,0.3146403765020115,20.136984096128735,1.4383560068663384,92.05478443944565
1,i704-o64,8,disaggregated,22.237796608,5000,,32,32,32,32,2048,1.0,22.247621484,1.4383560068663384,92.05478443944565,1.4383560068663384,92.05478443944565
1,i704-o64,8,disaggregated,22.237796608,10000,,32,32,32,32,2048,1.0,22.247621484,1.4383560068663384,92.05478443944565,1.4383560068663384,92.05478443944565
1,i704-o64,8,disaggregated,22.237796608,20000,,32,32,32,32,2048,1.0,22.247621484,1.4383560068663384,92.05478443944565,1.4383560068663384,92.05478443944565
1,mixed,1,disaggregated,145.063388928,100,,32,11,11,32,2816,0.34375,145.066281229,0.07582740735343953,19.41181628248052,0.22058882139182406,33.30891203016543
1,mixed,1,disaggregated,145.063388928,250,,32,18,18,32,4608,0.5625,145.066281229,0.12408121203290104,31.764790280422666,0.22058882139182406,33.30891203016543
1,mixed,1,disaggregated,145.063388928,500,,32,32,32,32,4832,1.0,145.066281229,0.22058882139182406,33.30891203016543,0.22058882139182406,33.30891203016543
1,mixed,1,disaggregated,145.063388928,1000,,32,32,32,32,4832,1.0,145.066281229,0.22058882139182406,33.30891203016543,0.22058882139182406,33.30891203016543
1,mixed,1,disaggregated,145.063388928,2000,,32,32,32,32,4832,1.0,145.066281229,0.22058882139182406,33.30891203016543,0.22058882139182406,33.30891203016543
1,mixed,1,disaggregated,145.063388928,5000,,32,32,32,32,4832,1.0,145.066281229,0.22058882139182406,33.30891203016543,0.22058882139182406,33.30891203016543
1,mixed,1,disaggregated,145.063388928,10000,,32,32,32,32,4832,1.0,145.066281229,0.22058882139182406,33.30891203016543,0.22058882139182406,33.30891203016543
1,mixed,1,disaggregated,145.063388928,20000,,32,32,32,32,4832,1.0,145.066281229,0.22058882139182406,33.30891203016543,0.22058882139182406,33.30891203016543
1,mixed,2,disaggregated,83.373388288,100,,32,11,11,32,2816,0.34375,83.376250564,0.13193205409922276,33.77460584940103,0.38380233919773893,57.95415321885858
1,mixed,2,disaggregated,83.373388288,250,,32,16,16,32,4096,0.5,83.376250564,0.19190116959886946,49.12669941731058,0.38380233919773893,57.95415321885858
1,mixed,2,disaggregated,83.373388288,500,,32,29,29,32,4304,0.90625,83.376250564,0.3478208698979509,51.621414622095884,0.38380233919773893,57.95415321885858
1,mixed,2,disaggregated,83.373388288,1000,,32,29,29,32,4304,0.90625,83.376250564,0.3478208698979509,51.621414622095884,0.38380233919773893,57.95415321885858
1,mixed,2,disaggregated,83.373388288,2000,,32,29,29,32,4304,0.90625,83.376250564,0.3478208698979509,51.621414622095884,0.38380233919773893,57.95415321885858
1,mixed,2,disaggregated,83.373388288,5000,,32,31,31,32,4576,0.96875,83.376250564,0.37180851609780957,54.883734505276664,0.38380233919773893,57.95415321885858
1,mixed,2,disaggregated,83.373388288,10000,,32,32,32,32,4832,1.0,83.376250564,0.38380233919773893,57.95415321885858,0.38380233919773893,57.95415321885858
1,mixed,2,disaggregated,83.373388288,20000,,32,32,32,32,4832,1.0,83.376250564,0.38380233919773893,57.95415321885858,0.38380233919773893,57.95415321885858
1,mixed,4,disaggregated,56.92773913600001,100,,32,7,7,32,1792,0.21875,56.93413570600001,0.12294908692646236,31.474966253174365,0.5620529688066851,84.86999828980944
1,mixed,4,disaggregated,56.92773913600001,250,,32,12,12,32,3072,0.375,56.93413570600001,0.2107698633025069,53.95708500544177,0.5620529688066851,84.86999828980944
1,mixed,4,disaggregated,56.92773913600001,500,,32,18,18,32,3168,0.5625,56.93413570600001,0.31615479495376037,55.64324391186182,0.5620529688066851,84.86999828980944
1,mixed,4,disaggregated,56.92773913600001,1000,,32,21,21,32,3456,0.65625,56.93413570600001,0.36884726077938707,60.70172063112199,0.5620529688066851,84.86999828980944
1,mixed,4,disaggregated,56.92773913600001,2000,,32,21,21,32,3456,0.65625,56.93413570600001,0.36884726077938707,60.70172063112199,0.5620529688066851,84.86999828980944
1,mixed,4,disaggregated,56.92773913600001,5000,,32,24,24,32,3744,0.75,56.93413570600001,0.4215397266050138,65.76019735038216,0.5620529688066851,84.86999828980944
1,mixed,4,disaggregated,56.92773913600001,10000,,32,30,30,32,4560,0.9375,56.93413570600001,0.5269246582562672,80.09254805495262,0.5620529688066851,84.86999828980944
1,mixed,4,disaggregated,56.92773913600001,20000,,32,32,32,32,4832,1.0,56.93413570600001,0.5620529688066851,84.86999828980944,0.5620529688066851,84.86999828980944
1,mixed,8,disaggregated,53.002128128,100,,32,1,1,32,256,0.03125,53.005912497000004,0.018865819922571796,4.82964990017838,0.6037062375222975,91.15964186586692
1,mixed,8,disaggregated,53.002128128,250,,32,4,4,32,1024,0.125,53.005912497000004,0.07546327969028718,19.31859960071352,0.6037062375222975,91.15964186586692
1,mixed,8,disaggregated,53.002128128,500,,32,6,6,32,1056,0.1875,53.005912497000004,0.11319491953543077,19.922305838235815,0.6037062375222975,91.15964186586692
1,mixed,8,disaggregated,53.002128128,1000,,32,10,10,32,1840,0.3125,53.005912497000004,0.18865819922571797,34.7131086575321,0.6037062375222975,91.15964186586692
1,mixed,8,disaggregated,53.002128128,2000,,32,10,10,32,1840,0.3125,53.005912497000004,0.18865819922571797,34.7131086575321,0.6037062375222975,91.15964186586692
1,mixed,8,disaggregated,53.002128128,5000,,32,11,11,32,2096,0.34375,53.005912497000004,0.20752401914828975,39.542758557710485,0.6037062375222975,91.15964186586692
1,mixed,8,disaggregated,53.002128128,10000,,32,23,23,32,3728,0.71875,53.005912497000004,0.4339138582191513,70.33177667134765,0.6037062375222975,91.15964186586692
1,mixed,8,disaggregated,53.002128128,20000,,32,32,32,32,4832,1.0,53.005912497000004,0.6037062375222975,91.15964186586692,0.6037062375222975,91.15964186586692
2,i256-o16,1,disaggregated,16.965054208,100,,32,0,0,32,0,0.0,16.967233666000002,0.0,0.0,1.8859880537935652,30.175808860697042
2,i256-o16,1,disaggregated,16.965054208,250,,32,32,32,32,512,1.0,16.967233666000002,1.8859880537935652,30.175808860697042,1.8859880537935652,30.175808860697042
2,i256-o16,1,disaggregated,16.965054208,500,,32,32,32,32,512,1.0,16.967233666000002,1.8859880537935652,30.175808860697042,1.8859880537935652,30.175808860697042
2,i256-o16,1,disaggregated,16.965054208,1000,,32,32,32,32,512,1.0,16.967233666000002,1.8859880537935652,30.175808860697042,1.8859880537935652,30.175808860697042
2,i256-o16,1,disaggregated,16.965054208,2000,,32,32,32,32,512,1.0,16.967233666000002,1.8859880537935652,30.175808860697042,1.8859880537935652,30.175808860697042
2,i256-o16,1,disaggregated,16.965054208,5000,,32,32,32,32,512,1.0,16.967233666000002,1.8859880537935652,30.175808860697042,1.8859880537935652,30.175808860697042
2,i256-o16,1,disaggregated,16.965054208,10000,,32,32,32,32,512,1.0,16.967233666000002,1.8859880537935652,30.175808860697042,1.8859880537935652,30.175808860697042
2,i256-o16,1,disaggregated,16.965054208,20000,,32,32,32,32,512,1.0,16.967233666000002,1.8859880537935652,30.175808860697042,1.8859880537935652,30.175808860697042
2,i256-o16,2,disaggregated,8.511051008,100,,32,0,0,32,0,0.0,8.513404845,0.0,0.0,3.758778136669242,60.140450186707874
2,i256-o16,2,disaggregated,8.511051008,250,,32,32,32,32,512,1.0,8.513404845,3.758778136669242,60.140450186707874,3.758778136669242,60.140450186707874
2,i256-o16,2,disaggregated,8.511051008,500,,32,32,32,32,512,1.0,8.513404845,3.758778136669242,60.140450186707874,3.758778136669242,60.140450186707874
2,i256-o16,2,disaggregated,8.511051008,1000,,32,32,32,32,512,1.0,8.513404845,3.758778136669242,60.140450186707874,3.758778136669242,60.140450186707874
2,i256-o16,2,disaggregated,8.511051008,2000,,32,32,32,32,512,1.0,8.513404845,3.758778136669242,60.140450186707874,3.758778136669242,60.140450186707874
2,i256-o16,2,disaggregated,8.511051008,5000,,32,32,32,32,512,1.0,8.513404845,3.758778136669242,60.140450186707874,3.758778136669242,60.140450186707874
2,i256-o16,2,disaggregated,8.511051008,10000,,32,32,32,32,512,1.0,8.513404845,3.758778136669242,60.140450186707874,3.758778136669242,60.140450186707874
2,i256-o16,2,disaggregated,8.511051008,20000,,32,32,32,32,512,1.0,8.513404845,3.758778136669242,60.140450186707874,3.758778136669242,60.140450186707874
2,i256-o16,4,disaggregated,5.487447808000001,100,,32,0,0,32,0,0.0,5.492074365000001,0.0,0.0,5.826578060182547,93.22524896292076
2,i256-o16,4,disaggregated,5.487447808000001,250,,32,21,21,32,336,0.65625,5.492074365000001,3.8236918519947967,61.17906963191675,5.826578060182547,93.22524896292076
2,i256-o16,4,disaggregated,5.487447808000001,500,,32,31,31,32,496,0.96875,5.492074365000001,5.644497495801843,90.31195993282948,5.826578060182547,93.22524896292076
2,i256-o16,4,disaggregated,5.487447808000001,1000,,32,32,32,32,512,1.0,5.492074365000001,5.826578060182547,93.22524896292076,5.826578060182547,93.22524896292076
2,i256-o16,4,disaggregated,5.487447808000001,2000,,32,32,32,32,512,1.0,5.492074365000001,5.826578060182547,93.22524896292076,5.826578060182547,93.22524896292076
2,i256-o16,4,disaggregated,5.487447808000001,5000,,32,32,32,32,512,1.0,5.492074365000001,5.826578060182547,93.22524896292076,5.826578060182547,93.22524896292076
2,i256-o16,4,disaggregated,5.487447808000001,10000,,32,32,32,32,512,1.0,5.492074365000001,5.826578060182547,93.22524896292076,5.826578060182547,93.22524896292076
2,i256-o16,4,disaggregated,5.487447808000001,20000,,32,32,32,32,512,1.0,5.492074365000001,5.826578060182547,93.22524896292076,5.826578060182547,93.22524896292076
2,i256-o16,8,disaggregated,5.383343872,100,,32,0,0,32,0,0.0,5.389253289,0.0,0.0,5.9377428159324355,95.00388505491897
2,i256-o16,8,disaggregated,5.383343872,250,,32,2,2,32,32,0.0625,5.389253289,0.3711089259957772,5.9377428159324355,5.9377428159324355,95.00388505491897
2,i256-o16,8,disaggregated,5.383343872,500,,32,3,3,32,48,0.09375,5.389253289,0.5566633889936659,8.906614223898654,5.9377428159324355,95.00388505491897
2,i256-o16,8,disaggregated,5.383343872,1000,,32,29,29,32,464,0.90625,5.389253289,5.381079426938769,86.09727083102031,5.9377428159324355,95.00388505491897
2,i256-o16,8,disaggregated,5.383343872,2000,,32,32,32,32,512,1.0,5.389253289,5.9377428159324355,95.00388505491897,5.9377428159324355,95.00388505491897
2,i256-o16,8,disaggregated,5.383343872,5000,,32,32,32,32,512,1.0,5.389253289,5.9377428159324355,95.00388505491897,5.9377428159324355,95.00388505491897
2,i256-o16,8,disaggregated,5.383343872,10000,,32,32,32,32,512,1.0,5.389253289,5.9377428159324355,95.00388505491897,5.9377428159324355,95.00388505491897
2,i256-o16,8,disaggregated,5.383343872,20000,,32,32,32,32,512,1.0,5.389253289,5.9377428159324355,95.00388505491897,5.9377428159324355,95.00388505491897
2,i256-o256,1,disaggregated,236.522838272,100,,32,0,0,32,0,0.0,236.525864358,0.0,0.0,0.1352917579938131,34.634690046416154
2,i256-o256,1,disaggregated,236.522838272,250,,32,32,32,32,8192,1.0,236.525864358,0.1352917579938131,34.634690046416154,0.1352917579938131,34.634690046416154
2,i256-o256,1,disaggregated,236.522838272,500,,32,32,32,32,8192,1.0,236.525864358,0.1352917579938131,34.634690046416154,0.1352917579938131,34.634690046416154
2,i256-o256,1,disaggregated,236.522838272,1000,,32,32,32,32,8192,1.0,236.525864358,0.1352917579938131,34.634690046416154,0.1352917579938131,34.634690046416154
2,i256-o256,1,disaggregated,236.522838272,2000,,32,32,32,32,8192,1.0,236.525864358,0.1352917579938131,34.634690046416154,0.1352917579938131,34.634690046416154
2,i256-o256,1,disaggregated,236.522838272,5000,,32,32,32,32,8192,1.0,236.525864358,0.1352917579938131,34.634690046416154,0.1352917579938131,34.634690046416154
2,i256-o256,1,disaggregated,236.522838272,10000,,32,32,32,32,8192,1.0,236.525864358,0.1352917579938131,34.634690046416154,0.1352917579938131,34.634690046416154
2,i256-o256,1,disaggregated,236.522838272,20000,,32,32,32,32,8192,1.0,236.525864358,0.1352917579938131,34.634690046416154,0.1352917579938131,34.634690046416154
2,i256-o256,2,disaggregated,118.93773542400001,100,,32,0,0,32,0,0.0,118.94098460900001,0.0,0.0,0.26904098789155834,68.87449290023893
2,i256-o256,2,disaggregated,118.93773542400001,250,,32,32,32,32,8192,1.0,118.94098460900001,0.26904098789155834,68.87449290023893,0.26904098789155834,68.87449290023893
2,i256-o256,2,disaggregated,118.93773542400001,500,,32,32,32,32,8192,1.0,118.94098460900001,0.26904098789155834,68.87449290023893,0.26904098789155834,68.87449290023893
2,i256-o256,2,disaggregated,118.93773542400001,1000,,32,32,32,32,8192,1.0,118.94098460900001,0.26904098789155834,68.87449290023893,0.26904098789155834,68.87449290023893
2,i256-o256,2,disaggregated,118.93773542400001,2000,,32,32,32,32,8192,1.0,118.94098460900001,0.26904098789155834,68.87449290023893,0.26904098789155834,68.87449290023893
2,i256-o256,2,disaggregated,118.93773542400001,5000,,32,32,32,32,8192,1.0,118.94098460900001,0.26904098789155834,68.87449290023893,0.26904098789155834,68.87449290023893
2,i256-o256,2,disaggregated,118.93773542400001,10000,,32,32,32,32,8192,1.0,118.94098460900001,0.26904098789155834,68.87449290023893,0.26904098789155834,68.87449290023893
2,i256-o256,2,disaggregated,118.93773542400001,20000,,32,32,32,32,8192,1.0,118.94098460900001,0.26904098789155834,68.87449290023893,0.26904098789155834,68.87449290023893
2,i256-o256,4,disaggregated,82.423124736,100,,32,0,0,32,0,0.0,82.426954924,0.0,0.0,0.3882225181010861,99.38496463387804
2,i256-o256,4,disaggregated,82.423124736,250,,32,12,12,32,3072,0.375,82.426954924,0.1455834442879073,37.269361737704266,0.3882225181010861,99.38496463387804
2,i256-o256,4,disaggregated,82.423124736,500,,32,20,20,32,5120,0.625,82.426954924,0.2426390738131788,62.115602896173776,0.3882225181010861,99.38496463387804
2,i256-o256,4,disaggregated,82.423124736,1000,,32,22,22,32,5632,0.6875,82.426954924,0.26690298119449674,68.32716318579116,0.3882225181010861,99.38496463387804
2,i256-o256,4,disaggregated,82.423124736,2000,,32,22,22,32,5632,0.6875,82.426954924,0.26690298119449674,68.32716318579116,0.3882225181010861,99.38496463387804
2,i256-o256,4,disaggregated,82.423124736,5000,,32,22,22,32,5632,0.6875,82.426954924,0.26690298119449674,68.32716318579116,0.3882225181010861,99.38496463387804
2,i256-o256,4,disaggregated,82.423124736,10000,,32,32,32,32,8192,1.0,82.426954924,0.3882225181010861,99.38496463387804,0.3882225181010861,99.38496463387804
2,i256-o256,4,disaggregated,82.423124736,20000,,32,32,32,32,8192,1.0,82.426954924,0.3882225181010861,99.38496463387804,0.3882225181010861,99.38496463387804
2,i256-o256,8,disaggregated,83.36790860800001,100,,32,0,0,32,0,0.0,83.37271769600001,0.0,0.0,0.38381860258748973,98.25756226239737
2,i256-o256,8,disaggregated,83.36790860800001,250,,32,2,2,32,512,0.0625,83.37271769600001,0.02398866266171811,6.141097641399836,0.38381860258748973,98.25756226239737
2,i256-o256,8,disaggregated,83.36790860800001,500,,32,3,3,32,768,0.09375,83.37271769600001,0.035982993992577164,9.211646462099754,0.38381860258748973,98.25756226239737
2,i256-o256,8,disaggregated,83.36790860800001,1000,,32,3,3,32,768,0.09375,83.37271769600001,0.035982993992577164,9.211646462099754,0.38381860258748973,98.25756226239737
2,i256-o256,8,disaggregated,83.36790860800001,2000,,32,3,3,32,768,0.09375,83.37271769600001,0.035982993992577164,9.211646462099754,0.38381860258748973,98.25756226239737
2,i256-o256,8,disaggregated,83.36790860800001,5000,,32,3,3,32,768,0.09375,83.37271769600001,0.035982993992577164,9.211646462099754,0.38381860258748973,98.25756226239737
2,i256-o256,8,disaggregated,83.36790860800001,10000,,32,14,14,32,3584,0.4375,83.37271769600001,0.16792063863202675,42.98768348979885,0.38381860258748973,98.25756226239737
2,i256-o256,8,disaggregated,83.36790860800001,20000,,32,32,32,32,8192,1.0,83.37271769600001,0.38381860258748973,98.25756226239737,0.38381860258748973,98.25756226239737
2,i256-o64,1,disaggregated,61.017188608000005,100,,32,0,0,32,0,0.0,61.01955698200001,0.0,0.0,0.524422030947219,33.56300998062201
2,i256-o64,1,disaggregated,61.017188608000005,250,,32,32,32,32,2048,1.0,61.01955698200001,0.524422030947219,33.56300998062201,0.524422030947219,33.56300998062201
2,i256-o64,1,disaggregated,61.017188608000005,500,,32,32,32,32,2048,1.0,61.01955698200001,0.524422030947219,33.56300998062201,0.524422030947219,33.56300998062201
2,i256-o64,1,disaggregated,61.017188608000005,1000,,32,32,32,32,2048,1.0,61.01955698200001,0.524422030947219,33.56300998062201,0.524422030947219,33.56300998062201
2,i256-o64,1,disaggregated,61.017188608000005,2000,,32,32,32,32,2048,1.0,61.01955698200001,0.524422030947219,33.56300998062201,0.524422030947219,33.56300998062201
2,i256-o64,1,disaggregated,61.017188608000005,5000,,32,32,32,32,2048,1.0,61.01955698200001,0.524422030947219,33.56300998062201,0.524422030947219,33.56300998062201
2,i256-o64,1,disaggregated,61.017188608000005,10000,,32,32,32,32,2048,1.0,61.01955698200001,0.524422030947219,33.56300998062201,0.524422030947219,33.56300998062201
2,i256-o64,1,disaggregated,61.017188608000005,20000,,32,32,32,32,2048,1.0,61.01955698200001,0.524422030947219,33.56300998062201,0.524422030947219,33.56300998062201
2,i256-o64,2,disaggregated,30.625544704000003,100,,32,0,0,32,0,0.0,30.628293701,0.0,0.0,1.044785593098685,66.86627795831583
2,i256-o64,2,disaggregated,30.625544704000003,250,,32,32,32,32,2048,1.0,30.628293701,1.044785593098685,66.86627795831583,1.044785593098685,66.86627795831583
2,i256-o64,2,disaggregated,30.625544704000003,500,,32,32,32,32,2048,1.0,30.628293701,1.044785593098685,66.86627795831583,1.044785593098685,66.86627795831583
2,i256-o64,2,disaggregated,30.625544704000003,1000,,32,32,32,32,2048,1.0,30.628293701,1.044785593098685,66.86627795831583,1.044785593098685,66.86627795831583
2,i256-o64,2,disaggregated,30.625544704000003,2000,,32,32,32,32,2048,1.0,30.628293701,1.044785593098685,66.86627795831583,1.044785593098685,66.86627795831583
2,i256-o64,2,disaggregated,30.625544704000003,5000,,32,32,32,32,2048,1.0,30.628293701,1.044785593098685,66.86627795831583,1.044785593098685,66.86627795831583
2,i256-o64,2,disaggregated,30.625544704000003,10000,,32,32,32,32,2048,1.0,30.628293701,1.044785593098685,66.86627795831583,1.044785593098685,66.86627795831583
2,i256-o64,2,disaggregated,30.625544704000003,20000,,32,32,32,32,2048,1.0,30.628293701,1.044785593098685,66.86627795831583,1.044785593098685,66.86627795831583
2,i256-o64,4,disaggregated,20.981049344000002,100,,32,0,0,32,0,0.0,20.985936377,0.0,0.0,1.524830697336484,97.58916462953498
2,i256-o64,4,disaggregated,20.981049344000002,250,,32,14,14,32,896,0.4375,20.985936377,0.6671134300847118,42.695259525421555,1.524830697336484,97.58916462953498
2,i256-o64,4,disaggregated,20.981049344000002,500,,32,21,21,32,1344,0.65625,20.985936377,1.0006701451270676,64.04288928813233,1.524830697336484,97.58916462953498
2,i256-o64,4,disaggregated,20.981049344000002,1000,,32,22,22,32,1408,0.6875,20.985936377,1.0483211044188327,67.0925506828053,1.524830697336484,97.58916462953498
2,i256-o64,4,disaggregated,20.981049344000002,2000,,32,31,31,32,1984,0.96875,20.985936377,1.477179738044719,94.53950323486201,1.524830697336484,97.58916462953498
2,i256-o64,4,disaggregated,20.981049344000002,5000,,32,32,32,32,2048,1.0,20.985936377,1.524830697336484,97.58916462953498,1.524830697336484,97.58916462953498
2,i256-o64,4,disaggregated,20.981049344000002,10000,,32,32,32,32,2048,1.0,20.985936377,1.524830697336484,97.58916462953498,1.524830697336484,97.58916462953498
2,i256-o64,4,disaggregated,20.981049344000002,20000,,32,32,32,32,2048,1.0,20.985936377,1.524830697336484,97.58916462953498,1.524830697336484,97.58916462953498
2,i256-o64,8,disaggregated,21.008267776,100,,32,0,0,32,0,0.0,21.014171339,0.0,0.0,1.522781911490914,97.4580423354185
2,i256-o64,8,disaggregated,21.008267776,250,,32,2,2,32,128,0.0625,21.014171339,0.09517386946818213,6.091127645963656,1.522781911490914,97.4580423354185
2,i256-o64,8,disaggregated,21.008267776,500,,32,3,3,32,192,0.09375,21.014171339,0.1427608042022732,9.136691468945484,1.522781911490914,97.4580423354185
2,i256-o64,8,disaggregated,21.008267776,1000,,32,3,3,32,192,0.09375,21.014171339,0.1427608042022732,9.136691468945484,1.522781911490914,97.4580423354185
2,i256-o64,8,disaggregated,21.008267776,2000,,32,10,10,32,640,0.3125,21.014171339,0.47586934734091063,30.45563822981828,1.522781911490914,97.4580423354185
2,i256-o64,8,disaggregated,21.008267776,5000,,32,32,32,32,2048,1.0,21.014171339,1.522781911490914,97.4580423354185,1.522781911490914,97.4580423354185
2,i256-o64,8,disaggregated,21.008267776,10000,,32,32,32,32,2048,1.0,21.014171339,1.522781911490914,97.4580423354185,1.522781911490914,97.4580423354185
2,i256-o64,8,disaggregated,21.008267776,20000,,32,32,32,32,2048,1.0,21.014171339,1.522781911490914,97.4580423354185,1.522781911490914,97.4580423354185
2,i64-o16,1,disaggregated,15.385536256000002,100,,32,13,13,32,208,0.40625,15.387700359,0.8448305917522319,13.51728946803571,2.0795829950824167,33.27332792131867
2,i64-o16,1,disaggregated,15.385536256000002,250,,32,32,32,32,512,1.0,15.387700359,2.0795829950824167,33.27332792131867,2.0795829950824167,33.27332792131867
2,i64-o16,1,disaggregated,15.385536256000002,500,,32,32,32,32,512,1.0,15.387700359,2.0795829950824167,33.27332792131867,2.0795829950824167,33.27332792131867
2,i64-o16,1,disaggregated,15.385536256000002,1000,,32,32,32,32,512,1.0,15.387700359,2.0795829950824167,33.27332792131867,2.0795829950824167,33.27332792131867
2,i64-o16,1,disaggregated,15.385536256000002,2000,,32,32,32,32,512,1.0,15.387700359,2.0795829950824167,33.27332792131867,2.0795829950824167,33.27332792131867
2,i64-o16,1,disaggregated,15.385536256000002,5000,,32,32,32,32,512,1.0,15.387700359,2.0795829950824167,33.27332792131867,2.0795829950824167,33.27332792131867
2,i64-o16,1,disaggregated,15.385536256000002,10000,,32,32,32,32,512,1.0,15.387700359,2.0795829950824167,33.27332792131867,2.0795829950824167,33.27332792131867
2,i64-o16,1,disaggregated,15.385536256000002,20000,,32,32,32,32,512,1.0,15.387700359,2.0795829950824167,33.27332792131867,2.0795829950824167,33.27332792131867
2,i64-o16,2,disaggregated,8.185193984,100,,32,11,11,32,176,0.34375,8.187850646000001,1.3434539142911472,21.495262628658356,3.908229568846974,62.53167310155158
2,i64-o16,2,disaggregated,8.185193984,250,,32,32,32,32,512,1.0,8.187850646000001,3.908229568846974,62.53167310155158,3.908229568846974,62.53167310155158
2,i64-o16,2,disaggregated,8.185193984,500,,32,32,32,32,512,1.0,8.187850646000001,3.908229568846974,62.53167310155158,3.908229568846974,62.53167310155158
2,i64-o16,2,disaggregated,8.185193984,1000,,32,32,32,32,512,1.0,8.187850646000001,3.908229568846974,62.53167310155158,3.908229568846974,62.53167310155158
2,i64-o16,2,disaggregated,8.185193984,2000,,32,32,32,32,512,1.0,8.187850646000001,3.908229568846974,62.53167310155158,3.908229568846974,62.53167310155158
2,i64-o16,2,disaggregated,8.185193984,5000,,32,32,32,32,512,1.0,8.187850646000001,3.908229568846974,62.53167310155158,3.908229568846974,62.53167310155158
2,i64-o16,2,disaggregated,8.185193984,10000,,32,32,32,32,512,1.0,8.187850646000001,3.908229568846974,62.53167310155158,3.908229568846974,62.53167310155158
2,i64-o16,2,disaggregated,8.185193984,20000,,32,32,32,32,512,1.0,8.187850646000001,3.908229568846974,62.53167310155158,3.908229568846974,62.53167310155158
2,i64-o16,4,disaggregated,6.715084032,100,,32,1,1,32,16,0.03125,6.717935091,0.14885526377587324,2.381684220413972,4.763368440827944,76.2138950532471
2,i64-o16,4,disaggregated,6.715084032,250,,32,17,17,32,272,0.53125,6.717935091,2.530539484189845,40.48863174703752,4.763368440827944,76.2138950532471
2,i64-o16,4,disaggregated,6.715084032,500,,32,27,27,32,432,0.84375,6.717935091,4.019092121948577,64.30547395117723,4.763368440827944,76.2138950532471
2,i64-o16,4,disaggregated,6.715084032,1000,,32,32,32,32,512,1.0,6.717935091,4.763368440827944,76.2138950532471,4.763368440827944,76.2138950532471
2,i64-o16,4,disaggregated,6.715084032,2000,,32,32,32,32,512,1.0,6.717935091,4.763368440827944,76.2138950532471,4.763368440827944,76.2138950532471
2,i64-o16,4,disaggregated,6.715084032,5000,,32,32,32,32,512,1.0,6.717935091,4.763368440827944,76.2138950532471,4.763368440827944,76.2138950532471
2,i64-o16,4,disaggregated,6.715084032,10000,,32,32,32,32,512,1.0,6.717935091,4.763368440827944,76.2138950532471,4.763368440827944,76.2138950532471
2,i64-o16,4,disaggregated,6.715084032,20000,,32,32,32,32,512,1.0,6.717935091,4.763368440827944,76.2138950532471,4.763368440827944,76.2138950532471
2,i64-o16,8,disaggregated,5.779170048,100,,32,1,1,32,16,0.03125,5.784052469000001,0.17288916470926985,2.7662266353483176,5.532453270696635,88.51925233114616
2,i64-o16,8,disaggregated,5.779170048,250,,32,2,2,32,32,0.0625,5.784052469000001,0.3457783294185397,5.532453270696635,5.532453270696635,88.51925233114616
2,i64-o16,8,disaggregated,5.779170048,500,,32,3,3,32,48,0.09375,5.784052469000001,0.5186674941278095,8.298679906044953,5.532453270696635,88.51925233114616
2,i64-o16,8,disaggregated,5.779170048,1000,,32,21,21,32,336,0.65625,5.784052469000001,3.630672458894667,58.09075934231467,5.532453270696635,88.51925233114616
2,i64-o16,8,disaggregated,5.779170048,2000,,32,32,32,32,512,1.0,5.784052469000001,5.532453270696635,88.51925233114616,5.532453270696635,88.51925233114616
2,i64-o16,8,disaggregated,5.779170048,5000,,32,32,32,32,512,1.0,5.784052469000001,5.532453270696635,88.51925233114616,5.532453270696635,88.51925233114616
2,i64-o16,8,disaggregated,5.779170048,10000,,32,32,32,32,512,1.0,5.784052469000001,5.532453270696635,88.51925233114616,5.532453270696635,88.51925233114616
2,i64-o16,8,disaggregated,5.779170048,20000,,32,32,32,32,512,1.0,5.784052469000001,5.532453270696635,88.51925233114616,5.532453270696635,88.51925233114616
2,i64-o256,1,disaggregated,235.19499545600002,100,,32,13,13,32,3328,0.40625,235.197846811,0.055272614848581175,14.14978940123678,0.13605566731958443,34.830250833813615
2,i64-o256,1,disaggregated,235.19499545600002,250,,32,32,32,32,8192,1.0,235.197846811,0.13605566731958443,34.830250833813615,0.13605566731958443,34.830250833813615
2,i64-o256,1,disaggregated,235.19499545600002,500,,32,32,32,32,8192,1.0,235.197846811,0.13605566731958443,34.830250833813615,0.13605566731958443,34.830250833813615
2,i64-o256,1,disaggregated,235.19499545600002,1000,,32,32,32,32,8192,1.0,235.197846811,0.13605566731958443,34.830250833813615,0.13605566731958443,34.830250833813615
2,i64-o256,1,disaggregated,235.19499545600002,2000,,32,32,32,32,8192,1.0,235.197846811,0.13605566731958443,34.830250833813615,0.13605566731958443,34.830250833813615
2,i64-o256,1,disaggregated,235.19499545600002,5000,,32,32,32,32,8192,1.0,235.197846811,0.13605566731958443,34.830250833813615,0.13605566731958443,34.830250833813615
2,i64-o256,1,disaggregated,235.19499545600002,10000,,32,32,32,32,8192,1.0,235.197846811,0.13605566731958443,34.830250833813615,0.13605566731958443,34.830250833813615
2,i64-o256,1,disaggregated,235.19499545600002,20000,,32,32,32,32,8192,1.0,235.197846811,0.13605566731958443,34.830250833813615,0.13605566731958443,34.830250833813615
2,i64-o256,2,disaggregated,117.871915008,100,,32,13,13,32,3328,0.40625,117.87608049800001,0.11028530932720121,28.23303918776351,0.2714715306515722,69.49671184680248
2,i64-o256,2,disaggregated,117.871915008,250,,32,32,32,32,8192,1.0,117.87608049800001,0.2714715306515722,69.49671184680248,0.2714715306515722,69.49671184680248
2,i64-o256,2,disaggregated,117.871915008,500,,32,32,32,32,8192,1.0,117.87608049800001,0.2714715306515722,69.49671184680248,0.2714715306515722,69.49671184680248
2,i64-o256,2,disaggregated,117.871915008,1000,,32,32,32,32,8192,1.0,117.87608049800001,0.2714715306515722,69.49671184680248,0.2714715306515722,69.49671184680248
2,i64-o256,2,disaggregated,117.871915008,2000,,32,32,32,32,8192,1.0,117.87608049800001,0.2714715306515722,69.49671184680248,0.2714715306515722,69.49671184680248
2,i64-o256,2,disaggregated,117.871915008,5000,,32,32,32,32,8192,1.0,117.87608049800001,0.2714715306515722,69.49671184680248,0.2714715306515722,69.49671184680248
2,i64-o256,2,disaggregated,117.871915008,10000,,32,32,32,32,8192,1.0,117.87608049800001,0.2714715306515722,69.49671184680248,0.2714715306515722,69.49671184680248
2,i64-o256,2,disaggregated,117.871915008,20000,,32,32,32,32,8192,1.0,117.87608049800001,0.2714715306515722,69.49671184680248,0.2714715306515722,69.49671184680248
2,i64-o256,4,disaggregated,82.48856089600001,100,,32,1,1,32,256,0.03125,82.492480251,0.012122317051897317,3.103313165285713,0.38791414566071414,99.30602128914282
2,i64-o256,4,disaggregated,82.48856089600001,250,,32,13,13,32,3328,0.40625,82.492480251,0.15759012167466513,40.34307114871427,0.38791414566071414,99.30602128914282
2,i64-o256,4,disaggregated,82.48856089600001,500,,32,16,16,32,4096,0.5,82.492480251,0.19395707283035707,49.65301064457141,0.38791414566071414,99.30602128914282
2,i64-o256,4,disaggregated,82.48856089600001,1000,,32,22,22,32,5632,0.6875,82.492480251,0.26669097514174095,68.27288963628568,0.38791414566071414,99.30602128914282
2,i64-o256,4,disaggregated,82.48856089600001,2000,,32,22,22,32,5632,0.6875,82.492480251,0.26669097514174095,68.27288963628568,0.38791414566071414,99.30602128914282
2,i64-o256,4,disaggregated,82.48856089600001,5000,,32,22,22,32,5632,0.6875,82.492480251,0.26669097514174095,68.27288963628568,0.38791414566071414,99.30602128914282
2,i64-o256,4,disaggregated,82.48856089600001,10000,,32,32,32,32,8192,1.0,82.492480251,0.38791414566071414,99.30602128914282,0.38791414566071414,99.30602128914282
2,i64-o256,4,disaggregated,82.48856089600001,20000,,32,32,32,32,8192,1.0,82.492480251,0.38791414566071414,99.30602128914282,0.38791414566071414,99.30602128914282
2,i64-o256,8,disaggregated,82.054140672,100,,32,1,1,32,256,0.03125,82.0588091,0.012186382071196789,3.119713810226378,0.38996422627829724,99.8308419272441
2,i64-o256,8,disaggregated,82.054140672,250,,32,3,3,32,768,0.09375,82.0588091,0.03655914621359037,9.359141430679134,0.38996422627829724,99.8308419272441
2,i64-o256,8,disaggregated,82.054140672,500,,32,3,3,32,768,0.09375,82.0588091,0.03655914621359037,9.359141430679134,0.38996422627829724,99.8308419272441
2,i64-o256,8,disaggregated,82.054140672,1000,,32,3,3,32,768,0.09375,82.0588091,0.03655914621359037,9.359141430679134,0.38996422627829724,99.8308419272441
2,i64-o256,8,disaggregated,82.054140672,2000,,32,3,3,32,768,0.09375,82.0588091,0.03655914621359037,9.359141430679134,0.38996422627829724,99.8308419272441
2,i64-o256,8,disaggregated,82.054140672,5000,,32,3,3,32,768,0.09375,82.0588091,0.03655914621359037,9.359141430679134,0.38996422627829724,99.8308419272441
2,i64-o256,8,disaggregated,82.054140672,10000,,32,14,14,32,3584,0.4375,82.0588091,0.17060934899675506,43.675993343169296,0.38996422627829724,99.8308419272441
2,i64-o256,8,disaggregated,82.054140672,20000,,32,32,32,32,8192,1.0,82.0588091,0.38996422627829724,99.8308419272441,0.38996422627829724,99.8308419272441
2,i64-o64,1,disaggregated,59.718570496000005,100,,32,13,13,32,832,0.40625,59.72159090900001,0.2176767196273887,13.931310056152876,0.5358196175443414,34.29245552283785
2,i64-o64,1,disaggregated,59.718570496000005,250,,32,32,32,32,2048,1.0,59.72159090900001,0.5358196175443414,34.29245552283785,0.5358196175443414,34.29245552283785
2,i64-o64,1,disaggregated,59.718570496000005,500,,32,32,32,32,2048,1.0,59.72159090900001,0.5358196175443414,34.29245552283785,0.5358196175443414,34.29245552283785
2,i64-o64,1,disaggregated,59.718570496000005,1000,,32,32,32,32,2048,1.0,59.72159090900001,0.5358196175443414,34.29245552283785,0.5358196175443414,34.29245552283785
2,i64-o64,1,disaggregated,59.718570496000005,2000,,32,32,32,32,2048,1.0,59.72159090900001,0.5358196175443414,34.29245552283785,0.5358196175443414,34.29245552283785
2,i64-o64,1,disaggregated,59.718570496000005,5000,,32,32,32,32,2048,1.0,59.72159090900001,0.5358196175443414,34.29245552283785,0.5358196175443414,34.29245552283785
2,i64-o64,1,disaggregated,59.718570496000005,10000,,32,32,32,32,2048,1.0,59.72159090900001,0.5358196175443414,34.29245552283785,0.5358196175443414,34.29245552283785
2,i64-o64,1,disaggregated,59.718570496000005,20000,,32,32,32,32,2048,1.0,59.72159090900001,0.5358196175443414,34.29245552283785,0.5358196175443414,34.29245552283785
2,i64-o64,2,disaggregated,29.988871424000003,100,,32,12,12,32,768,0.375,29.991641688,0.4001114752181551,25.607134413961926,1.0669639339150803,68.28569177056514
2,i64-o64,2,disaggregated,29.988871424000003,250,,32,32,32,32,2048,1.0,29.991641688,1.0669639339150803,68.28569177056514,1.0669639339150803,68.28569177056514
2,i64-o64,2,disaggregated,29.988871424000003,500,,32,32,32,32,2048,1.0,29.991641688,1.0669639339150803,68.28569177056514,1.0669639339150803,68.28569177056514
2,i64-o64,2,disaggregated,29.988871424000003,1000,,32,32,32,32,2048,1.0,29.991641688,1.0669639339150803,68.28569177056514,1.0669639339150803,68.28569177056514
2,i64-o64,2,disaggregated,29.988871424000003,2000,,32,32,32,32,2048,1.0,29.991641688,1.0669639339150803,68.28569177056514,1.0669639339150803,68.28569177056514
2,i64-o64,2,disaggregated,29.988871424000003,5000,,32,32,32,32,2048,1.0,29.991641688,1.0669639339150803,68.28569177056514,1.0669639339150803,68.28569177056514
2,i64-o64,2,disaggregated,29.988871424000003,10000,,32,32,32,32,2048,1.0,29.991641688,1.0669639339150803,68.28569177056514,1.0669639339150803,68.28569177056514
2,i64-o64,2,disaggregated,29.988871424000003,20000,,32,32,32,32,2048,1.0,29.991641688,1.0669639339150803,68.28569177056514,1.0669639339150803,68.28569177056514
2,i64-o64,4,disaggregated,20.453090304,100,,32,3,3,32,192,0.09375,20.456462013000003,0.1466529255202347,9.385787233295021,1.564297872215837,100.11506382181356
2,i64-o64,4,disaggregated,20.453090304,250,,32,21,21,32,1344,0.65625,20.456462013000003,1.026570478641643,65.70051063306515,1.564297872215837,100.11506382181356
2,i64-o64,4,disaggregated,20.453090304,500,,32,22,22,32,1408,0.6875,20.456462013000003,1.075454787148388,68.82910637749683,1.564297872215837,100.11506382181356
2,i64-o64,4,disaggregated,20.453090304,1000,,32,22,22,32,1408,0.6875,20.456462013000003,1.075454787148388,68.82910637749683,1.564297872215837,100.11506382181356
2,i64-o64,4,disaggregated,20.453090304,2000,,32,32,32,32,2048,1.0,20.456462013000003,1.564297872215837,100.11506382181356,1.564297872215837,100.11506382181356
2,i64-o64,4,disaggregated,20.453090304,5000,,32,32,32,32,2048,1.0,20.456462013000003,1.564297872215837,100.11506382181356,1.564297872215837,100.11506382181356
2,i64-o64,4,disaggregated,20.453090304,10000,,32,32,32,32,2048,1.0,20.456462013000003,1.564297872215837,100.11506382181356,1.564297872215837,100.11506382181356
2,i64-o64,4,disaggregated,20.453090304,20000,,32,32,32,32,2048,1.0,20.456462013000003,1.564297872215837,100.11506382181356,1.564297872215837,100.11506382181356
2,i64-o64,8,disaggregated,20.59837696,100,,32,1,1,32,64,0.03125,20.600985864000002,0.048541366253131074,3.1066474402003887,1.5533237201001944,99.41271808641244
2,i64-o64,8,disaggregated,20.59837696,250,,32,3,3,32,192,0.09375,20.600985864000002,0.14562409875939322,9.319942320601166,1.5533237201001944,99.41271808641244
2,i64-o64,8,disaggregated,20.59837696,500,,32,3,3,32,192,0.09375,20.600985864000002,0.14562409875939322,9.319942320601166,1.5533237201001944,99.41271808641244
2,i64-o64,8,disaggregated,20.59837696,1000,,32,3,3,32,192,0.09375,20.600985864000002,0.14562409875939322,9.319942320601166,1.5533237201001944,99.41271808641244
2,i64-o64,8,disaggregated,20.59837696,2000,,32,4,4,32,256,0.125,20.600985864000002,0.1941654650125243,12.426589760801555,1.5533237201001944,99.41271808641244
2,i64-o64,8,disaggregated,20.59837696,5000,,32,32,32,32,2048,1.0,20.600985864000002,1.5533237201001944,99.41271808641244,1.5533237201001944,99.41271808641244
2,i64-o64,8,disaggregated,20.59837696,10000,,32,32,32,32,2048,1.0,20.600985864000002,1.5533237201001944,99.41271808641244,1.5533237201001944,99.41271808641244
2,i64-o64,8,disaggregated,20.59837696,20000,,32,32,32,32,2048,1.0,20.600985864000002,1.5533237201001944,99.41271808641244,1.5533237201001944,99.41271808641244
2,i704-o16,1,disaggregated,21.068824064,100,,32,0,0,32,0,0.0,21.071038227000003,0.0,0.0,1.5186722009262859,24.298755214820574
2,i704-o16,1,disaggregated,21.068824064,250,,32,0,0,32,0,0.0,21.071038227000003,0.0,0.0,1.5186722009262859,24.298755214820574
2,i704-o16,1,disaggregated,21.068824064,500,,32,32,32,32,512,1.0,21.071038227000003,1.5186722009262859,24.298755214820574,1.5186722009262859,24.298755214820574
2,i704-o16,1,disaggregated,21.068824064,1000,,32,32,32,32,512,1.0,21.071038227000003,1.5186722009262859,24.298755214820574,1.5186722009262859,24.298755214820574
2,i704-o16,1,disaggregated,21.068824064,2000,,32,32,32,32,512,1.0,21.071038227000003,1.5186722009262859,24.298755214820574,1.5186722009262859,24.298755214820574
2,i704-o16,1,disaggregated,21.068824064,5000,,32,32,32,32,512,1.0,21.071038227000003,1.5186722009262859,24.298755214820574,1.5186722009262859,24.298755214820574
2,i704-o16,1,disaggregated,21.068824064,10000,,32,32,32,32,512,1.0,21.071038227000003,1.5186722009262859,24.298755214820574,1.5186722009262859,24.298755214820574
2,i704-o16,1,disaggregated,21.068824064,20000,,32,32,32,32,512,1.0,21.071038227000003,1.5186722009262859,24.298755214820574,1.5186722009262859,24.298755214820574
2,i704-o16,2,disaggregated,10.949456128000001,100,,32,0,0,32,0,0.0,10.95185023,0.0,0.0,2.921880716770905,46.75009146833448
2,i704-o16,2,disaggregated,10.949456128000001,250,,32,0,0,32,0,0.0,10.95185023,0.0,0.0,2.921880716770905,46.75009146833448
2,i704-o16,2,disaggregated,10.949456128000001,500,,32,31,31,32,496,0.96875,10.95185023,2.830571944371814,45.289151109949024,2.921880716770905,46.75009146833448
2,i704-o16,2,disaggregated,10.949456128000001,1000,,32,32,32,32,512,1.0,10.95185023,2.921880716770905,46.75009146833448,2.921880716770905,46.75009146833448
2,i704-o16,2,disaggregated,10.949456128000001,2000,,32,32,32,32,512,1.0,10.95185023,2.921880716770905,46.75009146833448,2.921880716770905,46.75009146833448
2,i704-o16,2,disaggregated,10.949456128000001,5000,,32,32,32,32,512,1.0,10.95185023,2.921880716770905,46.75009146833448,2.921880716770905,46.75009146833448
2,i704-o16,2,disaggregated,10.949456128000001,10000,,32,32,32,32,512,1.0,10.95185023,2.921880716770905,46.75009146833448,2.921880716770905,46.75009146833448
2,i704-o16,2,disaggregated,10.949456128000001,20000,,32,32,32,32,512,1.0,10.95185023,2.921880716770905,46.75009146833448,2.921880716770905,46.75009146833448
2,i704-o16,4,disaggregated,6.519665408000001,100,,32,0,0,32,0,0.0,6.522320146,0.0,0.0,4.906229575318365,78.49967320509384
2,i704-o16,4,disaggregated,6.519665408000001,250,,32,0,0,32,0,0.0,6.522320146,0.0,0.0,4.906229575318365,78.49967320509384
2,i704-o16,4,disaggregated,6.519665408000001,500,,32,29,29,32,464,0.90625,6.522320146,4.446270552632269,71.1403288421163,4.906229575318365,78.49967320509384
2,i704-o16,4,disaggregated,6.519665408000001,1000,,32,32,32,32,512,1.0,6.522320146,4.906229575318365,78.49967320509384,4.906229575318365,78.49967320509384
2,i704-o16,4,disaggregated,6.519665408000001,2000,,32,32,32,32,512,1.0,6.522320146,4.906229575318365,78.49967320509384,4.906229575318365,78.49967320509384
2,i704-o16,4,disaggregated,6.519665408000001,5000,,32,32,32,32,512,1.0,6.522320146,4.906229575318365,78.49967320509384,4.906229575318365,78.49967320509384
2,i704-o16,4,disaggregated,6.519665408000001,10000,,32,32,32,32,512,1.0,6.522320146,4.906229575318365,78.49967320509384,4.906229575318365,78.49967320509384
2,i704-o16,4,disaggregated,6.519665408000001,20000,,32,32,32,32,512,1.0,6.522320146,4.906229575318365,78.49967320509384,4.906229575318365,78.49967320509384
2,i704-o16,8,disaggregated,6.077265152000001,100,,32,0,0,32,0,0.0,6.080164213000001,0.0,0.0,5.263015747433399,84.20825195893438
2,i704-o16,8,disaggregated,6.077265152000001,250,,32,0,0,32,0,0.0,6.080164213000001,0.0,0.0,5.263015747433399,84.20825195893438
2,i704-o16,8,disaggregated,6.077265152000001,500,,32,1,1,32,16,0.03125,6.080164213000001,0.16446924210729372,2.6315078737166995,5.263015747433399,84.20825195893438
2,i704-o16,8,disaggregated,6.077265152000001,1000,,32,22,22,32,352,0.6875,6.080164213000001,3.6183233263604615,57.893173221767384,5.263015747433399,84.20825195893438
2,i704-o16,8,disaggregated,6.077265152000001,2000,,32,32,32,32,512,1.0,6.080164213000001,5.263015747433399,84.20825195893438,5.263015747433399,84.20825195893438
2,i704-o16,8,disaggregated,6.077265152000001,5000,,32,32,32,32,512,1.0,6.080164213000001,5.263015747433399,84.20825195893438,5.263015747433399,84.20825195893438
2,i704-o16,8,disaggregated,6.077265152000001,10000,,32,32,32,32,512,1.0,6.080164213000001,5.263015747433399,84.20825195893438,5.263015747433399,84.20825195893438
2,i704-o16,8,disaggregated,6.077265152000001,20000,,32,32,32,32,512,1.0,6.080164213000001,5.263015747433399,84.20825195893438,5.263015747433399,84.20825195893438
2,i704-o256,1,disaggregated,240.1829376,100,,32,0,0,32,0,0.0,240.186127244,0.0,0.0,0.13323000943968707,34.10688241655989
2,i704-o256,1,disaggregated,240.1829376,250,,32,0,0,32,0,0.0,240.186127244,0.0,0.0,0.13323000943968707,34.10688241655989
2,i704-o256,1,disaggregated,240.1829376,500,,32,32,32,32,8192,1.0,240.186127244,0.13323000943968707,34.10688241655989,0.13323000943968707,34.10688241655989
2,i704-o256,1,disaggregated,240.1829376,1000,,32,32,32,32,8192,1.0,240.186127244,0.13323000943968707,34.10688241655989,0.13323000943968707,34.10688241655989
2,i704-o256,1,disaggregated,240.1829376,2000,,32,32,32,32,8192,1.0,240.186127244,0.13323000943968707,34.10688241655989,0.13323000943968707,34.10688241655989
2,i704-o256,1,disaggregated,240.1829376,5000,,32,32,32,32,8192,1.0,240.186127244,0.13323000943968707,34.10688241655989,0.13323000943968707,34.10688241655989
2,i704-o256,1,disaggregated,240.1829376,10000,,32,32,32,32,8192,1.0,240.186127244,0.13323000943968707,34.10688241655989,0.13323000943968707,34.10688241655989
2,i704-o256,1,disaggregated,240.1829376,20000,,32,32,32,32,8192,1.0,240.186127244,0.13323000943968707,34.10688241655989,0.13323000943968707,34.10688241655989
2,i704-o256,2,disaggregated,121.36177587200001,100,,32,0,0,32,0,0.0,121.36493331899999,0.0,0.0,0.26366759429505093,67.49890413953304
2,i704-o256,2,disaggregated,121.36177587200001,250,,32,0,0,32,0,0.0,121.36493331899999,0.0,0.0,0.26366759429505093,67.49890413953304
2,i704-o256,2,disaggregated,121.36177587200001,500,,32,31,31,32,7936,0.96875,121.36493331899999,0.2554279819733306,65.38956338517264,0.26366759429505093,67.49890413953304
2,i704-o256,2,disaggregated,121.36177587200001,1000,,32,32,32,32,8192,1.0,121.36493331899999,0.26366759429505093,67.49890413953304,0.26366759429505093,67.49890413953304
2,i704-o256,2,disaggregated,121.36177587200001,2000,,32,32,32,32,8192,1.0,121.36493331899999,0.26366759429505093,67.49890413953304,0.26366759429505093,67.49890413953304
2,i704-o256,2,disaggregated,121.36177587200001,5000,,32,32,32,32,8192,1.0,121.36493331899999,0.26366759429505093,67.49890413953304,0.26366759429505093,67.49890413953304
2,i704-o256,2,disaggregated,121.36177587200001,10000,,32,32,32,32,8192,1.0,121.36493331899999,0.26366759429505093,67.49890413953304,0.26366759429505093,67.49890413953304
2,i704-o256,2,disaggregated,121.36177587200001,20000,,32,32,32,32,8192,1.0,121.36493331899999,0.26366759429505093,67.49890413953304,0.26366759429505093,67.49890413953304
2,i704-o256,4,disaggregated,83.540494592,100,,32,0,0,32,0,0.0,83.54930212000001,0.0,0.0,0.38300738830875103,98.04989140704026
2,i704-o256,4,disaggregated,83.540494592,250,,32,0,0,32,0,0.0,83.54930212000001,0.0,0.0,0.38300738830875103,98.04989140704026
2,i704-o256,4,disaggregated,83.540494592,500,,32,13,13,32,3328,0.40625,83.54930212000001,0.15559675150043012,39.83276838411011,0.38300738830875103,98.04989140704026
2,i704-o256,4,disaggregated,83.540494592,1000,,32,19,19,32,4864,0.59375,83.54930212000001,0.22741063680832094,58.21712302293016,0.38300738830875103,98.04989140704026
2,i704-o256,4,disaggregated,83.540494592,2000,,32,22,22,32,5632,0.6875,83.54930212000001,0.26331757946226636,67.40930034234019,0.38300738830875103,98.04989140704026
2,i704-o256,4,disaggregated,83.540494592,5000,,32,22,22,32,5632,0.6875,83.54930212000001,0.26331757946226636,67.40930034234019,0.38300738830875103,98.04989140704026
2,i704-o256,4,disaggregated,83.540494592,10000,,32,32,32,32,8192,1.0,83.54930212000001,0.38300738830875103,98.04989140704026,0.38300738830875103,98.04989140704026
2,i704-o256,4,disaggregated,83.540494592,20000,,32,32,32,32,8192,1.0,83.54930212000001,0.38300738830875103,98.04989140704026,0.38300738830875103,98.04989140704026
2,i704-o256,8,disaggregated,84.444708608,100,,32,0,0,32,0,0.0,84.45544177900001,0.0,0.0,0.37889802392765237,96.99789412547901
2,i704-o256,8,disaggregated,84.444708608,250,,32,0,0,32,0,0.0,84.45544177900001,0.0,0.0,0.37889802392765237,96.99789412547901
2,i704-o256,8,disaggregated,84.444708608,500,,32,1,1,32,256,0.03125,84.45544177900001,0.011840563247739137,3.031184191421219,0.37889802392765237,96.99789412547901
2,i704-o256,8,disaggregated,84.444708608,1000,,32,3,3,32,768,0.09375,84.45544177900001,0.03552168974321741,9.093552574263658,0.37889802392765237,96.99789412547901
2,i704-o256,8,disaggregated,84.444708608,2000,,32,3,3,32,768,0.09375,84.45544177900001,0.03552168974321741,9.093552574263658,0.37889802392765237,96.99789412547901
2,i704-o256,8,disaggregated,84.444708608,5000,,32,3,3,32,768,0.09375,84.45544177900001,0.03552168974321741,9.093552574263658,0.37889802392765237,96.99789412547901
2,i704-o256,8,disaggregated,84.444708608,10000,,32,14,14,32,3584,0.4375,84.45544177900001,0.16576788546834792,42.43657867989707,0.37889802392765237,96.99789412547901
2,i704-o256,8,disaggregated,84.444708608,20000,,32,32,32,32,8192,1.0,84.45544177900001,0.37889802392765237,96.99789412547901,0.37889802392765237,96.99789412547901
2,i704-o64,1,disaggregated,65.049855488,100,,32,0,0,32,0,0.0,65.05237080100001,0.0,0.0,0.49191135704938954,31.48232685116093
2,i704-o64,1,disaggregated,65.049855488,250,,32,0,0,32,0,0.0,65.05237080100001,0.0,0.0,0.49191135704938954,31.48232685116093
2,i704-o64,1,disaggregated,65.049855488,500,,32,32,32,32,2048,1.0,65.05237080100001,0.49191135704938954,31.48232685116093,0.49191135704938954,31.48232685116093
2,i704-o64,1,disaggregated,65.049855488,1000,,32,32,32,32,2048,1.0,65.05237080100001,0.49191135704938954,31.48232685116093,0.49191135704938954,31.48232685116093
2,i704-o64,1,disaggregated,65.049855488,2000,,32,32,32,32,2048,1.0,65.05237080100001,0.49191135704938954,31.48232685116093,0.49191135704938954,31.48232685116093
2,i704-o64,1,disaggregated,65.049855488,5000,,32,32,32,32,2048,1.0,65.05237080100001,0.49191135704938954,31.48232685116093,0.49191135704938954,31.48232685116093
2,i704-o64,1,disaggregated,65.049855488,10000,,32,32,32,32,2048,1.0,65.05237080100001,0.49191135704938954,31.48232685116093,0.49191135704938954,31.48232685116093
2,i704-o64,1,disaggregated,65.049855488,20000,,32,32,32,32,2048,1.0,65.05237080100001,0.49191135704938954,31.48232685116093,0.49191135704938954,31.48232685116093
2,i704-o64,2,disaggregated,32.985939968000004,100,,32,0,0,32,0,0.0,32.988774444,0.0,0.0,0.9700269421745724,62.081724299172635
2,i704-o64,2,disaggregated,32.985939968000004,250,,32,0,0,32,0,0.0,32.988774444,0.0,0.0,0.9700269421745724,62.081724299172635
2,i704-o64,2,disaggregated,32.985939968000004,500,,32,31,31,32,1984,0.96875,32.988774444,0.939713600231617,60.14167041482349,0.9700269421745724,62.081724299172635
2,i704-o64,2,disaggregated,32.985939968000004,1000,,32,32,32,32,2048,1.0,32.988774444,0.9700269421745724,62.081724299172635,0.9700269421745724,62.081724299172635
2,i704-o64,2,disaggregated,32.985939968000004,2000,,32,32,32,32,2048,1.0,32.988774444,0.9700269421745724,62.081724299172635,0.9700269421745724,62.081724299172635
2,i704-o64,2,disaggregated,32.985939968000004,5000,,32,32,32,32,2048,1.0,32.988774444,0.9700269421745724,62.081724299172635,0.9700269421745724,62.081724299172635
2,i704-o64,2,disaggregated,32.985939968000004,10000,,32,32,32,32,2048,1.0,32.988774444,0.9700269421745724,62.081724299172635,0.9700269421745724,62.081724299172635
2,i704-o64,2,disaggregated,32.985939968000004,20000,,32,32,32,32,2048,1.0,32.988774444,0.9700269421745724,62.081724299172635,0.9700269421745724,62.081724299172635
2,i704-o64,4,disaggregated,21.645610496,100,,32,0,0,32,0,0.0,21.653960652000002,0.0,0.0,1.477789699273533,94.57854075350612
2,i704-o64,4,disaggregated,21.645610496,250,,32,0,0,32,0,0.0,21.653960652000002,0.0,0.0,1.477789699273533,94.57854075350612
2,i704-o64,4,disaggregated,21.645610496,500,,32,16,16,32,1024,0.5,21.653960652000002,0.7388948496367665,47.28927037675306,1.477789699273533,94.57854075350612
2,i704-o64,4,disaggregated,21.645610496,1000,,32,22,22,32,1408,0.6875,21.653960652000002,1.0159804182505539,65.02274676803545,1.477789699273533,94.57854075350612
2,i704-o64,4,disaggregated,21.645610496,2000,,32,31,31,32,1984,0.96875,21.653960652000002,1.431608771171235,91.62296135495905,1.477789699273533,94.57854075350612
2,i704-o64,4,disaggregated,21.645610496,5000,,32,32,32,32,2048,1.0,21.653960652000002,1.477789699273533,94.57854075350612,1.477789699273533,94.57854075350612
2,i704-o64,4,disaggregated,21.645610496,10000,,32,32,32,32,2048,1.0,21.653960652000002,1.477789699273533,94.57854075350612,1.477789699273533,94.57854075350612
2,i704-o64,4,disaggregated,21.645610496,20000,,32,32,32,32,2048,1.0,21.653960652000002,1.477789699273533,94.57854075350612,1.477789699273533,94.57854075350612
2,i704-o64,8,disaggregated,21.530976512000002,100,,32,0,0,32,0,0.0,21.536920243,0.0,0.0,1.4858206112547936,95.09251912030679
2,i704-o64,8,disaggregated,21.530976512000002,250,,32,0,0,32,0,0.0,21.536920243,0.0,0.0,1.4858206112547936,95.09251912030679
2,i704-o64,8,disaggregated,21.530976512000002,500,,32,1,1,32,64,0.03125,21.536920243,0.0464318941017123,2.971641222509587,1.4858206112547936,95.09251912030679
2,i704-o64,8,disaggregated,21.530976512000002,1000,,32,3,3,32,192,0.09375,21.536920243,0.1392956823051369,8.914923667528761,1.4858206112547936,95.09251912030679
2,i704-o64,8,disaggregated,21.530976512000002,2000,,32,3,3,32,192,0.09375,21.536920243,0.1392956823051369,8.914923667528761,1.4858206112547936,95.09251912030679
2,i704-o64,8,disaggregated,21.530976512000002,5000,,32,32,32,32,2048,1.0,21.536920243,1.4858206112547936,95.09251912030679,1.4858206112547936,95.09251912030679
2,i704-o64,8,disaggregated,21.530976512000002,10000,,32,32,32,32,2048,1.0,21.536920243,1.4858206112547936,95.09251912030679,1.4858206112547936,95.09251912030679
2,i704-o64,8,disaggregated,21.530976512000002,20000,,32,32,32,32,2048,1.0,21.536920243,1.4858206112547936,95.09251912030679,1.4858206112547936,95.09251912030679
2,mixed,1,disaggregated,141.501540096,100,,32,11,11,32,2816,0.34375,141.504504263,0.0777360413881626,19.900426595369627,0.2261412113110185,34.14732290796379
2,mixed,1,disaggregated,141.501540096,250,,32,18,18,32,4608,0.5625,141.504504263,0.1272044313624479,32.564334428786665,0.2261412113110185,34.14732290796379
2,mixed,1,disaggregated,141.501540096,500,,32,32,32,32,4832,1.0,141.504504263,0.2261412113110185,34.14732290796379,0.2261412113110185,34.14732290796379
2,mixed,1,disaggregated,141.501540096,1000,,32,32,32,32,4832,1.0,141.504504263,0.2261412113110185,34.14732290796379,0.2261412113110185,34.14732290796379
2,mixed,1,disaggregated,141.501540096,2000,,32,32,32,32,4832,1.0,141.504504263,0.2261412113110185,34.14732290796379,0.2261412113110185,34.14732290796379
2,mixed,1,disaggregated,141.501540096,5000,,32,32,32,32,4832,1.0,141.504504263,0.2261412113110185,34.14732290796379,0.2261412113110185,34.14732290796379
2,mixed,1,disaggregated,141.501540096,10000,,32,32,32,32,4832,1.0,141.504504263,0.2261412113110185,34.14732290796379,0.2261412113110185,34.14732290796379
2,mixed,1,disaggregated,141.501540096,20000,,32,32,32,32,4832,1.0,141.504504263,0.2261412113110185,34.14732290796379,0.2261412113110185,34.14732290796379
2,mixed,2,disaggregated,82.146157056,100,,32,10,10,32,2560,0.3125,82.149501334,0.1217292842636064,31.162696771483237,0.3895337096435405,58.81959015617461
2,mixed,2,disaggregated,82.146157056,250,,32,16,16,32,4096,0.5,82.149501334,0.19476685482177025,49.860314834373185,0.3895337096435405,58.81959015617461
2,mixed,2,disaggregated,82.146157056,500,,32,29,29,32,4304,0.90625,82.149501334,0.3530149243644586,52.39228394705619,0.3895337096435405,58.81959015617461
2,mixed,2,disaggregated,82.146157056,1000,,32,29,29,32,4304,0.90625,82.149501334,0.3530149243644586,52.39228394705619,0.3895337096435405,58.81959015617461
2,mixed,2,disaggregated,82.146157056,2000,,32,29,29,32,4304,0.90625,82.149501334,0.3530149243644586,52.39228394705619,0.3895337096435405,58.81959015617461
2,mixed,2,disaggregated,82.146157056,5000,,32,29,29,32,4304,0.90625,82.149501334,0.3530149243644586,52.39228394705619,0.3895337096435405,58.81959015617461
2,mixed,2,disaggregated,82.146157056,10000,,32,32,32,32,4832,1.0,82.149501334,0.3895337096435405,58.81959015617461,0.3895337096435405,58.81959015617461
2,mixed,2,disaggregated,82.146157056,20000,,32,32,32,32,4832,1.0,82.149501334,0.3895337096435405,58.81959015617461,0.3895337096435405,58.81959015617461
2,mixed,4,disaggregated,53.875382784,100,,32,5,5,32,1280,0.15625,53.88057698400001,0.09279781843250796,23.75624151872204,0.593906037968051,89.6798117331757
2,mixed,4,disaggregated,53.875382784,250,,32,12,12,32,3072,0.375,53.88057698400001,0.2227147642380191,57.014979644932886,0.593906037968051,89.6798117331757
2,mixed,4,disaggregated,53.875382784,500,,32,21,21,32,3456,0.65625,53.88057698400001,0.38975083741653344,64.1418521005495,0.593906037968051,89.6798117331757
2,mixed,4,disaggregated,53.875382784,1000,,32,22,22,32,3472,0.6875,53.88057698400001,0.408310401103035,64.43880511953353,0.593906037968051,89.6798117331757
2,mixed,4,disaggregated,53.875382784,2000,,32,23,23,32,3728,0.71875,53.88057698400001,0.4268699647895366,69.19005342327793,0.593906037968051,89.6798117331757
2,mixed,4,disaggregated,53.875382784,5000,,32,23,23,32,3728,0.71875,53.88057698400001,0.4268699647895366,69.19005342327793,0.593906037968051,89.6798117331757
2,mixed,4,disaggregated,53.875382784,10000,,32,31,31,32,4576,0.96875,53.88057698400001,0.5753464742815494,84.92856342943128,0.593906037968051,89.6798117331757
2,mixed,4,disaggregated,53.875382784,20000,,32,32,32,32,4832,1.0,53.88057698400001,0.593906037968051,89.6798117331757,0.593906037968051,89.6798117331757
2,mixed,8,disaggregated,54.052635136000006,100,,32,1,1,32,256,0.03125,54.058128529,0.018498605616055326,4.7356430377101635,0.5919553797137704,89.38526233677933
2,mixed,8,disaggregated,54.052635136000006,250,,32,4,4,32,1024,0.125,54.058128529,0.0739944224642213,18.942572150840654,0.5919553797137704,89.38526233677933
2,mixed,8,disaggregated,54.052635136000006,500,,32,5,5,32,1040,0.15625,54.058128529,0.09249302808027662,19.238549840697537,0.5919553797137704,89.38526233677933
2,mixed,8,disaggregated,54.052635136000006,1000,,32,9,9,32,1824,0.28125,54.058128529,0.16648745054449793,33.74145664368491,0.5919553797137704,89.38526233677933
2,mixed,8,disaggregated,54.052635136000006,2000,,32,12,12,32,2112,0.375,54.058128529,0.22198326739266389,39.06905506110885,0.5919553797137704,89.38526233677933
2,mixed,8,disaggregated,54.052635136000006,5000,,32,12,12,32,2112,0.375,54.058128529,0.22198326739266389,39.06905506110885,0.5919553797137704,89.38526233677933
2,mixed,8,disaggregated,54.052635136000006,10000,,32,23,23,32,3728,0.71875,54.058128529,0.42546792916927245,68.96280173665426,0.5919553797137704,89.38526233677933
2,mixed,8,disaggregated,54.052635136000006,20000,,32,32,32,32,4832,1.0,54.058128529,0.5919553797137704,89.38526233677933,0.5919553797137704,89.38526233677933
2,i256-o16,1,aggregated,15.189329664,100,,32,18,18,32,288,0.5625,15.191712269000002,1.1848565639786734,18.957705023658775,2.1064116692954196,33.70258670872671
2,i256-o16,1,aggregated,15.189329664,250,,32,32,32,32,512,1.0,15.191712269000002,2.1064116692954196,33.70258670872671,2.1064116692954196,33.70258670872671
2,i256-o16,1,aggregated,15.189329664,500,,32,32,32,32,512,1.0,15.191712269000002,2.1064116692954196,33.70258670872671,2.1064116692954196,33.70258670872671
2,i256-o16,1,aggregated,15.189329664,1000,,32,32,32,32,512,1.0,15.191712269000002,2.1064116692954196,33.70258670872671,2.1064116692954196,33.70258670872671
2,i256-o16,1,aggregated,15.189329664,2000,,32,32,32,32,512,1.0,15.191712269000002,2.1064116692954196,33.70258670872671,2.1064116692954196,33.70258670872671
2,i256-o16,1,aggregated,15.189329664,5000,,32,32,32,32,512,1.0,15.191712269000002,2.1064116692954196,33.70258670872671,2.1064116692954196,33.70258670872671
2,i256-o16,1,aggregated,15.189329664,10000,,32,32,32,32,512,1.0,15.191712269000002,2.1064116692954196,33.70258670872671,2.1064116692954196,33.70258670872671
2,i256-o16,1,aggregated,15.189329664,20000,,32,32,32,32,512,1.0,15.191712269000002,2.1064116692954196,33.70258670872671,2.1064116692954196,33.70258670872671
2,i256-o16,2,aggregated,7.758696448,100,,32,18,18,32,288,0.5625,7.7610407970000015,2.319276559782784,37.108424956524544,4.123158328502727,65.97053325604364
2,i256-o16,2,aggregated,7.758696448,250,,32,32,32,32,512,1.0,7.7610407970000015,4.123158328502727,65.97053325604364,4.123158328502727,65.97053325604364
2,i256-o16,2,aggregated,7.758696448,500,,32,32,32,32,512,1.0,7.7610407970000015,4.123158328502727,65.97053325604364,4.123158328502727,65.97053325604364
2,i256-o16,2,aggregated,7.758696448,1000,,32,32,32,32,512,1.0,7.7610407970000015,4.123158328502727,65.97053325604364,4.123158328502727,65.97053325604364
2,i256-o16,2,aggregated,7.758696448,2000,,32,32,32,32,512,1.0,7.7610407970000015,4.123158328502727,65.97053325604364,4.123158328502727,65.97053325604364
2,i256-o16,2,aggregated,7.758696448,5000,,32,32,32,32,512,1.0,7.7610407970000015,4.123158328502727,65.97053325604364,4.123158328502727,65.97053325604364
2,i256-o16,2,aggregated,7.758696448,10000,,32,32,32,32,512,1.0,7.7610407970000015,4.123158328502727,65.97053325604364,4.123158328502727,65.97053325604364
2,i256-o16,2,aggregated,7.758696448,20000,,32,32,32,32,512,1.0,7.7610407970000015,4.123158328502727,65.97053325604364,4.123158328502727,65.97053325604364
2,i256-o16,4,aggregated,4.114713088,100,,32,18,18,32,288,0.5625,4.116440301,4.372710080509923,69.96336128815877,7.773706809795418,124.37930895672669
2,i256-o16,4,aggregated,4.114713088,250,,32,32,32,32,512,1.0,4.116440301,7.773706809795418,124.37930895672669,7.773706809795418,124.37930895672669
2,i256-o16,4,aggregated,4.114713088,500,,32,32,32,32,512,1.0,4.116440301,7.773706809795418,124.37930895672669,7.773706809795418,124.37930895672669
2,i256-o16,4,aggregated,4.114713088,1000,,32,32,32,32,512,1.0,4.116440301,7.773706809795418,124.37930895672669,7.773706809795418,124.37930895672669
2,i256-o16,4,aggregated,4.114713088,2000,,32,32,32,32,512,1.0,4.116440301,7.773706809795418,124.37930895672669,7.773706809795418,124.37930895672669
2,i256-o16,4,aggregated,4.114713088,5000,,32,32,32,32,512,1.0,4.116440301,7.773706809795418,124.37930895672669,7.773706809795418,124.37930895672669
2,i256-o16,4,aggregated,4.114713088,10000,,32,32,32,32,512,1.0,4.116440301,7.773706809795418,124.37930895672669,7.773706809795418,124.37930895672669
2,i256-o16,4,aggregated,4.114713088,20000,,32,32,32,32,512,1.0,4.116440301,7.773706809795418,124.37930895672669,7.773706809795418,124.37930895672669
2,i256-o16,8,aggregated,4.221773312,100,,32,2,2,32,32,0.0625,4.224612481,0.47341620302333237,7.574659248373318,7.574659248373318,121.19454797397309
2,i256-o16,8,aggregated,4.221773312,250,,32,4,4,32,64,0.125,4.224612481,0.9468324060466647,15.149318496746636,7.574659248373318,121.19454797397309
2,i256-o16,8,aggregated,4.221773312,500,,32,5,5,32,80,0.15625,4.224612481,1.183540507558331,18.936648120933295,7.574659248373318,121.19454797397309
2,i256-o16,8,aggregated,4.221773312,1000,,32,32,32,32,512,1.0,4.224612481,7.574659248373318,121.19454797397309,7.574659248373318,121.19454797397309
2,i256-o16,8,aggregated,4.221773312,2000,,32,32,32,32,512,1.0,4.224612481,7.574659248373318,121.19454797397309,7.574659248373318,121.19454797397309
2,i256-o16,8,aggregated,4.221773312,5000,,32,32,32,32,512,1.0,4.224612481,7.574659248373318,121.19454797397309,7.574659248373318,121.19454797397309
2,i256-o16,8,aggregated,4.221773312,10000,,32,32,32,32,512,1.0,4.224612481,7.574659248373318,121.19454797397309,7.574659248373318,121.19454797397309
2,i256-o16,8,aggregated,4.221773312,20000,,32,32,32,32,512,1.0,4.224612481,7.574659248373318,121.19454797397309,7.574659248373318,121.19454797397309
2,i256-o256,1,aggregated,235.86843801600003,100,,32,18,18,32,4608,0.5625,235.87161165400005,0.07631270195585975,19.536051700700096,0.13566702569930622,34.73075857902239
2,i256-o256,1,aggregated,235.86843801600003,250,,32,32,32,32,8192,1.0,235.87161165400005,0.13566702569930622,34.73075857902239,0.13566702569930622,34.73075857902239
2,i256-o256,1,aggregated,235.86843801600003,500,,32,32,32,32,8192,1.0,235.87161165400005,0.13566702569930622,34.73075857902239,0.13566702569930622,34.73075857902239
2,i256-o256,1,aggregated,235.86843801600003,1000,,32,32,32,32,8192,1.0,235.87161165400005,0.13566702569930622,34.73075857902239,0.13566702569930622,34.73075857902239
2,i256-o256,1,aggregated,235.86843801600003,2000,,32,32,32,32,8192,1.0,235.87161165400005,0.13566702569930622,34.73075857902239,0.13566702569930622,34.73075857902239
2,i256-o256,1,aggregated,235.86843801600003,5000,,32,32,32,32,8192,1.0,235.87161165400005,0.13566702569930622,34.73075857902239,0.13566702569930622,34.73075857902239
2,i256-o256,1,aggregated,235.86843801600003,10000,,32,32,32,32,8192,1.0,235.87161165400005,0.13566702569930622,34.73075857902239,0.13566702569930622,34.73075857902239
2,i256-o256,1,aggregated,235.86843801600003,20000,,32,32,32,32,8192,1.0,235.87161165400005,0.13566702569930622,34.73075857902239,0.13566702569930622,34.73075857902239
2,i256-o256,2,aggregated,118.836797696,100,,32,18,18,32,4608,0.5625,118.83987252300001,0.1514643159560468,38.774864884747984,0.2692698950329721,68.93309312844086
2,i256-o256,2,aggregated,118.836797696,250,,32,32,32,32,8192,1.0,118.83987252300001,0.2692698950329721,68.93309312844086,0.2692698950329721,68.93309312844086
2,i256-o256,2,aggregated,118.836797696,500,,32,32,32,32,8192,1.0,118.83987252300001,0.2692698950329721,68.93309312844086,0.2692698950329721,68.93309312844086
2,i256-o256,2,aggregated,118.836797696,1000,,32,32,32,32,8192,1.0,118.83987252300001,0.2692698950329721,68.93309312844086,0.2692698950329721,68.93309312844086
2,i256-o256,2,aggregated,118.836797696,2000,,32,32,32,32,8192,1.0,118.83987252300001,0.2692698950329721,68.93309312844086,0.2692698950329721,68.93309312844086
2,i256-o256,2,aggregated,118.836797696,5000,,32,32,32,32,8192,1.0,118.83987252300001,0.2692698950329721,68.93309312844086,0.2692698950329721,68.93309312844086
2,i256-o256,2,aggregated,118.836797696,10000,,32,32,32,32,8192,1.0,118.83987252300001,0.2692698950329721,68.93309312844086,0.2692698950329721,68.93309312844086
2,i256-o256,2,aggregated,118.836797696,20000,,32,32,32,32,8192,1.0,118.83987252300001,0.2692698950329721,68.93309312844086,0.2692698950329721,68.93309312844086
2,i256-o256,4,aggregated,63.028911104,100,,32,10,10,32,2560,0.3125,63.036612401,0.15863796639937083,40.61131939823893,0.5076414924779866,129.95622207436458
2,i256-o256,4,aggregated,63.028911104,250,,32,31,31,32,7936,0.96875,63.036612401,0.49177769583804953,125.89509013454068,0.5076414924779866,129.95622207436458
2,i256-o256,4,aggregated,63.028911104,500,,32,32,32,32,8192,1.0,63.036612401,0.5076414924779866,129.95622207436458,0.5076414924779866,129.95622207436458
2,i256-o256,4,aggregated,63.028911104,1000,,32,32,32,32,8192,1.0,63.036612401,0.5076414924779866,129.95622207436458,0.5076414924779866,129.95622207436458
2,i256-o256,4,aggregated,63.028911104,2000,,32,32,32,32,8192,1.0,63.036612401,0.5076414924779866,129.95622207436458,0.5076414924779866,129.95622207436458
2,i256-o256,4,aggregated,63.028911104,5000,,32,32,32,32,8192,1.0,63.036612401,0.5076414924779866,129.95622207436458,0.5076414924779866,129.95622207436458
2,i256-o256,4,aggregated,63.028911104,10000,,32,32,32,32,8192,1.0,63.036612401,0.5076414924779866,129.95622207436458,0.5076414924779866,129.95622207436458
2,i256-o256,4,aggregated,63.028911104,20000,,32,32,32,32,8192,1.0,63.036612401,0.5076414924779866,129.95622207436458,0.5076414924779866,129.95622207436458
2,i256-o256,8,aggregated,62.864597248,100,,32,0,0,32,0,0.0,62.868169245000004,0.0,0.0,0.5090016201250366,130.30441475200936
2,i256-o256,8,aggregated,62.864597248,250,,32,4,4,32,1024,0.125,62.868169245000004,0.06362520251562957,16.28805184400117,0.5090016201250366,130.30441475200936
2,i256-o256,8,aggregated,62.864597248,500,,32,4,4,32,1024,0.125,62.868169245000004,0.06362520251562957,16.28805184400117,0.5090016201250366,130.30441475200936
2,i256-o256,8,aggregated,62.864597248,1000,,32,4,4,32,1024,0.125,62.868169245000004,0.06362520251562957,16.28805184400117,0.5090016201250366,130.30441475200936
2,i256-o256,8,aggregated,62.864597248,2000,,32,4,4,32,1024,0.125,62.868169245000004,0.06362520251562957,16.28805184400117,0.5090016201250366,130.30441475200936
2,i256-o256,8,aggregated,62.864597248,5000,,32,4,4,32,1024,0.125,62.868169245000004,0.06362520251562957,16.28805184400117,0.5090016201250366,130.30441475200936
2,i256-o256,8,aggregated,62.864597248,10000,,32,32,32,32,8192,1.0,62.868169245000004,0.5090016201250366,130.30441475200936,0.5090016201250366,130.30441475200936
2,i256-o256,8,aggregated,62.864597248,20000,,32,32,32,32,8192,1.0,62.868169245000004,0.5090016201250366,130.30441475200936,0.5090016201250366,130.30441475200936
2,i256-o64,1,aggregated,59.221457920000006,100,,32,18,18,32,1152,0.5625,59.2242576,0.3039295168809343,19.451489080379794,0.5403191411216609,34.5804250317863
2,i256-o64,1,aggregated,59.221457920000006,250,,32,32,32,32,2048,1.0,59.2242576,0.5403191411216609,34.5804250317863,0.5403191411216609,34.5804250317863
2,i256-o64,1,aggregated,59.221457920000006,500,,32,32,32,32,2048,1.0,59.2242576,0.5403191411216609,34.5804250317863,0.5403191411216609,34.5804250317863
2,i256-o64,1,aggregated,59.221457920000006,1000,,32,32,32,32,2048,1.0,59.2242576,0.5403191411216609,34.5804250317863,0.5403191411216609,34.5804250317863
2,i256-o64,1,aggregated,59.221457920000006,2000,,32,32,32,32,2048,1.0,59.2242576,0.5403191411216609,34.5804250317863,0.5403191411216609,34.5804250317863
2,i256-o64,1,aggregated,59.221457920000006,5000,,32,32,32,32,2048,1.0,59.2242576,0.5403191411216609,34.5804250317863,0.5403191411216609,34.5804250317863
2,i256-o64,1,aggregated,59.221457920000006,10000,,32,32,32,32,2048,1.0,59.2242576,0.5403191411216609,34.5804250317863,0.5403191411216609,34.5804250317863
2,i256-o64,1,aggregated,59.221457920000006,20000,,32,32,32,32,2048,1.0,59.2242576,0.5403191411216609,34.5804250317863,0.5403191411216609,34.5804250317863
2,i256-o64,2,aggregated,29.952613120000002,100,,32,18,18,32,1152,0.5625,29.955141303,0.6008985174841189,38.45750511898361,1.0682640310828782,68.3688979893042
2,i256-o64,2,aggregated,29.952613120000002,250,,32,32,32,32,2048,1.0,29.955141303,1.0682640310828782,68.3688979893042,1.0682640310828782,68.3688979893042
2,i256-o64,2,aggregated,29.952613120000002,500,,32,32,32,32,2048,1.0,29.955141303,1.0682640310828782,68.3688979893042,1.0682640310828782,68.3688979893042
2,i256-o64,2,aggregated,29.952613120000002,1000,,32,32,32,32,2048,1.0,29.955141303,1.0682640310828782,68.3688979893042,1.0682640310828782,68.3688979893042
2,i256-o64,2,aggregated,29.952613120000002,2000,,32,32,32,32,2048,1.0,29.955141303,1.0682640310828782,68.3688979893042,1.0682640310828782,68.3688979893042
2,i256-o64,2,aggregated,29.952613120000002,5000,,32,32,32,32,2048,1.0,29.955141303,1.0682640310828782,68.3688979893042,1.0682640310828782,68.3688979893042
2,i256-o64,2,aggregated,29.952613120000002,10000,,32,32,32,32,2048,1.0,29.955141303,1.0682640310828782,68.3688979893042,1.0682640310828782,68.3688979893042
2,i256-o64,2,aggregated,29.952613120000002,20000,,32,32,32,32,2048,1.0,29.955141303,1.0682640310828782,68.3688979893042,1.0682640310828782,68.3688979893042
2,i256-o64,4,aggregated,16.144299264,100,,32,12,12,32,768,0.375,16.147132211000002,0.7431660212595009,47.56262536060806,1.9817760566920024,126.83366762828815
2,i256-o64,4,aggregated,16.144299264,250,,32,30,30,32,1920,0.9375,16.147132211000002,1.8579150531487523,118.90656340152015,1.9817760566920024,126.83366762828815
2,i256-o64,4,aggregated,16.144299264,500,,32,32,32,32,2048,1.0,16.147132211000002,1.9817760566920024,126.83366762828815,1.9817760566920024,126.83366762828815
2,i256-o64,4,aggregated,16.144299264,1000,,32,32,32,32,2048,1.0,16.147132211000002,1.9817760566920024,126.83366762828815,1.9817760566920024,126.83366762828815
2,i256-o64,4,aggregated,16.144299264,2000,,32,32,32,32,2048,1.0,16.147132211000002,1.9817760566920024,126.83366762828815,1.9817760566920024,126.83366762828815
2,i256-o64,4,aggregated,16.144299264,5000,,32,32,32,32,2048,1.0,16.147132211000002,1.9817760566920024,126.83366762828815,1.9817760566920024,126.83366762828815
2,i256-o64,4,aggregated,16.144299264,10000,,32,32,32,32,2048,1.0,16.147132211000002,1.9817760566920024,126.83366762828815,1.9817760566920024,126.83366762828815
2,i256-o64,4,aggregated,16.144299264,20000,,32,32,32,32,2048,1.0,16.147132211000002,1.9817760566920024,126.83366762828815,1.9817760566920024,126.83366762828815
2,i256-o64,8,aggregated,16.193193216,100,,32,1,1,32,64,0.03125,16.196076035,0.06174335053990749,3.9515744345540793,1.9757872172770397,126.45038190573054
2,i256-o64,8,aggregated,16.193193216,250,,32,4,4,32,256,0.125,16.196076035,0.24697340215962996,15.806297738216317,1.9757872172770397,126.45038190573054
2,i256-o64,8,aggregated,16.193193216,500,,32,4,4,32,256,0.125,16.196076035,0.24697340215962996,15.806297738216317,1.9757872172770397,126.45038190573054
2,i256-o64,8,aggregated,16.193193216,1000,,32,4,4,32,256,0.125,16.196076035,0.24697340215962996,15.806297738216317,1.9757872172770397,126.45038190573054
2,i256-o64,8,aggregated,16.193193216,2000,,32,19,19,32,1216,0.59375,16.196076035,1.1731236602582422,75.0799142565275,1.9757872172770397,126.45038190573054
2,i256-o64,8,aggregated,16.193193216,5000,,32,32,32,32,2048,1.0,16.196076035,1.9757872172770397,126.45038190573054,1.9757872172770397,126.45038190573054
2,i256-o64,8,aggregated,16.193193216,10000,,32,32,32,32,2048,1.0,16.196076035,1.9757872172770397,126.45038190573054,1.9757872172770397,126.45038190573054
2,i256-o64,8,aggregated,16.193193216,20000,,32,32,32,32,2048,1.0,16.196076035,1.9757872172770397,126.45038190573054,1.9757872172770397,126.45038190573054
2,i64-o16,1,aggregated,15.006435328,100,,32,30,30,32,480,0.9375,15.008544507000002,1.99886138099587,31.98178209593392,2.1321188063955945,34.11390090232951
2,i64-o16,1,aggregated,15.006435328,250,,32,32,32,32,512,1.0,15.008544507000002,2.1321188063955945,34.11390090232951,2.1321188063955945,34.11390090232951
2,i64-o16,1,aggregated,15.006435328,500,,32,32,32,32,512,1.0,15.008544507000002,2.1321188063955945,34.11390090232951,2.1321188063955945,34.11390090232951
2,i64-o16,1,aggregated,15.006435328,1000,,32,32,32,32,512,1.0,15.008544507000002,2.1321188063955945,34.11390090232951,2.1321188063955945,34.11390090232951
2,i64-o16,1,aggregated,15.006435328,2000,,32,32,32,32,512,1.0,15.008544507000002,2.1321188063955945,34.11390090232951,2.1321188063955945,34.11390090232951
2,i64-o16,1,aggregated,15.006435328,5000,,32,32,32,32,512,1.0,15.008544507000002,2.1321188063955945,34.11390090232951,2.1321188063955945,34.11390090232951
2,i64-o16,1,aggregated,15.006435328,10000,,32,32,32,32,512,1.0,15.008544507000002,2.1321188063955945,34.11390090232951,2.1321188063955945,34.11390090232951
2,i64-o16,1,aggregated,15.006435328,20000,,32,32,32,32,512,1.0,15.008544507000002,2.1321188063955945,34.11390090232951,2.1321188063955945,34.11390090232951
2,i64-o16,2,aggregated,7.589266944,100,,32,30,30,32,480,0.9375,7.591765207,3.951650134324287,63.226402149188594,4.215093476612573,67.44149562580117
2,i64-o16,2,aggregated,7.589266944,250,,32,32,32,32,512,1.0,7.591765207,4.215093476612573,67.44149562580117,4.215093476612573,67.44149562580117
2,i64-o16,2,aggregated,7.589266944,500,,32,32,32,32,512,1.0,7.591765207,4.215093476612573,67.44149562580117,4.215093476612573,67.44149562580117
2,i64-o16,2,aggregated,7.589266944,1000,,32,32,32,32,512,1.0,7.591765207,4.215093476612573,67.44149562580117,4.215093476612573,67.44149562580117
2,i64-o16,2,aggregated,7.589266944,2000,,32,32,32,32,512,1.0,7.591765207,4.215093476612573,67.44149562580117,4.215093476612573,67.44149562580117
2,i64-o16,2,aggregated,7.589266944,5000,,32,32,32,32,512,1.0,7.591765207,4.215093476612573,67.44149562580117,4.215093476612573,67.44149562580117
2,i64-o16,2,aggregated,7.589266944,10000,,32,32,32,32,512,1.0,7.591765207,4.215093476612573,67.44149562580117,4.215093476612573,67.44149562580117
2,i64-o16,2,aggregated,7.589266944,20000,,32,32,32,32,512,1.0,7.591765207,4.215093476612573,67.44149562580117,4.215093476612573,67.44149562580117
2,i64-o16,4,aggregated,4.100251648,100,,32,18,18,32,288,0.5625,4.1028715490000005,4.387171225086774,70.19473960138838,7.799415511265375,124.790648180246
2,i64-o16,4,aggregated,4.100251648,250,,32,32,32,32,512,1.0,4.1028715490000005,7.799415511265375,124.790648180246,7.799415511265375,124.790648180246
2,i64-o16,4,aggregated,4.100251648,500,,32,32,32,32,512,1.0,4.1028715490000005,7.799415511265375,124.790648180246,7.799415511265375,124.790648180246
2,i64-o16,4,aggregated,4.100251648,1000,,32,32,32,32,512,1.0,4.1028715490000005,7.799415511265375,124.790648180246,7.799415511265375,124.790648180246
2,i64-o16,4,aggregated,4.100251648,2000,,32,32,32,32,512,1.0,4.1028715490000005,7.799415511265375,124.790648180246,7.799415511265375,124.790648180246
2,i64-o16,4,aggregated,4.100251648,5000,,32,32,32,32,512,1.0,4.1028715490000005,7.799415511265375,124.790648180246,7.799415511265375,124.790648180246
2,i64-o16,4,aggregated,4.100251648,10000,,32,32,32,32,512,1.0,4.1028715490000005,7.799415511265375,124.790648180246,7.799415511265375,124.790648180246
2,i64-o16,4,aggregated,4.100251648,20000,,32,32,32,32,512,1.0,4.1028715490000005,7.799415511265375,124.790648180246,7.799415511265375,124.790648180246
2,i64-o16,8,aggregated,4.064341504000001,100,,32,3,3,32,48,0.09375,4.067862769,0.7374880054612776,11.799808087380441,7.866538724920294,125.8646195987247
2,i64-o16,8,aggregated,4.064341504000001,250,,32,4,4,32,64,0.125,4.067862769,0.9833173406150367,15.733077449840588,7.866538724920294,125.8646195987247
2,i64-o16,8,aggregated,4.064341504000001,500,,32,8,8,32,128,0.25,4.067862769,1.9666346812300735,31.466154899681175,7.866538724920294,125.8646195987247
2,i64-o16,8,aggregated,4.064341504000001,1000,,32,32,32,32,512,1.0,4.067862769,7.866538724920294,125.8646195987247,7.866538724920294,125.8646195987247
2,i64-o16,8,aggregated,4.064341504000001,2000,,32,32,32,32,512,1.0,4.067862769,7.866538724920294,125.8646195987247,7.866538724920294,125.8646195987247
2,i64-o16,8,aggregated,4.064341504000001,5000,,32,32,32,32,512,1.0,4.067862769,7.866538724920294,125.8646195987247,7.866538724920294,125.8646195987247
2,i64-o16,8,aggregated,4.064341504000001,10000,,32,32,32,32,512,1.0,4.067862769,7.866538724920294,125.8646195987247,7.866538724920294,125.8646195987247
2,i64-o16,8,aggregated,4.064341504000001,20000,,32,32,32,32,512,1.0,4.067862769,7.866538724920294,125.8646195987247,7.866538724920294,125.8646195987247
2,i64-o256,1,aggregated,234.645603584,100,,32,22,22,32,5632,0.6875,234.64881829900003,0.09375713101596198,24.001825540086266,0.13637400875049013,34.911746240125474
2,i64-o256,1,aggregated,234.645603584,250,,32,32,32,32,8192,1.0,234.64881829900003,0.13637400875049013,34.911746240125474,0.13637400875049013,34.911746240125474
2,i64-o256,1,aggregated,234.645603584,500,,32,32,32,32,8192,1.0,234.64881829900003,0.13637400875049013,34.911746240125474,0.13637400875049013,34.911746240125474
2,i64-o256,1,aggregated,234.645603584,1000,,32,32,32,32,8192,1.0,234.64881829900003,0.13637400875049013,34.911746240125474,0.13637400875049013,34.911746240125474
2,i64-o256,1,aggregated,234.645603584,2000,,32,32,32,32,8192,1.0,234.64881829900003,0.13637400875049013,34.911746240125474,0.13637400875049013,34.911746240125474
2,i64-o256,1,aggregated,234.645603584,5000,,32,32,32,32,8192,1.0,234.64881829900003,0.13637400875049013,34.911746240125474,0.13637400875049013,34.911746240125474
2,i64-o256,1,aggregated,234.645603584,10000,,32,32,32,32,8192,1.0,234.64881829900003,0.13637400875049013,34.911746240125474,0.13637400875049013,34.911746240125474
2,i64-o256,1,aggregated,234.645603584,20000,,32,32,32,32,8192,1.0,234.64881829900003,0.13637400875049013,34.911746240125474,0.13637400875049013,34.911746240125474
2,i64-o256,2,aggregated,118.73157376,100,,32,30,30,32,7680,0.9375,118.734645813,0.2526642480346319,64.68204749686576,0.2695085312369407,68.99418399665682
2,i64-o256,2,aggregated,118.73157376,250,,32,32,32,32,8192,1.0,118.734645813,0.2695085312369407,68.99418399665682,0.2695085312369407,68.99418399665682
2,i64-o256,2,aggregated,118.73157376,500,,32,32,32,32,8192,1.0,118.734645813,0.2695085312369407,68.99418399665682,0.2695085312369407,68.99418399665682
2,i64-o256,2,aggregated,118.73157376,1000,,32,32,32,32,8192,1.0,118.734645813,0.2695085312369407,68.99418399665682,0.2695085312369407,68.99418399665682
2,i64-o256,2,aggregated,118.73157376,2000,,32,32,32,32,8192,1.0,118.734645813,0.2695085312369407,68.99418399665682,0.2695085312369407,68.99418399665682
2,i64-o256,2,aggregated,118.73157376,5000,,32,32,32,32,8192,1.0,118.734645813,0.2695085312369407,68.99418399665682,0.2695085312369407,68.99418399665682
2,i64-o256,2,aggregated,118.73157376,10000,,32,32,32,32,8192,1.0,118.734645813,0.2695085312369407,68.99418399665682,0.2695085312369407,68.99418399665682
2,i64-o256,2,aggregated,118.73157376,20000,,32,32,32,32,8192,1.0,118.734645813,0.2695085312369407,68.99418399665682,0.2695085312369407,68.99418399665682
2,i64-o256,4,aggregated,63.074360064000004,100,,32,14,14,32,3584,0.4375,63.077480102,0.2219492595037274,56.819010432954215,0.5073125931513769,129.87202384675248
2,i64-o256,4,aggregated,63.074360064000004,250,,32,27,27,32,6912,0.84375,63.077480102,0.42804500047147426,109.57952012069741,0.5073125931513769,129.87202384675248
2,i64-o256,4,aggregated,63.074360064000004,500,,32,31,31,32,7936,0.96875,63.077480102,0.4914590746153964,125.81352310154148,0.5073125931513769,129.87202384675248
2,i64-o256,4,aggregated,63.074360064000004,1000,,32,32,32,32,8192,1.0,63.077480102,0.5073125931513769,129.87202384675248,0.5073125931513769,129.87202384675248
2,i64-o256,4,aggregated,63.074360064000004,2000,,32,32,32,32,8192,1.0,63.077480102,0.5073125931513769,129.87202384675248,0.5073125931513769,129.87202384675248
2,i64-o256,4,aggregated,63.074360064000004,5000,,32,32,32,32,8192,1.0,63.077480102,0.5073125931513769,129.87202384675248,0.5073125931513769,129.87202384675248
2,i64-o256,4,aggregated,63.074360064000004,10000,,32,32,32,32,8192,1.0,63.077480102,0.5073125931513769,129.87202384675248,0.5073125931513769,129.87202384675248
2,i64-o256,4,aggregated,63.074360064000004,20000,,32,32,32,32,8192,1.0,63.077480102,0.5073125931513769,129.87202384675248,0.5073125931513769,129.87202384675248
2,i64-o256,8,aggregated,62.44259712,100,,32,3,3,32,768,0.09375,62.44589599700001,0.04804158787543259,12.298646496110743,0.5124436040046143,131.18556262518126
2,i64-o256,8,aggregated,62.44259712,250,,32,4,4,32,1024,0.125,62.44589599700001,0.06405545050057679,16.398195328147658,0.5124436040046143,131.18556262518126
2,i64-o256,8,aggregated,62.44259712,500,,32,4,4,32,1024,0.125,62.44589599700001,0.06405545050057679,16.398195328147658,0.5124436040046143,131.18556262518126
2,i64-o256,8,aggregated,62.44259712,1000,,32,4,4,32,1024,0.125,62.44589599700001,0.06405545050057679,16.398195328147658,0.5124436040046143,131.18556262518126
2,i64-o256,8,aggregated,62.44259712,2000,,32,4,4,32,1024,0.125,62.44589599700001,0.06405545050057679,16.398195328147658,0.5124436040046143,131.18556262518126
2,i64-o256,8,aggregated,62.44259712,5000,,32,4,4,32,1024,0.125,62.44589599700001,0.06405545050057679,16.398195328147658,0.5124436040046143,131.18556262518126
2,i64-o256,8,aggregated,62.44259712,10000,,32,32,32,32,8192,1.0,62.44589599700001,0.5124436040046143,131.18556262518126,0.5124436040046143,131.18556262518126
2,i64-o256,8,aggregated,62.44259712,20000,,32,32,32,32,8192,1.0,62.44589599700001,0.5124436040046143,131.18556262518126,0.5124436040046143,131.18556262518126
2,i64-o64,1,aggregated,58.736816896,100,,32,30,30,32,1920,0.9375,58.739255761,0.5107317008248262,32.68682885278888,0.5447804808798146,34.86595077630813
2,i64-o64,1,aggregated,58.736816896,250,,32,32,32,32,2048,1.0,58.739255761,0.5447804808798146,34.86595077630813,0.5447804808798146,34.86595077630813
2,i64-o64,1,aggregated,58.736816896,500,,32,32,32,32,2048,1.0,58.739255761,0.5447804808798146,34.86595077630813,0.5447804808798146,34.86595077630813
2,i64-o64,1,aggregated,58.736816896,1000,,32,32,32,32,2048,1.0,58.739255761,0.5447804808798146,34.86595077630813,0.5447804808798146,34.86595077630813
2,i64-o64,1,aggregated,58.736816896,2000,,32,32,32,32,2048,1.0,58.739255761,0.5447804808798146,34.86595077630813,0.5447804808798146,34.86595077630813
2,i64-o64,1,aggregated,58.736816896,5000,,32,32,32,32,2048,1.0,58.739255761,0.5447804808798146,34.86595077630813,0.5447804808798146,34.86595077630813
2,i64-o64,1,aggregated,58.736816896,10000,,32,32,32,32,2048,1.0,58.739255761,0.5447804808798146,34.86595077630813,0.5447804808798146,34.86595077630813
2,i64-o64,1,aggregated,58.736816896,20000,,32,32,32,32,2048,1.0,58.739255761,0.5447804808798146,34.86595077630813,0.5447804808798146,34.86595077630813
2,i64-o64,2,aggregated,29.67423488,100,,32,29,29,32,1856,0.90625,29.676743558000002,0.9771961651831045,62.54055457171869,1.078285423650322,69.01026711362061
2,i64-o64,2,aggregated,29.67423488,250,,32,32,32,32,2048,1.0,29.676743558000002,1.078285423650322,69.01026711362061,1.078285423650322,69.01026711362061
2,i64-o64,2,aggregated,29.67423488,500,,32,32,32,32,2048,1.0,29.676743558000002,1.078285423650322,69.01026711362061,1.078285423650322,69.01026711362061
2,i64-o64,2,aggregated,29.67423488,1000,,32,32,32,32,2048,1.0,29.676743558000002,1.078285423650322,69.01026711362061,1.078285423650322,69.01026711362061
2,i64-o64,2,aggregated,29.67423488,2000,,32,32,32,32,2048,1.0,29.676743558000002,1.078285423650322,69.01026711362061,1.078285423650322,69.01026711362061
2,i64-o64,2,aggregated,29.67423488,5000,,32,32,32,32,2048,1.0,29.676743558000002,1.078285423650322,69.01026711362061,1.078285423650322,69.01026711362061
2,i64-o64,2,aggregated,29.67423488,10000,,32,32,32,32,2048,1.0,29.676743558000002,1.078285423650322,69.01026711362061,1.078285423650322,69.01026711362061
2,i64-o64,2,aggregated,29.67423488,20000,,32,32,32,32,2048,1.0,29.676743558000002,1.078285423650322,69.01026711362061,1.078285423650322,69.01026711362061
2,i64-o64,4,aggregated,15.772599040000001,100,,32,19,19,32,1216,0.59375,15.775828124999999,1.2043741760783162,77.07994726901224,2.028419664974006,129.8188585583364
2,i64-o64,4,aggregated,15.772599040000001,250,,32,32,32,32,2048,1.0,15.775828124999999,2.028419664974006,129.8188585583364,2.028419664974006,129.8188585583364
2,i64-o64,4,aggregated,15.772599040000001,500,,32,32,32,32,2048,1.0,15.775828124999999,2.028419664974006,129.8188585583364,2.028419664974006,129.8188585583364
2,i64-o64,4,aggregated,15.772599040000001,1000,,32,32,32,32,2048,1.0,15.775828124999999,2.028419664974006,129.8188585583364,2.028419664974006,129.8188585583364
2,i64-o64,4,aggregated,15.772599040000001,2000,,32,32,32,32,2048,1.0,15.775828124999999,2.028419664974006,129.8188585583364,2.028419664974006,129.8188585583364
2,i64-o64,4,aggregated,15.772599040000001,5000,,32,32,32,32,2048,1.0,15.775828124999999,2.028419664974006,129.8188585583364,2.028419664974006,129.8188585583364
2,i64-o64,4,aggregated,15.772599040000001,10000,,32,32,32,32,2048,1.0,15.775828124999999,2.028419664974006,129.8188585583364,2.028419664974006,129.8188585583364
2,i64-o64,4,aggregated,15.772599040000001,20000,,32,32,32,32,2048,1.0,15.775828124999999,2.028419664974006,129.8188585583364,2.028419664974006,129.8188585583364
2,i64-o64,8,aggregated,15.573881088,100,,32,3,3,32,192,0.09375,15.576662396000003,0.19259581569735906,12.32613220463098,2.0543553674384967,131.4787435160638
2,i64-o64,8,aggregated,15.573881088,250,,32,4,4,32,256,0.125,15.576662396000003,0.2567944209298121,16.434842939507973,2.0543553674384967,131.4787435160638
2,i64-o64,8,aggregated,15.573881088,500,,32,4,4,32,256,0.125,15.576662396000003,0.2567944209298121,16.434842939507973,2.0543553674384967,131.4787435160638
2,i64-o64,8,aggregated,15.573881088,1000,,32,4,4,32,256,0.125,15.576662396000003,0.2567944209298121,16.434842939507973,2.0543553674384967,131.4787435160638
2,i64-o64,8,aggregated,15.573881088,2000,,32,14,14,32,896,0.4375,15.576662396000003,0.8987804732543423,57.52195028827791,2.0543553674384967,131.4787435160638
2,i64-o64,8,aggregated,15.573881088,5000,,32,32,32,32,2048,1.0,15.576662396000003,2.0543553674384967,131.4787435160638,2.0543553674384967,131.4787435160638
2,i64-o64,8,aggregated,15.573881088,10000,,32,32,32,32,2048,1.0,15.576662396000003,2.0543553674384967,131.4787435160638,2.0543553674384967,131.4787435160638
2,i64-o64,8,aggregated,15.573881088,20000,,32,32,32,32,2048,1.0,15.576662396000003,2.0543553674384967,131.4787435160638,2.0543553674384967,131.4787435160638
2,i704-o16,1,aggregated,17.987682816,100,,32,0,0,32,0,0.0,17.989913212,0.0,0.0,1.778774562328333,28.46039299725333
2,i704-o16,1,aggregated,17.987682816,250,,32,30,30,32,480,0.9375,17.989913212,1.6676011521828122,26.681618434924996,1.778774562328333,28.46039299725333
2,i704-o16,1,aggregated,17.987682816,500,,32,32,32,32,512,1.0,17.989913212,1.778774562328333,28.46039299725333,1.778774562328333,28.46039299725333
2,i704-o16,1,aggregated,17.987682816,1000,,32,32,32,32,512,1.0,17.989913212,1.778774562328333,28.46039299725333,1.778774562328333,28.46039299725333
2,i704-o16,1,aggregated,17.987682816,2000,,32,32,32,32,512,1.0,17.989913212,1.778774562328333,28.46039299725333,1.778774562328333,28.46039299725333
2,i704-o16,1,aggregated,17.987682816,5000,,32,32,32,32,512,1.0,17.989913212,1.778774562328333,28.46039299725333,1.778774562328333,28.46039299725333
2,i704-o16,1,aggregated,17.987682816,10000,,32,32,32,32,512,1.0,17.989913212,1.778774562328333,28.46039299725333,1.778774562328333,28.46039299725333
2,i704-o16,1,aggregated,17.987682816,20000,,32,32,32,32,512,1.0,17.989913212,1.778774562328333,28.46039299725333,1.778774562328333,28.46039299725333
2,i704-o16,2,aggregated,9.313860352,100,,32,0,0,32,0,0.0,9.317642807,0.0,0.0,3.4343450015018373,54.9495200240294
2,i704-o16,2,aggregated,9.313860352,250,,32,25,25,32,400,0.78125,9.317642807,2.6830820324233104,42.92931251877297,3.4343450015018373,54.9495200240294
2,i704-o16,2,aggregated,9.313860352,500,,32,32,32,32,512,1.0,9.317642807,3.4343450015018373,54.9495200240294,3.4343450015018373,54.9495200240294
2,i704-o16,2,aggregated,9.313860352,1000,,32,32,32,32,512,1.0,9.317642807,3.4343450015018373,54.9495200240294,3.4343450015018373,54.9495200240294
2,i704-o16,2,aggregated,9.313860352,2000,,32,32,32,32,512,1.0,9.317642807,3.4343450015018373,54.9495200240294,3.4343450015018373,54.9495200240294
2,i704-o16,2,aggregated,9.313860352,5000,,32,32,32,32,512,1.0,9.317642807,3.4343450015018373,54.9495200240294,3.4343450015018373,54.9495200240294
2,i704-o16,2,aggregated,9.313860352,10000,,32,32,32,32,512,1.0,9.317642807,3.4343450015018373,54.9495200240294,3.4343450015018373,54.9495200240294
2,i704-o16,2,aggregated,9.313860352,20000,,32,32,32,32,512,1.0,9.317642807,3.4343450015018373,54.9495200240294,3.4343450015018373,54.9495200240294
2,i704-o16,4,aggregated,5.185986816000001,100,,32,0,0,32,0,0.0,5.188665578,0.0,0.0,6.167288972270704,98.67662355633126
2,i704-o16,4,aggregated,5.185986816000001,250,,32,22,22,32,352,0.6875,5.188665578,4.2400111684361095,67.84017869497775,6.167288972270704,98.67662355633126
2,i704-o16,4,aggregated,5.185986816000001,500,,32,32,32,32,512,1.0,5.188665578,6.167288972270704,98.67662355633126,6.167288972270704,98.67662355633126
2,i704-o16,4,aggregated,5.185986816000001,1000,,32,32,32,32,512,1.0,5.188665578,6.167288972270704,98.67662355633126,6.167288972270704,98.67662355633126
2,i704-o16,4,aggregated,5.185986816000001,2000,,32,32,32,32,512,1.0,5.188665578,6.167288972270704,98.67662355633126,6.167288972270704,98.67662355633126
2,i704-o16,4,aggregated,5.185986816000001,5000,,32,32,32,32,512,1.0,5.188665578,6.167288972270704,98.67662355633126,6.167288972270704,98.67662355633126
2,i704-o16,4,aggregated,5.185986816000001,10000,,32,32,32,32,512,1.0,5.188665578,6.167288972270704,98.67662355633126,6.167288972270704,98.67662355633126
2,i704-o16,4,aggregated,5.185986816000001,20000,,32,32,32,32,512,1.0,5.188665578,6.167288972270704,98.67662355633126,6.167288972270704,98.67662355633126
2,i704-o16,8,aggregated,5.052706816000001,100,,32,0,0,32,0,0.0,5.055396466,0.0,0.0,6.329869519673791,101.27791231478065
2,i704-o16,8,aggregated,5.052706816000001,250,,32,2,2,32,32,0.0625,5.055396466,0.3956168449796119,6.329869519673791,6.329869519673791,101.27791231478065
2,i704-o16,8,aggregated,5.052706816000001,500,,32,4,4,32,64,0.125,5.055396466,0.7912336899592238,12.659739039347581,6.329869519673791,101.27791231478065
2,i704-o16,8,aggregated,5.052706816000001,1000,,32,32,32,32,512,1.0,5.055396466,6.329869519673791,101.27791231478065,6.329869519673791,101.27791231478065
2,i704-o16,8,aggregated,5.052706816000001,2000,,32,32,32,32,512,1.0,5.055396466,6.329869519673791,101.27791231478065,6.329869519673791,101.27791231478065
2,i704-o16,8,aggregated,5.052706816000001,5000,,32,32,32,32,512,1.0,5.055396466,6.329869519673791,101.27791231478065,6.329869519673791,101.27791231478065
2,i704-o16,8,aggregated,5.052706816000001,10000,,32,32,32,32,512,1.0,5.055396466,6.329869519673791,101.27791231478065,6.329869519673791,101.27791231478065
2,i704-o16,8,aggregated,5.052706816000001,20000,,32,32,32,32,512,1.0,5.055396466,6.329869519673791,101.27791231478065,6.329869519673791,101.27791231478065
2,i704-o256,1,aggregated,238.198572544,100,,32,0,0,32,0,0.0,238.20310809,0.0,0.0,0.1343391371195269,34.39081910259889
2,i704-o256,1,aggregated,238.198572544,250,,32,25,25,32,6400,0.78125,238.20310809,0.1049524508746304,26.867827423905382,0.1343391371195269,34.39081910259889
2,i704-o256,1,aggregated,238.198572544,500,,32,32,32,32,8192,1.0,238.20310809,0.1343391371195269,34.39081910259889,0.1343391371195269,34.39081910259889
2,i704-o256,1,aggregated,238.198572544,1000,,32,32,32,32,8192,1.0,238.20310809,0.1343391371195269,34.39081910259889,0.1343391371195269,34.39081910259889
2,i704-o256,1,aggregated,238.198572544,2000,,32,32,32,32,8192,1.0,238.20310809,0.1343391371195269,34.39081910259889,0.1343391371195269,34.39081910259889
2,i704-o256,1,aggregated,238.198572544,5000,,32,32,32,32,8192,1.0,238.20310809,0.1343391371195269,34.39081910259889,0.1343391371195269,34.39081910259889
2,i704-o256,1,aggregated,238.198572544,10000,,32,32,32,32,8192,1.0,238.20310809,0.1343391371195269,34.39081910259889,0.1343391371195269,34.39081910259889
2,i704-o256,1,aggregated,238.198572544,20000,,32,32,32,32,8192,1.0,238.20310809,0.1343391371195269,34.39081910259889,0.1343391371195269,34.39081910259889
2,i704-o256,2,aggregated,120.53550080000001,100,,32,0,0,32,0,0.0,120.53918767900001,0.0,0.0,0.2654738315079499,67.96130086603517
2,i704-o256,2,aggregated,120.53550080000001,250,,32,25,25,32,6400,0.78125,120.53918767900001,0.20740143086558588,53.094766301589985,0.2654738315079499,67.96130086603517
2,i704-o256,2,aggregated,120.53550080000001,500,,32,32,32,32,8192,1.0,120.53918767900001,0.2654738315079499,67.96130086603517,0.2654738315079499,67.96130086603517
2,i704-o256,2,aggregated,120.53550080000001,1000,,32,32,32,32,8192,1.0,120.53918767900001,0.2654738315079499,67.96130086603517,0.2654738315079499,67.96130086603517
2,i704-o256,2,aggregated,120.53550080000001,2000,,32,32,32,32,8192,1.0,120.53918767900001,0.2654738315079499,67.96130086603517,0.2654738315079499,67.96130086603517
2,i704-o256,2,aggregated,120.53550080000001,5000,,32,32,32,32,8192,1.0,120.53918767900001,0.2654738315079499,67.96130086603517,0.2654738315079499,67.96130086603517
2,i704-o256,2,aggregated,120.53550080000001,10000,,32,32,32,32,8192,1.0,120.53918767900001,0.2654738315079499,67.96130086603517,0.2654738315079499,67.96130086603517
2,i704-o256,2,aggregated,120.53550080000001,20000,,32,32,32,32,8192,1.0,120.53918767900001,0.2654738315079499,67.96130086603517,0.2654738315079499,67.96130086603517
2,i704-o256,4,aggregated,63.666178048000006,100,,32,0,0,32,0,0.0,63.669420835000004,0.0,0.0,0.5025960591494675,128.66459114226367
2,i704-o256,4,aggregated,63.666178048000006,250,,32,19,19,32,4864,0.59375,63.669420835000004,0.2984164101199963,76.39460099071906,0.5025960591494675,128.66459114226367
2,i704-o256,4,aggregated,63.666178048000006,500,,32,31,31,32,7936,0.96875,63.669420835000004,0.48688993230104666,124.64382266906794,0.5025960591494675,128.66459114226367
2,i704-o256,4,aggregated,63.666178048000006,1000,,32,32,32,32,8192,1.0,63.669420835000004,0.5025960591494675,128.66459114226367,0.5025960591494675,128.66459114226367
2,i704-o256,4,aggregated,63.666178048000006,2000,,32,32,32,32,8192,1.0,63.669420835000004,0.5025960591494675,128.66459114226367,0.5025960591494675,128.66459114226367
2,i704-o256,4,aggregated,63.666178048000006,5000,,32,32,32,32,8192,1.0,63.669420835000004,0.5025960591494675,128.66459114226367,0.5025960591494675,128.66459114226367
2,i704-o256,4,aggregated,63.666178048000006,10000,,32,32,32,32,8192,1.0,63.669420835000004,0.5025960591494675,128.66459114226367,0.5025960591494675,128.66459114226367
2,i704-o256,4,aggregated,63.666178048000006,20000,,32,32,32,32,8192,1.0,63.669420835000004,0.5025960591494675,128.66459114226367,0.5025960591494675,128.66459114226367
2,i704-o256,8,aggregated,63.580984576000006,100,,32,0,0,32,0,0.0,63.5847801,0.0,0.0,0.5032650887472362,128.83586271929246
2,i704-o256,8,aggregated,63.580984576000006,250,,32,1,1,32,256,0.03125,63.5847801,0.01572703402335113,4.0261207099778895,0.5032650887472362,128.83586271929246
2,i704-o256,8,aggregated,63.580984576000006,500,,32,4,4,32,1024,0.125,63.5847801,0.06290813609340452,16.104482839911558,0.5032650887472362,128.83586271929246
2,i704-o256,8,aggregated,63.580984576000006,1000,,32,4,4,32,1024,0.125,63.5847801,0.06290813609340452,16.104482839911558,0.5032650887472362,128.83586271929246
2,i704-o256,8,aggregated,63.580984576000006,2000,,32,4,4,32,1024,0.125,63.5847801,0.06290813609340452,16.104482839911558,0.5032650887472362,128.83586271929246
2,i704-o256,8,aggregated,63.580984576000006,5000,,32,4,4,32,1024,0.125,63.5847801,0.06290813609340452,16.104482839911558,0.5032650887472362,128.83586271929246
2,i704-o256,8,aggregated,63.580984576000006,10000,,32,32,32,32,8192,1.0,63.5847801,0.5032650887472362,128.83586271929246,0.5032650887472362,128.83586271929246
2,i704-o256,8,aggregated,63.580984576000006,20000,,32,32,32,32,8192,1.0,63.5847801,0.5032650887472362,128.83586271929246,0.5032650887472362,128.83586271929246
2,i704-o64,1,aggregated,61.951566592000006,100,,32,0,0,32,0,0.0,61.954077403000014,0.0,0.0,0.516511605714759,33.05674276574457
2,i704-o64,1,aggregated,61.951566592000006,250,,32,28,28,32,1792,0.875,61.954077403000014,0.45194765500041406,28.9246499200265,0.516511605714759,33.05674276574457
2,i704-o64,1,aggregated,61.951566592000006,500,,32,32,32,32,2048,1.0,61.954077403000014,0.516511605714759,33.05674276574457,0.516511605714759,33.05674276574457
2,i704-o64,1,aggregated,61.951566592000006,1000,,32,32,32,32,2048,1.0,61.954077403000014,0.516511605714759,33.05674276574457,0.516511605714759,33.05674276574457
2,i704-o64,1,aggregated,61.951566592000006,2000,,32,32,32,32,2048,1.0,61.954077403000014,0.516511605714759,33.05674276574457,0.516511605714759,33.05674276574457
2,i704-o64,1,aggregated,61.951566592000006,5000,,32,32,32,32,2048,1.0,61.954077403000014,0.516511605714759,33.05674276574457,0.516511605714759,33.05674276574457
2,i704-o64,1,aggregated,61.951566592000006,10000,,32,32,32,32,2048,1.0,61.954077403000014,0.516511605714759,33.05674276574457,0.516511605714759,33.05674276574457
2,i704-o64,1,aggregated,61.951566592000006,20000,,32,32,32,32,2048,1.0,61.954077403000014,0.516511605714759,33.05674276574457,0.516511605714759,33.05674276574457
2,i704-o64,2,aggregated,31.336838912,100,,32,0,0,32,0,0.0,31.339692453,0.0,0.0,1.021069369075343,65.34843962082195
2,i704-o64,2,aggregated,31.336838912,250,,32,27,27,32,1728,0.84375,31.339692453,0.8615272801573206,55.13774593006852,1.021069369075343,65.34843962082195
2,i704-o64,2,aggregated,31.336838912,500,,32,32,32,32,2048,1.0,31.339692453,1.021069369075343,65.34843962082195,1.021069369075343,65.34843962082195
2,i704-o64,2,aggregated,31.336838912,1000,,32,32,32,32,2048,1.0,31.339692453,1.021069369075343,65.34843962082195,1.021069369075343,65.34843962082195
2,i704-o64,2,aggregated,31.336838912,2000,,32,32,32,32,2048,1.0,31.339692453,1.021069369075343,65.34843962082195,1.021069369075343,65.34843962082195
2,i704-o64,2,aggregated,31.336838912,5000,,32,32,32,32,2048,1.0,31.339692453,1.021069369075343,65.34843962082195,1.021069369075343,65.34843962082195
2,i704-o64,2,aggregated,31.336838912,10000,,32,32,32,32,2048,1.0,31.339692453,1.021069369075343,65.34843962082195,1.021069369075343,65.34843962082195
2,i704-o64,2,aggregated,31.336838912,20000,,32,32,32,32,2048,1.0,31.339692453,1.021069369075343,65.34843962082195,1.021069369075343,65.34843962082195
2,i704-o64,4,aggregated,17.224101888,100,,32,0,0,32,0,0.0,17.227077242,0.0,0.0,1.857540867233316,118.88261550293223
2,i704-o64,4,aggregated,17.224101888,250,,32,22,22,32,1408,0.6875,17.227077242,1.2770593462229047,81.7317981582659,1.857540867233316,118.88261550293223
2,i704-o64,4,aggregated,17.224101888,500,,32,32,32,32,2048,1.0,17.227077242,1.857540867233316,118.88261550293223,1.857540867233316,118.88261550293223
2,i704-o64,4,aggregated,17.224101888,1000,,32,32,32,32,2048,1.0,17.227077242,1.857540867233316,118.88261550293223,1.857540867233316,118.88261550293223
2,i704-o64,4,aggregated,17.224101888,2000,,32,32,32,32,2048,1.0,17.227077242,1.857540867233316,118.88261550293223,1.857540867233316,118.88261550293223
2,i704-o64,4,aggregated,17.224101888,5000,,32,32,32,32,2048,1.0,17.227077242,1.857540867233316,118.88261550293223,1.857540867233316,118.88261550293223
2,i704-o64,4,aggregated,17.224101888,10000,,32,32,32,32,2048,1.0,17.227077242,1.857540867233316,118.88261550293223,1.857540867233316,118.88261550293223
2,i704-o64,4,aggregated,17.224101888,20000,,32,32,32,32,2048,1.0,17.227077242,1.857540867233316,118.88261550293223,1.857540867233316,118.88261550293223
2,i704-o64,8,aggregated,16.849623808,100,,32,0,0,32,0,0.0,16.852197395,0.0,0.0,1.8988621631915081,121.52717844425652
2,i704-o64,8,aggregated,16.849623808,250,,32,3,3,32,192,0.09375,16.852197395,0.17801832779920387,11.393172979149048,1.8988621631915081,121.52717844425652
2,i704-o64,8,aggregated,16.849623808,500,,32,4,4,32,256,0.125,16.852197395,0.23735777039893852,15.190897305532065,1.8988621631915081,121.52717844425652
2,i704-o64,8,aggregated,16.849623808,1000,,32,4,4,32,256,0.125,16.852197395,0.23735777039893852,15.190897305532065,1.8988621631915081,121.52717844425652
2,i704-o64,8,aggregated,16.849623808,2000,,32,4,4,32,256,0.125,16.852197395,0.23735777039893852,15.190897305532065,1.8988621631915081,121.52717844425652
2,i704-o64,8,aggregated,16.849623808,5000,,32,32,32,32,2048,1.0,16.852197395,1.8988621631915081,121.52717844425652,1.8988621631915081,121.52717844425652
2,i704-o64,8,aggregated,16.849623808,10000,,32,32,32,32,2048,1.0,16.852197395,1.8988621631915081,121.52717844425652,1.8988621631915081,121.52717844425652
2,i704-o64,8,aggregated,16.849623808,20000,,32,32,32,32,2048,1.0,16.852197395,1.8988621631915081,121.52717844425652,1.8988621631915081,121.52717844425652
2,mixed,1,aggregated,140.46308224,100,,32,16,16,32,4096,0.5,140.465906675,0.11390664381656439,29.160100817040483,0.22781328763312877,34.399806432602446
2,mixed,1,aggregated,140.46308224,250,,32,31,31,32,4816,0.96875,140.465906675,0.2206941223945935,34.285899788785876,0.22781328763312877,34.399806432602446
2,mixed,1,aggregated,140.46308224,500,,32,32,32,32,4832,1.0,140.465906675,0.22781328763312877,34.399806432602446,0.22781328763312877,34.399806432602446
2,mixed,1,aggregated,140.46308224,1000,,32,32,32,32,4832,1.0,140.465906675,0.22781328763312877,34.399806432602446,0.22781328763312877,34.399806432602446
2,mixed,1,aggregated,140.46308224,2000,,32,32,32,32,4832,1.0,140.465906675,0.22781328763312877,34.399806432602446,0.22781328763312877,34.399806432602446
2,mixed,1,aggregated,140.46308224,5000,,32,32,32,32,4832,1.0,140.465906675,0.22781328763312877,34.399806432602446,0.22781328763312877,34.399806432602446
2,mixed,1,aggregated,140.46308224,10000,,32,32,32,32,4832,1.0,140.465906675,0.22781328763312877,34.399806432602446,0.22781328763312877,34.399806432602446
2,mixed,1,aggregated,140.46308224,20000,,32,32,32,32,4832,1.0,140.465906675,0.22781328763312877,34.399806432602446,0.22781328763312877,34.399806432602446
2,mixed,2,aggregated,70.78493696000001,100,,32,17,17,32,4352,0.53125,70.787888697,0.2401540759714799,61.47944344869885,0.4520547312404327,68.26026441730534
2,mixed,2,aggregated,70.78493696000001,250,,32,29,29,32,4784,0.90625,70.787888697,0.40967460018664215,67.58218232044469,0.4520547312404327,68.26026441730534
2,mixed,2,aggregated,70.78493696000001,500,,32,32,32,32,4832,1.0,70.787888697,0.4520547312404327,68.26026441730534,0.4520547312404327,68.26026441730534
2,mixed,2,aggregated,70.78493696000001,1000,,32,32,32,32,4832,1.0,70.787888697,0.4520547312404327,68.26026441730534,0.4520547312404327,68.26026441730534
2,mixed,2,aggregated,70.78493696000001,2000,,32,32,32,32,4832,1.0,70.787888697,0.4520547312404327,68.26026441730534,0.4520547312404327,68.26026441730534
2,mixed,2,aggregated,70.78493696000001,5000,,32,32,32,32,4832,1.0,70.787888697,0.4520547312404327,68.26026441730534,0.4520547312404327,68.26026441730534
2,mixed,2,aggregated,70.78493696000001,10000,,32,32,32,32,4832,1.0,70.787888697,0.4520547312404327,68.26026441730534,0.4520547312404327,68.26026441730534
2,mixed,2,aggregated,70.78493696000001,20000,,32,32,32,32,4832,1.0,70.787888697,0.4520547312404327,68.26026441730534,0.4520547312404327,68.26026441730534
2,mixed,4,aggregated,47.206818816,100,,32,10,10,32,2560,0.3125,47.210052093,0.21181929603256539,54.22573978433674,0.6778217473042092,102.3510838429356
2,mixed,4,aggregated,47.206818816,250,,32,21,21,32,4176,0.65625,47.210052093,0.4448205216683873,88.4557380231993,0.6778217473042092,102.3510838429356
2,mixed,4,aggregated,47.206818816,500,,32,28,28,32,4528,0.875,47.210052093,0.593094028891183,95.9117772435456,0.6778217473042092,102.3510838429356
2,mixed,4,aggregated,47.206818816,1000,,32,29,29,32,4544,0.90625,47.210052093,0.6142759584944396,96.25068811719771,0.6778217473042092,102.3510838429356
2,mixed,4,aggregated,47.206818816,2000,,32,29,29,32,4544,0.90625,47.210052093,0.6142759584944396,96.25068811719771,0.6778217473042092,102.3510838429356
2,mixed,4,aggregated,47.206818816,5000,,32,29,29,32,4544,0.90625,47.210052093,0.6142759584944396,96.25068811719771,0.6778217473042092,102.3510838429356
2,mixed,4,aggregated,47.206818816,10000,,32,32,32,32,4832,1.0,47.210052093,0.6778217473042092,102.3510838429356,0.6778217473042092,102.3510838429356
2,mixed,4,aggregated,47.206818816,20000,,32,32,32,32,4832,1.0,47.210052093,0.6778217473042092,102.3510838429356,0.6778217473042092,102.3510838429356
2,mixed,8,aggregated,46.92922368,100,,32,3,3,32,768,0.09375,46.932833207,0.0639211356955231,16.363810738053914,0.6818254474189132,102.95564256025588
2,mixed,8,aggregated,46.92922368,250,,32,6,6,32,1536,0.1875,46.932833207,0.1278422713910462,32.72762147610783,0.6818254474189132,102.95564256025588
2,mixed,8,aggregated,46.92922368,500,,32,7,7,32,1552,0.21875,46.932833207,0.14914931662288725,33.068534199817286,0.6818254474189132,102.95564256025588
2,mixed,8,aggregated,46.92922368,1000,,32,14,14,32,2384,0.4375,46.932833207,0.2982986332457745,50.79599583270903,0.6818254474189132,102.95564256025588
2,mixed,8,aggregated,46.92922368,2000,,32,15,15,32,2640,0.46875,46.932833207,0.3196056784776155,56.25059941206033,0.6818254474189132,102.95564256025588
2,mixed,8,aggregated,46.92922368,5000,,32,15,15,32,2640,0.46875,46.932833207,0.3196056784776155,56.25059941206033,0.6818254474189132,102.95564256025588
2,mixed,8,aggregated,46.92922368,10000,,32,31,31,32,4816,0.96875,46.932833207,0.6605184021870721,102.61472983654643,0.6818254474189132,102.95564256025588
2,mixed,8,aggregated,46.92922368,20000,,32,32,32,32,4832,1.0,46.932833207,0.6818254474189132,102.95564256025588,0.6818254474189132,102.95564256025588
3,i256-o16,1,aggregated,15.310945536,100,,32,18,18,32,288,0.5625,15.312588495000002,1.1755034105355548,18.808054568568878,2.0897838409520975,33.43654145523356
3,i256-o16,1,aggregated,15.310945536,250,,32,32,32,32,512,1.0,15.312588495000002,2.0897838409520975,33.43654145523356,2.0897838409520975,33.43654145523356
3,i256-o16,1,aggregated,15.310945536,500,,32,32,32,32,512,1.0,15.312588495000002,2.0897838409520975,33.43654145523356,2.0897838409520975,33.43654145523356
3,i256-o16,1,aggregated,15.310945536,1000,,32,32,32,32,512,1.0,15.312588495000002,2.0897838409520975,33.43654145523356,2.0897838409520975,33.43654145523356
3,i256-o16,1,aggregated,15.310945536,2000,,32,32,32,32,512,1.0,15.312588495000002,2.0897838409520975,33.43654145523356,2.0897838409520975,33.43654145523356
3,i256-o16,1,aggregated,15.310945536,5000,,32,32,32,32,512,1.0,15.312588495000002,2.0897838409520975,33.43654145523356,2.0897838409520975,33.43654145523356
3,i256-o16,1,aggregated,15.310945536,10000,,32,32,32,32,512,1.0,15.312588495000002,2.0897838409520975,33.43654145523356,2.0897838409520975,33.43654145523356
3,i256-o16,1,aggregated,15.310945536,20000,,32,32,32,32,512,1.0,15.312588495000002,2.0897838409520975,33.43654145523356,2.0897838409520975,33.43654145523356
3,i256-o16,2,aggregated,7.722631936000001,100,,32,18,18,32,288,0.5625,7.724420381,2.330271931376905,37.28435090203048,4.142705655781165,66.28329049249864
3,i256-o16,2,aggregated,7.722631936000001,250,,32,32,32,32,512,1.0,7.724420381,4.142705655781165,66.28329049249864,4.142705655781165,66.28329049249864
3,i256-o16,2,aggregated,7.722631936000001,500,,32,32,32,32,512,1.0,7.724420381,4.142705655781165,66.28329049249864,4.142705655781165,66.28329049249864
3,i256-o16,2,aggregated,7.722631936000001,1000,,32,32,32,32,512,1.0,7.724420381,4.142705655781165,66.28329049249864,4.142705655781165,66.28329049249864
3,i256-o16,2,aggregated,7.722631936000001,2000,,32,32,32,32,512,1.0,7.724420381,4.142705655781165,66.28329049249864,4.142705655781165,66.28329049249864
3,i256-o16,2,aggregated,7.722631936000001,5000,,32,32,32,32,512,1.0,7.724420381,4.142705655781165,66.28329049249864,4.142705655781165,66.28329049249864
3,i256-o16,2,aggregated,7.722631936000001,10000,,32,32,32,32,512,1.0,7.724420381,4.142705655781165,66.28329049249864,4.142705655781165,66.28329049249864
3,i256-o16,2,aggregated,7.722631936000001,20000,,32,32,32,32,512,1.0,7.724420381,4.142705655781165,66.28329049249864,4.142705655781165,66.28329049249864
3,i256-o16,4,aggregated,4.28996224,100,,32,15,15,32,240,0.46875,4.292540157,3.4944344027950347,55.910950444720555,7.454793392629407,119.27669428207051
3,i256-o16,4,aggregated,4.28996224,250,,32,32,32,32,512,1.0,4.292540157,7.454793392629407,119.27669428207051,7.454793392629407,119.27669428207051
3,i256-o16,4,aggregated,4.28996224,500,,32,32,32,32,512,1.0,4.292540157,7.454793392629407,119.27669428207051,7.454793392629407,119.27669428207051
3,i256-o16,4,aggregated,4.28996224,1000,,32,32,32,32,512,1.0,4.292540157,7.454793392629407,119.27669428207051,7.454793392629407,119.27669428207051
3,i256-o16,4,aggregated,4.28996224,2000,,32,32,32,32,512,1.0,4.292540157,7.454793392629407,119.27669428207051,7.454793392629407,119.27669428207051
3,i256-o16,4,aggregated,4.28996224,5000,,32,32,32,32,512,1.0,4.292540157,7.454793392629407,119.27669428207051,7.454793392629407,119.27669428207051
3,i256-o16,4,aggregated,4.28996224,10000,,32,32,32,32,512,1.0,4.292540157,7.454793392629407,119.27669428207051,7.454793392629407,119.27669428207051
3,i256-o16,4,aggregated,4.28996224,20000,,32,32,32,32,512,1.0,4.292540157,7.454793392629407,119.27669428207051,7.454793392629407,119.27669428207051
3,i256-o16,8,aggregated,4.124635648,100,,32,1,1,32,16,0.03125,4.127269318000001,0.24229094903954118,3.876655184632659,7.753310369265318,124.05296590824508
3,i256-o16,8,aggregated,4.124635648,250,,32,4,4,32,64,0.125,4.127269318000001,0.9691637961581647,15.506620738530636,7.753310369265318,124.05296590824508
3,i256-o16,8,aggregated,4.124635648,500,,32,6,6,32,96,0.1875,4.127269318000001,1.453745694237247,23.259931107795953,7.753310369265318,124.05296590824508
3,i256-o16,8,aggregated,4.124635648,1000,,32,32,32,32,512,1.0,4.127269318000001,7.753310369265318,124.05296590824508,7.753310369265318,124.05296590824508
3,i256-o16,8,aggregated,4.124635648,2000,,32,32,32,32,512,1.0,4.127269318000001,7.753310369265318,124.05296590824508,7.753310369265318,124.05296590824508
3,i256-o16,8,aggregated,4.124635648,5000,,32,32,32,32,512,1.0,4.127269318000001,7.753310369265318,124.05296590824508,7.753310369265318,124.05296590824508
3,i256-o16,8,aggregated,4.124635648,10000,,32,32,32,32,512,1.0,4.127269318000001,7.753310369265318,124.05296590824508,7.753310369265318,124.05296590824508
3,i256-o16,8,aggregated,4.124635648,20000,,32,32,32,32,512,1.0,4.127269318000001,7.753310369265318,124.05296590824508,7.753310369265318,124.05296590824508
3,i256-o256,1,aggregated,237.62556953600003,100,,32,18,18,32,4608,0.5625,237.62877367599998,0.07574840252528713,19.391591046473504,0.13466382671162155,34.47393963817512
3,i256-o256,1,aggregated,237.62556953600003,250,,32,32,32,32,8192,1.0,237.62877367599998,0.13466382671162155,34.47393963817512,0.13466382671162155,34.47393963817512
3,i256-o256,1,aggregated,237.62556953600003,500,,32,32,32,32,8192,1.0,237.62877367599998,0.13466382671162155,34.47393963817512,0.13466382671162155,34.47393963817512
3,i256-o256,1,aggregated,237.62556953600003,1000,,32,32,32,32,8192,1.0,237.62877367599998,0.13466382671162155,34.47393963817512,0.13466382671162155,34.47393963817512
3,i256-o256,1,aggregated,237.62556953600003,2000,,32,32,32,32,8192,1.0,237.62877367599998,0.13466382671162155,34.47393963817512,0.13466382671162155,34.47393963817512
3,i256-o256,1,aggregated,237.62556953600003,5000,,32,32,32,32,8192,1.0,237.62877367599998,0.13466382671162155,34.47393963817512,0.13466382671162155,34.47393963817512
3,i256-o256,1,aggregated,237.62556953600003,10000,,32,32,32,32,8192,1.0,237.62877367599998,0.13466382671162155,34.47393963817512,0.13466382671162155,34.47393963817512
3,i256-o256,1,aggregated,237.62556953600003,20000,,32,32,32,32,8192,1.0,237.62877367599998,0.13466382671162155,34.47393963817512,0.13466382671162155,34.47393963817512
3,i256-o256,2,aggregated,119.76772838400001,100,,32,18,18,32,4608,0.5625,119.77079786399999,0.15028705094240952,38.473485041256836,0.2671769794531725,68.39730674001216
3,i256-o256,2,aggregated,119.76772838400001,250,,32,32,32,32,8192,1.0,119.77079786399999,0.2671769794531725,68.39730674001216,0.2671769794531725,68.39730674001216
3,i256-o256,2,aggregated,119.76772838400001,500,,32,32,32,32,8192,1.0,119.77079786399999,0.2671769794531725,68.39730674001216,0.2671769794531725,68.39730674001216
3,i256-o256,2,aggregated,119.76772838400001,1000,,32,32,32,32,8192,1.0,119.77079786399999,0.2671769794531725,68.39730674001216,0.2671769794531725,68.39730674001216
3,i256-o256,2,aggregated,119.76772838400001,2000,,32,32,32,32,8192,1.0,119.77079786399999,0.2671769794531725,68.39730674001216,0.2671769794531725,68.39730674001216
3,i256-o256,2,aggregated,119.76772838400001,5000,,32,32,32,32,8192,1.0,119.77079786399999,0.2671769794531725,68.39730674001216,0.2671769794531725,68.39730674001216
3,i256-o256,2,aggregated,119.76772838400001,10000,,32,32,32,32,8192,1.0,119.77079786399999,0.2671769794531725,68.39730674001216,0.2671769794531725,68.39730674001216
3,i256-o256,2,aggregated,119.76772838400001,20000,,32,32,32,32,8192,1.0,119.77079786399999,0.2671769794531725,68.39730674001216,0.2671769794531725,68.39730674001216
3,i256-o256,4,aggregated,64.046046976,100,,32,12,12,32,3072,0.375,64.04937451800001,0.18735545960136737,47.96299765795005,0.4996145589369797,127.9013270878668
3,i256-o256,4,aggregated,64.046046976,250,,32,26,26,32,6656,0.8125,64.04937451800001,0.405936829136296,103.91982825889177,0.4996145589369797,127.9013270878668
3,i256-o256,4,aggregated,64.046046976,500,,32,28,28,32,7168,0.875,64.04937451800001,0.43716273906985725,111.91366120188346,0.4996145589369797,127.9013270878668
3,i256-o256,4,aggregated,64.046046976,1000,,32,32,32,32,8192,1.0,64.04937451800001,0.4996145589369797,127.9013270878668,0.4996145589369797,127.9013270878668
3,i256-o256,4,aggregated,64.046046976,2000,,32,32,32,32,8192,1.0,64.04937451800001,0.4996145589369797,127.9013270878668,0.4996145589369797,127.9013270878668
3,i256-o256,4,aggregated,64.046046976,5000,,32,32,32,32,8192,1.0,64.04937451800001,0.4996145589369797,127.9013270878668,0.4996145589369797,127.9013270878668
3,i256-o256,4,aggregated,64.046046976,10000,,32,32,32,32,8192,1.0,64.04937451800001,0.4996145589369797,127.9013270878668,0.4996145589369797,127.9013270878668
3,i256-o256,4,aggregated,64.046046976,20000,,32,32,32,32,8192,1.0,64.04937451800001,0.4996145589369797,127.9013270878668,0.4996145589369797,127.9013270878668
3,i256-o256,8,aggregated,63.849716992000005,100,,32,0,0,32,0,0.0,63.85313811800001,0.0,0.0,0.5011499973715355,128.2943993271131
3,i256-o256,8,aggregated,63.849716992000005,250,,32,4,4,32,1024,0.125,63.85313811800001,0.06264374967144194,16.036799915889137,0.5011499973715355,128.2943993271131
3,i256-o256,8,aggregated,63.849716992000005,500,,32,4,4,32,1024,0.125,63.85313811800001,0.06264374967144194,16.036799915889137,0.5011499973715355,128.2943993271131
3,i256-o256,8,aggregated,63.849716992000005,1000,,32,4,4,32,1024,0.125,63.85313811800001,0.06264374967144194,16.036799915889137,0.5011499973715355,128.2943993271131
3,i256-o256,8,aggregated,63.849716992000005,2000,,32,4,4,32,1024,0.125,63.85313811800001,0.06264374967144194,16.036799915889137,0.5011499973715355,128.2943993271131
3,i256-o256,8,aggregated,63.849716992000005,5000,,32,4,4,32,1024,0.125,63.85313811800001,0.06264374967144194,16.036799915889137,0.5011499973715355,128.2943993271131
3,i256-o256,8,aggregated,63.849716992000005,10000,,32,32,32,32,8192,1.0,63.85313811800001,0.5011499973715355,128.2943993271131,0.5011499973715355,128.2943993271131
3,i256-o256,8,aggregated,63.849716992000005,20000,,32,32,32,32,8192,1.0,63.85313811800001,0.5011499973715355,128.2943993271131,0.5011499973715355,128.2943993271131
3,i256-o64,1,aggregated,59.408100352000005,100,,32,18,18,32,1152,0.5625,59.410541607000006,0.30297653435092003,19.390498198458882,0.5386249499571911,34.47199679726023
3,i256-o64,1,aggregated,59.408100352000005,250,,32,32,32,32,2048,1.0,59.410541607000006,0.5386249499571911,34.47199679726023,0.5386249499571911,34.47199679726023
3,i256-o64,1,aggregated,59.408100352000005,500,,32,32,32,32,2048,1.0,59.410541607000006,0.5386249499571911,34.47199679726023,0.5386249499571911,34.47199679726023
3,i256-o64,1,aggregated,59.408100352000005,1000,,32,32,32,32,2048,1.0,59.410541607000006,0.5386249499571911,34.47199679726023,0.5386249499571911,34.47199679726023
3,i256-o64,1,aggregated,59.408100352000005,2000,,32,32,32,32,2048,1.0,59.410541607000006,0.5386249499571911,34.47199679726023,0.5386249499571911,34.47199679726023
3,i256-o64,1,aggregated,59.408100352000005,5000,,32,32,32,32,2048,1.0,59.410541607000006,0.5386249499571911,34.47199679726023,0.5386249499571911,34.47199679726023
3,i256-o64,1,aggregated,59.408100352000005,10000,,32,32,32,32,2048,1.0,59.410541607000006,0.5386249499571911,34.47199679726023,0.5386249499571911,34.47199679726023
3,i256-o64,1,aggregated,59.408100352000005,20000,,32,32,32,32,2048,1.0,59.410541607000006,0.5386249499571911,34.47199679726023,0.5386249499571911,34.47199679726023
3,i256-o64,2,aggregated,29.884447488000003,100,,32,18,18,32,1152,0.5625,29.886887481,0.6022708122899431,38.545331986556356,1.070703666293232,68.52503464276685
3,i256-o64,2,aggregated,29.884447488000003,250,,32,32,32,32,2048,1.0,29.886887481,1.070703666293232,68.52503464276685,1.070703666293232,68.52503464276685
3,i256-o64,2,aggregated,29.884447488000003,500,,32,32,32,32,2048,1.0,29.886887481,1.070703666293232,68.52503464276685,1.070703666293232,68.52503464276685
3,i256-o64,2,aggregated,29.884447488000003,1000,,32,32,32,32,2048,1.0,29.886887481,1.070703666293232,68.52503464276685,1.070703666293232,68.52503464276685
3,i256-o64,2,aggregated,29.884447488000003,2000,,32,32,32,32,2048,1.0,29.886887481,1.070703666293232,68.52503464276685,1.070703666293232,68.52503464276685
3,i256-o64,2,aggregated,29.884447488000003,5000,,32,32,32,32,2048,1.0,29.886887481,1.070703666293232,68.52503464276685,1.070703666293232,68.52503464276685
3,i256-o64,2,aggregated,29.884447488000003,10000,,32,32,32,32,2048,1.0,29.886887481,1.070703666293232,68.52503464276685,1.070703666293232,68.52503464276685
3,i256-o64,2,aggregated,29.884447488000003,20000,,32,32,32,32,2048,1.0,29.886887481,1.070703666293232,68.52503464276685,1.070703666293232,68.52503464276685
3,i256-o64,4,aggregated,16.238773504,100,,32,14,14,32,896,0.4375,16.241341744,0.8619977475181191,55.16785584115962,1.9702805657557008,126.09795620836485
3,i256-o64,4,aggregated,16.238773504,250,,32,32,32,32,2048,1.0,16.241341744,1.9702805657557008,126.09795620836485,1.9702805657557008,126.09795620836485
3,i256-o64,4,aggregated,16.238773504,500,,32,32,32,32,2048,1.0,16.241341744,1.9702805657557008,126.09795620836485,1.9702805657557008,126.09795620836485
3,i256-o64,4,aggregated,16.238773504,1000,,32,32,32,32,2048,1.0,16.241341744,1.9702805657557008,126.09795620836485,1.9702805657557008,126.09795620836485
3,i256-o64,4,aggregated,16.238773504,2000,,32,32,32,32,2048,1.0,16.241341744,1.9702805657557008,126.09795620836485,1.9702805657557008,126.09795620836485
3,i256-o64,4,aggregated,16.238773504,5000,,32,32,32,32,2048,1.0,16.241341744,1.9702805657557008,126.09795620836485,1.9702805657557008,126.09795620836485
3,i256-o64,4,aggregated,16.238773504,10000,,32,32,32,32,2048,1.0,16.241341744,1.9702805657557008,126.09795620836485,1.9702805657557008,126.09795620836485
3,i256-o64,4,aggregated,16.238773504,20000,,32,32,32,32,2048,1.0,16.241341744,1.9702805657557008,126.09795620836485,1.9702805657557008,126.09795620836485
3,i256-o64,8,aggregated,15.940676352,100,,32,0,0,32,0,0.0,15.943488601,0.0,0.0,2.0070889628254203,128.4536936208269
3,i256-o64,8,aggregated,15.940676352,250,,32,4,4,32,256,0.125,15.943488601,0.25088612035317753,16.056711702603362,2.0070889628254203,128.4536936208269
3,i256-o64,8,aggregated,15.940676352,500,,32,4,4,32,256,0.125,15.943488601,0.25088612035317753,16.056711702603362,2.0070889628254203,128.4536936208269
3,i256-o64,8,aggregated,15.940676352,1000,,32,4,4,32,256,0.125,15.943488601,0.25088612035317753,16.056711702603362,2.0070889628254203,128.4536936208269
3,i256-o64,8,aggregated,15.940676352,2000,,32,11,11,32,704,0.34375,15.943488601,0.6899368309712381,44.15595718215924,2.0070889628254203,128.4536936208269
3,i256-o64,8,aggregated,15.940676352,5000,,32,32,32,32,2048,1.0,15.943488601,2.0070889628254203,128.4536936208269,2.0070889628254203,128.4536936208269
3,i256-o64,8,aggregated,15.940676352,10000,,32,32,32,32,2048,1.0,15.943488601,2.0070889628254203,128.4536936208269,2.0070889628254203,128.4536936208269
3,i256-o64,8,aggregated,15.940676352,20000,,32,32,32,32,2048,1.0,15.943488601,2.0070889628254203,128.4536936208269,2.0070889628254203,128.4536936208269
3,i64-o16,1,aggregated,15.094769152000001,100,,32,30,30,32,480,0.9375,15.09708564,1.9871384925123867,31.794215880198188,2.1196143920132124,33.9138302722114
3,i64-o16,1,aggregated,15.094769152000001,250,,32,32,32,32,512,1.0,15.09708564,2.1196143920132124,33.9138302722114,2.1196143920132124,33.9138302722114
3,i64-o16,1,aggregated,15.094769152000001,500,,32,32,32,32,512,1.0,15.09708564,2.1196143920132124,33.9138302722114,2.1196143920132124,33.9138302722114
3,i64-o16,1,aggregated,15.094769152000001,1000,,32,32,32,32,512,1.0,15.09708564,2.1196143920132124,33.9138302722114,2.1196143920132124,33.9138302722114
3,i64-o16,1,aggregated,15.094769152000001,2000,,32,32,32,32,512,1.0,15.09708564,2.1196143920132124,33.9138302722114,2.1196143920132124,33.9138302722114
3,i64-o16,1,aggregated,15.094769152000001,5000,,32,32,32,32,512,1.0,15.09708564,2.1196143920132124,33.9138302722114,2.1196143920132124,33.9138302722114
3,i64-o16,1,aggregated,15.094769152000001,10000,,32,32,32,32,512,1.0,15.09708564,2.1196143920132124,33.9138302722114,2.1196143920132124,33.9138302722114
3,i64-o16,1,aggregated,15.094769152000001,20000,,32,32,32,32,512,1.0,15.09708564,2.1196143920132124,33.9138302722114,2.1196143920132124,33.9138302722114
3,i64-o16,2,aggregated,7.5653760000000005,100,,32,30,30,32,480,0.9375,7.567917415,3.964102454466332,63.425639271461314,4.228375951430754,67.65401522289207
3,i64-o16,2,aggregated,7.5653760000000005,250,,32,32,32,32,512,1.0,7.567917415,4.228375951430754,67.65401522289207,4.228375951430754,67.65401522289207
3,i64-o16,2,aggregated,7.5653760000000005,500,,32,32,32,32,512,1.0,7.567917415,4.228375951430754,67.65401522289207,4.228375951430754,67.65401522289207
3,i64-o16,2,aggregated,7.5653760000000005,1000,,32,32,32,32,512,1.0,7.567917415,4.228375951430754,67.65401522289207,4.228375951430754,67.65401522289207
3,i64-o16,2,aggregated,7.5653760000000005,2000,,32,32,32,32,512,1.0,7.567917415,4.228375951430754,67.65401522289207,4.228375951430754,67.65401522289207
3,i64-o16,2,aggregated,7.5653760000000005,5000,,32,32,32,32,512,1.0,7.567917415,4.228375951430754,67.65401522289207,4.228375951430754,67.65401522289207
3,i64-o16,2,aggregated,7.5653760000000005,10000,,32,32,32,32,512,1.0,7.567917415,4.228375951430754,67.65401522289207,4.228375951430754,67.65401522289207
3,i64-o16,2,aggregated,7.5653760000000005,20000,,32,32,32,32,512,1.0,7.567917415,4.228375951430754,67.65401522289207,4.228375951430754,67.65401522289207
3,i64-o16,4,aggregated,4.118394368000001,100,,32,17,17,32,272,0.53125,4.121194282,4.125017855685746,66.00028569097194,7.764739493055522,124.23583188888836
3,i64-o16,4,aggregated,4.118394368000001,250,,32,32,32,32,512,1.0,4.121194282,7.764739493055522,124.23583188888836,7.764739493055522,124.23583188888836
3,i64-o16,4,aggregated,4.118394368000001,500,,32,32,32,32,512,1.0,4.121194282,7.764739493055522,124.23583188888836,7.764739493055522,124.23583188888836
3,i64-o16,4,aggregated,4.118394368000001,1000,,32,32,32,32,512,1.0,4.121194282,7.764739493055522,124.23583188888836,7.764739493055522,124.23583188888836
3,i64-o16,4,aggregated,4.118394368000001,2000,,32,32,32,32,512,1.0,4.121194282,7.764739493055522,124.23583188888836,7.764739493055522,124.23583188888836
3,i64-o16,4,aggregated,4.118394368000001,5000,,32,32,32,32,512,1.0,4.121194282,7.764739493055522,124.23583188888836,7.764739493055522,124.23583188888836
3,i64-o16,4,aggregated,4.118394368000001,10000,,32,32,32,32,512,1.0,4.121194282,7.764739493055522,124.23583188888836,7.764739493055522,124.23583188888836
3,i64-o16,4,aggregated,4.118394368000001,20000,,32,32,32,32,512,1.0,4.121194282,7.764739493055522,124.23583188888836,7.764739493055522,124.23583188888836
3,i64-o16,8,aggregated,4.16100864,100,,32,3,3,32,48,0.09375,4.163812519,0.7204935347858777,11.527896556574044,7.685264371049363,122.9642299367898
3,i64-o16,8,aggregated,4.16100864,250,,32,4,4,32,64,0.125,4.163812519,0.9606580463811704,15.370528742098726,7.685264371049363,122.9642299367898
3,i64-o16,8,aggregated,4.16100864,500,,32,6,6,32,96,0.1875,4.163812519,1.4409870695717555,23.055793113148088,7.685264371049363,122.9642299367898
3,i64-o16,8,aggregated,4.16100864,1000,,32,32,32,32,512,1.0,4.163812519,7.685264371049363,122.9642299367898,7.685264371049363,122.9642299367898
3,i64-o16,8,aggregated,4.16100864,2000,,32,32,32,32,512,1.0,4.163812519,7.685264371049363,122.9642299367898,7.685264371049363,122.9642299367898
3,i64-o16,8,aggregated,4.16100864,5000,,32,32,32,32,512,1.0,4.163812519,7.685264371049363,122.9642299367898,7.685264371049363,122.9642299367898
3,i64-o16,8,aggregated,4.16100864,10000,,32,32,32,32,512,1.0,4.163812519,7.685264371049363,122.9642299367898,7.685264371049363,122.9642299367898
3,i64-o16,8,aggregated,4.16100864,20000,,32,32,32,32,512,1.0,4.163812519,7.685264371049363,122.9642299367898,7.685264371049363,122.9642299367898
3,i64-o256,1,aggregated,236.96716288000002,100,,32,22,22,32,5632,0.6875,236.971368809,0.0928382196995794,23.766584243092325,0.13503741047211548,34.56957708086156
3,i64-o256,1,aggregated,236.96716288000002,250,,32,32,32,32,8192,1.0,236.971368809,0.13503741047211548,34.56957708086156,0.13503741047211548,34.56957708086156
3,i64-o256,1,aggregated,236.96716288000002,500,,32,32,32,32,8192,1.0,236.971368809,0.13503741047211548,34.56957708086156,0.13503741047211548,34.56957708086156
3,i64-o256,1,aggregated,236.96716288000002,1000,,32,32,32,32,8192,1.0,236.971368809,0.13503741047211548,34.56957708086156,0.13503741047211548,34.56957708086156
3,i64-o256,1,aggregated,236.96716288000002,2000,,32,32,32,32,8192,1.0,236.971368809,0.13503741047211548,34.56957708086156,0.13503741047211548,34.56957708086156
3,i64-o256,1,aggregated,236.96716288000002,5000,,32,32,32,32,8192,1.0,236.971368809,0.13503741047211548,34.56957708086156,0.13503741047211548,34.56957708086156
3,i64-o256,1,aggregated,236.96716288000002,10000,,32,32,32,32,8192,1.0,236.971368809,0.13503741047211548,34.56957708086156,0.13503741047211548,34.56957708086156
3,i64-o256,1,aggregated,236.96716288000002,20000,,32,32,32,32,8192,1.0,236.971368809,0.13503741047211548,34.56957708086156,0.13503741047211548,34.56957708086156
3,i64-o256,2,aggregated,118.6967424,100,,32,28,28,32,7168,0.875,118.699728261,0.23588933530187098,60.38766983727897,0.26958781177356683,69.01447981403311
3,i64-o256,2,aggregated,118.6967424,250,,32,32,32,32,8192,1.0,118.699728261,0.26958781177356683,69.01447981403311,0.26958781177356683,69.01447981403311
3,i64-o256,2,aggregated,118.6967424,500,,32,32,32,32,8192,1.0,118.699728261,0.26958781177356683,69.01447981403311,0.26958781177356683,69.01447981403311
3,i64-o256,2,aggregated,118.6967424,1000,,32,32,32,32,8192,1.0,118.699728261,0.26958781177356683,69.01447981403311,0.26958781177356683,69.01447981403311
3,i64-o256,2,aggregated,118.6967424,2000,,32,32,32,32,8192,1.0,118.699728261,0.26958781177356683,69.01447981403311,0.26958781177356683,69.01447981403311
3,i64-o256,2,aggregated,118.6967424,5000,,32,32,32,32,8192,1.0,118.699728261,0.26958781177356683,69.01447981403311,0.26958781177356683,69.01447981403311
3,i64-o256,2,aggregated,118.6967424,10000,,32,32,32,32,8192,1.0,118.699728261,0.26958781177356683,69.01447981403311,0.26958781177356683,69.01447981403311
3,i64-o256,2,aggregated,118.6967424,20000,,32,32,32,32,8192,1.0,118.699728261,0.26958781177356683,69.01447981403311,0.26958781177356683,69.01447981403311
3,i64-o256,4,aggregated,63.943620864,100,,32,14,14,32,3584,0.4375,63.94688073500001,0.2189317108056748,56.04651796625275,0.5004153389843996,128.1063267800063
3,i64-o256,4,aggregated,63.943620864,250,,32,25,25,32,6400,0.78125,63.94688073500001,0.3909494835815622,100.08306779687992,0.5004153389843996,128.1063267800063
3,i64-o256,4,aggregated,63.943620864,500,,32,27,27,32,6912,0.84375,63.94688073500001,0.42222544226808717,108.08971322063032,0.5004153389843996,128.1063267800063
3,i64-o256,4,aggregated,63.943620864,1000,,32,32,32,32,8192,1.0,63.94688073500001,0.5004153389843996,128.1063267800063,0.5004153389843996,128.1063267800063
3,i64-o256,4,aggregated,63.943620864,2000,,32,32,32,32,8192,1.0,63.94688073500001,0.5004153389843996,128.1063267800063,0.5004153389843996,128.1063267800063
3,i64-o256,4,aggregated,63.943620864,5000,,32,32,32,32,8192,1.0,63.94688073500001,0.5004153389843996,128.1063267800063,0.5004153389843996,128.1063267800063
3,i64-o256,4,aggregated,63.943620864,10000,,32,32,32,32,8192,1.0,63.94688073500001,0.5004153389843996,128.1063267800063,0.5004153389843996,128.1063267800063
3,i64-o256,4,aggregated,63.943620864,20000,,32,32,32,32,8192,1.0,63.94688073500001,0.5004153389843996,128.1063267800063,0.5004153389843996,128.1063267800063
3,i64-o256,8,aggregated,63.359908096000005,100,,32,1,1,32,256,0.03125,63.36519603500001,0.015781534068759862,4.040072721602525,0.5050090902003156,129.2823270912808
3,i64-o256,8,aggregated,63.359908096000005,250,,32,4,4,32,1024,0.125,63.36519603500001,0.06312613627503945,16.1602908864101,0.5050090902003156,129.2823270912808
3,i64-o256,8,aggregated,63.359908096000005,500,,32,4,4,32,1024,0.125,63.36519603500001,0.06312613627503945,16.1602908864101,0.5050090902003156,129.2823270912808
3,i64-o256,8,aggregated,63.359908096000005,1000,,32,4,4,32,1024,0.125,63.36519603500001,0.06312613627503945,16.1602908864101,0.5050090902003156,129.2823270912808
3,i64-o256,8,aggregated,63.359908096000005,2000,,32,4,4,32,1024,0.125,63.36519603500001,0.06312613627503945,16.1602908864101,0.5050090902003156,129.2823270912808
3,i64-o256,8,aggregated,63.359908096000005,5000,,32,4,4,32,1024,0.125,63.36519603500001,0.06312613627503945,16.1602908864101,0.5050090902003156,129.2823270912808
3,i64-o256,8,aggregated,63.359908096000005,10000,,32,32,32,32,8192,1.0,63.36519603500001,0.5050090902003156,129.2823270912808,0.5050090902003156,129.2823270912808
3,i64-o256,8,aggregated,63.359908096000005,20000,,32,32,32,32,8192,1.0,63.36519603500001,0.5050090902003156,129.2823270912808,0.5050090902003156,129.2823270912808
3,i64-o64,1,aggregated,58.89715584,100,,32,30,30,32,1920,0.9375,58.899562554,0.5093416436241874,32.597865191947996,0.5432977531991332,34.771056204744525
3,i64-o64,1,aggregated,58.89715584,250,,32,32,32,32,2048,1.0,58.899562554,0.5432977531991332,34.771056204744525,0.5432977531991332,34.771056204744525
3,i64-o64,1,aggregated,58.89715584,500,,32,32,32,32,2048,1.0,58.899562554,0.5432977531991332,34.771056204744525,0.5432977531991332,34.771056204744525
3,i64-o64,1,aggregated,58.89715584,1000,,32,32,32,32,2048,1.0,58.899562554,0.5432977531991332,34.771056204744525,0.5432977531991332,34.771056204744525
3,i64-o64,1,aggregated,58.89715584,2000,,32,32,32,32,2048,1.0,58.899562554,0.5432977531991332,34.771056204744525,0.5432977531991332,34.771056204744525
3,i64-o64,1,aggregated,58.89715584,5000,,32,32,32,32,2048,1.0,58.899562554,0.5432977531991332,34.771056204744525,0.5432977531991332,34.771056204744525
3,i64-o64,1,aggregated,58.89715584,10000,,32,32,32,32,2048,1.0,58.899562554,0.5432977531991332,34.771056204744525,0.5432977531991332,34.771056204744525
3,i64-o64,1,aggregated,58.89715584,20000,,32,32,32,32,2048,1.0,58.899562554,0.5432977531991332,34.771056204744525,0.5432977531991332,34.771056204744525
3,i64-o64,2,aggregated,29.640392704000003,100,,32,30,30,32,1920,0.9375,29.644019836000002,1.0120084983740192,64.76854389593723,1.0794757315989538,69.08644682233304
3,i64-o64,2,aggregated,29.640392704000003,250,,32,32,32,32,2048,1.0,29.644019836000002,1.0794757315989538,69.08644682233304,1.0794757315989538,69.08644682233304
3,i64-o64,2,aggregated,29.640392704000003,500,,32,32,32,32,2048,1.0,29.644019836000002,1.0794757315989538,69.08644682233304,1.0794757315989538,69.08644682233304
3,i64-o64,2,aggregated,29.640392704000003,1000,,32,32,32,32,2048,1.0,29.644019836000002,1.0794757315989538,69.08644682233304,1.0794757315989538,69.08644682233304
3,i64-o64,2,aggregated,29.640392704000003,2000,,32,32,32,32,2048,1.0,29.644019836000002,1.0794757315989538,69.08644682233304,1.0794757315989538,69.08644682233304
3,i64-o64,2,aggregated,29.640392704000003,5000,,32,32,32,32,2048,1.0,29.644019836000002,1.0794757315989538,69.08644682233304,1.0794757315989538,69.08644682233304
3,i64-o64,2,aggregated,29.640392704000003,10000,,32,32,32,32,2048,1.0,29.644019836000002,1.0794757315989538,69.08644682233304,1.0794757315989538,69.08644682233304
3,i64-o64,2,aggregated,29.640392704000003,20000,,32,32,32,32,2048,1.0,29.644019836000002,1.0794757315989538,69.08644682233304,1.0794757315989538,69.08644682233304
3,i64-o64,4,aggregated,16.115789568,100,,32,18,18,32,1152,0.5625,16.118724888000003,1.1167136436084073,71.46967319093807,1.9852686997482796,127.05719678388989
3,i64-o64,4,aggregated,16.115789568,250,,32,32,32,32,2048,1.0,16.118724888000003,1.9852686997482796,127.05719678388989,1.9852686997482796,127.05719678388989
3,i64-o64,4,aggregated,16.115789568,500,,32,32,32,32,2048,1.0,16.118724888000003,1.9852686997482796,127.05719678388989,1.9852686997482796,127.05719678388989
3,i64-o64,4,aggregated,16.115789568,1000,,32,32,32,32,2048,1.0,16.118724888000003,1.9852686997482796,127.05719678388989,1.9852686997482796,127.05719678388989
3,i64-o64,4,aggregated,16.115789568,2000,,32,32,32,32,2048,1.0,16.118724888000003,1.9852686997482796,127.05719678388989,1.9852686997482796,127.05719678388989
3,i64-o64,4,aggregated,16.115789568,5000,,32,32,32,32,2048,1.0,16.118724888000003,1.9852686997482796,127.05719678388989,1.9852686997482796,127.05719678388989
3,i64-o64,4,aggregated,16.115789568,10000,,32,32,32,32,2048,1.0,16.118724888000003,1.9852686997482796,127.05719678388989,1.9852686997482796,127.05719678388989
3,i64-o64,4,aggregated,16.115789568,20000,,32,32,32,32,2048,1.0,16.118724888000003,1.9852686997482796,127.05719678388989,1.9852686997482796,127.05719678388989
3,i64-o64,8,aggregated,15.849050624,100,,32,3,3,32,192,0.09375,15.851798642,0.1892529717133408,12.112190189653811,2.018698364942302,129.19669535630732
3,i64-o64,8,aggregated,15.849050624,250,,32,4,4,32,256,0.125,15.851798642,0.2523372956177877,16.149586919538415,2.018698364942302,129.19669535630732
3,i64-o64,8,aggregated,15.849050624,500,,32,4,4,32,256,0.125,15.851798642,0.2523372956177877,16.149586919538415,2.018698364942302,129.19669535630732
3,i64-o64,8,aggregated,15.849050624,1000,,32,4,4,32,256,0.125,15.851798642,0.2523372956177877,16.149586919538415,2.018698364942302,129.19669535630732
3,i64-o64,8,aggregated,15.849050624,2000,,32,18,18,32,1152,0.5625,15.851798642,1.1355178302800448,72.67314113792287,2.018698364942302,129.19669535630732
3,i64-o64,8,aggregated,15.849050624,5000,,32,32,32,32,2048,1.0,15.851798642,2.018698364942302,129.19669535630732,2.018698364942302,129.19669535630732
3,i64-o64,8,aggregated,15.849050624,10000,,32,32,32,32,2048,1.0,15.851798642,2.018698364942302,129.19669535630732,2.018698364942302,129.19669535630732
3,i64-o64,8,aggregated,15.849050624,20000,,32,32,32,32,2048,1.0,15.851798642,2.018698364942302,129.19669535630732,2.018698364942302,129.19669535630732
3,i704-o16,1,aggregated,18.033509888,100,,32,0,0,32,0,0.0,18.035730836000003,0.0,0.0,1.7742557976151865,28.388092761842984
3,i704-o16,1,aggregated,18.033509888,250,,32,30,30,32,480,0.9375,18.035730836000003,1.6633648102642373,26.613836964227797,1.7742557976151865,28.388092761842984
3,i704-o16,1,aggregated,18.033509888,500,,32,32,32,32,512,1.0,18.035730836000003,1.7742557976151865,28.388092761842984,1.7742557976151865,28.388092761842984
3,i704-o16,1,aggregated,18.033509888,1000,,32,32,32,32,512,1.0,18.035730836000003,1.7742557976151865,28.388092761842984,1.7742557976151865,28.388092761842984
3,i704-o16,1,aggregated,18.033509888,2000,,32,32,32,32,512,1.0,18.035730836000003,1.7742557976151865,28.388092761842984,1.7742557976151865,28.388092761842984
3,i704-o16,1,aggregated,18.033509888,5000,,32,32,32,32,512,1.0,18.035730836000003,1.7742557976151865,28.388092761842984,1.7742557976151865,28.388092761842984
3,i704-o16,1,aggregated,18.033509888,10000,,32,32,32,32,512,1.0,18.035730836000003,1.7742557976151865,28.388092761842984,1.7742557976151865,28.388092761842984
3,i704-o16,1,aggregated,18.033509888,20000,,32,32,32,32,512,1.0,18.035730836000003,1.7742557976151865,28.388092761842984,1.7742557976151865,28.388092761842984
3,i704-o16,2,aggregated,9.310738944,100,,32,0,0,32,0,0.0,9.313033827,0.0,0.0,3.4360446439297574,54.97671430287612
3,i704-o16,2,aggregated,9.310738944,250,,32,25,25,32,400,0.78125,9.313033827,2.684409878070123,42.950558049121966,3.4360446439297574,54.97671430287612
3,i704-o16,2,aggregated,9.310738944,500,,32,32,32,32,512,1.0,9.313033827,3.4360446439297574,54.97671430287612,3.4360446439297574,54.97671430287612
3,i704-o16,2,aggregated,9.310738944,1000,,32,32,32,32,512,1.0,9.313033827,3.4360446439297574,54.97671430287612,3.4360446439297574,54.97671430287612
3,i704-o16,2,aggregated,9.310738944,2000,,32,32,32,32,512,1.0,9.313033827,3.4360446439297574,54.97671430287612,3.4360446439297574,54.97671430287612
3,i704-o16,2,aggregated,9.310738944,5000,,32,32,32,32,512,1.0,9.313033827,3.4360446439297574,54.97671430287612,3.4360446439297574,54.97671430287612
3,i704-o16,2,aggregated,9.310738944,10000,,32,32,32,32,512,1.0,9.313033827,3.4360446439297574,54.97671430287612,3.4360446439297574,54.97671430287612
3,i704-o16,2,aggregated,9.310738944,20000,,32,32,32,32,512,1.0,9.313033827,3.4360446439297574,54.97671430287612,3.4360446439297574,54.97671430287612
3,i704-o16,4,aggregated,5.221142784,100,,32,0,0,32,0,0.0,5.2238769650000005,0.0,0.0,6.1257185447513685,98.0114967160219
3,i704-o16,4,aggregated,5.221142784,250,,32,23,23,32,368,0.71875,5.2238769650000005,4.402860204040047,70.44576326464075,6.1257185447513685,98.0114967160219
3,i704-o16,4,aggregated,5.221142784,500,,32,32,32,32,512,1.0,5.2238769650000005,6.1257185447513685,98.0114967160219,6.1257185447513685,98.0114967160219
3,i704-o16,4,aggregated,5.221142784,1000,,32,32,32,32,512,1.0,5.2238769650000005,6.1257185447513685,98.0114967160219,6.1257185447513685,98.0114967160219
3,i704-o16,4,aggregated,5.221142784,2000,,32,32,32,32,512,1.0,5.2238769650000005,6.1257185447513685,98.0114967160219,6.1257185447513685,98.0114967160219
3,i704-o16,4,aggregated,5.221142784,5000,,32,32,32,32,512,1.0,5.2238769650000005,6.1257185447513685,98.0114967160219,6.1257185447513685,98.0114967160219
3,i704-o16,4,aggregated,5.221142784,10000,,32,32,32,32,512,1.0,5.2238769650000005,6.1257185447513685,98.0114967160219,6.1257185447513685,98.0114967160219
3,i704-o16,4,aggregated,5.221142784,20000,,32,32,32,32,512,1.0,5.2238769650000005,6.1257185447513685,98.0114967160219,6.1257185447513685,98.0114967160219
3,i704-o16,8,aggregated,5.132604416,100,,32,0,0,32,0,0.0,5.135542001,0.0,0.0,6.231085247432289,99.69736395891663
3,i704-o16,8,aggregated,5.132604416,250,,32,2,2,32,32,0.0625,5.135542001,0.38944282796451807,6.231085247432289,6.231085247432289,99.69736395891663
3,i704-o16,8,aggregated,5.132604416,500,,32,4,4,32,64,0.125,5.135542001,0.7788856559290361,12.462170494864578,6.231085247432289,99.69736395891663
3,i704-o16,8,aggregated,5.132604416,1000,,32,32,32,32,512,1.0,5.135542001,6.231085247432289,99.69736395891663,6.231085247432289,99.69736395891663
3,i704-o16,8,aggregated,5.132604416,2000,,32,32,32,32,512,1.0,5.135542001,6.231085247432289,99.69736395891663,6.231085247432289,99.69736395891663
3,i704-o16,8,aggregated,5.132604416,5000,,32,32,32,32,512,1.0,5.135542001,6.231085247432289,99.69736395891663,6.231085247432289,99.69736395891663
3,i704-o16,8,aggregated,5.132604416,10000,,32,32,32,32,512,1.0,5.135542001,6.231085247432289,99.69736395891663,6.231085247432289,99.69736395891663
3,i704-o16,8,aggregated,5.132604416,20000,,32,32,32,32,512,1.0,5.135542001,6.231085247432289,99.69736395891663,6.231085247432289,99.69736395891663
3,i704-o256,1,aggregated,240.210488832,100,,32,0,0,32,0,0.0,240.21341745900003,0.0,0.0,0.13321487341755922,34.10300759489516
3,i704-o256,1,aggregated,240.210488832,250,,32,25,25,32,6400,0.78125,240.21341745900003,0.10407411985746814,26.642974683511845,0.13321487341755922,34.10300759489516
3,i704-o256,1,aggregated,240.210488832,500,,32,32,32,32,8192,1.0,240.21341745900003,0.13321487341755922,34.10300759489516,0.13321487341755922,34.10300759489516
3,i704-o256,1,aggregated,240.210488832,1000,,32,32,32,32,8192,1.0,240.21341745900003,0.13321487341755922,34.10300759489516,0.13321487341755922,34.10300759489516
3,i704-o256,1,aggregated,240.210488832,2000,,32,32,32,32,8192,1.0,240.21341745900003,0.13321487341755922,34.10300759489516,0.13321487341755922,34.10300759489516
3,i704-o256,1,aggregated,240.210488832,5000,,32,32,32,32,8192,1.0,240.21341745900003,0.13321487341755922,34.10300759489516,0.13321487341755922,34.10300759489516
3,i704-o256,1,aggregated,240.210488832,10000,,32,32,32,32,8192,1.0,240.21341745900003,0.13321487341755922,34.10300759489516,0.13321487341755922,34.10300759489516
3,i704-o256,1,aggregated,240.210488832,20000,,32,32,32,32,8192,1.0,240.21341745900003,0.13321487341755922,34.10300759489516,0.13321487341755922,34.10300759489516
3,i704-o256,2,aggregated,121.165604864,100,,32,0,0,32,0,0.0,121.16880693799999,0.0,0.0,0.26409437221226295,67.60815928633932
3,i704-o256,2,aggregated,121.165604864,250,,32,26,26,32,6656,0.8125,121.16880693799999,0.21457667742246367,54.9316294201507,0.26409437221226295,67.60815928633932
3,i704-o256,2,aggregated,121.165604864,500,,32,32,32,32,8192,1.0,121.16880693799999,0.26409437221226295,67.60815928633932,0.26409437221226295,67.60815928633932
3,i704-o256,2,aggregated,121.165604864,1000,,32,32,32,32,8192,1.0,121.16880693799999,0.26409437221226295,67.60815928633932,0.26409437221226295,67.60815928633932
3,i704-o256,2,aggregated,121.165604864,2000,,32,32,32,32,8192,1.0,121.16880693799999,0.26409437221226295,67.60815928633932,0.26409437221226295,67.60815928633932
3,i704-o256,2,aggregated,121.165604864,5000,,32,32,32,32,8192,1.0,121.16880693799999,0.26409437221226295,67.60815928633932,0.26409437221226295,67.60815928633932
3,i704-o256,2,aggregated,121.165604864,10000,,32,32,32,32,8192,1.0,121.16880693799999,0.26409437221226295,67.60815928633932,0.26409437221226295,67.60815928633932
3,i704-o256,2,aggregated,121.165604864,20000,,32,32,32,32,8192,1.0,121.16880693799999,0.26409437221226295,67.60815928633932,0.26409437221226295,67.60815928633932
3,i704-o256,4,aggregated,64.910804224,100,,32,0,0,32,0,0.0,64.91417319600001,0.0,0.0,0.49295860094189464,126.19740184112503
3,i704-o256,4,aggregated,64.910804224,250,,32,18,18,32,4608,0.5625,64.91417319600001,0.27728921302981574,70.98603853563283,0.49295860094189464,126.19740184112503
3,i704-o256,4,aggregated,64.910804224,500,,32,28,28,32,7168,0.875,64.91417319600001,0.4313387758241578,110.4227266109844,0.49295860094189464,126.19740184112503
3,i704-o256,4,aggregated,64.910804224,1000,,32,32,32,32,8192,1.0,64.91417319600001,0.49295860094189464,126.19740184112503,0.49295860094189464,126.19740184112503
3,i704-o256,4,aggregated,64.910804224,2000,,32,32,32,32,8192,1.0,64.91417319600001,0.49295860094189464,126.19740184112503,0.49295860094189464,126.19740184112503
3,i704-o256,4,aggregated,64.910804224,5000,,32,32,32,32,8192,1.0,64.91417319600001,0.49295860094189464,126.19740184112503,0.49295860094189464,126.19740184112503
3,i704-o256,4,aggregated,64.910804224,10000,,32,32,32,32,8192,1.0,64.91417319600001,0.49295860094189464,126.19740184112503,0.49295860094189464,126.19740184112503
3,i704-o256,4,aggregated,64.910804224,20000,,32,32,32,32,8192,1.0,64.91417319600001,0.49295860094189464,126.19740184112503,0.49295860094189464,126.19740184112503
3,i704-o256,8,aggregated,64.965778176,100,,32,0,0,32,0,0.0,64.969449278,0.0,0.0,0.4925391911985294,126.09003294682353
3,i704-o256,8,aggregated,64.965778176,250,,32,2,2,32,512,0.0625,64.969449278,0.030783699449908088,7.88062705917647,0.4925391911985294,126.09003294682353
3,i704-o256,8,aggregated,64.965778176,500,,32,4,4,32,1024,0.125,64.969449278,0.061567398899816175,15.76125411835294,0.4925391911985294,126.09003294682353
3,i704-o256,8,aggregated,64.965778176,1000,,32,4,4,32,1024,0.125,64.969449278,0.061567398899816175,15.76125411835294,0.4925391911985294,126.09003294682353
3,i704-o256,8,aggregated,64.965778176,2000,,32,4,4,32,1024,0.125,64.969449278,0.061567398899816175,15.76125411835294,0.4925391911985294,126.09003294682353
3,i704-o256,8,aggregated,64.965778176,5000,,32,4,4,32,1024,0.125,64.969449278,0.061567398899816175,15.76125411835294,0.4925391911985294,126.09003294682353
3,i704-o256,8,aggregated,64.965778176,10000,,32,32,32,32,8192,1.0,64.969449278,0.4925391911985294,126.09003294682353,0.4925391911985294,126.09003294682353
3,i704-o256,8,aggregated,64.965778176,20000,,32,32,32,32,8192,1.0,64.969449278,0.4925391911985294,126.09003294682353,0.4925391911985294,126.09003294682353
3,i704-o64,1,aggregated,62.355687424,100,,32,0,0,32,0,0.0,62.359013243000014,0.0,0.0,0.5131575747567189,32.84208478443001
3,i704-o64,1,aggregated,62.355687424,250,,32,28,28,32,1792,0.875,62.359013243000014,0.44901287791212896,28.736824186376253,0.5131575747567189,32.84208478443001
3,i704-o64,1,aggregated,62.355687424,500,,32,32,32,32,2048,1.0,62.359013243000014,0.5131575747567189,32.84208478443001,0.5131575747567189,32.84208478443001
3,i704-o64,1,aggregated,62.355687424,1000,,32,32,32,32,2048,1.0,62.359013243000014,0.5131575747567189,32.84208478443001,0.5131575747567189,32.84208478443001
3,i704-o64,1,aggregated,62.355687424,2000,,32,32,32,32,2048,1.0,62.359013243000014,0.5131575747567189,32.84208478443001,0.5131575747567189,32.84208478443001
3,i704-o64,1,aggregated,62.355687424,5000,,32,32,32,32,2048,1.0,62.359013243000014,0.5131575747567189,32.84208478443001,0.5131575747567189,32.84208478443001
3,i704-o64,1,aggregated,62.355687424,10000,,32,32,32,32,2048,1.0,62.359013243000014,0.5131575747567189,32.84208478443001,0.5131575747567189,32.84208478443001
3,i704-o64,1,aggregated,62.355687424,20000,,32,32,32,32,2048,1.0,62.359013243000014,0.5131575747567189,32.84208478443001,0.5131575747567189,32.84208478443001
3,i704-o64,2,aggregated,31.521716224000002,100,,32,0,0,32,0,0.0,31.524299439,0.0,0.0,1.0150899645500604,64.96575773120387
3,i704-o64,2,aggregated,31.521716224000002,250,,32,26,26,32,1664,0.8125,31.524299439,0.8247605961969241,52.78467815660314,1.0150899645500604,64.96575773120387
3,i704-o64,2,aggregated,31.521716224000002,500,,32,32,32,32,2048,1.0,31.524299439,1.0150899645500604,64.96575773120387,1.0150899645500604,64.96575773120387
3,i704-o64,2,aggregated,31.521716224000002,1000,,32,32,32,32,2048,1.0,31.524299439,1.0150899645500604,64.96575773120387,1.0150899645500604,64.96575773120387
3,i704-o64,2,aggregated,31.521716224000002,2000,,32,32,32,32,2048,1.0,31.524299439,1.0150899645500604,64.96575773120387,1.0150899645500604,64.96575773120387
3,i704-o64,2,aggregated,31.521716224000002,5000,,32,32,32,32,2048,1.0,31.524299439,1.0150899645500604,64.96575773120387,1.0150899645500604,64.96575773120387
3,i704-o64,2,aggregated,31.521716224000002,10000,,32,32,32,32,2048,1.0,31.524299439,1.0150899645500604,64.96575773120387,1.0150899645500604,64.96575773120387
3,i704-o64,2,aggregated,31.521716224000002,20000,,32,32,32,32,2048,1.0,31.524299439,1.0150899645500604,64.96575773120387,1.0150899645500604,64.96575773120387
3,i704-o64,4,aggregated,17.279032576000002,100,,32,0,0,32,0,0.0,17.281881838,0.0,0.0,1.8516502022156691,118.50561294180282
3,i704-o64,4,aggregated,17.279032576000002,250,,32,17,17,32,1088,0.53125,17.281881838,0.9836891699270742,62.95610687533275,1.8516502022156691,118.50561294180282
3,i704-o64,4,aggregated,17.279032576000002,500,,32,32,32,32,2048,1.0,17.281881838,1.8516502022156691,118.50561294180282,1.8516502022156691,118.50561294180282
3,i704-o64,4,aggregated,17.279032576000002,1000,,32,32,32,32,2048,1.0,17.281881838,1.8516502022156691,118.50561294180282,1.8516502022156691,118.50561294180282
3,i704-o64,4,aggregated,17.279032576000002,2000,,32,32,32,32,2048,1.0,17.281881838,1.8516502022156691,118.50561294180282,1.8516502022156691,118.50561294180282
3,i704-o64,4,aggregated,17.279032576000002,5000,,32,32,32,32,2048,1.0,17.281881838,1.8516502022156691,118.50561294180282,1.8516502022156691,118.50561294180282
3,i704-o64,4,aggregated,17.279032576000002,10000,,32,32,32,32,2048,1.0,17.281881838,1.8516502022156691,118.50561294180282,1.8516502022156691,118.50561294180282
3,i704-o64,4,aggregated,17.279032576000002,20000,,32,32,32,32,2048,1.0,17.281881838,1.8516502022156691,118.50561294180282,1.8516502022156691,118.50561294180282
3,i704-o64,8,aggregated,16.93124736,100,,32,0,0,32,0,0.0,16.934081775000003,0.0,0.0,1.889680256962146,120.93953644557735
3,i704-o64,8,aggregated,16.93124736,250,,32,3,3,32,192,0.09375,16.934081775000003,0.1771575240902012,11.338081541772876,1.889680256962146,120.93953644557735
3,i704-o64,8,aggregated,16.93124736,500,,32,4,4,32,256,0.125,16.934081775000003,0.23621003212026825,15.117442055697168,1.889680256962146,120.93953644557735
3,i704-o64,8,aggregated,16.93124736,1000,,32,4,4,32,256,0.125,16.934081775000003,0.23621003212026825,15.117442055697168,1.889680256962146,120.93953644557735
3,i704-o64,8,aggregated,16.93124736,2000,,32,9,9,32,576,0.28125,16.934081775000003,0.5314725722706036,34.01424462531863,1.889680256962146,120.93953644557735
3,i704-o64,8,aggregated,16.93124736,5000,,32,32,32,32,2048,1.0,16.934081775000003,1.889680256962146,120.93953644557735,1.889680256962146,120.93953644557735
3,i704-o64,8,aggregated,16.93124736,10000,,32,32,32,32,2048,1.0,16.934081775000003,1.889680256962146,120.93953644557735,1.889680256962146,120.93953644557735
3,i704-o64,8,aggregated,16.93124736,20000,,32,32,32,32,2048,1.0,16.934081775000003,1.889680256962146,120.93953644557735,1.889680256962146,120.93953644557735
3,mixed,1,aggregated,141.49096064,100,,32,16,16,32,4096,0.5,141.49380240800002,0.11307915772779716,28.948264378316072,0.2261583154555943,34.149905633794745
3,mixed,1,aggregated,141.49096064,250,,32,30,30,32,4800,0.9375,141.49380240800002,0.21202342073961966,33.923747318339146,0.2261583154555943,34.149905633794745
3,mixed,1,aggregated,141.49096064,500,,32,32,32,32,4832,1.0,141.49380240800002,0.2261583154555943,34.149905633794745,0.2261583154555943,34.149905633794745
3,mixed,1,aggregated,141.49096064,1000,,32,32,32,32,4832,1.0,141.49380240800002,0.2261583154555943,34.149905633794745,0.2261583154555943,34.149905633794745
3,mixed,1,aggregated,141.49096064,2000,,32,32,32,32,4832,1.0,141.49380240800002,0.2261583154555943,34.149905633794745,0.2261583154555943,34.149905633794745
3,mixed,1,aggregated,141.49096064,5000,,32,32,32,32,4832,1.0,141.49380240800002,0.2261583154555943,34.149905633794745,0.2261583154555943,34.149905633794745
3,mixed,1,aggregated,141.49096064,10000,,32,32,32,32,4832,1.0,141.49380240800002,0.2261583154555943,34.149905633794745,0.2261583154555943,34.149905633794745
3,mixed,1,aggregated,141.49096064,20000,,32,32,32,32,4832,1.0,141.49380240800002,0.2261583154555943,34.149905633794745,0.2261583154555943,34.149905633794745
3,mixed,2,aggregated,71.814388224,100,,32,17,17,32,4352,0.53125,71.817740105,0.23671031663131445,60.5978410576165,0.4455723607177684,67.28142646838303
3,mixed,2,aggregated,71.814388224,250,,32,29,29,32,4784,0.90625,71.817740105,0.40379995190047757,66.61306792730637,0.4455723607177684,67.28142646838303
3,mixed,2,aggregated,71.814388224,500,,32,32,32,32,4832,1.0,71.817740105,0.4455723607177684,67.28142646838303,0.4455723607177684,67.28142646838303
3,mixed,2,aggregated,71.814388224,1000,,32,32,32,32,4832,1.0,71.817740105,0.4455723607177684,67.28142646838303,0.4455723607177684,67.28142646838303
3,mixed,2,aggregated,71.814388224,2000,,32,32,32,32,4832,1.0,71.817740105,0.4455723607177684,67.28142646838303,0.4455723607177684,67.28142646838303
3,mixed,2,aggregated,71.814388224,5000,,32,32,32,32,4832,1.0,71.817740105,0.4455723607177684,67.28142646838303,0.4455723607177684,67.28142646838303
3,mixed,2,aggregated,71.814388224,10000,,32,32,32,32,4832,1.0,71.817740105,0.4455723607177684,67.28142646838303,0.4455723607177684,67.28142646838303
3,mixed,2,aggregated,71.814388224,20000,,32,32,32,32,4832,1.0,71.817740105,0.4455723607177684,67.28142646838303,0.4455723607177684,67.28142646838303
3,mixed,4,aggregated,48.154852352000006,100,,32,8,8,32,2048,0.25,48.158556091,0.16611793727542967,42.526191942509996,0.6644717491017187,100.33523411435952
3,mixed,4,aggregated,48.154852352000006,250,,32,19,19,32,3664,0.59375,48.158556091,0.3945301010291455,76.08201527214679,0.6644717491017187,100.33523411435952
3,mixed,4,aggregated,48.154852352000006,500,,32,25,25,32,4480,0.78125,48.158556091,0.5191185539857177,93.02604487424063,0.6644717491017187,100.33523411435952
3,mixed,4,aggregated,48.154852352000006,1000,,32,29,29,32,4544,0.90625,48.158556091,0.6021775226234326,94.35498837244405,0.6644717491017187,100.33523411435952
3,mixed,4,aggregated,48.154852352000006,2000,,32,29,29,32,4544,0.90625,48.158556091,0.6021775226234326,94.35498837244405,0.6644717491017187,100.33523411435952
3,mixed,4,aggregated,48.154852352000006,5000,,32,29,29,32,4544,0.90625,48.158556091,0.6021775226234326,94.35498837244405,0.6644717491017187,100.33523411435952
3,mixed,4,aggregated,48.154852352000006,10000,,32,32,32,32,4832,1.0,48.158556091,0.6644717491017187,100.33523411435952,0.6644717491017187,100.33523411435952
3,mixed,4,aggregated,48.154852352000006,20000,,32,32,32,32,4832,1.0,48.158556091,0.6644717491017187,100.33523411435952,0.6644717491017187,100.33523411435952
3,mixed,8,aggregated,41.206257408,100,,32,5,5,32,1280,0.15625,41.2089366,0.12133290525143034,31.061223744366167,0.7765305936091541,117.25611963498228
3,mixed,8,aggregated,41.206257408,250,,32,8,8,32,1808,0.25,41.2089366,0.19413264840228853,43.87397853891721,0.7765305936091541,117.25611963498228
3,mixed,8,aggregated,41.206257408,500,,32,10,10,32,1840,0.3125,41.2089366,0.24266581050286068,44.650509132526366,0.7765305936091541,117.25611963498228
3,mixed,8,aggregated,41.206257408,1000,,32,14,14,32,2384,0.4375,41.2089366,0.33973213470400493,57.85152922388198,0.7765305936091541,117.25611963498228
3,mixed,8,aggregated,41.206257408,2000,,32,18,18,32,2928,0.5625,41.2089366,0.43679845890514923,71.05254931523761,0.7765305936091541,117.25611963498228
3,mixed,8,aggregated,41.206257408,5000,,32,18,18,32,2928,0.5625,41.2089366,0.43679845890514923,71.05254931523761,0.7765305936091541,117.25611963498228
3,mixed,8,aggregated,41.206257408,10000,,32,28,28,32,4528,0.875,41.2089366,0.6794642694080099,109.87907899569531,0.7765305936091541,117.25611963498228
3,mixed,8,aggregated,41.206257408,20000,,32,32,32,32,4832,1.0,41.2089366,0.7765305936091541,117.25611963498228,0.7765305936091541,117.25611963498228
3,i256-o16,1,disaggregated,16.727549184,100,,32,0,0,32,0,0.0,16.730619682,0.0,0.0,1.9126607745693898,30.602572393110236
3,i256-o16,1,disaggregated,16.727549184,250,,32,32,32,32,512,1.0,16.730619682,1.9126607745693898,30.602572393110236,1.9126607745693898,30.602572393110236
3,i256-o16,1,disaggregated,16.727549184,500,,32,32,32,32,512,1.0,16.730619682,1.9126607745693898,30.602572393110236,1.9126607745693898,30.602572393110236
3,i256-o16,1,disaggregated,16.727549184,1000,,32,32,32,32,512,1.0,16.730619682,1.9126607745693898,30.602572393110236,1.9126607745693898,30.602572393110236
3,i256-o16,1,disaggregated,16.727549184,2000,,32,32,32,32,512,1.0,16.730619682,1.9126607745693898,30.602572393110236,1.9126607745693898,30.602572393110236
3,i256-o16,1,disaggregated,16.727549184,5000,,32,32,32,32,512,1.0,16.730619682,1.9126607745693898,30.602572393110236,1.9126607745693898,30.602572393110236
3,i256-o16,1,disaggregated,16.727549184,10000,,32,32,32,32,512,1.0,16.730619682,1.9126607745693898,30.602572393110236,1.9126607745693898,30.602572393110236
3,i256-o16,1,disaggregated,16.727549184,20000,,32,32,32,32,512,1.0,16.730619682,1.9126607745693898,30.602572393110236,1.9126607745693898,30.602572393110236
3,i256-o16,2,disaggregated,8.478522624,100,,32,0,0,32,0,0.0,8.481675822,0.0,0.0,3.7728393151973028,60.365429043156844
3,i256-o16,2,disaggregated,8.478522624,250,,32,32,32,32,512,1.0,8.481675822,3.7728393151973028,60.365429043156844,3.7728393151973028,60.365429043156844
3,i256-o16,2,disaggregated,8.478522624,500,,32,32,32,32,512,1.0,8.481675822,3.7728393151973028,60.365429043156844,3.7728393151973028,60.365429043156844
3,i256-o16,2,disaggregated,8.478522624,1000,,32,32,32,32,512,1.0,8.481675822,3.7728393151973028,60.365429043156844,3.7728393151973028,60.365429043156844
3,i256-o16,2,disaggregated,8.478522624,2000,,32,32,32,32,512,1.0,8.481675822,3.7728393151973028,60.365429043156844,3.7728393151973028,60.365429043156844
3,i256-o16,2,disaggregated,8.478522624,5000,,32,32,32,32,512,1.0,8.481675822,3.7728393151973028,60.365429043156844,3.7728393151973028,60.365429043156844
3,i256-o16,2,disaggregated,8.478522624,10000,,32,32,32,32,512,1.0,8.481675822,3.7728393151973028,60.365429043156844,3.7728393151973028,60.365429043156844
3,i256-o16,2,disaggregated,8.478522624,20000,,32,32,32,32,512,1.0,8.481675822,3.7728393151973028,60.365429043156844,3.7728393151973028,60.365429043156844
3,i256-o16,4,disaggregated,5.388211200000001,100,,32,0,0,32,0,0.0,5.391779911,0.0,0.0,5.934960352279112,94.95936563646579
3,i256-o16,4,disaggregated,5.388211200000001,250,,32,21,21,32,336,0.65625,5.391779911,3.894817731183167,62.317083698930674,5.934960352279112,94.95936563646579
3,i256-o16,4,disaggregated,5.388211200000001,500,,32,31,31,32,496,0.96875,5.391779911,5.749492841270389,91.99188546032623,5.934960352279112,94.95936563646579
3,i256-o16,4,disaggregated,5.388211200000001,1000,,32,32,32,32,512,1.0,5.391779911,5.934960352279112,94.95936563646579,5.934960352279112,94.95936563646579
3,i256-o16,4,disaggregated,5.388211200000001,2000,,32,32,32,32,512,1.0,5.391779911,5.934960352279112,94.95936563646579,5.934960352279112,94.95936563646579
3,i256-o16,4,disaggregated,5.388211200000001,5000,,32,32,32,32,512,1.0,5.391779911,5.934960352279112,94.95936563646579,5.934960352279112,94.95936563646579
3,i256-o16,4,disaggregated,5.388211200000001,10000,,32,32,32,32,512,1.0,5.391779911,5.934960352279112,94.95936563646579,5.934960352279112,94.95936563646579
3,i256-o16,4,disaggregated,5.388211200000001,20000,,32,32,32,32,512,1.0,5.391779911,5.934960352279112,94.95936563646579,5.934960352279112,94.95936563646579
3,i256-o16,8,disaggregated,5.396473344,100,,32,0,0,32,0,0.0,5.3993669870000005,0.0,0.0,5.926620671839137,94.82593074942619
3,i256-o16,8,disaggregated,5.396473344,250,,32,3,3,32,48,0.09375,5.3993669870000005,0.5556206879849191,8.889931007758706,5.926620671839137,94.82593074942619
3,i256-o16,8,disaggregated,5.396473344,500,,32,3,3,32,48,0.09375,5.3993669870000005,0.5556206879849191,8.889931007758706,5.926620671839137,94.82593074942619
3,i256-o16,8,disaggregated,5.396473344,1000,,32,29,29,32,464,0.90625,5.3993669870000005,5.370999983854218,85.93599974166749,5.926620671839137,94.82593074942619
3,i256-o16,8,disaggregated,5.396473344,2000,,32,32,32,32,512,1.0,5.3993669870000005,5.926620671839137,94.82593074942619,5.926620671839137,94.82593074942619
3,i256-o16,8,disaggregated,5.396473344,5000,,32,32,32,32,512,1.0,5.3993669870000005,5.926620671839137,94.82593074942619,5.926620671839137,94.82593074942619
3,i256-o16,8,disaggregated,5.396473344,10000,,32,32,32,32,512,1.0,5.3993669870000005,5.926620671839137,94.82593074942619,5.926620671839137,94.82593074942619
3,i256-o16,8,disaggregated,5.396473344,20000,,32,32,32,32,512,1.0,5.3993669870000005,5.926620671839137,94.82593074942619,5.926620671839137,94.82593074942619
3,i256-o256,1,disaggregated,236.64870348800002,100,,32,0,0,32,0,0.0,236.651707729,0.0,0.0,0.13521981441454278,34.61627249012295
3,i256-o256,1,disaggregated,236.64870348800002,250,,32,32,32,32,8192,1.0,236.651707729,0.13521981441454278,34.61627249012295,0.13521981441454278,34.61627249012295
3,i256-o256,1,disaggregated,236.64870348800002,500,,32,32,32,32,8192,1.0,236.651707729,0.13521981441454278,34.61627249012295,0.13521981441454278,34.61627249012295
3,i256-o256,1,disaggregated,236.64870348800002,1000,,32,32,32,32,8192,1.0,236.651707729,0.13521981441454278,34.61627249012295,0.13521981441454278,34.61627249012295
3,i256-o256,1,disaggregated,236.64870348800002,2000,,32,32,32,32,8192,1.0,236.651707729,0.13521981441454278,34.61627249012295,0.13521981441454278,34.61627249012295
3,i256-o256,1,disaggregated,236.64870348800002,5000,,32,32,32,32,8192,1.0,236.651707729,0.13521981441454278,34.61627249012295,0.13521981441454278,34.61627249012295
3,i256-o256,1,disaggregated,236.64870348800002,10000,,32,32,32,32,8192,1.0,236.651707729,0.13521981441454278,34.61627249012295,0.13521981441454278,34.61627249012295
3,i256-o256,1,disaggregated,236.64870348800002,20000,,32,32,32,32,8192,1.0,236.651707729,0.13521981441454278,34.61627249012295,0.13521981441454278,34.61627249012295
3,i256-o256,2,disaggregated,118.63444428800001,100,,32,0,0,32,0,0.0,118.63775816600001,0.0,0.0,0.2697286301990387,69.0505293309539
3,i256-o256,2,disaggregated,118.63444428800001,250,,32,32,32,32,8192,1.0,118.63775816600001,0.2697286301990387,69.0505293309539,0.2697286301990387,69.0505293309539
3,i256-o256,2,disaggregated,118.63444428800001,500,,32,32,32,32,8192,1.0,118.63775816600001,0.2697286301990387,69.0505293309539,0.2697286301990387,69.0505293309539
3,i256-o256,2,disaggregated,118.63444428800001,1000,,32,32,32,32,8192,1.0,118.63775816600001,0.2697286301990387,69.0505293309539,0.2697286301990387,69.0505293309539
3,i256-o256,2,disaggregated,118.63444428800001,2000,,32,32,32,32,8192,1.0,118.63775816600001,0.2697286301990387,69.0505293309539,0.2697286301990387,69.0505293309539
3,i256-o256,2,disaggregated,118.63444428800001,5000,,32,32,32,32,8192,1.0,118.63775816600001,0.2697286301990387,69.0505293309539,0.2697286301990387,69.0505293309539
3,i256-o256,2,disaggregated,118.63444428800001,10000,,32,32,32,32,8192,1.0,118.63775816600001,0.2697286301990387,69.0505293309539,0.2697286301990387,69.0505293309539
3,i256-o256,2,disaggregated,118.63444428800001,20000,,32,32,32,32,8192,1.0,118.63775816600001,0.2697286301990387,69.0505293309539,0.2697286301990387,69.0505293309539
3,i256-o256,4,disaggregated,82.55766886400001,100,,32,0,0,32,0,0.0,82.56241735200001,0.0,0.0,0.38758555074241446,99.2219009900581
3,i256-o256,4,disaggregated,82.55766886400001,250,,32,19,19,32,4864,0.59375,82.56241735200001,0.23012892075330857,58.913003712846994,0.38758555074241446,99.2219009900581
3,i256-o256,4,disaggregated,82.55766886400001,500,,32,22,22,32,5632,0.6875,82.56241735200001,0.26646506613540993,68.21505693066494,0.38758555074241446,99.2219009900581
3,i256-o256,4,disaggregated,82.55766886400001,1000,,32,22,22,32,5632,0.6875,82.56241735200001,0.26646506613540993,68.21505693066494,0.38758555074241446,99.2219009900581
3,i256-o256,4,disaggregated,82.55766886400001,2000,,32,22,22,32,5632,0.6875,82.56241735200001,0.26646506613540993,68.21505693066494,0.38758555074241446,99.2219009900581
3,i256-o256,4,disaggregated,82.55766886400001,5000,,32,22,22,32,5632,0.6875,82.56241735200001,0.26646506613540993,68.21505693066494,0.38758555074241446,99.2219009900581
3,i256-o256,4,disaggregated,82.55766886400001,10000,,32,32,32,32,8192,1.0,82.56241735200001,0.38758555074241446,99.2219009900581,0.38758555074241446,99.2219009900581
3,i256-o256,4,disaggregated,82.55766886400001,20000,,32,32,32,32,8192,1.0,82.56241735200001,0.38758555074241446,99.2219009900581,0.38758555074241446,99.2219009900581
3,i256-o256,8,disaggregated,83.4530048,100,,32,0,0,32,0,0.0,83.459179825,0.0,0.0,0.38342097378740925,98.15576928957677
3,i256-o256,8,disaggregated,83.4530048,250,,32,2,2,32,512,0.0625,83.459179825,0.023963810861713078,6.134735580598548,0.38342097378740925,98.15576928957677
3,i256-o256,8,disaggregated,83.4530048,500,,32,3,3,32,768,0.09375,83.459179825,0.03594571629256962,9.202103370897822,0.38342097378740925,98.15576928957677
3,i256-o256,8,disaggregated,83.4530048,1000,,32,3,3,32,768,0.09375,83.459179825,0.03594571629256962,9.202103370897822,0.38342097378740925,98.15576928957677
3,i256-o256,8,disaggregated,83.4530048,2000,,32,3,3,32,768,0.09375,83.459179825,0.03594571629256962,9.202103370897822,0.38342097378740925,98.15576928957677
3,i256-o256,8,disaggregated,83.4530048,5000,,32,3,3,32,768,0.09375,83.459179825,0.03594571629256962,9.202103370897822,0.38342097378740925,98.15576928957677
3,i256-o256,8,disaggregated,83.4530048,10000,,32,14,14,32,3584,0.4375,83.459179825,0.16774667603199153,42.94314906418983,0.38342097378740925,98.15576928957677
3,i256-o256,8,disaggregated,83.4530048,20000,,32,32,32,32,8192,1.0,83.459179825,0.38342097378740925,98.15576928957677,0.38342097378740925,98.15576928957677
3,i256-o64,1,disaggregated,60.717351168,100,,32,0,0,32,0,0.0,60.72044357100001,0.0,0.0,0.5270053727882046,33.72834385844509
3,i256-o64,1,disaggregated,60.717351168,250,,32,32,32,32,2048,1.0,60.72044357100001,0.5270053727882046,33.72834385844509,0.5270053727882046,33.72834385844509
3,i256-o64,1,disaggregated,60.717351168,500,,32,32,32,32,2048,1.0,60.72044357100001,0.5270053727882046,33.72834385844509,0.5270053727882046,33.72834385844509
3,i256-o64,1,disaggregated,60.717351168,1000,,32,32,32,32,2048,1.0,60.72044357100001,0.5270053727882046,33.72834385844509,0.5270053727882046,33.72834385844509
3,i256-o64,1,disaggregated,60.717351168,2000,,32,32,32,32,2048,1.0,60.72044357100001,0.5270053727882046,33.72834385844509,0.5270053727882046,33.72834385844509
3,i256-o64,1,disaggregated,60.717351168,5000,,32,32,32,32,2048,1.0,60.72044357100001,0.5270053727882046,33.72834385844509,0.5270053727882046,33.72834385844509
3,i256-o64,1,disaggregated,60.717351168,10000,,32,32,32,32,2048,1.0,60.72044357100001,0.5270053727882046,33.72834385844509,0.5270053727882046,33.72834385844509
3,i256-o64,1,disaggregated,60.717351168,20000,,32,32,32,32,2048,1.0,60.72044357100001,0.5270053727882046,33.72834385844509,0.5270053727882046,33.72834385844509
3,i256-o64,2,disaggregated,30.521011968000003,100,,32,0,0,32,0,0.0,30.524543661000003,0.0,0.0,1.048336720620172,67.093550119691
3,i256-o64,2,disaggregated,30.521011968000003,250,,32,32,32,32,2048,1.0,30.524543661000003,1.048336720620172,67.093550119691,1.048336720620172,67.093550119691
3,i256-o64,2,disaggregated,30.521011968000003,500,,32,32,32,32,2048,1.0,30.524543661000003,1.048336720620172,67.093550119691,1.048336720620172,67.093550119691
3,i256-o64,2,disaggregated,30.521011968000003,1000,,32,32,32,32,2048,1.0,30.524543661000003,1.048336720620172,67.093550119691,1.048336720620172,67.093550119691
3,i256-o64,2,disaggregated,30.521011968000003,2000,,32,32,32,32,2048,1.0,30.524543661000003,1.048336720620172,67.093550119691,1.048336720620172,67.093550119691
3,i256-o64,2,disaggregated,30.521011968000003,5000,,32,32,32,32,2048,1.0,30.524543661000003,1.048336720620172,67.093550119691,1.048336720620172,67.093550119691
3,i256-o64,2,disaggregated,30.521011968000003,10000,,32,32,32,32,2048,1.0,30.524543661000003,1.048336720620172,67.093550119691,1.048336720620172,67.093550119691
3,i256-o64,2,disaggregated,30.521011968000003,20000,,32,32,32,32,2048,1.0,30.524543661000003,1.048336720620172,67.093550119691,1.048336720620172,67.093550119691
3,i256-o64,4,disaggregated,21.005066752,100,,32,0,0,32,0,0.0,21.009689756,0.0,0.0,1.523106736540998,97.47883113862387
3,i256-o64,4,disaggregated,21.005066752,250,,32,20,20,32,1280,0.625,21.009689756,0.9519417103381238,60.92426946163992,1.523106736540998,97.47883113862387
3,i256-o64,4,disaggregated,21.005066752,500,,32,22,22,32,1408,0.6875,21.009689756,1.0471358813719363,67.01669640780392,1.523106736540998,97.47883113862387
3,i256-o64,4,disaggregated,21.005066752,1000,,32,22,22,32,1408,0.6875,21.009689756,1.0471358813719363,67.01669640780392,1.523106736540998,97.47883113862387
3,i256-o64,4,disaggregated,21.005066752,2000,,32,32,32,32,2048,1.0,21.009689756,1.523106736540998,97.47883113862387,1.523106736540998,97.47883113862387
3,i256-o64,4,disaggregated,21.005066752,5000,,32,32,32,32,2048,1.0,21.009689756,1.523106736540998,97.47883113862387,1.523106736540998,97.47883113862387
3,i256-o64,4,disaggregated,21.005066752,10000,,32,32,32,32,2048,1.0,21.009689756,1.523106736540998,97.47883113862387,1.523106736540998,97.47883113862387
3,i256-o64,4,disaggregated,21.005066752,20000,,32,32,32,32,2048,1.0,21.009689756,1.523106736540998,97.47883113862387,1.523106736540998,97.47883113862387
3,i256-o64,8,disaggregated,21.044785408000003,100,,32,0,0,32,0,0.0,21.051498623,0.0,0.0,1.5200818038217059,97.28523544458918
3,i256-o64,8,disaggregated,21.044785408000003,250,,32,2,2,32,128,0.0625,21.051498623,0.09500511273885662,6.0803272152868235,1.5200818038217059,97.28523544458918
3,i256-o64,8,disaggregated,21.044785408000003,500,,32,3,3,32,192,0.09375,21.051498623,0.14250766910828494,9.120490822930236,1.5200818038217059,97.28523544458918
3,i256-o64,8,disaggregated,21.044785408000003,1000,,32,3,3,32,192,0.09375,21.051498623,0.14250766910828494,9.120490822930236,1.5200818038217059,97.28523544458918
3,i256-o64,8,disaggregated,21.044785408000003,2000,,32,3,3,32,192,0.09375,21.051498623,0.14250766910828494,9.120490822930236,1.5200818038217059,97.28523544458918
3,i256-o64,8,disaggregated,21.044785408000003,5000,,32,32,32,32,2048,1.0,21.051498623,1.5200818038217059,97.28523544458918,1.5200818038217059,97.28523544458918
3,i256-o64,8,disaggregated,21.044785408000003,10000,,32,32,32,32,2048,1.0,21.051498623,1.5200818038217059,97.28523544458918,1.5200818038217059,97.28523544458918
3,i256-o64,8,disaggregated,21.044785408000003,20000,,32,32,32,32,2048,1.0,21.051498623,1.5200818038217059,97.28523544458918,1.5200818038217059,97.28523544458918
3,i64-o16,1,disaggregated,15.517881344000001,100,,32,13,13,32,208,0.40625,15.520072864,0.8376249334598486,13.401998935357577,2.0618459900550117,32.98953584088019
3,i64-o16,1,disaggregated,15.517881344000001,250,,32,32,32,32,512,1.0,15.520072864,2.0618459900550117,32.98953584088019,2.0618459900550117,32.98953584088019
3,i64-o16,1,disaggregated,15.517881344000001,500,,32,32,32,32,512,1.0,15.520072864,2.0618459900550117,32.98953584088019,2.0618459900550117,32.98953584088019
3,i64-o16,1,disaggregated,15.517881344000001,1000,,32,32,32,32,512,1.0,15.520072864,2.0618459900550117,32.98953584088019,2.0618459900550117,32.98953584088019
3,i64-o16,1,disaggregated,15.517881344000001,2000,,32,32,32,32,512,1.0,15.520072864,2.0618459900550117,32.98953584088019,2.0618459900550117,32.98953584088019
3,i64-o16,1,disaggregated,15.517881344000001,5000,,32,32,32,32,512,1.0,15.520072864,2.0618459900550117,32.98953584088019,2.0618459900550117,32.98953584088019
3,i64-o16,1,disaggregated,15.517881344000001,10000,,32,32,32,32,512,1.0,15.520072864,2.0618459900550117,32.98953584088019,2.0618459900550117,32.98953584088019
3,i64-o16,1,disaggregated,15.517881344000001,20000,,32,32,32,32,512,1.0,15.520072864,2.0618459900550117,32.98953584088019,2.0618459900550117,32.98953584088019
3,i64-o16,2,disaggregated,7.906710272000001,100,,32,12,12,32,192,0.375,7.909261627999999,1.5172086301353542,24.275338082165668,4.045889680360944,64.73423488577511
3,i64-o16,2,disaggregated,7.906710272000001,250,,32,32,32,32,512,1.0,7.909261627999999,4.045889680360944,64.73423488577511,4.045889680360944,64.73423488577511
3,i64-o16,2,disaggregated,7.906710272000001,500,,32,32,32,32,512,1.0,7.909261627999999,4.045889680360944,64.73423488577511,4.045889680360944,64.73423488577511
3,i64-o16,2,disaggregated,7.906710272000001,1000,,32,32,32,32,512,1.0,7.909261627999999,4.045889680360944,64.73423488577511,4.045889680360944,64.73423488577511
3,i64-o16,2,disaggregated,7.906710272000001,2000,,32,32,32,32,512,1.0,7.909261627999999,4.045889680360944,64.73423488577511,4.045889680360944,64.73423488577511
3,i64-o16,2,disaggregated,7.906710272000001,5000,,32,32,32,32,512,1.0,7.909261627999999,4.045889680360944,64.73423488577511,4.045889680360944,64.73423488577511
3,i64-o16,2,disaggregated,7.906710272000001,10000,,32,32,32,32,512,1.0,7.909261627999999,4.045889680360944,64.73423488577511,4.045889680360944,64.73423488577511
3,i64-o16,2,disaggregated,7.906710272000001,20000,,32,32,32,32,512,1.0,7.909261627999999,4.045889680360944,64.73423488577511,4.045889680360944,64.73423488577511
3,i64-o16,4,disaggregated,5.1411932160000005,100,,32,3,3,32,48,0.09375,5.144708759,0.5831233876459749,9.329974202335599,6.219982801557067,99.51972482491307
3,i64-o16,4,disaggregated,5.1411932160000005,250,,32,22,22,32,352,0.6875,5.144708759,4.276238176070483,68.41981081712773,6.219982801557067,99.51972482491307
3,i64-o16,4,disaggregated,5.1411932160000005,500,,32,31,31,32,496,0.96875,5.144708759,6.025608339008408,96.40973342413453,6.219982801557067,99.51972482491307
3,i64-o16,4,disaggregated,5.1411932160000005,1000,,32,32,32,32,512,1.0,5.144708759,6.219982801557067,99.51972482491307,6.219982801557067,99.51972482491307
3,i64-o16,4,disaggregated,5.1411932160000005,2000,,32,32,32,32,512,1.0,5.144708759,6.219982801557067,99.51972482491307,6.219982801557067,99.51972482491307
3,i64-o16,4,disaggregated,5.1411932160000005,5000,,32,32,32,32,512,1.0,5.144708759,6.219982801557067,99.51972482491307,6.219982801557067,99.51972482491307
3,i64-o16,4,disaggregated,5.1411932160000005,10000,,32,32,32,32,512,1.0,5.144708759,6.219982801557067,99.51972482491307,6.219982801557067,99.51972482491307
3,i64-o16,4,disaggregated,5.1411932160000005,20000,,32,32,32,32,512,1.0,5.144708759,6.219982801557067,99.51972482491307,6.219982801557067,99.51972482491307
3,i64-o16,8,disaggregated,5.15897088,100,,32,1,1,32,16,0.03125,5.162378851000001,0.19370914627977967,3.0993463404764747,6.1986926809529495,99.17908289524719
3,i64-o16,8,disaggregated,5.15897088,250,,32,3,3,32,48,0.09375,5.162378851000001,0.581127438839339,9.298039021429425,6.1986926809529495,99.17908289524719
3,i64-o16,8,disaggregated,5.15897088,500,,32,3,3,32,48,0.09375,5.162378851000001,0.581127438839339,9.298039021429425,6.1986926809529495,99.17908289524719
3,i64-o16,8,disaggregated,5.15897088,1000,,32,28,28,32,448,0.875,5.162378851000001,5.42385609583383,86.78169753334129,6.1986926809529495,99.17908289524719
3,i64-o16,8,disaggregated,5.15897088,2000,,32,32,32,32,512,1.0,5.162378851000001,6.1986926809529495,99.17908289524719,6.1986926809529495,99.17908289524719
3,i64-o16,8,disaggregated,5.15897088,5000,,32,32,32,32,512,1.0,5.162378851000001,6.1986926809529495,99.17908289524719,6.1986926809529495,99.17908289524719
3,i64-o16,8,disaggregated,5.15897088,10000,,32,32,32,32,512,1.0,5.162378851000001,6.1986926809529495,99.17908289524719,6.1986926809529495,99.17908289524719
3,i64-o16,8,disaggregated,5.15897088,20000,,32,32,32,32,512,1.0,5.162378851000001,6.1986926809529495,99.17908289524719,6.1986926809529495,99.17908289524719
3,i64-o256,1,disaggregated,235.17480192000002,100,,32,13,13,32,3328,0.40625,235.17780932000002,0.055277324155661535,14.150994983849353,0.13606725946008993,34.83321842178302
3,i64-o256,1,disaggregated,235.17480192000002,250,,32,32,32,32,8192,1.0,235.17780932000002,0.13606725946008993,34.83321842178302,0.13606725946008993,34.83321842178302
3,i64-o256,1,disaggregated,235.17480192000002,500,,32,32,32,32,8192,1.0,235.17780932000002,0.13606725946008993,34.83321842178302,0.13606725946008993,34.83321842178302
3,i64-o256,1,disaggregated,235.17480192000002,1000,,32,32,32,32,8192,1.0,235.17780932000002,0.13606725946008993,34.83321842178302,0.13606725946008993,34.83321842178302
3,i64-o256,1,disaggregated,235.17480192000002,2000,,32,32,32,32,8192,1.0,235.17780932000002,0.13606725946008993,34.83321842178302,0.13606725946008993,34.83321842178302
3,i64-o256,1,disaggregated,235.17480192000002,5000,,32,32,32,32,8192,1.0,235.17780932000002,0.13606725946008993,34.83321842178302,0.13606725946008993,34.83321842178302
3,i64-o256,1,disaggregated,235.17480192000002,10000,,32,32,32,32,8192,1.0,235.17780932000002,0.13606725946008993,34.83321842178302,0.13606725946008993,34.83321842178302
3,i64-o256,1,disaggregated,235.17480192000002,20000,,32,32,32,32,8192,1.0,235.17780932000002,0.13606725946008993,34.83321842178302,0.13606725946008993,34.83321842178302
3,i64-o256,2,disaggregated,117.488750592,100,,32,12,12,32,3072,0.375,117.49180215700002,0.10213478540370703,26.146505063349,0.27235942774321875,69.724013502264
3,i64-o256,2,disaggregated,117.488750592,250,,32,32,32,32,8192,1.0,117.49180215700002,0.27235942774321875,69.724013502264,0.27235942774321875,69.724013502264
3,i64-o256,2,disaggregated,117.488750592,500,,32,32,32,32,8192,1.0,117.49180215700002,0.27235942774321875,69.724013502264,0.27235942774321875,69.724013502264
3,i64-o256,2,disaggregated,117.488750592,1000,,32,32,32,32,8192,1.0,117.49180215700002,0.27235942774321875,69.724013502264,0.27235942774321875,69.724013502264
3,i64-o256,2,disaggregated,117.488750592,2000,,32,32,32,32,8192,1.0,117.49180215700002,0.27235942774321875,69.724013502264,0.27235942774321875,69.724013502264
3,i64-o256,2,disaggregated,117.488750592,5000,,32,32,32,32,8192,1.0,117.49180215700002,0.27235942774321875,69.724013502264,0.27235942774321875,69.724013502264
3,i64-o256,2,disaggregated,117.488750592,10000,,32,32,32,32,8192,1.0,117.49180215700002,0.27235942774321875,69.724013502264,0.27235942774321875,69.724013502264
3,i64-o256,2,disaggregated,117.488750592,20000,,32,32,32,32,8192,1.0,117.49180215700002,0.27235942774321875,69.724013502264,0.27235942774321875,69.724013502264
3,i64-o256,4,disaggregated,82.445013504,100,,32,4,4,32,1024,0.125,82.44813951200001,0.048515345812234066,12.419928527931921,0.38812276649787253,99.35942822345537
3,i64-o256,4,disaggregated,82.445013504,250,,32,21,21,32,5376,0.65625,82.44813951200001,0.25470556551422885,65.20462477164259,0.38812276649787253,99.35942822345537
3,i64-o256,4,disaggregated,82.445013504,500,,32,22,22,32,5632,0.6875,82.44813951200001,0.26683440196728736,68.30960690362556,0.38812276649787253,99.35942822345537
3,i64-o256,4,disaggregated,82.445013504,1000,,32,22,22,32,5632,0.6875,82.44813951200001,0.26683440196728736,68.30960690362556,0.38812276649787253,99.35942822345537
3,i64-o256,4,disaggregated,82.445013504,2000,,32,22,22,32,5632,0.6875,82.44813951200001,0.26683440196728736,68.30960690362556,0.38812276649787253,99.35942822345537
3,i64-o256,4,disaggregated,82.445013504,5000,,32,22,22,32,5632,0.6875,82.44813951200001,0.26683440196728736,68.30960690362556,0.38812276649787253,99.35942822345537
3,i64-o256,4,disaggregated,82.445013504,10000,,32,32,32,32,8192,1.0,82.44813951200001,0.38812276649787253,99.35942822345537,0.38812276649787253,99.35942822345537
3,i64-o256,4,disaggregated,82.445013504,20000,,32,32,32,32,8192,1.0,82.44813951200001,0.38812276649787253,99.35942822345537,0.38812276649787253,99.35942822345537
3,i64-o256,8,disaggregated,82.04667161600001,100,,32,1,1,32,256,0.03125,82.051281746,0.012187500045345117,3.12000001160835,0.39000000145104374,99.8400003714672
3,i64-o256,8,disaggregated,82.04667161600001,250,,32,3,3,32,768,0.09375,82.051281746,0.036562500136035354,9.36000003482505,0.39000000145104374,99.8400003714672
3,i64-o256,8,disaggregated,82.04667161600001,500,,32,3,3,32,768,0.09375,82.051281746,0.036562500136035354,9.36000003482505,0.39000000145104374,99.8400003714672
3,i64-o256,8,disaggregated,82.04667161600001,1000,,32,3,3,32,768,0.09375,82.051281746,0.036562500136035354,9.36000003482505,0.39000000145104374,99.8400003714672
3,i64-o256,8,disaggregated,82.04667161600001,2000,,32,3,3,32,768,0.09375,82.051281746,0.036562500136035354,9.36000003482505,0.39000000145104374,99.8400003714672
3,i64-o256,8,disaggregated,82.04667161600001,5000,,32,3,3,32,768,0.09375,82.051281746,0.036562500136035354,9.36000003482505,0.39000000145104374,99.8400003714672
3,i64-o256,8,disaggregated,82.04667161600001,10000,,32,14,14,32,3584,0.4375,82.051281746,0.17062500063483163,43.6800001625169,0.39000000145104374,99.8400003714672
3,i64-o256,8,disaggregated,82.04667161600001,20000,,32,32,32,32,8192,1.0,82.051281746,0.39000000145104374,99.8400003714672,0.39000000145104374,99.8400003714672
3,i64-o64,1,disaggregated,59.324839936000004,100,,32,13,13,32,832,0.40625,59.32719697900001,0.21912378575043076,14.023922288027569,0.5393816264625988,34.52042409360632
3,i64-o64,1,disaggregated,59.324839936000004,250,,32,32,32,32,2048,1.0,59.32719697900001,0.5393816264625988,34.52042409360632,0.5393816264625988,34.52042409360632
3,i64-o64,1,disaggregated,59.324839936000004,500,,32,32,32,32,2048,1.0,59.32719697900001,0.5393816264625988,34.52042409360632,0.5393816264625988,34.52042409360632
3,i64-o64,1,disaggregated,59.324839936000004,1000,,32,32,32,32,2048,1.0,59.32719697900001,0.5393816264625988,34.52042409360632,0.5393816264625988,34.52042409360632
3,i64-o64,1,disaggregated,59.324839936000004,2000,,32,32,32,32,2048,1.0,59.32719697900001,0.5393816264625988,34.52042409360632,0.5393816264625988,34.52042409360632
3,i64-o64,1,disaggregated,59.324839936000004,5000,,32,32,32,32,2048,1.0,59.32719697900001,0.5393816264625988,34.52042409360632,0.5393816264625988,34.52042409360632
3,i64-o64,1,disaggregated,59.324839936000004,10000,,32,32,32,32,2048,1.0,59.32719697900001,0.5393816264625988,34.52042409360632,0.5393816264625988,34.52042409360632
3,i64-o64,1,disaggregated,59.324839936000004,20000,,32,32,32,32,2048,1.0,59.32719697900001,0.5393816264625988,34.52042409360632,0.5393816264625988,34.52042409360632
3,i64-o64,2,disaggregated,29.798832128,100,,32,12,12,32,768,0.375,29.801359591,0.4026661925727709,25.77063632465734,1.0737765135273891,68.7216968657529
3,i64-o64,2,disaggregated,29.798832128,250,,32,32,32,32,2048,1.0,29.801359591,1.0737765135273891,68.7216968657529,1.0737765135273891,68.7216968657529
3,i64-o64,2,disaggregated,29.798832128,500,,32,32,32,32,2048,1.0,29.801359591,1.0737765135273891,68.7216968657529,1.0737765135273891,68.7216968657529
3,i64-o64,2,disaggregated,29.798832128,1000,,32,32,32,32,2048,1.0,29.801359591,1.0737765135273891,68.7216968657529,1.0737765135273891,68.7216968657529
3,i64-o64,2,disaggregated,29.798832128,2000,,32,32,32,32,2048,1.0,29.801359591,1.0737765135273891,68.7216968657529,1.0737765135273891,68.7216968657529
3,i64-o64,2,disaggregated,29.798832128,5000,,32,32,32,32,2048,1.0,29.801359591,1.0737765135273891,68.7216968657529,1.0737765135273891,68.7216968657529
3,i64-o64,2,disaggregated,29.798832128,10000,,32,32,32,32,2048,1.0,29.801359591,1.0737765135273891,68.7216968657529,1.0737765135273891,68.7216968657529
3,i64-o64,2,disaggregated,29.798832128,20000,,32,32,32,32,2048,1.0,29.801359591,1.0737765135273891,68.7216968657529,1.0737765135273891,68.7216968657529
3,i64-o64,4,disaggregated,20.471645952000003,100,,32,3,3,32,192,0.09375,20.475188376000002,0.14651879850426436,9.377203104272919,1.5628671840454864,100.02349977891113
3,i64-o64,4,disaggregated,20.471645952000003,250,,32,22,22,32,1408,0.6875,20.475188376000002,1.074471189031272,68.7661560980014,1.5628671840454864,100.02349977891113
3,i64-o64,4,disaggregated,20.471645952000003,500,,32,22,22,32,1408,0.6875,20.475188376000002,1.074471189031272,68.7661560980014,1.5628671840454864,100.02349977891113
3,i64-o64,4,disaggregated,20.471645952000003,1000,,32,22,22,32,1408,0.6875,20.475188376000002,1.074471189031272,68.7661560980014,1.5628671840454864,100.02349977891113
3,i64-o64,4,disaggregated,20.471645952000003,2000,,32,32,32,32,2048,1.0,20.475188376000002,1.5628671840454864,100.02349977891113,1.5628671840454864,100.02349977891113
3,i64-o64,4,disaggregated,20.471645952000003,5000,,32,32,32,32,2048,1.0,20.475188376000002,1.5628671840454864,100.02349977891113,1.5628671840454864,100.02349977891113
3,i64-o64,4,disaggregated,20.471645952000003,10000,,32,32,32,32,2048,1.0,20.475188376000002,1.5628671840454864,100.02349977891113,1.5628671840454864,100.02349977891113
3,i64-o64,4,disaggregated,20.471645952000003,20000,,32,32,32,32,2048,1.0,20.475188376000002,1.5628671840454864,100.02349977891113,1.5628671840454864,100.02349977891113
3,i64-o64,8,disaggregated,20.487940864000002,100,,32,1,1,32,64,0.03125,20.490922283,0.048802098128576464,3.1233342802288937,1.5616671401144469,99.9466969673246
3,i64-o64,8,disaggregated,20.487940864000002,250,,32,3,3,32,192,0.09375,20.490922283,0.14640629438572939,9.37000284068668,1.5616671401144469,99.9466969673246
3,i64-o64,8,disaggregated,20.487940864000002,500,,32,3,3,32,192,0.09375,20.490922283,0.14640629438572939,9.37000284068668,1.5616671401144469,99.9466969673246
3,i64-o64,8,disaggregated,20.487940864000002,1000,,32,3,3,32,192,0.09375,20.490922283,0.14640629438572939,9.37000284068668,1.5616671401144469,99.9466969673246
3,i64-o64,8,disaggregated,20.487940864000002,2000,,32,4,4,32,256,0.125,20.490922283,0.19520839251430586,12.493337120915575,1.5616671401144469,99.9466969673246
3,i64-o64,8,disaggregated,20.487940864000002,5000,,32,32,32,32,2048,1.0,20.490922283,1.5616671401144469,99.9466969673246,1.5616671401144469,99.9466969673246
3,i64-o64,8,disaggregated,20.487940864000002,10000,,32,32,32,32,2048,1.0,20.490922283,1.5616671401144469,99.9466969673246,1.5616671401144469,99.9466969673246
3,i64-o64,8,disaggregated,20.487940864000002,20000,,32,32,32,32,2048,1.0,20.490922283,1.5616671401144469,99.9466969673246,1.5616671401144469,99.9466969673246
3,i704-o16,1,disaggregated,21.161562624000002,100,,32,0,0,32,0,0.0,21.163804211000002,0.0,0.0,1.512015499716626,24.192247995466015
3,i704-o16,1,disaggregated,21.161562624000002,250,,32,0,0,32,0,0.0,21.163804211000002,0.0,0.0,1.512015499716626,24.192247995466015
3,i704-o16,1,disaggregated,21.161562624000002,500,,32,32,32,32,512,1.0,21.163804211000002,1.512015499716626,24.192247995466015,1.512015499716626,24.192247995466015
3,i704-o16,1,disaggregated,21.161562624000002,1000,,32,32,32,32,512,1.0,21.163804211000002,1.512015499716626,24.192247995466015,1.512015499716626,24.192247995466015
3,i704-o16,1,disaggregated,21.161562624000002,2000,,32,32,32,32,512,1.0,21.163804211000002,1.512015499716626,24.192247995466015,1.512015499716626,24.192247995466015
3,i704-o16,1,disaggregated,21.161562624000002,5000,,32,32,32,32,512,1.0,21.163804211000002,1.512015499716626,24.192247995466015,1.512015499716626,24.192247995466015
3,i704-o16,1,disaggregated,21.161562624000002,10000,,32,32,32,32,512,1.0,21.163804211000002,1.512015499716626,24.192247995466015,1.512015499716626,24.192247995466015
3,i704-o16,1,disaggregated,21.161562624000002,20000,,32,32,32,32,512,1.0,21.163804211000002,1.512015499716626,24.192247995466015,1.512015499716626,24.192247995466015
3,i704-o16,2,disaggregated,10.975411968000001,100,,32,0,0,32,0,0.0,10.977969767000001,0.0,0.0,2.914928778196552,46.63886045114483
3,i704-o16,2,disaggregated,10.975411968000001,250,,32,0,0,32,0,0.0,10.977969767000001,0.0,0.0,2.914928778196552,46.63886045114483
3,i704-o16,2,disaggregated,10.975411968000001,500,,32,31,31,32,496,0.96875,10.977969767000001,2.82383725387791,45.18139606204656,2.914928778196552,46.63886045114483
3,i704-o16,2,disaggregated,10.975411968000001,1000,,32,32,32,32,512,1.0,10.977969767000001,2.914928778196552,46.63886045114483,2.914928778196552,46.63886045114483
3,i704-o16,2,disaggregated,10.975411968000001,2000,,32,32,32,32,512,1.0,10.977969767000001,2.914928778196552,46.63886045114483,2.914928778196552,46.63886045114483
3,i704-o16,2,disaggregated,10.975411968000001,5000,,32,32,32,32,512,1.0,10.977969767000001,2.914928778196552,46.63886045114483,2.914928778196552,46.63886045114483
3,i704-o16,2,disaggregated,10.975411968000001,10000,,32,32,32,32,512,1.0,10.977969767000001,2.914928778196552,46.63886045114483,2.914928778196552,46.63886045114483
3,i704-o16,2,disaggregated,10.975411968000001,20000,,32,32,32,32,512,1.0,10.977969767000001,2.914928778196552,46.63886045114483,2.914928778196552,46.63886045114483
3,i704-o16,4,disaggregated,6.595479296000001,100,,32,0,0,32,0,0.0,6.598140656,0.0,0.0,4.849851142670154,77.59761828272246
3,i704-o16,4,disaggregated,6.595479296000001,250,,32,0,0,32,0,0.0,6.598140656,0.0,0.0,4.849851142670154,77.59761828272246
3,i704-o16,4,disaggregated,6.595479296000001,500,,32,28,28,32,448,0.875,6.598140656,4.243619749836385,67.89791599738216,4.849851142670154,77.59761828272246
3,i704-o16,4,disaggregated,6.595479296000001,1000,,32,32,32,32,512,1.0,6.598140656,4.849851142670154,77.59761828272246,4.849851142670154,77.59761828272246
3,i704-o16,4,disaggregated,6.595479296000001,2000,,32,32,32,32,512,1.0,6.598140656,4.849851142670154,77.59761828272246,4.849851142670154,77.59761828272246
3,i704-o16,4,disaggregated,6.595479296000001,5000,,32,32,32,32,512,1.0,6.598140656,4.849851142670154,77.59761828272246,4.849851142670154,77.59761828272246
3,i704-o16,4,disaggregated,6.595479296000001,10000,,32,32,32,32,512,1.0,6.598140656,4.849851142670154,77.59761828272246,4.849851142670154,77.59761828272246
3,i704-o16,4,disaggregated,6.595479296000001,20000,,32,32,32,32,512,1.0,6.598140656,4.849851142670154,77.59761828272246,4.849851142670154,77.59761828272246
3,i704-o16,8,disaggregated,6.072808704000001,100,,32,0,0,32,0,0.0,6.08053794,0.0,0.0,5.262692267651569,84.2030762824251
3,i704-o16,8,disaggregated,6.072808704000001,250,,32,0,0,32,0,0.0,6.08053794,0.0,0.0,5.262692267651569,84.2030762824251
3,i704-o16,8,disaggregated,6.072808704000001,500,,32,1,1,32,16,0.03125,6.08053794,0.16445913336411153,2.6313461338257844,5.262692267651569,84.2030762824251
3,i704-o16,8,disaggregated,6.072808704000001,1000,,32,25,25,32,400,0.78125,6.08053794,4.111478334102788,65.78365334564461,5.262692267651569,84.2030762824251
3,i704-o16,8,disaggregated,6.072808704000001,2000,,32,32,32,32,512,1.0,6.08053794,5.262692267651569,84.2030762824251,5.262692267651569,84.2030762824251
3,i704-o16,8,disaggregated,6.072808704000001,5000,,32,32,32,32,512,1.0,6.08053794,5.262692267651569,84.2030762824251,5.262692267651569,84.2030762824251
3,i704-o16,8,disaggregated,6.072808704000001,10000,,32,32,32,32,512,1.0,6.08053794,5.262692267651569,84.2030762824251,5.262692267651569,84.2030762824251
3,i704-o16,8,disaggregated,6.072808704000001,20000,,32,32,32,32,512,1.0,6.08053794,5.262692267651569,84.2030762824251,5.262692267651569,84.2030762824251
3,i704-o256,1,disaggregated,240.42087628800002,100,,32,0,0,32,0,0.0,240.424140014,0.0,0.0,0.13309811568063268,34.073117614241966
3,i704-o256,1,disaggregated,240.42087628800002,250,,32,0,0,32,0,0.0,240.424140014,0.0,0.0,0.13309811568063268,34.073117614241966
3,i704-o256,1,disaggregated,240.42087628800002,500,,32,32,32,32,8192,1.0,240.424140014,0.13309811568063268,34.073117614241966,0.13309811568063268,34.073117614241966
3,i704-o256,1,disaggregated,240.42087628800002,1000,,32,32,32,32,8192,1.0,240.424140014,0.13309811568063268,34.073117614241966,0.13309811568063268,34.073117614241966
3,i704-o256,1,disaggregated,240.42087628800002,2000,,32,32,32,32,8192,1.0,240.424140014,0.13309811568063268,34.073117614241966,0.13309811568063268,34.073117614241966
3,i704-o256,1,disaggregated,240.42087628800002,5000,,32,32,32,32,8192,1.0,240.424140014,0.13309811568063268,34.073117614241966,0.13309811568063268,34.073117614241966
3,i704-o256,1,disaggregated,240.42087628800002,10000,,32,32,32,32,8192,1.0,240.424140014,0.13309811568063268,34.073117614241966,0.13309811568063268,34.073117614241966
3,i704-o256,1,disaggregated,240.42087628800002,20000,,32,32,32,32,8192,1.0,240.424140014,0.13309811568063268,34.073117614241966,0.13309811568063268,34.073117614241966
3,i704-o256,2,disaggregated,121.486420992,100,,32,0,0,32,0,0.0,121.48960071300002,0.0,0.0,0.26339702996962633,67.42963967222434
3,i704-o256,2,disaggregated,121.486420992,250,,32,0,0,32,0,0.0,121.48960071300002,0.0,0.0,0.26339702996962633,67.42963967222434
3,i704-o256,2,disaggregated,121.486420992,500,,32,31,31,32,7936,0.96875,121.48960071300002,0.2551658727830755,65.32246343246733,0.26339702996962633,67.42963967222434
3,i704-o256,2,disaggregated,121.486420992,1000,,32,32,32,32,8192,1.0,121.48960071300002,0.26339702996962633,67.42963967222434,0.26339702996962633,67.42963967222434
3,i704-o256,2,disaggregated,121.486420992,2000,,32,32,32,32,8192,1.0,121.48960071300002,0.26339702996962633,67.42963967222434,0.26339702996962633,67.42963967222434
3,i704-o256,2,disaggregated,121.486420992,5000,,32,32,32,32,8192,1.0,121.48960071300002,0.26339702996962633,67.42963967222434,0.26339702996962633,67.42963967222434
3,i704-o256,2,disaggregated,121.486420992,10000,,32,32,32,32,8192,1.0,121.48960071300002,0.26339702996962633,67.42963967222434,0.26339702996962633,67.42963967222434
3,i704-o256,2,disaggregated,121.486420992,20000,,32,32,32,32,8192,1.0,121.48960071300002,0.26339702996962633,67.42963967222434,0.26339702996962633,67.42963967222434
3,i704-o256,4,disaggregated,83.94295168000001,100,,32,0,0,32,0,0.0,83.94642524300001,0.0,0.0,0.38119550543539515,97.58604939146116
3,i704-o256,4,disaggregated,83.94295168000001,250,,32,0,0,32,0,0.0,83.94642524300001,0.0,0.0,0.38119550543539515,97.58604939146116
3,i704-o256,4,disaggregated,83.94295168000001,500,,32,16,16,32,4096,0.5,83.94642524300001,0.19059775271769758,48.79302469573058,0.38119550543539515,97.58604939146116
3,i704-o256,4,disaggregated,83.94295168000001,1000,,32,22,22,32,5632,0.6875,83.94642524300001,0.26207190998683416,67.09040895662955,0.38119550543539515,97.58604939146116
3,i704-o256,4,disaggregated,83.94295168000001,2000,,32,22,22,32,5632,0.6875,83.94642524300001,0.26207190998683416,67.09040895662955,0.38119550543539515,97.58604939146116
3,i704-o256,4,disaggregated,83.94295168000001,5000,,32,22,22,32,5632,0.6875,83.94642524300001,0.26207190998683416,67.09040895662955,0.38119550543539515,97.58604939146116
3,i704-o256,4,disaggregated,83.94295168000001,10000,,32,32,32,32,8192,1.0,83.94642524300001,0.38119550543539515,97.58604939146116,0.38119550543539515,97.58604939146116
3,i704-o256,4,disaggregated,83.94295168000001,20000,,32,32,32,32,8192,1.0,83.94642524300001,0.38119550543539515,97.58604939146116,0.38119550543539515,97.58604939146116
3,i704-o256,8,disaggregated,83.89593036800001,100,,32,0,0,32,0,0.0,83.90623067300001,0.0,0.0,0.38137811391755444,97.63279716289394
3,i704-o256,8,disaggregated,83.89593036800001,250,,32,0,0,32,0,0.0,83.90623067300001,0.0,0.0,0.38137811391755444,97.63279716289394
3,i704-o256,8,disaggregated,83.89593036800001,500,,32,1,1,32,256,0.03125,83.90623067300001,0.011918066059923576,3.0510249113404355,0.38137811391755444,97.63279716289394
3,i704-o256,8,disaggregated,83.89593036800001,1000,,32,3,3,32,768,0.09375,83.90623067300001,0.03575419817977073,9.153074734021306,0.38137811391755444,97.63279716289394
3,i704-o256,8,disaggregated,83.89593036800001,2000,,32,3,3,32,768,0.09375,83.90623067300001,0.03575419817977073,9.153074734021306,0.38137811391755444,97.63279716289394
3,i704-o256,8,disaggregated,83.89593036800001,5000,,32,3,3,32,768,0.09375,83.90623067300001,0.03575419817977073,9.153074734021306,0.38137811391755444,97.63279716289394
3,i704-o256,8,disaggregated,83.89593036800001,10000,,32,14,14,32,3584,0.4375,83.90623067300001,0.16685292483893008,42.7143487587661,0.38137811391755444,97.63279716289394
3,i704-o256,8,disaggregated,83.89593036800001,20000,,32,32,32,32,8192,1.0,83.90623067300001,0.38137811391755444,97.63279716289394,0.38137811391755444,97.63279716289394
3,i704-o64,1,disaggregated,64.970972672,100,,32,0,0,32,0,0.0,64.973392039,0.0,0.0,0.49250930258946823,31.520595365725967
3,i704-o64,1,disaggregated,64.970972672,250,,32,0,0,32,0,0.0,64.973392039,0.0,0.0,0.49250930258946823,31.520595365725967
3,i704-o64,1,disaggregated,64.970972672,500,,32,32,32,32,2048,1.0,64.973392039,0.49250930258946823,31.520595365725967,0.49250930258946823,31.520595365725967
3,i704-o64,1,disaggregated,64.970972672,1000,,32,32,32,32,2048,1.0,64.973392039,0.49250930258946823,31.520595365725967,0.49250930258946823,31.520595365725967
3,i704-o64,1,disaggregated,64.970972672,2000,,32,32,32,32,2048,1.0,64.973392039,0.49250930258946823,31.520595365725967,0.49250930258946823,31.520595365725967
3,i704-o64,1,disaggregated,64.970972672,5000,,32,32,32,32,2048,1.0,64.973392039,0.49250930258946823,31.520595365725967,0.49250930258946823,31.520595365725967
3,i704-o64,1,disaggregated,64.970972672,10000,,32,32,32,32,2048,1.0,64.973392039,0.49250930258946823,31.520595365725967,0.49250930258946823,31.520595365725967
3,i704-o64,1,disaggregated,64.970972672,20000,,32,32,32,32,2048,1.0,64.973392039,0.49250930258946823,31.520595365725967,0.49250930258946823,31.520595365725967
3,i704-o64,2,disaggregated,32.924815616000004,100,,32,0,0,32,0,0.0,32.927548166,0.0,0.0,0.9718306336893386,62.19716055611767
3,i704-o64,2,disaggregated,32.924815616000004,250,,32,0,0,32,0,0.0,32.927548166,0.0,0.0,0.9718306336893386,62.19716055611767
3,i704-o64,2,disaggregated,32.924815616000004,500,,32,31,31,32,1984,0.96875,32.927548166,0.9414609263865468,60.25349928873899,0.9718306336893386,62.19716055611767
3,i704-o64,2,disaggregated,32.924815616000004,1000,,32,32,32,32,2048,1.0,32.927548166,0.9718306336893386,62.19716055611767,0.9718306336893386,62.19716055611767
3,i704-o64,2,disaggregated,32.924815616000004,2000,,32,32,32,32,2048,1.0,32.927548166,0.9718306336893386,62.19716055611767,0.9718306336893386,62.19716055611767
3,i704-o64,2,disaggregated,32.924815616000004,5000,,32,32,32,32,2048,1.0,32.927548166,0.9718306336893386,62.19716055611767,0.9718306336893386,62.19716055611767
3,i704-o64,2,disaggregated,32.924815616000004,10000,,32,32,32,32,2048,1.0,32.927548166,0.9718306336893386,62.19716055611767,0.9718306336893386,62.19716055611767
3,i704-o64,2,disaggregated,32.924815616000004,20000,,32,32,32,32,2048,1.0,32.927548166,0.9718306336893386,62.19716055611767,0.9718306336893386,62.19716055611767
3,i704-o64,4,disaggregated,21.614544128000002,100,,32,0,0,32,0,0.0,21.618891063000003,0.0,0.0,1.4801869303447721,94.73196354206542
3,i704-o64,4,disaggregated,21.614544128000002,250,,32,0,0,32,0,0.0,21.618891063000003,0.0,0.0,1.4801869303447721,94.73196354206542
3,i704-o64,4,disaggregated,21.614544128000002,500,,32,20,20,32,1280,0.625,21.618891063000003,0.9251168314654825,59.20747721379088,1.4801869303447721,94.73196354206542
3,i704-o64,4,disaggregated,21.614544128000002,1000,,32,22,22,32,1408,0.6875,21.618891063000003,1.0176285146120307,65.12822493516997,1.4801869303447721,94.73196354206542
3,i704-o64,4,disaggregated,21.614544128000002,2000,,32,31,31,32,1984,0.96875,21.618891063000003,1.433931088771498,91.77158968137587,1.4801869303447721,94.73196354206542
3,i704-o64,4,disaggregated,21.614544128000002,5000,,32,32,32,32,2048,1.0,21.618891063000003,1.4801869303447721,94.73196354206542,1.4801869303447721,94.73196354206542
3,i704-o64,4,disaggregated,21.614544128000002,10000,,32,32,32,32,2048,1.0,21.618891063000003,1.4801869303447721,94.73196354206542,1.4801869303447721,94.73196354206542
3,i704-o64,4,disaggregated,21.614544128000002,20000,,32,32,32,32,2048,1.0,21.618891063000003,1.4801869303447721,94.73196354206542,1.4801869303447721,94.73196354206542
3,i704-o64,8,disaggregated,21.541842944000003,100,,32,0,0,32,0,0.0,21.552046914,0.0,0.0,1.4847777627661487,95.02577681703352
3,i704-o64,8,disaggregated,21.541842944000003,250,,32,0,0,32,0,0.0,21.552046914,0.0,0.0,1.4847777627661487,95.02577681703352
3,i704-o64,8,disaggregated,21.541842944000003,500,,32,1,1,32,64,0.03125,21.552046914,0.04639930508644215,2.9695555255322974,1.4847777627661487,95.02577681703352
3,i704-o64,8,disaggregated,21.541842944000003,1000,,32,3,3,32,192,0.09375,21.552046914,0.13919791525932643,8.908666576596891,1.4847777627661487,95.02577681703352
3,i704-o64,8,disaggregated,21.541842944000003,2000,,32,3,3,32,192,0.09375,21.552046914,0.13919791525932643,8.908666576596891,1.4847777627661487,95.02577681703352
3,i704-o64,8,disaggregated,21.541842944000003,5000,,32,32,32,32,2048,1.0,21.552046914,1.4847777627661487,95.02577681703352,1.4847777627661487,95.02577681703352
3,i704-o64,8,disaggregated,21.541842944000003,10000,,32,32,32,32,2048,1.0,21.552046914,1.4847777627661487,95.02577681703352,1.4847777627661487,95.02577681703352
3,i704-o64,8,disaggregated,21.541842944000003,20000,,32,32,32,32,2048,1.0,21.552046914,1.4847777627661487,95.02577681703352,1.4847777627661487,95.02577681703352
3,mixed,1,disaggregated,141.218682624,100,,32,11,11,32,2816,0.34375,141.22167070700002,0.07789172826614037,19.940282436131934,0.22659411859240833,34.21571190745366
3,mixed,1,disaggregated,141.218682624,250,,32,18,18,32,4608,0.5625,141.22167070700002,0.1274591917082297,32.6295530773068,0.22659411859240833,34.21571190745366
3,mixed,1,disaggregated,141.218682624,500,,32,32,32,32,4832,1.0,141.22167070700002,0.22659411859240833,34.21571190745366,0.22659411859240833,34.21571190745366
3,mixed,1,disaggregated,141.218682624,1000,,32,32,32,32,4832,1.0,141.22167070700002,0.22659411859240833,34.21571190745366,0.22659411859240833,34.21571190745366
3,mixed,1,disaggregated,141.218682624,2000,,32,32,32,32,4832,1.0,141.22167070700002,0.22659411859240833,34.21571190745366,0.22659411859240833,34.21571190745366
3,mixed,1,disaggregated,141.218682624,5000,,32,32,32,32,4832,1.0,141.22167070700002,0.22659411859240833,34.21571190745366,0.22659411859240833,34.21571190745366
3,mixed,1,disaggregated,141.218682624,10000,,32,32,32,32,4832,1.0,141.22167070700002,0.22659411859240833,34.21571190745366,0.22659411859240833,34.21571190745366
3,mixed,1,disaggregated,141.218682624,20000,,32,32,32,32,4832,1.0,141.22167070700002,0.22659411859240833,34.21571190745366,0.22659411859240833,34.21571190745366
3,mixed,2,disaggregated,82.648805376,100,,32,11,11,32,2816,0.34375,82.652031475,0.1330880778571934,34.07054793144151,0.38716531740274446,58.46196292781441
3,mixed,2,disaggregated,82.648805376,250,,32,16,16,32,4096,0.5,82.652031475,0.19358265870137223,49.55716062755129,0.38716531740274446,58.46196292781441
3,mixed,2,disaggregated,82.648805376,500,,32,29,29,32,4304,0.90625,82.652031475,0.35086856889623713,52.073735190669126,0.38716531740274446,58.46196292781441
3,mixed,2,disaggregated,82.648805376,1000,,32,29,29,32,4304,0.90625,82.652031475,0.35086856889623713,52.073735190669126,0.38716531740274446,58.46196292781441
3,mixed,2,disaggregated,82.648805376,2000,,32,29,29,32,4304,0.90625,82.652031475,0.35086856889623713,52.073735190669126,0.38716531740274446,58.46196292781441
3,mixed,2,disaggregated,82.648805376,5000,,32,29,29,32,4304,0.90625,82.652031475,0.35086856889623713,52.073735190669126,0.38716531740274446,58.46196292781441
3,mixed,2,disaggregated,82.648805376,10000,,32,32,32,32,4832,1.0,82.652031475,0.38716531740274446,58.46196292781441,0.38716531740274446,58.46196292781441
3,mixed,2,disaggregated,82.648805376,20000,,32,32,32,32,4832,1.0,82.652031475,0.38716531740274446,58.46196292781441,0.38716531740274446,58.46196292781441
3,mixed,4,disaggregated,54.28855808,100,,32,6,6,32,1536,0.1875,54.29106632800001,0.11051542004629163,28.291947531850656,0.589415573580222,89.00175161061352
3,mixed,4,disaggregated,54.28855808,250,,32,12,12,32,3072,0.375,54.29106632800001,0.22103084009258325,56.58389506370131,0.589415573580222,89.00175161061352
3,mixed,4,disaggregated,54.28855808,500,,32,20,20,32,3440,0.625,54.29106632800001,0.3683847334876387,63.36217415987387,0.589415573580222,89.00175161061352
3,mixed,4,disaggregated,54.28855808,1000,,32,22,22,32,3472,0.6875,54.29106632800001,0.4052232068364026,63.951589733454085,0.589415573580222,89.00175161061352
3,mixed,4,disaggregated,54.28855808,2000,,32,23,23,32,3728,0.71875,54.29106632800001,0.42364244351078456,68.66691432209586,0.589415573580222,89.00175161061352
3,mixed,4,disaggregated,54.28855808,5000,,32,23,23,32,3728,0.71875,54.29106632800001,0.42364244351078456,68.66691432209586,0.589415573580222,89.00175161061352
3,mixed,4,disaggregated,54.28855808,10000,,32,31,31,32,4576,0.96875,54.29106632800001,0.5709963369058401,84.28642702197175,0.589415573580222,89.00175161061352
3,mixed,4,disaggregated,54.28855808,20000,,32,32,32,32,4832,1.0,54.29106632800001,0.589415573580222,89.00175161061352,0.589415573580222,89.00175161061352
3,mixed,8,disaggregated,54.974148352,100,,32,1,1,32,256,0.03125,54.97677344,0.018189499627353903,4.656511904602599,0.5820639880753249,87.89166219937405
3,mixed,8,disaggregated,54.974148352,250,,32,3,3,32,768,0.09375,54.97677344,0.05456849888206171,13.969535713807797,0.5820639880753249,87.89166219937405
3,mixed,8,disaggregated,54.974148352,500,,32,6,6,32,1056,0.1875,54.97677344,0.10913699776412342,19.208111606485723,0.5820639880753249,87.89166219937405
3,mixed,8,disaggregated,54.974148352,1000,,32,12,12,32,2112,0.375,54.97677344,0.21827399552824683,38.416223212971445,0.5820639880753249,87.89166219937405
3,mixed,8,disaggregated,54.974148352,2000,,32,13,13,32,2368,0.40625,54.97677344,0.23646349515560075,43.07273511757404,0.5820639880753249,87.89166219937405
3,mixed,8,disaggregated,54.974148352,5000,,32,13,13,32,2368,0.40625,54.97677344,0.23646349515560075,43.07273511757404,0.5820639880753249,87.89166219937405
3,mixed,8,disaggregated,54.974148352,10000,,32,24,24,32,3744,0.75,54.97677344,0.43654799105649367,68.10148660481302,0.5820639880753249,87.89166219937405
3,mixed,8,disaggregated,54.974148352,20000,,32,30,30,32,4560,0.9375,54.97677344,0.5456849888206171,82.94411830073379,0.5820639880753249,87.89166219937405
