ttft_slo_ms,tpot_slo_ms,workload,concurrency,mode,repetitions,requests,good_requests,ttft_pass,tpot_pass,min_repetition_attainment,attainment,request_goodput,request_goodput_std,token_goodput,token_goodput_std,request_throughput,request_throughput_std,token_throughput,token_throughput_std
100,,i256-o16,1,aggregated,3,96,54,54,96,0.5625,0.5625,1.1788554510929379,0.005208988191891215,18.861687217487006,0.08334381107025944,2.095743024165223,0.00926042345225116,33.531888386643566,0.14816677523601857
100,,i256-o16,1,disaggregated,3,96,0,0,96,0.0,0.0,0.0,0.0,0.0,0.0,1.8779790777557706,0.03930303639384769,30.04766524409233,0.628848582301563
100,,i256-o16,2,aggregated,3,96,54,54,96,0.5625,0.5625,2.318120434474049,0.012768874493001622,37.089926951584786,0.20430199188802595,4.121102994620531,0.02270022132089188,65.9376479139285,0.36320354113427006
100,,i256-o16,2,disaggregated,3,96,0,0,96,0.0,0.0,0.0,0.0,0.0,0.0,3.7332473317280837,0.05683451735659063,59.73195730764934,0.9093522777054501
100,,i256-o16,4,aggregated,3,96,51,51,96,0.46875,0.53125,4.0134842850954815,0.46043440963735044,64.2157485615277,7.366950554197607,7.549238361982489,0.19520763464891508,120.78781379171983,3.1233221543826413
100,,i256-o16,4,disaggregated,3,96,0,0,96,0.0,0.0,0.0,0.0,0.0,0.0,5.810593578392465,0.13308093979812466,92.96949725427945,2.1292950367699945
100,,i256-o16,8,aggregated,3,96,4,4,96,0.03125,0.041666666666666664,0.31910524787356886,0.1336376427596561,5.105683965977102,2.1382022841544974,7.6864815158297635,0.0974544058928763,122.98370425327622,1.5592704942860207
100,,i256-o16,8,disaggregated,3,96,0,0,96,0.0,0.0,0.0,0.0,0.0,0.0,5.880239402270708,0.09013848278998511,94.08383043633133,1.4422157246397618
100,,i256-o256,1,aggregated,3,96,54,54,96,0.5625,0.5625,0.07575835526599604,0.0005494379316568934,19.394138948094987,0.1406561105041647,0.13468152047288184,0.0009767785451678136,34.47846924105775,0.2500553075629603
100,,i256-o256,1,disaggregated,3,96,0,0,96,0.0,0.0,0.0,0.0,0.0,0.0,0.1340783425654771,0.002039709424550647,34.32405569676214,0.5221656126849656
100,,i256-o256,2,aggregated,3,96,54,54,96,0.5625,0.5625,0.1508900901229459,0.000589161170501276,38.62786307147415,0.15082525964832666,0.2682490491074594,0.0010473976364467066,68.6717565715096,0.2681337949303569
100,,i256-o256,2,disaggregated,3,96,0,0,96,0.0,0.0,0.0,0.0,0.0,0.0,0.2669674524931047,0.004201077372182297,68.34366783823481,1.075475807278668
100,,i256-o256,4,aggregated,3,96,33,33,96,0.3125,0.34375,0.1725831916315627,0.014376599170842108,44.18129705768005,3.6804093877355797,0.5023034342476068,0.004622936634290753,128.58967916738735,1.1834717783784328
100,,i256-o256,4,disaggregated,3,96,0,0,96,0.0,0.0,0.0,0.0,0.0,0.0,0.3827854162958466,0.008871425275032901,97.99306657173673,2.2710848704084228
100,,i256-o256,8,aggregated,3,96,0,0,96,0.0,0.0,0.0,0.0,0.0,0.0,0.5027104281091086,0.005674246352636646,128.6938695959318,1.4526070662749815
100,,i256-o256,8,disaggregated,3,96,0,0,96,0.0,0.0,0.0,0.0,0.0,0.0,0.37997334334851557,0.006318956168215353,97.27317589721999,1.6176527790631303
100,,i256-o64,1,aggregated,3,96,54,54,96,0.5625,0.5625,0.30215983959114007,0.0022899856352697626,19.338229733832964,0.1465590806572648,0.5371730481620268,0.004071085573812895,34.37907508236972,0.2605494767240253
100,,i256-o64,1,disaggregated,3,96,0,0,96,0.0,0.0,0.0,0.0,0.0,0.0,0.521395680355397,0.007589752506458044,33.369323542745406,0.4857441604133148
100,,i256-o64,2,aggregated,3,96,54,54,96,0.5625,0.5625,0.6000874322475658,0.002682520268061968,38.40559566384421,0.17168129715596595,1.0668221017734503,0.004768924920999102,68.27661451350082,0.30521119494394255
100,,i256-o64,2,disaggregated,3,96,0,0,96,0.0,0.0,0.0,0.0,0.0,0.0,1.038939472508178,0.013320016656098803,66.49212624052339,0.8524810659903234
100,,i256-o64,4,aggregated,3,96,36,36,96,0.3125,0.375,0.7408248766903854,0.12236024187206651,47.41279210818467,7.831055479812257,1.975817126195673,0.0057593728230623115,126.45229607652307,0.36859986067598793
100,,i256-o64,4,disaggregated,3,96,0,0,96,0.0,0.0,0.0,0.0,0.0,0.0,1.5125377519478755,0.019817767080911906,96.80241612466403,1.268337093178362
100,,i256-o64,8,aggregated,3,96,2,2,96,0.0,0.020833333333333332,0.04134912311177178,0.03581048832126597,2.646343879153394,2.291871252561022,1.9922015938518371,0.015706642949864118,127.50090200651758,1.0052251487913035
100,,i256-o64,8,disaggregated,3,96,0,0,96,0.0,0.0,0.0,0.0,0.0,0.0,1.50892125619985,0.02171101314456493,96.5709603967904,1.3895048412521556
100,,i64-o16,1,aggregated,3,96,89,89,96,0.90625,0.9270833333333334,1.9662137340057086,0.046763858925856265,31.45941974409134,0.7482217428137002,2.120744658231485,0.010853245263595452,33.93191453170376,0.17365192421752723
100,,i64-o16,1,disaggregated,3,96,39,39,96,0.40625,0.40625,0.8351219309508923,0.011172462506523258,13.361950895214276,0.17875940010437213,2.0556847531098885,0.027501446169903385,32.890956049758216,0.44002313871845417
100,,i64-o16,2,aggregated,3,96,88,88,96,0.875,0.9166666666666666,3.8665121009052843,0.15836986021802973,61.86419361448455,2.5339177634884757,4.217835986081198,0.009471339556007987,67.48537577729917,0.1515414328961278
100,,i64-o16,2,disaggregated,3,96,36,36,96,0.34375,0.375,1.487088287205937,0.13119356528490772,23.793412595294992,2.0990970445585235,3.964687804867304,0.07208857292455283,63.435004877876864,1.1534171667928452
100,,i64-o16,4,aggregated,3,96,56,56,96,0.53125,0.5833333333333334,4.554096808376309,0.532538404674929,72.86554893402095,8.520614474798863,7.803976160478475,0.04170443942929311,124.8636185676556,0.6672710308686898
100,,i64-o16,4,disaggregated,3,96,6,6,96,0.03125,0.0625,0.36768674257974143,0.217153965021351,5.882987881275863,3.474463440341616,5.640218821154343,0.7724160768234212,90.24350113846948,12.358657229174739
100,,i64-o16,8,aggregated,3,96,8,8,96,0.0625,0.08333333333333333,0.6460550407172898,0.1438999952913246,10.336880651476637,2.3023999246611937,7.744913468815028,0.10533698778079977,123.91861550104045,1.6853918044927962
100,,i64-o16,8,disaggregated,3,96,3,3,96,0.03125,0.03125,0.18500900347215193,0.01082306095653533,2.960144055554431,0.1731689753045653,5.920288111108862,0.3463379506091306,94.72460977774179,5.541407209746089
100,,i64-o256,1,aggregated,3,96,68,68,96,0.6875,0.7083333333333334,0.0958163506270654,0.004386601741475314,24.52898576052874,1.1229700458176803,0.13529434025893733,0.0009768817592908968,34.635351106287956,0.2500817303784696
100,,i64-o256,1,disaggregated,3,96,39,39,96,0.40625,0.40625,0.05479056807188176,0.0008390111925640705,14.026385426401731,0.21478686529640204,0.13486909063847818,0.0020652583201577154,34.526487203450415,0.5287061299603751
100,,i64-o256,2,aggregated,3,96,87,87,96,0.875,0.90625,0.24394516545204445,0.008407101292345854,62.44996235572338,2.1522179308405387,0.26918178349348154,0.0006358395052080113,68.91053657433127,0.1627749133332509
100,,i64-o256,2,disaggregated,3,96,37,37,96,0.375,0.3854166666666667,0.1039719877630637,0.005624454854331982,26.616828867344307,1.4398604427089874,0.269717758183404,0.003832365232771815,69.04774609495142,0.9810854995895847
100,,i64-o256,4,aggregated,3,96,45,45,96,0.4375,0.46875,0.23510997801813752,0.025453063914733644,60.188154372643204,6.515984362171813,0.5018380722774222,0.004919935539386469,128.47054650302007,1.259503498082936
100,,i64-o256,4,disaggregated,3,96,8,8,96,0.03125,0.08333333333333333,0.03191997850034229,0.018406633352963456,8.171514496087626,4.712098138358645,0.3835581623173795,0.007726159588768941,98.19088955324915,1.977896854724849
100,,i64-o256,8,aggregated,3,96,6,6,96,0.03125,0.0625,0.03167848222647557,0.016135078091144624,8.109691449977745,4.130579991333024,0.5056166299895594,0.006544388469786255,129.4378572773272,1.6753634482652813
100,,i64-o256,8,disaggregated,3,96,3,3,96,0.03125,0.03125,0.012012924937705883,0.000301405280504673,3.075308784052706,0.07715975180919629,0.38441359800658825,0.009644968976149536,98.40988108968659,2.4691120578942813
100,,i64-o64,1,aggregated,3,96,90,90,96,0.9375,0.9375,0.5069597223030042,0.005374562978844481,32.44542222739227,0.3439720306460468,0.5407570371232046,0.0057328671774340735,34.60845037588509,0.3669034993557807
100,,i64-o64,1,disaggregated,3,96,39,39,96,0.40625,0.40625,0.21643793515782,0.0034749921394990457,13.85202785010048,0.22239949692793892,0.5327703019269415,0.008553826804920702,34.09729932332426,0.5474449155149249
100,,i64-o64,2,aggregated,3,96,86,86,96,0.84375,0.8958333333333334,0.9641420004481229,0.05555600768440052,61.70508802867987,3.5555844918016333,1.0760819012459542,0.004883848551188994,68.86924167974107,0.31256630727609563
100,,i64-o64,2,disaggregated,3,96,37,37,96,0.375,0.3854166666666667,0.4091373450450116,0.013481465806600212,26.184790082880742,0.8628138116224136,1.0619980915836817,0.014895657079479771,67.96787786135563,0.9533220530867054
100,,i64-o64,4,aggregated,3,96,53,53,96,0.5,0.5520833333333334,1.105445788550687,0.10501667081075214,70.74853046724397,6.721066931888137,2.0013958188843204,0.023549000906719728,128.0893324085965,1.5071360580300626
100,,i64-o64,4,disaggregated,3,96,7,7,96,0.03125,0.07291666666666667,0.11338802831917899,0.057500373766197495,7.256833812427455,3.6800239210366397,1.543640202039512,0.034548528578471245,98.79297293052876,2.2111058290221597
100,,i64-o64,8,aggregated,3,96,9,9,96,0.09375,0.09375,0.18993381829799758,0.002395280857921598,12.155764371071845,0.15329797490698227,2.0259607285119743,0.025549662484497044,129.66148662476635,1.6351783990078108
100,,i64-o64,8,disaggregated,3,96,3,3,96,0.03125,0.03125,0.04798389118725874,0.0011984869696405505,3.070969035984559,0.07670316605699523,1.5354845179922796,0.038351583028497616,98.2710091515059,2.4545013138238474
100,,i704-o16,1,aggregated,3,96,0,0,96,0.0,0.0,0.0,0.0,0.0,0.0,1.7675390160318332,0.015710485856984677,28.28062425650933,0.25136777371175484
100,,i704-o16,1,disaggregated,3,96,0,0,96,0.0,0.0,0.0,0.0,0.0,0.0,1.5068743964037539,0.015042369053473831,24.109990342460062,0.2406779048555813
100,,i704-o16,2,aggregated,3,96,0,0,96,0.0,0.0,0.0,0.0,0.0,0.0,3.4231353134510694,0.020904963219625067,54.77016501521711,0.33447941151400107
100,,i704-o16,2,disaggregated,3,96,0,0,96,0.0,0.0,0.0,0.0,0.0,0.0,2.9038899371858675,0.025379549177124205,46.46223899497388,0.4060727868339873
100,,i704-o16,4,aggregated,3,96,0,0,96,0.0,0.0,0.0,0.0,0.0,0.0,6.13705847899473,0.026451181948233923,98.19293566391568,0.42321891117174276
100,,i704-o16,4,disaggregated,3,96,0,0,96,0.0,0.0,0.0,0.0,0.0,0.0,4.807706438515174,0.1250408454339715,76.92330301624278,2.000653526943544
100,,i704-o16,8,aggregated,3,96,0,0,96,0.0,0.0,0.0,0.0,0.0,0.0,6.26901513982759,0.05323281135010287,100.30424223724144,0.8517249816016459
100,,i704-o16,8,disaggregated,3,96,0,0,96,0.0,0.0,0.0,0.0,0.0,0.0,5.194695140033942,0.1180547323063891,83.11512224054307,1.8888757169022257
100,,i704-o256,1,aggregated,3,96,0,0,96,0.0,0.0,0.0,0.0,0.0,0.0,0.13315973441342704,0.0012079164472832916,34.08889200983732,0.30922661050452266
100,,i704-o256,1,disaggregated,3,96,0,0,96,0.0,0.0,0.0,0.0,0.0,0.0,0.13193384669232183,0.002131816651440936,33.77506475323439,0.5457450627688796
100,,i704-o256,2,aggregated,3,96,0,0,96,0.0,0.0,0.0,0.0,0.0,0.0,0.26410580486760143,0.001362346291233675,67.61108604610597,0.3487606505558208
100,,i704-o256,2,disaggregated,3,96,0,0,96,0.0,0.0,0.0,0.0,0.0,0.0,0.26134501584656855,0.0037909228940693155,66.90432405672155,0.9704762608817448
100,,i704-o256,4,aggregated,3,96,0,0,96,0.0,0.0,0.0,0.0,0.0,0.0,0.49510610991416354,0.006680299480468798,126.74716413802587,1.7101566670000123
100,,i704-o256,4,disaggregated,3,96,0,0,96,0.0,0.0,0.0,0.0,0.0,0.0,0.3779514943446062,0.007244794533137345,96.75558255221918,1.8546674004831603
100,,i704-o256,8,aggregated,3,96,0,0,96,0.0,0.0,0.0,0.0,0.0,0.0,0.49630706390823565,0.006032745851796616,127.05460836050833,1.5443829380599337
100,,i704-o256,8,disaggregated,3,96,0,0,96,0.0,0.0,0.0,0.0,0.0,0.0,0.3762571932752105,0.006835298015528307,96.32184147845389,1.7498362919752466
100,,i704-o64,1,aggregated,3,96,0,0,96,0.0,0.0,0.0,0.0,0.0,0.0,0.5129146812802884,0.0037243163276673703,32.82653960193846,0.2383562449707117
100,,i704-o64,1,disaggregated,3,96,0,0,96,0.0,0.0,0.0,0.0,0.0,0.0,0.4876659180427332,0.007876828035810949,31.210618754734924,0.5041169942919007
100,,i704-o64,2,aggregated,3,96,0,0,96,0.0,0.0,0.0,0.0,0.0,0.0,1.0153539462500099,0.005588110358331045,64.98265256000063,0.35763906293318687
100,,i704-o64,2,disaggregated,3,96,0,0,96,0.0,0.0,0.0,0.0,0.0,0.0,0.9621512714349714,0.015229829721129363,61.57768137183817,0.9747091021522792
100,,i704-o64,4,aggregated,3,96,0,0,96,0.0,0.0,0.0,0.0,0.0,0.0,1.8599615857959877,0.00974979465902817,119.03754149094321,0.6239868581778029
100,,i704-o64,4,disaggregated,3,96,0,0,96,0.0,0.0,0.0,0.0,0.0,0.0,1.4630005116005735,0.027717615942049825,93.6320327424367,1.7739274202911888
100,,i704-o64,8,aggregated,3,96,0,0,96,0.0,0.0,0.0,0.0,0.0,0.0,1.8899157972095058,0.008830952057150027,120.95461102140837,0.5651809316576017
100,,i704-o64,8,disaggregated,3,96,0,0,96,0.0,0.0,0.0,0.0,0.0,0.0,1.4696514602957602,0.02710767303287764,94.05769345892865,1.734891074104169
100,,mixed,1,aggregated,3,96,47,47,96,0.46875,0.4895833333333333,0.11075237552685623,0.00476472655748043,28.352608134875194,1.2197699987149901,0.2261834766108772,0.00161737723607549,34.15370496824246,0.24422396264740048
100,,mixed,1,disaggregated,3,96,33,33,96,0.34375,0.34375,0.0771517256692475,0.0011495320144223754,19.75084177132736,0.2942801956921281,0.22444138376508363,0.0033440931328650994,33.89064894852763,0.5049580630626318
100,,mixed,2,aggregated,3,96,50,50,96,0.5,0.5208333333333334,0.233000645799937,0.009563999798618801,59.648165324783875,2.448383948446413,0.44730072718407815,0.004167870441603936,67.54240980479581,0.6293484366821898
100,,mixed,2,disaggregated,3,96,32,32,96,0.3125,0.3333333333333333,0.12891647207334084,0.006251067844100304,33.002616850775254,1.600273368089678,0.38683378874800795,0.0028800321584030067,58.4119021009492,0.4348848559188518
100,,mixed,4,aggregated,3,96,29,29,96,0.25,0.3020833333333333,0.20217923030881566,0.03233750898682066,51.75788295905681,8.27840230062609,0.6691043364925959,0.007554465552609897,101.034754810382,1.1407242984440988
100,,mixed,4,disaggregated,3,96,18,18,96,0.15625,0.1875,0.10875410846842065,0.015152604126168827,27.841051767915687,3.8790666562992198,0.581791526784986,0.017240912705006384,87.85052054453288,2.603377818455967
100,,mixed,8,aggregated,3,96,13,13,96,0.09375,0.13541666666666666,0.09670905913268601,0.029563777494274763,24.75751913796762,7.568327038534339,0.7098480381050456,0.05799319648479546,107.18705375386189,8.75697266920412
100,,mixed,8,disaggregated,3,96,3,3,96,0.03125,0.03125,0.01851797505532701,0.0003385759395086706,4.740601614163714,0.08667544051421967,0.5925752017704643,0.01083443006427746,89.4788554673401,1.6359989397058987
250,,i256-o16,1,aggregated,3,96,96,96,96,1.0,1.0,2.095743024165223,0.00926042345225116,33.531888386643566,0.14816677523601857,2.095743024165223,0.00926042345225116,33.531888386643566,0.14816677523601857
250,,i256-o16,1,disaggregated,3,96,96,96,96,1.0,1.0,1.8779790777557706,0.03930303639384769,30.04766524409233,0.628848582301563,1.8779790777557706,0.03930303639384769,30.04766524409233,0.628848582301563
250,,i256-o16,2,aggregated,3,96,96,96,96,1.0,1.0,4.121102994620531,0.02270022132089188,65.9376479139285,0.36320354113427006,4.121102994620531,0.02270022132089188,65.9376479139285,0.36320354113427006
250,,i256-o16,2,disaggregated,3,96,96,96,96,1.0,1.0,3.7332473317280837,0.05683451735659063,59.73195730764934,0.9093522777054501,3.7332473317280837,0.05683451735659063,59.73195730764934,0.9093522777054501
250,,i256-o16,4,aggregated,3,96,96,96,96,1.0,1.0,7.549238361982489,0.19520763464891508,120.78781379171983,3.1233221543826413,7.549238361982489,0.19520763464891508,120.78781379171983,3.1233221543826413
250,,i256-o16,4,disaggregated,3,96,63,63,96,0.65625,0.65625,3.8132020358200553,0.0873343667425195,61.011232573120886,1.397349867880312,5.810593578392465,0.13308093979812466,92.96949725427945,2.1292950367699945
250,,i256-o16,8,aggregated,3,96,12,12,96,0.125,0.125,0.9608101894787204,0.012181800736609537,15.372963031659527,0.1949088117857526,7.6864815158297635,0.0974544058928763,122.98370425327622,1.5592704942860207
250,,i256-o16,8,disaggregated,3,96,7,7,96,0.0625,0.07291666666666667,0.4292505946402436,0.109555858040036,6.868009514243898,1.752893728640576,5.880239402270708,0.09013848278998511,94.08383043633133,1.4422157246397618
250,,i256-o256,1,aggregated,3,96,96,96,96,1.0,1.0,0.13468152047288184,0.0009767785451678136,34.47846924105775,0.2500553075629603,0.13468152047288184,0.0009767785451678136,34.47846924105775,0.2500553075629603
250,,i256-o256,1,disaggregated,3,96,95,95,96,0.96875,0.9895833333333334,0.13270622323955966,0.004416119099538547,33.97279314932727,1.130526489481868,0.1340783425654771,0.002039709424550647,34.32405569676214,0.5221656126849656
250,,i256-o256,2,aggregated,3,96,96,96,96,1.0,1.0,0.2682490491074594,0.0010473976364467066,68.6717565715096,0.2681337949303569,0.2682490491074594,0.0010473976364467066,68.6717565715096,0.2681337949303569
250,,i256-o256,2,disaggregated,3,96,96,96,96,1.0,1.0,0.2669674524931047,0.004201077372182297,68.34366783823481,1.075475807278668,0.2669674524931047,0.004201077372182297,68.34366783823481,1.075475807278668
250,,i256-o256,4,aggregated,3,96,86,86,96,0.8125,0.8958333333333334,0.4501753967467378,0.042981112512425416,115.24490156716487,11.003164803180907,0.5023034342476068,0.004622936634290753,128.58967916738735,1.1834717783784328
250,,i256-o256,4,disaggregated,3,96,45,45,96,0.375,0.46875,0.17956739793682766,0.044644106523922845,45.96925387182788,11.428891270124248,0.3827854162958466,0.008871425275032901,97.99306657173673,2.2710848704084228
250,,i256-o256,8,aggregated,3,96,12,12,96,0.125,0.125,0.06283880351363857,0.0007092807940795808,16.086733699491475,0.18157588328437269,0.5027104281091086,0.005674246352636646,128.6938695959318,1.4526070662749815
250,,i256-o256,8,disaggregated,3,96,6,6,96,0.0625,0.0625,0.023748333959282223,0.00039493476051345955,6.079573493576249,0.10110329869144564,0.37997334334851557,0.006318956168215353,97.27317589721999,1.6176527790631303
250,,i256-o64,1,aggregated,3,96,96,96,96,1.0,1.0,0.5371730481620268,0.004071085573812895,34.37907508236972,0.2605494767240253,0.5371730481620268,0.004071085573812895,34.37907508236972,0.2605494767240253
250,,i256-o64,1,disaggregated,3,96,95,95,96,0.96875,0.9895833333333334,0.5160544341332015,0.01678013031140404,33.0274837845249,1.0739283399298585,0.521395680355397,0.007589752506458044,33.369323542745406,0.4857441604133148
250,,i256-o64,2,aggregated,3,96,96,96,96,1.0,1.0,1.0668221017734503,0.004768924920999102,68.27661451350082,0.30521119494394255,1.0668221017734503,0.004768924920999102,68.27661451350082,0.30521119494394255
250,,i256-o64,2,disaggregated,3,96,96,96,96,1.0,1.0,1.038939472508178,0.013320016656098803,66.49212624052339,0.8524810659903234,1.038939472508178,0.013320016656098803,66.49212624052339,0.8524810659903234
250,,i256-o64,4,aggregated,3,96,94,94,96,0.9375,0.9791666666666666,1.9345301250145897,0.06639985439423438,123.80992800093374,4.249590681231,1.975817126195673,0.0057593728230623115,126.45229607652307,0.36859986067598793
250,,i256-o64,4,disaggregated,3,96,50,50,96,0.4375,0.5208333333333334,0.7879643504686359,0.14723010780766121,50.4297184299927,9.422726899690318,1.5125377519478755,0.019817767080911906,96.80241612466403,1.268337093178362
250,,i256-o64,8,aggregated,3,96,12,12,96,0.125,0.125,0.24902519923147964,0.0019633303687330147,15.937612750814697,0.12565314359891294,1.9922015938518371,0.015706642949864118,127.50090200651758,1.0052251487913035
250,,i256-o64,8,disaggregated,3,96,6,6,96,0.0625,0.0625,0.09430757851249062,0.0013569383215353082,6.0356850247994,0.08684405257825972,1.50892125619985,0.02171101314456493,96.5709603967904,1.3895048412521556
250,,i64-o16,1,aggregated,3,96,96,96,96,1.0,1.0,2.120744658231485,0.010853245263595452,33.93191453170376,0.17365192421752723,2.120744658231485,0.010853245263595452,33.93191453170376,0.17365192421752723
250,,i64-o16,1,disaggregated,3,96,96,96,96,1.0,1.0,2.0556847531098885,0.027501446169903385,32.890956049758216,0.44002313871845417,2.0556847531098885,0.027501446169903385,32.890956049758216,0.44002313871845417
250,,i64-o16,2,aggregated,3,96,96,96,96,1.0,1.0,4.217835986081198,0.009471339556007987,67.48537577729917,0.1515414328961278,4.217835986081198,0.009471339556007987,67.48537577729917,0.1515414328961278
250,,i64-o16,2,disaggregated,3,96,96,96,96,1.0,1.0,3.964687804867304,0.07208857292455283,63.435004877876864,1.1534171667928452,3.964687804867304,0.07208857292455283,63.435004877876864,1.1534171667928452
250,,i64-o16,4,aggregated,3,96,96,96,96,1.0,1.0,7.803976160478475,0.04170443942929311,124.8636185676556,0.6672710308686898,7.803976160478475,0.04170443942929311,124.8636185676556,0.6672710308686898
250,,i64-o16,4,disaggregated,3,96,61,61,96,0.53125,0.6354166666666666,3.6295583332504884,0.9567256206110117,58.072933332007814,15.307609929776188,5.640218821154343,0.7724160768234212,90.24350113846948,12.358657229174739
250,,i64-o16,8,aggregated,3,96,12,12,96,0.125,0.125,0.9681141836018785,0.01316712347259997,15.489826937630056,0.21067397556159953,7.744913468815028,0.10533698778079977,123.91861550104045,1.6853918044927962
250,,i64-o16,8,disaggregated,3,96,8,8,96,0.0625,0.08333333333333333,0.4973972888466992,0.13154455010079313,7.958356621547187,2.10471280161269,5.920288111108862,0.3463379506091306,94.72460977774179,5.541407209746089
250,,i64-o256,1,aggregated,3,96,96,96,96,1.0,1.0,0.13529434025893733,0.0009768817592908968,34.635351106287956,0.2500817303784696,0.13529434025893733,0.0009768817592908968,34.635351106287956,0.2500817303784696
250,,i64-o256,1,disaggregated,3,96,96,96,96,1.0,1.0,0.13486909063847818,0.0020652583201577154,34.526487203450415,0.5287061299603751,0.13486909063847818,0.0020652583201577154,34.526487203450415,0.5287061299603751
250,,i64-o256,2,aggregated,3,96,96,96,96,1.0,1.0,0.26918178349348154,0.0006358395052080113,68.91053657433127,0.1627749133332509,0.26918178349348154,0.0006358395052080113,68.91053657433127,0.1627749133332509
250,,i64-o256,2,disaggregated,3,96,96,96,96,1.0,1.0,0.269717758183404,0.003832365232771815,69.04774609495142,0.9810854995895847,0.269717758183404,0.003832365232771815,69.04774609495142,0.9810854995895847
250,,i64-o256,4,aggregated,3,96,82,82,96,0.78125,0.8541666666666666,0.4285563753186653,0.03786516907232723,109.71043208157832,9.693483282515771,0.5018380722774222,0.004919935539386469,128.47054650302007,1.259503498082936
250,,i64-o256,4,disaggregated,3,96,47,47,96,0.40625,0.4895833333333333,0.18816406731625815,0.05768969566318328,48.170001232962086,14.76856208977492,0.3835581623173795,0.007726159588768941,98.19088955324915,1.977896854724849
250,,i64-o256,8,aggregated,3,96,12,12,96,0.125,0.125,0.06320207874869492,0.0008180485587232819,16.1797321596659,0.20942043103316016,0.5056166299895594,0.006544388469786255,129.4378572773272,1.6753634482652813
250,,i64-o256,8,disaggregated,3,96,9,9,96,0.09375,0.09375,0.036038774813117645,0.0009042158415140226,9.225926352158117,0.2314792554275898,0.38441359800658825,0.009644968976149536,98.40988108968659,2.4691120578942813
250,,i64-o64,1,aggregated,3,96,96,96,96,1.0,1.0,0.5407570371232046,0.0057328671774340735,34.60845037588509,0.3669034993557807,0.5407570371232046,0.0057328671774340735,34.60845037588509,0.3669034993557807
250,,i64-o64,1,disaggregated,3,96,96,96,96,1.0,1.0,0.5327703019269415,0.008553826804920702,34.09729932332426,0.5474449155149249,0.5327703019269415,0.008553826804920702,34.09729932332426,0.5474449155149249
250,,i64-o64,2,aggregated,3,96,96,96,96,1.0,1.0,1.0760819012459542,0.004883848551188994,68.86924167974107,0.31256630727609563,1.0760819012459542,0.004883848551188994,68.86924167974107,0.31256630727609563
250,,i64-o64,2,disaggregated,3,96,96,96,96,1.0,1.0,1.0619980915836817,0.014895657079479771,67.96787786135563,0.9533220530867054,1.0619980915836817,0.014895657079479771,67.96787786135563,0.9533220530867054
250,,i64-o64,4,aggregated,3,96,96,96,96,1.0,1.0,2.0013958188843204,0.023549000906719728,128.0893324085965,1.5071360580300626,2.0013958188843204,0.023549000906719728,128.0893324085965,1.5071360580300626
250,,i64-o64,4,disaggregated,3,96,65,65,96,0.65625,0.6770833333333334,1.0449578693999162,0.025815871744421976,66.87730364159464,1.6522157916430065,1.543640202039512,0.034548528578471245,98.79297293052876,2.2111058290221597
250,,i64-o64,8,aggregated,3,96,12,12,96,0.125,0.125,0.2532450910639968,0.0031937078105621305,16.207685828095794,0.20439729987597635,2.0259607285119743,0.025549662484497044,129.66148662476635,1.6351783990078108
250,,i64-o64,8,disaggregated,3,96,9,9,96,0.09375,0.09375,0.1439516735617762,0.0035954609089216493,9.212907107953678,0.23010949817098555,1.5354845179922796,0.038351583028497616,98.2710091515059,2.4545013138238474
250,,i704-o16,1,aggregated,3,96,86,86,96,0.8125,0.8958333333333334,1.5841683821901777,0.14085694408184074,25.346694115042844,2.253711105309452,1.7675390160318332,0.015710485856984677,28.28062425650933,0.25136777371175484
250,,i704-o16,1,disaggregated,3,96,0,0,96,0.0,0.0,0.0,0.0,0.0,0.0,1.5068743964037539,0.015042369053473831,24.109990342460062,0.2406779048555813
250,,i704-o16,2,aggregated,3,96,75,75,96,0.78125,0.78125,2.674324463633648,0.016332002515332227,42.789191418138365,0.2613120402453156,3.4231353134510694,0.020904963219625067,54.77016501521711,0.33447941151400107
250,,i704-o16,2,disaggregated,3,96,0,0,96,0.0,0.0,0.0,0.0,0.0,0.0,2.9038899371858675,0.025379549177124205,46.46223899497388,0.4060727868339873
250,,i704-o16,4,aggregated,3,96,68,68,96,0.6875,0.7083333333333334,4.346768188316309,0.09249410296831796,69.54829101306095,1.4799056474930874,6.13705847899473,0.026451181948233923,98.19293566391568,0.42321891117174276
250,,i704-o16,4,disaggregated,3,96,0,0,96,0.0,0.0,0.0,0.0,0.0,0.0,4.807706438515174,0.1250408454339715,76.92330301624278,2.000653526943544
250,,i704-o16,8,aggregated,3,96,6,6,96,0.0625,0.0625,0.39181344623922437,0.0033270507093814293,6.26901513982759,0.05323281135010287,6.26901513982759,0.05323281135010287,100.30424223724144,0.8517249816016459
250,,i704-o16,8,disaggregated,3,96,0,0,96,0.0,0.0,0.0,0.0,0.0,0.0,5.194695140033942,0.1180547323063891,83.11512224054307,1.8888757169022257
250,,i704-o256,1,aggregated,3,96,75,75,96,0.78125,0.78125,0.10403104251048989,0.0009436847244400703,26.631946882685412,0.241583289456658,0.13315973441342704,0.0012079164472832916,34.08889200983732,0.30922661050452266
250,,i704-o256,1,disaggregated,3,96,0,0,96,0.0,0.0,0.0,0.0,0.0,0.0,0.13193384669232183,0.002131816651440936,33.77506475323439,0.5457450627688796
250,,i704-o256,2,aggregated,3,96,76,76,96,0.78125,0.7916666666666666,0.2090836430966914,0.004874711741826079,53.525412632752996,1.2479262059074763,0.26410580486760143,0.001362346291233675,67.61108604610597,0.3487606505558208
250,,i704-o256,2,disaggregated,3,96,0,0,96,0.0,0.0,0.0,0.0,0.0,0.0,0.26134501584656855,0.0037909228940693155,66.90432405672155,0.9704762608817448
250,,i704-o256,4,aggregated,3,96,56,56,96,0.5625,0.5833333333333334,0.2888342673350565,0.010699503747802113,73.94157243777447,2.739072959437341,0.49510610991416354,0.006680299480468798,126.74716413802587,1.7101566670000123
250,,i704-o256,4,disaggregated,3,96,0,0,96,0.0,0.0,0.0,0.0,0.0,0.0,0.3779514943446062,0.007244794533137345,96.75558255221918,1.8546674004831603
250,,i704-o256,8,aggregated,3,96,4,4,96,0.03125,0.041666666666666664,0.020640212322117046,0.00878594851322568,5.283894354461964,2.2492028193857743,0.49630706390823565,0.006032745851796616,127.05460836050833,1.5443829380599337
250,,i704-o256,8,disaggregated,3,96,0,0,96,0.0,0.0,0.0,0.0,0.0,0.0,0.3762571932752105,0.006835298015528307,96.32184147845389,1.7498362919752466
250,,i704-o64,1,aggregated,3,96,81,81,96,0.78125,0.84375,0.432891756639959,0.030499512484875008,27.705072424957375,1.9519687990320005,0.5129146812802884,0.0037243163276673703,32.82653960193846,0.2383562449707117
250,,i704-o64,1,disaggregated,3,96,0,0,96,0.0,0.0,0.0,0.0,0.0,0.0,0.4876659180427332,0.007876828035810949,31.210618754734924,0.5041169942919007
250,,i704-o64,2,aggregated,3,96,78,78,96,0.78125,0.8125,0.8250914028276196,0.03627160542347225,52.805849780967655,2.321382747102224,1.0153539462500099,0.005588110358331045,64.98265256000063,0.35763906293318687
250,,i704-o64,2,disaggregated,3,96,0,0,96,0.0,0.0,0.0,0.0,0.0,0.0,0.9621512714349714,0.015229829721129363,61.57768137183817,0.9747091021522792
250,,i704-o64,4,aggregated,3,96,62,62,96,0.53125,0.6458333333333334,1.2017698681187066,0.19185545206093357,76.91327155959722,12.278748931899749,1.8599615857959877,0.00974979465902817,119.03754149094321,0.6239868581778029
250,,i704-o64,4,disaggregated,3,96,0,0,96,0.0,0.0,0.0,0.0,0.0,0.0,1.4630005116005735,0.027717615942049825,93.6320327424367,1.7739274202911888
250,,i704-o64,8,aggregated,3,96,8,8,96,0.0625,0.08333333333333333,0.15758372086886135,0.0346509726833936,10.085358135607127,2.2176622517371904,1.8899157972095058,0.008830952057150027,120.95461102140837,0.5651809316576017
250,,i704-o64,8,disaggregated,3,96,0,0,96,0.0,0.0,0.0,0.0,0.0,0.0,1.4696514602957602,0.02710767303287764,94.05769345892865,1.734891074104169
250,,mixed,1,aggregated,3,96,89,89,96,0.875,0.9270833333333334,0.20974133884504437,0.012254244745819712,33.89063076398913,0.41282472827865474,0.2261834766108772,0.00161737723607549,34.15370496824246,0.24422396264740048
250,,mixed,1,disaggregated,3,96,54,54,96,0.5625,0.5625,0.12624827836785954,0.0018810523872366221,32.31955926217204,0.48154941113257527,0.22444138376508363,0.0033440931328650994,33.89064894852763,0.5049580630626318
250,,mixed,2,aggregated,3,96,87,87,96,0.90625,0.90625,0.40536628401057084,0.0037771325877035754,66.87145871401968,0.6230966310197851,0.44730072718407815,0.004167870441603936,67.54240980479581,0.6293484366821898
250,,mixed,2,disaggregated,3,96,48,48,96,0.5,0.5,0.19341689437400397,0.0014400160792015033,49.51472495974502,0.36864411627558485,0.38683378874800795,0.0028800321584030067,58.4119021009492,0.4348848559188518
250,,mixed,4,aggregated,3,96,60,60,96,0.59375,0.625,0.41832927278914844,0.02525306043690359,82.00088121554965,6.204250021952343,0.6691043364925959,0.007554465552609897,101.034754810382,1.1407242984440988
250,,mixed,4,disaggregated,3,96,36,36,96,0.375,0.375,0.21817182254436976,0.0064653422643773835,55.85198657135866,1.6551276196806102,0.581791526784986,0.017240912705006384,87.85052054453288,2.603377818455967
250,,mixed,8,aggregated,3,96,21,21,96,0.1875,0.21875,0.15626577027496039,0.034139223478637695,36.384740523149304,6.486460574594193,0.7098480381050456,0.05799319648479546,107.18705375386189,8.75697266920412
250,,mixed,8,disaggregated,3,96,11,11,96,0.09375,0.11458333333333333,0.06800873367885674,0.011662732052670006,17.410235821787325,2.9856594054835215,0.5925752017704643,0.01083443006427746,89.4788554673401,1.6359989397058987
500,,i256-o16,1,aggregated,3,96,96,96,96,1.0,1.0,2.095743024165223,0.00926042345225116,33.531888386643566,0.14816677523601857,2.095743024165223,0.00926042345225116,33.531888386643566,0.14816677523601857
500,,i256-o16,1,disaggregated,3,96,96,96,96,1.0,1.0,1.8779790777557706,0.03930303639384769,30.04766524409233,0.628848582301563,1.8779790777557706,0.03930303639384769,30.04766524409233,0.628848582301563
500,,i256-o16,2,aggregated,3,96,96,96,96,1.0,1.0,4.121102994620531,0.02270022132089188,65.9376479139285,0.36320354113427006,4.121102994620531,0.02270022132089188,65.9376479139285,0.36320354113427006
500,,i256-o16,2,disaggregated,3,96,96,96,96,1.0,1.0,3.7332473317280837,0.05683451735659063,59.73195730764934,0.9093522777054501,3.7332473317280837,0.05683451735659063,59.73195730764934,0.9093522777054501
500,,i256-o16,4,aggregated,3,96,96,96,96,1.0,1.0,7.549238361982489,0.19520763464891508,120.78781379171983,3.1233221543826413,7.549238361982489,0.19520763464891508,120.78781379171983,3.1233221543826413
500,,i256-o16,4,disaggregated,3,96,93,93,96,0.96875,0.96875,5.6290125290677,0.12892216042943336,90.0642004650832,2.0627545668709337,5.810593578392465,0.13308093979812466,92.96949725427945,2.1292950367699945
500,,i256-o16,8,aggregated,3,96,15,15,96,0.125,0.15625,1.2012401893423033,0.24413734178155252,19.219843029476852,3.9061974685048404,7.6864815158297635,0.0974544058928763,122.98370425327622,1.5592704942860207
500,,i256-o16,8,disaggregated,3,96,9,9,96,0.09375,0.09375,0.5512724439628789,0.008450482761561112,8.820359103406062,0.13520772418497778,5.880239402270708,0.09013848278998511,94.08383043633133,1.4422157246397618
500,,i256-o256,1,aggregated,3,96,96,96,96,1.0,1.0,0.13468152047288184,0.0009767785451678136,34.47846924105775,0.2500553075629603,0.13468152047288184,0.0009767785451678136,34.47846924105775,0.2500553075629603
500,,i256-o256,1,disaggregated,3,96,96,96,96,1.0,1.0,0.1340783425654771,0.002039709424550647,34.32405569676214,0.5221656126849656,0.1340783425654771,0.002039709424550647,34.32405569676214,0.5221656126849656
500,,i256-o256,2,aggregated,3,96,96,96,96,1.0,1.0,0.2682490491074594,0.0010473976364467066,68.6717565715096,0.2681337949303569,0.2682490491074594,0.0010473976364467066,68.6717565715096,0.2681337949303569
500,,i256-o256,2,disaggregated,3,96,96,96,96,1.0,1.0,0.2669674524931047,0.004201077372182297,68.34366783823481,1.075475807278668,0.2669674524931047,0.004201077372182297,68.34366783823481,1.075475807278668
500,,i256-o256,4,aggregated,3,96,92,92,96,0.875,0.9583333333333334,0.481486160958566,0.038592399526862046,123.2604572053929,9.879654278876684,0.5023034342476068,0.004622936634290753,128.58967916738735,1.1834717783784328
500,,i256-o256,4,disaggregated,3,96,63,63,96,0.625,0.65625,0.2511962943674965,0.013255307137305154,64.30625135807911,3.3933586271501195,0.3827854162958466,0.008871425275032901,97.99306657173673,2.2710848704084228
500,,i256-o256,8,aggregated,3,96,12,12,96,0.125,0.125,0.06283880351363857,0.0007092807940795808,16.086733699491475,0.18157588328437269,0.5027104281091086,0.005674246352636646,128.6938695959318,1.4526070662749815
500,,i256-o256,8,disaggregated,3,96,9,9,96,0.09375,0.09375,0.035622500938923336,0.0005924021407701878,9.119360240364374,0.15165494803716809,0.37997334334851557,0.006318956168215353,97.27317589721999,1.6176527790631303
500,,i256-o64,1,aggregated,3,96,96,96,96,1.0,1.0,0.5371730481620268,0.004071085573812895,34.37907508236972,0.2605494767240253,0.5371730481620268,0.004071085573812895,34.37907508236972,0.2605494767240253
500,,i256-o64,1,disaggregated,3,96,96,96,96,1.0,1.0,0.521395680355397,0.007589752506458044,33.369323542745406,0.4857441604133148,0.521395680355397,0.007589752506458044,33.369323542745406,0.4857441604133148
500,,i256-o64,2,aggregated,3,96,96,96,96,1.0,1.0,1.0668221017734503,0.004768924920999102,68.27661451350082,0.30521119494394255,1.0668221017734503,0.004768924920999102,68.27661451350082,0.30521119494394255
500,,i256-o64,2,disaggregated,3,96,96,96,96,1.0,1.0,1.038939472508178,0.013320016656098803,66.49212624052339,0.8524810659903234,1.038939472508178,0.013320016656098803,66.49212624052339,0.8524810659903234
500,,i256-o64,4,aggregated,3,96,96,96,96,1.0,1.0,1.975817126195673,0.0057593728230623115,126.45229607652307,0.36859986067598793,1.975817126195673,0.0057593728230623115,126.45229607652307,0.36859986067598793
500,,i256-o64,4,disaggregated,3,96,65,65,96,0.65625,0.6770833333333334,1.0239860513669095,0.02323331330613978,65.5351072874822,1.4869320515929458,1.5125377519478755,0.019817767080911906,96.80241612466403,1.268337093178362
500,,i256-o64,8,aggregated,3,96,12,12,96,0.125,0.125,0.24902519923147964,0.0019633303687330147,15.937612750814697,0.12565314359891294,1.9922015938518371,0.015706642949864118,127.50090200651758,1.0052251487913035
500,,i256-o64,8,disaggregated,3,96,9,9,96,0.09375,0.09375,0.14146136776873594,0.0020354074823029657,9.0535275371991,0.1302660788673898,1.50892125619985,0.02171101314456493,96.5709603967904,1.3895048412521556
500,,i64-o16,1,aggregated,3,96,96,96,96,1.0,1.0,2.120744658231485,0.010853245263595452,33.93191453170376,0.17365192421752723,2.120744658231485,0.010853245263595452,33.93191453170376,0.17365192421752723
500,,i64-o16,1,disaggregated,3,96,96,96,96,1.0,1.0,2.0556847531098885,0.027501446169903385,32.890956049758216,0.44002313871845417,2.0556847531098885,0.027501446169903385,32.890956049758216,0.44002313871845417
500,,i64-o16,2,aggregated,3,96,96,96,96,1.0,1.0,4.217835986081198,0.009471339556007987,67.48537577729917,0.1515414328961278,4.217835986081198,0.009471339556007987,67.48537577729917,0.1515414328961278
500,,i64-o16,2,disaggregated,3,96,96,96,96,1.0,1.0,3.964687804867304,0.07208857292455283,63.435004877876864,1.1534171667928452,3.964687804867304,0.07208857292455283,63.435004877876864,1.1534171667928452
500,,i64-o16,4,aggregated,3,96,96,96,96,1.0,1.0,7.803976160478475,0.04170443942929311,124.8636185676556,0.6672710308686898,7.803976160478475,0.04170443942929311,124.8636185676556,0.6672710308686898
500,,i64-o16,4,disaggregated,3,96,89,89,96,0.84375,0.9270833333333334,5.265488297958772,1.0880602887272184,84.24781276734035,17.408964619635494,5.640218821154343,0.7724160768234212,90.24350113846948,12.358657229174739
500,,i64-o16,8,aggregated,3,96,20,20,96,0.1875,0.20833333333333334,1.6160574988386571,0.30360882431964237,25.856919981418514,4.857741189114278,7.744913468815028,0.10533698778079977,123.91861550104045,1.6853918044927962
500,,i64-o16,8,disaggregated,3,96,9,9,96,0.09375,0.09375,0.5550270104164559,0.03246918286960599,8.880432166663294,0.5195069259136958,5.920288111108862,0.3463379506091306,94.72460977774179,5.541407209746089
500,,i64-o256,1,aggregated,3,96,96,96,96,1.0,1.0,0.13529434025893733,0.0009768817592908968,34.635351106287956,0.2500817303784696,0.13529434025893733,0.0009768817592908968,34.635351106287956,0.2500817303784696
500,,i64-o256,1,disaggregated,3,96,96,96,96,1.0,1.0,0.13486909063847818,0.0020652583201577154,34.526487203450415,0.5287061299603751,0.13486909063847818,0.0020652583201577154,34.526487203450415,0.5287061299603751
500,,i64-o256,2,aggregated,3,96,96,96,96,1.0,1.0,0.26918178349348154,0.0006358395052080113,68.91053657433127,0.1627749133332509,0.26918178349348154,0.0006358395052080113,68.91053657433127,0.1627749133332509
500,,i64-o256,2,disaggregated,3,96,96,96,96,1.0,1.0,0.269717758183404,0.003832365232771815,69.04774609495142,0.9810854995895847,0.269717758183404,0.003832365232771815,69.04774609495142,0.9810854995895847
500,,i64-o256,4,aggregated,3,96,90,90,96,0.84375,0.9375,0.47049026719332454,0.04191811530413117,120.44550840149108,10.73103751785758,0.5018380722774222,0.004919935539386469,128.47054650302007,1.259503498082936
500,,i64-o256,4,disaggregated,3,96,59,59,96,0.5,0.6145833333333334,0.23554912775197095,0.037515977555288314,60.300576704504564,9.604090254153808,0.3835581623173795,0.007726159588768941,98.19088955324915,1.977896854724849
500,,i64-o256,8,aggregated,3,96,12,12,96,0.125,0.125,0.06320207874869492,0.0008180485587232819,16.1797321596659,0.20942043103316016,0.5056166299895594,0.006544388469786255,129.4378572773272,1.6753634482652813
500,,i64-o256,8,disaggregated,3,96,9,9,96,0.09375,0.09375,0.036038774813117645,0.0009042158415140226,9.225926352158117,0.2314792554275898,0.38441359800658825,0.009644968976149536,98.40988108968659,2.4691120578942813
500,,i64-o64,1,aggregated,3,96,96,96,96,1.0,1.0,0.5407570371232046,0.0057328671774340735,34.60845037588509,0.3669034993557807,0.5407570371232046,0.0057328671774340735,34.60845037588509,0.3669034993557807
500,,i64-o64,1,disaggregated,3,96,96,96,96,1.0,1.0,0.5327703019269415,0.008553826804920702,34.09729932332426,0.5474449155149249,0.5327703019269415,0.008553826804920702,34.09729932332426,0.5474449155149249
500,,i64-o64,2,aggregated,3,96,96,96,96,1.0,1.0,1.0760819012459542,0.004883848551188994,68.86924167974107,0.31256630727609563,1.0760819012459542,0.004883848551188994,68.86924167974107,0.31256630727609563
500,,i64-o64,2,disaggregated,3,96,96,96,96,1.0,1.0,1.0619980915836817,0.014895657079479771,67.96787786135563,0.9533220530867054,1.0619980915836817,0.014895657079479771,67.96787786135563,0.9533220530867054
500,,i64-o64,4,aggregated,3,96,96,96,96,1.0,1.0,2.0013958188843204,0.023549000906719728,128.0893324085965,1.5071360580300626,2.0013958188843204,0.023549000906719728,128.0893324085965,1.5071360580300626
500,,i64-o64,4,disaggregated,3,96,66,66,96,0.6875,0.6875,1.0612526389021646,0.02375211339769898,67.92016888973853,1.5201352574527347,1.543640202039512,0.034548528578471245,98.79297293052876,2.2111058290221597
500,,i64-o64,8,aggregated,3,96,12,12,96,0.125,0.125,0.2532450910639968,0.0031937078105621305,16.207685828095794,0.20439729987597635,2.0259607285119743,0.025549662484497044,129.66148662476635,1.6351783990078108
500,,i64-o64,8,disaggregated,3,96,9,9,96,0.09375,0.09375,0.1439516735617762,0.0035954609089216493,9.212907107953678,0.23010949817098555,1.5354845179922796,0.038351583028497616,98.2710091515059,2.4545013138238474
500,,i704-o16,1,aggregated,3,96,96,96,96,1.0,1.0,1.7675390160318332,0.015710485856984677,28.28062425650933,0.25136777371175484,1.7675390160318332,0.015710485856984677,28.28062425650933,0.25136777371175484
500,,i704-o16,1,disaggregated,3,96,96,96,96,1.0,1.0,1.5068743964037539,0.015042369053473831,24.109990342460062,0.2406779048555813,1.5068743964037539,0.015042369053473831,24.109990342460062,0.2406779048555813
500,,i704-o16,2,aggregated,3,96,96,96,96,1.0,1.0,3.4231353134510694,0.020904963219625067,54.77016501521711,0.33447941151400107,3.4231353134510694,0.020904963219625067,54.77016501521711,0.33447941151400107
500,,i704-o16,2,disaggregated,3,96,93,93,96,0.96875,0.96875,2.813143376648809,0.024586438265339027,45.01029402638095,0.39338301224542443,2.9038899371858675,0.025379549177124205,46.46223899497388,0.4060727868339873
500,,i704-o16,4,aggregated,3,96,96,96,96,1.0,1.0,6.13705847899473,0.026451181948233923,98.19293566391568,0.42321891117174276,6.13705847899473,0.026451181948233923,98.19293566391568,0.42321891117174276
500,,i704-o16,4,disaggregated,3,96,84,84,96,0.84375,0.875,4.209234706385791,0.2559664264926484,67.34775530217266,4.095462823882374,4.807706438515174,0.1250408454339715,76.92330301624278,2.000653526943544
500,,i704-o16,8,aggregated,3,96,12,12,96,0.125,0.125,0.7836268924784487,0.0066541014187628585,12.53803027965518,0.10646562270020574,6.26901513982759,0.05323281135010287,100.30424223724144,0.8517249816016459
500,,i704-o16,8,disaggregated,3,96,3,3,96,0.03125,0.03125,0.1623342231260607,0.0036892103845746595,2.597347570016971,0.05902736615319455,5.194695140033942,0.1180547323063891,83.11512224054307,1.8888757169022257
500,,i704-o256,1,aggregated,3,96,96,96,96,1.0,1.0,0.13315973441342704,0.0012079164472832916,34.08889200983732,0.30922661050452266,0.13315973441342704,0.0012079164472832916,34.08889200983732,0.30922661050452266
500,,i704-o256,1,disaggregated,3,96,96,96,96,1.0,1.0,0.13193384669232183,0.002131816651440936,33.77506475323439,0.5457450627688796,0.13193384669232183,0.002131816651440936,33.77506475323439,0.5457450627688796
500,,i704-o256,2,aggregated,3,96,96,96,96,1.0,1.0,0.26410580486760143,0.001362346291233675,67.61108604610597,0.3487606505558208,0.26410580486760143,0.001362346291233675,67.61108604610597,0.3487606505558208
500,,i704-o256,2,disaggregated,3,96,93,93,96,0.96875,0.96875,0.2531779841013633,0.0036724565536296536,64.813563929949,0.9401488777291913,0.26134501584656855,0.0037909228940693155,66.90432405672155,0.9704762608817448
500,,i704-o256,4,aggregated,3,96,91,91,96,0.875,0.9479166666666666,0.46933079259211097,0.032933411532388206,120.14868290358041,8.43095335229138,0.49510610991416354,0.006680299480468798,126.74716413802587,1.7101566670000123
500,,i704-o256,4,disaggregated,3,96,48,48,96,0.40625,0.5,0.1885583784529569,0.03199072998570461,48.270944883956965,8.18962687634038,0.3779514943446062,0.007244794533137345,96.75558255221918,1.8546674004831603
500,,i704-o256,8,aggregated,3,96,12,12,96,0.125,0.125,0.062038382988529456,0.000754093231474577,15.88182604506354,0.1930478672574917,0.49630706390823565,0.006032745851796616,127.05460836050833,1.5443829380599337
500,,i704-o256,8,disaggregated,3,96,3,3,96,0.03125,0.03125,0.011758037289850328,0.0002136030629852596,3.010057546201684,0.054682384124226456,0.3762571932752105,0.006835298015528307,96.32184147845389,1.7498362919752466
500,,i704-o64,1,aggregated,3,96,96,96,96,1.0,1.0,0.5129146812802884,0.0037243163276673703,32.82653960193846,0.2383562449707117,0.5129146812802884,0.0037243163276673703,32.82653960193846,0.2383562449707117
500,,i704-o64,1,disaggregated,3,96,96,96,96,1.0,1.0,0.4876659180427332,0.007876828035810949,31.210618754734924,0.5041169942919007,0.4876659180427332,0.007876828035810949,31.210618754734924,0.5041169942919007
500,,i704-o64,2,aggregated,3,96,96,96,96,1.0,1.0,1.0153539462500099,0.005588110358331045,64.98265256000063,0.35763906293318687,1.0153539462500099,0.005588110358331045,64.98265256000063,0.35763906293318687
500,,i704-o64,2,disaggregated,3,96,93,93,96,0.96875,0.96875,0.9320840442026286,0.014753897542344007,59.65337882896823,0.9442494427100164,0.9621512714349714,0.015229829721129363,61.57768137183817,0.9747091021522792
500,,i704-o64,4,aggregated,3,96,96,96,96,1.0,1.0,1.8599615857959877,0.00974979465902817,119.03754149094321,0.6239868581778029,1.8599615857959877,0.00974979465902817,119.03754149094321,0.6239868581778029
500,,i704-o64,4,disaggregated,3,96,56,56,96,0.5,0.5833333333333334,0.8528007489472946,0.09983456953715465,54.579247932626856,6.389412450377898,1.4630005116005735,0.027717615942049825,93.6320327424367,1.7739274202911888
500,,i704-o64,8,aggregated,3,96,12,12,96,0.125,0.125,0.23623947465118822,0.0011038690071437534,15.119326377676046,0.07064761645720022,1.8899157972095058,0.008830952057150027,120.95461102140837,0.5651809316576017
500,,i704-o64,8,disaggregated,3,96,3,3,96,0.03125,0.03125,0.04592660813424251,0.0008471147822774263,2.9393029205915204,0.05421534606575528,1.4696514602957602,0.02710767303287764,94.05769345892865,1.734891074104169
500,,mixed,1,aggregated,3,96,96,96,96,1.0,1.0,0.2261834766108772,0.00161737723607549,34.15370496824246,0.24422396264740048,0.2261834766108772,0.00161737723607549,34.15370496824246,0.24422396264740048
500,,mixed,1,disaggregated,3,96,96,96,96,1.0,1.0,0.22444138376508363,0.0033440931328650994,33.89064894852763,0.5049580630626318,0.22444138376508363,0.0033440931328650994,33.89064894852763,0.5049580630626318
500,,mixed,2,aggregated,3,96,96,96,96,1.0,1.0,0.44730072718407815,0.004167870441603936,67.54240980479581,0.6293484366821898,0.44730072718407815,0.004167870441603936,67.54240980479581,0.6293484366821898
500,,mixed,2,disaggregated,3,96,87,87,96,0.90625,0.90625,0.3505681210528822,0.002610029143552718,52.02914458660707,0.38736432530520276,0.38683378874800795,0.0028800321584030067,58.4119021009492,0.4348848559188518
500,,mixed,4,aggregated,3,96,78,78,96,0.78125,0.8125,0.5439196924880971,0.04258676207229816,92.35096919993589,3.9419406363595972,0.6691043364925959,0.007554465552609897,101.034754810382,1.1407242984440988
500,,mixed,4,disaggregated,3,96,59,59,96,0.5625,0.6145833333333334,0.3580967886193108,0.037861269441949376,61.049090057428394,4.69780308601231,0.581791526784986,0.017240912705006384,87.85052054453288,2.603377818455967
500,,mixed,8,aggregated,3,96,25,25,96,0.21875,0.2604166666666667,0.18653738181583843,0.04949479341120853,36.86908630780335,6.739512933662616,0.7098480381050456,0.05799319648479546,107.18705375386189,8.75697266920412
500,,mixed,8,disaggregated,3,96,17,17,96,0.15625,0.17708333333333334,0.10494164845994361,0.010970086339373434,19.456322428473026,0.4038403461222026,0.5925752017704643,0.01083443006427746,89.4788554673401,1.6359989397058987
1000,,i256-o16,1,aggregated,3,96,96,96,96,1.0,1.0,2.095743024165223,0.00926042345225116,33.531888386643566,0.14816677523601857,2.095743024165223,0.00926042345225116,33.531888386643566,0.14816677523601857
1000,,i256-o16,1,disaggregated,3,96,96,96,96,1.0,1.0,1.8779790777557706,0.03930303639384769,30.04766524409233,0.628848582301563,1.8779790777557706,0.03930303639384769,30.04766524409233,0.628848582301563
1000,,i256-o16,2,aggregated,3,96,96,96,96,1.0,1.0,4.121102994620531,0.02270022132089188,65.9376479139285,0.36320354113427006,4.121102994620531,0.02270022132089188,65.9376479139285,0.36320354113427006
1000,,i256-o16,2,disaggregated,3,96,96,96,96,1.0,1.0,3.7332473317280837,0.05683451735659063,59.73195730764934,0.9093522777054501,3.7332473317280837,0.05683451735659063,59.73195730764934,0.9093522777054501
1000,,i256-o16,4,aggregated,3,96,96,96,96,1.0,1.0,7.549238361982489,0.19520763464891508,120.78781379171983,3.1233221543826413,7.549238361982489,0.19520763464891508,120.78781379171983,3.1233221543826413
1000,,i256-o16,4,disaggregated,3,96,96,96,96,1.0,1.0,5.810593578392465,0.13308093979812466,92.96949725427945,2.1292950367699945,5.810593578392465,0.13308093979812466,92.96949725427945,2.1292950367699945
1000,,i256-o16,8,aggregated,3,96,96,96,96,1.0,1.0,7.6864815158297635,0.0974544058928763,122.98370425327622,1.5592704942860207,7.6864815158297635,0.0974544058928763,122.98370425327622,1.5592704942860207
1000,,i256-o16,8,disaggregated,3,96,77,77,96,0.59375,0.8020833333333334,4.727263341741105,1.1237249258190152,75.63621346785769,17.979598813104243,5.880239402270708,0.09013848278998511,94.08383043633133,1.4422157246397618
1000,,i256-o256,1,aggregated,3,96,96,96,96,1.0,1.0,0.13468152047288184,0.0009767785451678136,34.47846924105775,0.2500553075629603,0.13468152047288184,0.0009767785451678136,34.47846924105775,0.2500553075629603
1000,,i256-o256,1,disaggregated,3,96,96,96,96,1.0,1.0,0.1340783425654771,0.002039709424550647,34.32405569676214,0.5221656126849656,0.1340783425654771,0.002039709424550647,34.32405569676214,0.5221656126849656
1000,,i256-o256,2,aggregated,3,96,96,96,96,1.0,1.0,0.2682490491074594,0.0010473976364467066,68.6717565715096,0.2681337949303569,0.2682490491074594,0.0010473976364467066,68.6717565715096,0.2681337949303569
1000,,i256-o256,2,disaggregated,3,96,96,96,96,1.0,1.0,0.2669674524931047,0.004201077372182297,68.34366783823481,1.075475807278668,0.2669674524931047,0.004201077372182297,68.34366783823481,1.075475807278668
1000,,i256-o256,4,aggregated,3,96,96,96,96,1.0,1.0,0.5023034342476068,0.004622936634290753,128.58967916738735,1.1834717783784328,0.5023034342476068,0.004622936634290753,128.58967916738735,1.1834717783784328
1000,,i256-o256,4,disaggregated,3,96,66,66,96,0.6875,0.6875,0.26316497370339453,0.006099104876585117,67.370233268069,1.56137084840579,0.3827854162958466,0.008871425275032901,97.99306657173673,2.2710848704084228
1000,,i256-o256,8,aggregated,3,96,12,12,96,0.125,0.125,0.06283880351363857,0.0007092807940795808,16.086733699491475,0.18157588328437269,0.5027104281091086,0.005674246352636646,128.6938695959318,1.4526070662749815
1000,,i256-o256,8,disaggregated,3,96,9,9,96,0.09375,0.09375,0.035622500938923336,0.0005924021407701878,9.119360240364374,0.15165494803716809,0.37997334334851557,0.006318956168215353,97.27317589721999,1.6176527790631303
1000,,i256-o64,1,aggregated,3,96,96,96,96,1.0,1.0,0.5371730481620268,0.004071085573812895,34.37907508236972,0.2605494767240253,0.5371730481620268,0.004071085573812895,34.37907508236972,0.2605494767240253
1000,,i256-o64,1,disaggregated,3,96,96,96,96,1.0,1.0,0.521395680355397,0.007589752506458044,33.369323542745406,0.4857441604133148,0.521395680355397,0.007589752506458044,33.369323542745406,0.4857441604133148
1000,,i256-o64,2,aggregated,3,96,96,96,96,1.0,1.0,1.0668221017734503,0.004768924920999102,68.27661451350082,0.30521119494394255,1.0668221017734503,0.004768924920999102,68.27661451350082,0.30521119494394255
1000,,i256-o64,2,disaggregated,3,96,96,96,96,1.0,1.0,1.038939472508178,0.013320016656098803,66.49212624052339,0.8524810659903234,1.038939472508178,0.013320016656098803,66.49212624052339,0.8524810659903234
1000,,i256-o64,4,aggregated,3,96,96,96,96,1.0,1.0,1.975817126195673,0.0057593728230623115,126.45229607652307,0.36859986067598793,1.975817126195673,0.0057593728230623115,126.45229607652307,0.36859986067598793
1000,,i256-o64,4,disaggregated,3,96,66,66,96,0.6875,0.6875,1.0398697044641645,0.013624714868126948,66.55166108570653,0.8719817515601247,1.5125377519478755,0.019817767080911906,96.80241612466403,1.268337093178362
1000,,i256-o64,8,aggregated,3,96,12,12,96,0.125,0.125,0.24902519923147964,0.0019633303687330147,15.937612750814697,0.12565314359891294,1.9922015938518371,0.015706642949864118,127.50090200651758,1.0052251487913035
1000,,i256-o64,8,disaggregated,3,96,9,9,96,0.09375,0.09375,0.14146136776873594,0.0020354074823029657,9.0535275371991,0.1302660788673898,1.50892125619985,0.02171101314456493,96.5709603967904,1.3895048412521556
1000,,i64-o16,1,aggregated,3,96,96,96,96,1.0,1.0,2.120744658231485,0.010853245263595452,33.93191453170376,0.17365192421752723,2.120744658231485,0.010853245263595452,33.93191453170376,0.17365192421752723
1000,,i64-o16,1,disaggregated,3,96,96,96,96,1.0,1.0,2.0556847531098885,0.027501446169903385,32.890956049758216,0.44002313871845417,2.0556847531098885,0.027501446169903385,32.890956049758216,0.44002313871845417
1000,,i64-o16,2,aggregated,3,96,96,96,96,1.0,1.0,4.217835986081198,0.009471339556007987,67.48537577729917,0.1515414328961278,4.217835986081198,0.009471339556007987,67.48537577729917,0.1515414328961278
1000,,i64-o16,2,disaggregated,3,96,96,96,96,1.0,1.0,3.964687804867304,0.07208857292455283,63.435004877876864,1.1534171667928452,3.964687804867304,0.07208857292455283,63.435004877876864,1.1534171667928452
1000,,i64-o16,4,aggregated,3,96,96,96,96,1.0,1.0,7.803976160478475,0.04170443942929311,124.8636185676556,0.6672710308686898,7.803976160478475,0.04170443942929311,124.8636185676556,0.6672710308686898
1000,,i64-o16,4,disaggregated,3,96,96,96,96,1.0,1.0,5.640218821154343,0.7724160768234212,90.24350113846948,12.358657229174739,5.640218821154343,0.7724160768234212,90.24350113846948,12.358657229174739
1000,,i64-o16,8,aggregated,3,96,96,96,96,1.0,1.0,7.744913468815028,0.10533698778079977,123.91861550104045,1.6853918044927962,7.744913468815028,0.10533698778079977,123.91861550104045,1.6853918044927962
1000,,i64-o16,8,disaggregated,3,96,73,73,96,0.65625,0.7604166666666666,4.52560578032875,0.8965964202381369,72.40969248526,14.34554272381019,5.920288111108862,0.3463379506091306,94.72460977774179,5.541407209746089
1000,,i64-o256,1,aggregated,3,96,96,96,96,1.0,1.0,0.13529434025893733,0.0009768817592908968,34.635351106287956,0.2500817303784696,0.13529434025893733,0.0009768817592908968,34.635351106287956,0.2500817303784696
1000,,i64-o256,1,disaggregated,3,96,96,96,96,1.0,1.0,0.13486909063847818,0.0020652583201577154,34.526487203450415,0.5287061299603751,0.13486909063847818,0.0020652583201577154,34.526487203450415,0.5287061299603751
1000,,i64-o256,2,aggregated,3,96,96,96,96,1.0,1.0,0.26918178349348154,0.0006358395052080113,68.91053657433127,0.1627749133332509,0.26918178349348154,0.0006358395052080113,68.91053657433127,0.1627749133332509
1000,,i64-o256,2,disaggregated,3,96,96,96,96,1.0,1.0,0.269717758183404,0.003832365232771815,69.04774609495142,0.9810854995895847,0.269717758183404,0.003832365232771815,69.04774609495142,0.9810854995895847
1000,,i64-o256,4,aggregated,3,96,96,96,96,1.0,1.0,0.5018380722774222,0.004919935539386469,128.47054650302007,1.259503498082936,0.5018380722774222,0.004919935539386469,128.47054650302007,1.259503498082936
1000,,i64-o256,4,disaggregated,3,96,66,66,96,0.6875,0.6875,0.2636962365931984,0.005311734717278636,67.50623656785879,1.3598040876233308,0.3835581623173795,0.007726159588768941,98.19088955324915,1.977896854724849
1000,,i64-o256,8,aggregated,3,96,12,12,96,0.125,0.125,0.06320207874869492,0.0008180485587232819,16.1797321596659,0.20942043103316016,0.5056166299895594,0.006544388469786255,129.4378572773272,1.6753634482652813
1000,,i64-o256,8,disaggregated,3,96,9,9,96,0.09375,0.09375,0.036038774813117645,0.0009042158415140226,9.225926352158117,0.2314792554275898,0.38441359800658825,0.009644968976149536,98.40988108968659,2.4691120578942813
1000,,i64-o64,1,aggregated,3,96,96,96,96,1.0,1.0,0.5407570371232046,0.0057328671774340735,34.60845037588509,0.3669034993557807,0.5407570371232046,0.0057328671774340735,34.60845037588509,0.3669034993557807
1000,,i64-o64,1,disaggregated,3,96,96,96,96,1.0,1.0,0.5327703019269415,0.008553826804920702,34.09729932332426,0.5474449155149249,0.5327703019269415,0.008553826804920702,34.09729932332426,0.5474449155149249
1000,,i64-o64,2,aggregated,3,96,96,96,96,1.0,1.0,1.0760819012459542,0.004883848551188994,68.86924167974107,0.31256630727609563,1.0760819012459542,0.004883848551188994,68.86924167974107,0.31256630727609563
1000,,i64-o64,2,disaggregated,3,96,96,96,96,1.0,1.0,1.0619980915836817,0.014895657079479771,67.96787786135563,0.9533220530867054,1.0619980915836817,0.014895657079479771,67.96787786135563,0.9533220530867054
1000,,i64-o64,4,aggregated,3,96,96,96,96,1.0,1.0,2.0013958188843204,0.023549000906719728,128.0893324085965,1.5071360580300626,2.0013958188843204,0.023549000906719728,128.0893324085965,1.5071360580300626
1000,,i64-o64,4,disaggregated,3,96,66,66,96,0.6875,0.6875,1.0612526389021646,0.02375211339769898,67.92016888973853,1.5201352574527347,1.543640202039512,0.034548528578471245,98.79297293052876,2.2111058290221597
1000,,i64-o64,8,aggregated,3,96,12,12,96,0.125,0.125,0.2532450910639968,0.0031937078105621305,16.207685828095794,0.20439729987597635,2.0259607285119743,0.025549662484497044,129.66148662476635,1.6351783990078108
1000,,i64-o64,8,disaggregated,3,96,9,9,96,0.09375,0.09375,0.1439516735617762,0.0035954609089216493,9.212907107953678,0.23010949817098555,1.5354845179922796,0.038351583028497616,98.2710091515059,2.4545013138238474
1000,,i704-o16,1,aggregated,3,96,96,96,96,1.0,1.0,1.7675390160318332,0.015710485856984677,28.28062425650933,0.25136777371175484,1.7675390160318332,0.015710485856984677,28.28062425650933,0.25136777371175484
1000,,i704-o16,1,disaggregated,3,96,96,96,96,1.0,1.0,1.5068743964037539,0.015042369053473831,24.109990342460062,0.2406779048555813,1.5068743964037539,0.015042369053473831,24.109990342460062,0.2406779048555813
1000,,i704-o16,2,aggregated,3,96,96,96,96,1.0,1.0,3.4231353134510694,0.020904963219625067,54.77016501521711,0.33447941151400107,3.4231353134510694,0.020904963219625067,54.77016501521711,0.33447941151400107
1000,,i704-o16,2,disaggregated,3,96,96,96,96,1.0,1.0,2.9038899371858675,0.025379549177124205,46.46223899497388,0.4060727868339873,2.9038899371858675,0.025379549177124205,46.46223899497388,0.4060727868339873
1000,,i704-o16,4,aggregated,3,96,96,96,96,1.0,1.0,6.13705847899473,0.026451181948233923,98.19293566391568,0.42321891117174276,6.13705847899473,0.026451181948233923,98.19293566391568,0.42321891117174276
1000,,i704-o16,4,disaggregated,3,96,96,96,96,1.0,1.0,4.807706438515174,0.1250408454339715,76.92330301624278,2.000653526943544,4.807706438515174,0.1250408454339715,76.92330301624278,2.000653526943544
1000,,i704-o16,8,aggregated,3,96,93,93,96,0.90625,0.96875,6.073824806940818,0.36132457067293594,97.18119691105309,5.781193130766975,6.26901513982759,0.05323281135010287,100.30424223724144,0.8517249816016459
1000,,i704-o16,8,disaggregated,3,96,63,63,96,0.5,0.65625,3.419663454323893,0.8096353673913599,54.71461526918229,12.954165878261758,5.194695140033942,0.1180547323063891,83.11512224054307,1.8888757169022257
1000,,i704-o256,1,aggregated,3,96,96,96,96,1.0,1.0,0.13315973441342704,0.0012079164472832916,34.08889200983732,0.30922661050452266,0.13315973441342704,0.0012079164472832916,34.08889200983732,0.30922661050452266
1000,,i704-o256,1,disaggregated,3,96,96,96,96,1.0,1.0,0.13193384669232183,0.002131816651440936,33.77506475323439,0.5457450627688796,0.13193384669232183,0.002131816651440936,33.77506475323439,0.5457450627688796
1000,,i704-o256,2,aggregated,3,96,96,96,96,1.0,1.0,0.26410580486760143,0.001362346291233675,67.61108604610597,0.3487606505558208,0.26410580486760143,0.001362346291233675,67.61108604610597,0.3487606505558208
1000,,i704-o256,2,disaggregated,3,96,96,96,96,1.0,1.0,0.26134501584656855,0.0037909228940693155,66.90432405672155,0.9704762608817448,0.26134501584656855,0.0037909228940693155,66.90432405672155,0.9704762608817448
1000,,i704-o256,4,aggregated,3,96,96,96,96,1.0,1.0,0.49510610991416354,0.006680299480468798,126.74716413802587,1.7101566670000123,0.49510610991416354,0.006680299480468798,126.74716413802587,1.7101566670000123
1000,,i704-o256,4,disaggregated,3,96,63,63,96,0.59375,0.65625,0.2478726714772683,0.01815951338525768,63.455403898180684,4.648835426625966,0.3779514943446062,0.007244794533137345,96.75558255221918,1.8546674004831603
1000,,i704-o256,8,aggregated,3,96,12,12,96,0.125,0.125,0.062038382988529456,0.000754093231474577,15.88182604506354,0.1930478672574917,0.49630706390823565,0.006032745851796616,127.05460836050833,1.5443829380599337
1000,,i704-o256,8,disaggregated,3,96,9,9,96,0.09375,0.09375,0.035274111869550984,0.0006408091889557797,9.030172638605052,0.1640471523726796,0.3762571932752105,0.006835298015528307,96.32184147845389,1.7498362919752466
1000,,i704-o64,1,aggregated,3,96,96,96,96,1.0,1.0,0.5129146812802884,0.0037243163276673703,32.82653960193846,0.2383562449707117,0.5129146812802884,0.0037243163276673703,32.82653960193846,0.2383562449707117
1000,,i704-o64,1,disaggregated,3,96,96,96,96,1.0,1.0,0.4876659180427332,0.007876828035810949,31.210618754734924,0.5041169942919007,0.4876659180427332,0.007876828035810949,31.210618754734924,0.5041169942919007
1000,,i704-o64,2,aggregated,3,96,96,96,96,1.0,1.0,1.0153539462500099,0.005588110358331045,64.98265256000063,0.35763906293318687,1.0153539462500099,0.005588110358331045,64.98265256000063,0.35763906293318687
1000,,i704-o64,2,disaggregated,3,96,96,96,96,1.0,1.0,0.9621512714349714,0.015229829721129363,61.57768137183817,0.9747091021522792,0.9621512714349714,0.015229829721129363,61.57768137183817,0.9747091021522792
1000,,i704-o64,4,aggregated,3,96,96,96,96,1.0,1.0,1.8599615857959877,0.00974979465902817,119.03754149094321,0.6239868581778029,1.8599615857959877,0.00974979465902817,119.03754149094321,0.6239868581778029
1000,,i704-o64,4,disaggregated,3,96,66,66,96,0.6875,0.6875,1.0058128517253944,0.019055860960159234,64.37202251042524,1.219575101450191,1.4630005116005735,0.027717615942049825,93.6320327424367,1.7739274202911888
1000,,i704-o64,8,aggregated,3,96,12,12,96,0.125,0.125,0.23623947465118822,0.0011038690071437534,15.119326377676046,0.07064761645720022,1.8899157972095058,0.008830952057150027,120.95461102140837,0.5651809316576017
1000,,i704-o64,8,disaggregated,3,96,9,9,96,0.09375,0.09375,0.1377798244027275,0.0025413443468322726,8.81790876177456,0.16264603819726545,1.4696514602957602,0.02710767303287764,94.05769345892865,1.734891074104169
1000,,mixed,1,aggregated,3,96,96,96,96,1.0,1.0,0.2261834766108772,0.00161737723607549,34.15370496824246,0.24422396264740048,0.2261834766108772,0.00161737723607549,34.15370496824246,0.24422396264740048
1000,,mixed,1,disaggregated,3,96,96,96,96,1.0,1.0,0.22444138376508363,0.0033440931328650994,33.89064894852763,0.5049580630626318,0.22444138376508363,0.0033440931328650994,33.89064894852763,0.5049580630626318
1000,,mixed,2,aggregated,3,96,96,96,96,1.0,1.0,0.44730072718407815,0.004167870441603936,67.54240980479581,0.6293484366821898,0.44730072718407815,0.004167870441603936,67.54240980479581,0.6293484366821898
1000,,mixed,2,disaggregated,3,96,87,87,96,0.90625,0.90625,0.3505681210528822,0.002610029143552718,52.02914458660707,0.38736432530520276,0.38683378874800795,0.0028800321584030067,58.4119021009492,0.4348848559188518
1000,,mixed,4,aggregated,3,96,87,87,96,0.90625,0.90625,0.6063758049464151,0.006846234407052732,95.01281578194863,1.072734108470611,0.6691043364925959,0.007554465552609897,101.034754810382,1.1407242984440988
1000,,mixed,4,disaggregated,3,96,65,65,96,0.65625,0.6770833333333334,0.39412695623960825,0.021947208114726734,63.030705161369866,2.0316179302980633,0.581791526784986,0.017240912705006384,87.85052054453288,2.603377818455967
1000,,mixed,8,aggregated,3,96,42,42,96,0.4375,0.4375,0.31055851667095746,0.025372023462098006,52.883678838825894,4.3204931381172615,0.7098480381050456,0.05799319648479546,107.18705375386189,8.75697266920412
1000,,mixed,8,disaggregated,3,96,31,31,96,0.28125,0.3229166666666667,0.19113988176615423,0.0259823136289302,35.62359617139615,2.466799800147247,0.5925752017704643,0.01083443006427746,89.4788554673401,1.6359989397058987
2000,,i256-o16,1,aggregated,3,96,96,96,96,1.0,1.0,2.095743024165223,0.00926042345225116,33.531888386643566,0.14816677523601857,2.095743024165223,0.00926042345225116,33.531888386643566,0.14816677523601857
2000,,i256-o16,1,disaggregated,3,96,96,96,96,1.0,1.0,1.8779790777557706,0.03930303639384769,30.04766524409233,0.628848582301563,1.8779790777557706,0.03930303639384769,30.04766524409233,0.628848582301563
2000,,i256-o16,2,aggregated,3,96,96,96,96,1.0,1.0,4.121102994620531,0.02270022132089188,65.9376479139285,0.36320354113427006,4.121102994620531,0.02270022132089188,65.9376479139285,0.36320354113427006
2000,,i256-o16,2,disaggregated,3,96,96,96,96,1.0,1.0,3.7332473317280837,0.05683451735659063,59.73195730764934,0.9093522777054501,3.7332473317280837,0.05683451735659063,59.73195730764934,0.9093522777054501
2000,,i256-o16,4,aggregated,3,96,96,96,96,1.0,1.0,7.549238361982489,0.19520763464891508,120.78781379171983,3.1233221543826413,7.549238361982489,0.19520763464891508,120.78781379171983,3.1233221543826413
2000,,i256-o16,4,disaggregated,3,96,96,96,96,1.0,1.0,5.810593578392465,0.13308093979812466,92.96949725427945,2.1292950367699945,5.810593578392465,0.13308093979812466,92.96949725427945,2.1292950367699945
2000,,i256-o16,8,aggregated,3,96,96,96,96,1.0,1.0,7.6864815158297635,0.0974544058928763,122.98370425327622,1.5592704942860207,7.6864815158297635,0.0974544058928763,122.98370425327622,1.5592704942860207
2000,,i256-o16,8,disaggregated,3,96,96,96,96,1.0,1.0,5.880239402270708,0.09013848278998511,94.08383043633133,1.4422157246397618,5.880239402270708,0.09013848278998511,94.08383043633133,1.4422157246397618
2000,,i256-o256,1,aggregated,3,96,96,96,96,1.0,1.0,0.13468152047288184,0.0009767785451678136,34.47846924105775,0.2500553075629603,0.13468152047288184,0.0009767785451678136,34.47846924105775,0.2500553075629603
2000,,i256-o256,1,disaggregated,3,96,96,96,96,1.0,1.0,0.1340783425654771,0.002039709424550647,34.32405569676214,0.5221656126849656,0.1340783425654771,0.002039709424550647,34.32405569676214,0.5221656126849656
2000,,i256-o256,2,aggregated,3,96,96,96,96,1.0,1.0,0.2682490491074594,0.0010473976364467066,68.6717565715096,0.2681337949303569,0.2682490491074594,0.0010473976364467066,68.6717565715096,0.2681337949303569
2000,,i256-o256,2,disaggregated,3,96,96,96,96,1.0,1.0,0.2669674524931047,0.004201077372182297,68.34366783823481,1.075475807278668,0.2669674524931047,0.004201077372182297,68.34366783823481,1.075475807278668
2000,,i256-o256,4,aggregated,3,96,96,96,96,1.0,1.0,0.5023034342476068,0.004622936634290753,128.58967916738735,1.1834717783784328,0.5023034342476068,0.004622936634290753,128.58967916738735,1.1834717783784328
2000,,i256-o256,4,disaggregated,3,96,66,66,96,0.6875,0.6875,0.26316497370339453,0.006099104876585117,67.370233268069,1.56137084840579,0.3827854162958466,0.008871425275032901,97.99306657173673,2.2710848704084228
2000,,i256-o256,8,aggregated,3,96,12,12,96,0.125,0.125,0.06283880351363857,0.0007092807940795808,16.086733699491475,0.18157588328437269,0.5027104281091086,0.005674246352636646,128.6938695959318,1.4526070662749815
2000,,i256-o256,8,disaggregated,3,96,9,9,96,0.09375,0.09375,0.035622500938923336,0.0005924021407701878,9.119360240364374,0.15165494803716809,0.37997334334851557,0.006318956168215353,97.27317589721999,1.6176527790631303
2000,,i256-o64,1,aggregated,3,96,96,96,96,1.0,1.0,0.5371730481620268,0.004071085573812895,34.37907508236972,0.2605494767240253,0.5371730481620268,0.004071085573812895,34.37907508236972,0.2605494767240253
2000,,i256-o64,1,disaggregated,3,96,96,96,96,1.0,1.0,0.521395680355397,0.007589752506458044,33.369323542745406,0.4857441604133148,0.521395680355397,0.007589752506458044,33.369323542745406,0.4857441604133148
2000,,i256-o64,2,aggregated,3,96,96,96,96,1.0,1.0,1.0668221017734503,0.004768924920999102,68.27661451350082,0.30521119494394255,1.0668221017734503,0.004768924920999102,68.27661451350082,0.30521119494394255
2000,,i256-o64,2,disaggregated,3,96,96,96,96,1.0,1.0,1.038939472508178,0.013320016656098803,66.49212624052339,0.8524810659903234,1.038939472508178,0.013320016656098803,66.49212624052339,0.8524810659903234
2000,,i256-o64,4,aggregated,3,96,96,96,96,1.0,1.0,1.975817126195673,0.0057593728230623115,126.45229607652307,0.36859986067598793,1.975817126195673,0.0057593728230623115,126.45229607652307,0.36859986067598793
2000,,i256-o64,4,disaggregated,3,96,94,94,96,0.96875,0.9791666666666666,1.4811366423718064,0.04013818941106078,94.79274511179561,2.56884412230789,1.5125377519478755,0.019817767080911906,96.80241612466403,1.268337093178362
2000,,i256-o64,8,aggregated,3,96,40,40,96,0.3125,0.4166666666666667,0.8287002263945197,0.30014899059900213,53.03681448924926,19.209535398336136,1.9922015938518371,0.015706642949864118,127.50090200651758,1.0052251487913035
2000,,i256-o64,8,disaggregated,3,96,23,23,96,0.09375,0.23958333333333334,0.3606985943671204,0.18905652343082072,23.084710039495704,12.099617499572526,1.50892125619985,0.02171101314456493,96.5709603967904,1.3895048412521556
2000,,i64-o16,1,aggregated,3,96,96,96,96,1.0,1.0,2.120744658231485,0.010853245263595452,33.93191453170376,0.17365192421752723,2.120744658231485,0.010853245263595452,33.93191453170376,0.17365192421752723
2000,,i64-o16,1,disaggregated,3,96,96,96,96,1.0,1.0,2.0556847531098885,0.027501446169903385,32.890956049758216,0.44002313871845417,2.0556847531098885,0.027501446169903385,32.890956049758216,0.44002313871845417
2000,,i64-o16,2,aggregated,3,96,96,96,96,1.0,1.0,4.217835986081198,0.009471339556007987,67.48537577729917,0.1515414328961278,4.217835986081198,0.009471339556007987,67.48537577729917,0.1515414328961278
2000,,i64-o16,2,disaggregated,3,96,96,96,96,1.0,1.0,3.964687804867304,0.07208857292455283,63.435004877876864,1.1534171667928452,3.964687804867304,0.07208857292455283,63.435004877876864,1.1534171667928452
2000,,i64-o16,4,aggregated,3,96,96,96,96,1.0,1.0,7.803976160478475,0.04170443942929311,124.8636185676556,0.6672710308686898,7.803976160478475,0.04170443942929311,124.8636185676556,0.6672710308686898
2000,,i64-o16,4,disaggregated,3,96,96,96,96,1.0,1.0,5.640218821154343,0.7724160768234212,90.24350113846948,12.358657229174739,5.640218821154343,0.7724160768234212,90.24350113846948,12.358657229174739
2000,,i64-o16,8,aggregated,3,96,96,96,96,1.0,1.0,7.744913468815028,0.10533698778079977,123.91861550104045,1.6853918044927962,7.744913468815028,0.10533698778079977,123.91861550104045,1.6853918044927962
2000,,i64-o16,8,disaggregated,3,96,96,96,96,1.0,1.0,5.920288111108862,0.3463379506091306,94.72460977774179,5.541407209746089,5.920288111108862,0.3463379506091306,94.72460977774179,5.541407209746089
2000,,i64-o256,1,aggregated,3,96,96,96,96,1.0,1.0,0.13529434025893733,0.0009768817592908968,34.635351106287956,0.2500817303784696,0.13529434025893733,0.0009768817592908968,34.635351106287956,0.2500817303784696
2000,,i64-o256,1,disaggregated,3,96,96,96,96,1.0,1.0,0.13486909063847818,0.0020652583201577154,34.526487203450415,0.5287061299603751,0.13486909063847818,0.0020652583201577154,34.526487203450415,0.5287061299603751
2000,,i64-o256,2,aggregated,3,96,96,96,96,1.0,1.0,0.26918178349348154,0.0006358395052080113,68.91053657433127,0.1627749133332509,0.26918178349348154,0.0006358395052080113,68.91053657433127,0.1627749133332509
2000,,i64-o256,2,disaggregated,3,96,96,96,96,1.0,1.0,0.269717758183404,0.003832365232771815,69.04774609495142,0.9810854995895847,0.269717758183404,0.003832365232771815,69.04774609495142,0.9810854995895847
2000,,i64-o256,4,aggregated,3,96,96,96,96,1.0,1.0,0.5018380722774222,0.004919935539386469,128.47054650302007,1.259503498082936,0.5018380722774222,0.004919935539386469,128.47054650302007,1.259503498082936
2000,,i64-o256,4,disaggregated,3,96,66,66,96,0.6875,0.6875,0.2636962365931984,0.005311734717278636,67.50623656785879,1.3598040876233308,0.3835581623173795,0.007726159588768941,98.19088955324915,1.977896854724849
2000,,i64-o256,8,aggregated,3,96,12,12,96,0.125,0.125,0.06320207874869492,0.0008180485587232819,16.1797321596659,0.20942043103316016,0.5056166299895594,0.006544388469786255,129.4378572773272,1.6753634482652813
2000,,i64-o256,8,disaggregated,3,96,9,9,96,0.09375,0.09375,0.036038774813117645,0.0009042158415140226,9.225926352158117,0.2314792554275898,0.38441359800658825,0.009644968976149536,98.40988108968659,2.4691120578942813
2000,,i64-o64,1,aggregated,3,96,96,96,96,1.0,1.0,0.5407570371232046,0.0057328671774340735,34.60845037588509,0.3669034993557807,0.5407570371232046,0.0057328671774340735,34.60845037588509,0.3669034993557807
2000,,i64-o64,1,disaggregated,3,96,96,96,96,1.0,1.0,0.5327703019269415,0.008553826804920702,34.09729932332426,0.5474449155149249,0.5327703019269415,0.008553826804920702,34.09729932332426,0.5474449155149249
2000,,i64-o64,2,aggregated,3,96,96,96,96,1.0,1.0,1.0760819012459542,0.004883848551188994,68.86924167974107,0.31256630727609563,1.0760819012459542,0.004883848551188994,68.86924167974107,0.31256630727609563
2000,,i64-o64,2,disaggregated,3,96,96,96,96,1.0,1.0,1.0619980915836817,0.014895657079479771,67.96787786135563,0.9533220530867054,1.0619980915836817,0.014895657079479771,67.96787786135563,0.9533220530867054
2000,,i64-o64,4,aggregated,3,96,96,96,96,1.0,1.0,2.0013958188843204,0.023549000906719728,128.0893324085965,1.5071360580300626,2.0013958188843204,0.023549000906719728,128.0893324085965,1.5071360580300626
2000,,i64-o64,4,disaggregated,3,96,96,96,96,1.0,1.0,1.543640202039512,0.034548528578471245,98.79297293052876,2.2111058290221597,1.543640202039512,0.034548528578471245,98.79297293052876,2.2111058290221597
2000,,i64-o64,8,aggregated,3,96,50,50,96,0.4375,0.5208333333333334,1.054004769478048,0.1344847713439135,67.45630524659508,8.607025366010465,2.0259607285119743,0.025549662484497044,129.66148662476635,1.6351783990078108
2000,,i64-o64,8,disaggregated,3,96,20,20,96,0.125,0.20833333333333334,0.3162241225625514,0.21050924054337838,20.23834384400329,13.472591394776217,1.5354845179922796,0.038351583028497616,98.2710091515059,2.4545013138238474
2000,,i704-o16,1,aggregated,3,96,96,96,96,1.0,1.0,1.7675390160318332,0.015710485856984677,28.28062425650933,0.25136777371175484,1.7675390160318332,0.015710485856984677,28.28062425650933,0.25136777371175484
2000,,i704-o16,1,disaggregated,3,96,96,96,96,1.0,1.0,1.5068743964037539,0.015042369053473831,24.109990342460062,0.2406779048555813,1.5068743964037539,0.015042369053473831,24.109990342460062,0.2406779048555813
2000,,i704-o16,2,aggregated,3,96,96,96,96,1.0,1.0,3.4231353134510694,0.020904963219625067,54.77016501521711,0.33447941151400107,3.4231353134510694,0.020904963219625067,54.77016501521711,0.33447941151400107
2000,,i704-o16,2,disaggregated,3,96,96,96,96,1.0,1.0,2.9038899371858675,0.025379549177124205,46.46223899497388,0.4060727868339873,2.9038899371858675,0.025379549177124205,46.46223899497388,0.4060727868339873
2000,,i704-o16,4,aggregated,3,96,96,96,96,1.0,1.0,6.13705847899473,0.026451181948233923,98.19293566391568,0.42321891117174276,6.13705847899473,0.026451181948233923,98.19293566391568,0.42321891117174276
2000,,i704-o16,4,disaggregated,3,96,96,96,96,1.0,1.0,4.807706438515174,0.1250408454339715,76.92330301624278,2.000653526943544,4.807706438515174,0.1250408454339715,76.92330301624278,2.000653526943544
2000,,i704-o16,8,aggregated,3,96,96,96,96,1.0,1.0,6.26901513982759,0.05323281135010287,100.30424223724144,0.8517249816016459,6.26901513982759,0.05323281135010287,100.30424223724144,0.8517249816016459
2000,,i704-o16,8,disaggregated,3,96,96,96,96,1.0,1.0,5.194695140033942,0.1180547323063891,83.11512224054307,1.8888757169022257,5.194695140033942,0.1180547323063891,83.11512224054307,1.8888757169022257
2000,,i704-o256,1,aggregated,3,96,96,96,96,1.0,1.0,0.13315973441342704,0.0012079164472832916,34.08889200983732,0.30922661050452266,0.13315973441342704,0.0012079164472832916,34.08889200983732,0.30922661050452266
2000,,i704-o256,1,disaggregated,3,96,96,96,96,1.0,1.0,0.13193384669232183,0.002131816651440936,33.77506475323439,0.5457450627688796,0.13193384669232183,0.002131816651440936,33.77506475323439,0.5457450627688796
2000,,i704-o256,2,aggregated,3,96,96,96,96,1.0,1.0,0.26410580486760143,0.001362346291233675,67.61108604610597,0.3487606505558208,0.26410580486760143,0.001362346291233675,67.61108604610597,0.3487606505558208
2000,,i704-o256,2,disaggregated,3,96,96,96,96,1.0,1.0,0.26134501584656855,0.0037909228940693155,66.90432405672155,0.9704762608817448,0.26134501584656855,0.0037909228940693155,66.90432405672155,0.9704762608817448
2000,,i704-o256,4,aggregated,3,96,96,96,96,1.0,1.0,0.49510610991416354,0.006680299480468798,126.74716413802587,1.7101566670000123,0.49510610991416354,0.006680299480468798,126.74716413802587,1.7101566670000123
2000,,i704-o256,4,disaggregated,3,96,66,66,96,0.6875,0.6875,0.25984165236191675,0.004980796241531922,66.51946300465069,1.275083837832172,0.3779514943446062,0.007244794533137345,96.75558255221918,1.8546674004831603
2000,,i704-o256,8,aggregated,3,96,12,12,96,0.125,0.125,0.062038382988529456,0.000754093231474577,15.88182604506354,0.1930478672574917,0.49630706390823565,0.006032745851796616,127.05460836050833,1.5443829380599337
2000,,i704-o256,8,disaggregated,3,96,9,9,96,0.09375,0.09375,0.035274111869550984,0.0006408091889557797,9.030172638605052,0.1640471523726796,0.3762571932752105,0.006835298015528307,96.32184147845389,1.7498362919752466
2000,,i704-o64,1,aggregated,3,96,96,96,96,1.0,1.0,0.5129146812802884,0.0037243163276673703,32.82653960193846,0.2383562449707117,0.5129146812802884,0.0037243163276673703,32.82653960193846,0.2383562449707117
2000,,i704-o64,1,disaggregated,3,96,96,96,96,1.0,1.0,0.4876659180427332,0.007876828035810949,31.210618754734924,0.5041169942919007,0.4876659180427332,0.007876828035810949,31.210618754734924,0.5041169942919007
2000,,i704-o64,2,aggregated,3,96,96,96,96,1.0,1.0,1.0153539462500099,0.005588110358331045,64.98265256000063,0.35763906293318687,1.0153539462500099,0.005588110358331045,64.98265256000063,0.35763906293318687
2000,,i704-o64,2,disaggregated,3,96,96,96,96,1.0,1.0,0.9621512714349714,0.015229829721129363,61.57768137183817,0.9747091021522792,0.9621512714349714,0.015229829721129363,61.57768137183817,0.9747091021522792
2000,,i704-o64,4,aggregated,3,96,96,96,96,1.0,1.0,1.8599615857959877,0.00974979465902817,119.03754149094321,0.6239868581778029,1.8599615857959877,0.00974979465902817,119.03754149094321,0.6239868581778029
2000,,i704-o64,4,disaggregated,3,96,93,93,96,0.96875,0.96875,1.4172817456130555,0.02685144044386083,90.70603171923555,1.7184921884070932,1.4630005116005735,0.027717615942049825,93.6320327424367,1.7739274202911888
2000,,i704-o64,8,aggregated,3,96,17,17,96,0.125,0.17708333333333334,0.3346603213679667,0.17044798167083072,21.41826056754987,10.908670826933166,1.8899157972095058,0.008830952057150027,120.95461102140837,0.5651809316576017
2000,,i704-o64,8,disaggregated,3,96,13,13,96,0.09375,0.13541666666666666,0.19771132468882494,0.1012635411095571,12.653524780084796,6.480866631011654,1.4696514602957602,0.02710767303287764,94.05769345892865,1.734891074104169
2000,,mixed,1,aggregated,3,96,96,96,96,1.0,1.0,0.2261834766108772,0.00161737723607549,34.15370496824246,0.24422396264740048,0.2261834766108772,0.00161737723607549,34.15370496824246,0.24422396264740048
2000,,mixed,1,disaggregated,3,96,96,96,96,1.0,1.0,0.22444138376508363,0.0033440931328650994,33.89064894852763,0.5049580630626318,0.22444138376508363,0.0033440931328650994,33.89064894852763,0.5049580630626318
2000,,mixed,2,aggregated,3,96,96,96,96,1.0,1.0,0.44730072718407815,0.004167870441603936,67.54240980479581,0.6293484366821898,0.44730072718407815,0.004167870441603936,67.54240980479581,0.6293484366821898
2000,,mixed,2,disaggregated,3,96,87,87,96,0.90625,0.90625,0.3505681210528822,0.002610029143552718,52.02914458660707,0.38736432530520276,0.38683378874800795,0.0028800321584030067,58.4119021009492,0.4348848559188518
2000,,mixed,4,aggregated,3,96,87,87,96,0.90625,0.90625,0.6063758049464151,0.006846234407052732,95.01281578194863,1.072734108470611,0.6691043364925959,0.007554465552609897,101.034754810382,1.1407242984440988
2000,,mixed,4,disaggregated,3,96,67,67,96,0.65625,0.6979166666666666,0.4064532230265694,0.032607675795793496,66.18622945883193,4.756920899144487,0.581791526784986,0.017240912705006384,87.85052054453288,2.603377818455967
2000,,mixed,8,aggregated,3,96,48,48,96,0.46875,0.5,0.3570078489120262,0.06914565642360329,59.214084741276054,10.669975289570477,0.7098480381050456,0.05799319648479546,107.18705375386189,8.75697266920412
2000,,mixed,8,disaggregated,3,96,35,35,96,0.3125,0.3645833333333333,0.21570165392466087,0.02451388546430297,38.951632945404995,4.18105005982954,0.5925752017704643,0.01083443006427746,89.4788554673401,1.6359989397058987
5000,,i256-o16,1,aggregated,3,96,96,96,96,1.0,1.0,2.095743024165223,0.00926042345225116,33.531888386643566,0.14816677523601857,2.095743024165223,0.00926042345225116,33.531888386643566,0.14816677523601857
5000,,i256-o16,1,disaggregated,3,96,96,96,96,1.0,1.0,1.8779790777557706,0.03930303639384769,30.04766524409233,0.628848582301563,1.8779790777557706,0.03930303639384769,30.04766524409233,0.628848582301563
5000,,i256-o16,2,aggregated,3,96,96,96,96,1.0,1.0,4.121102994620531,0.02270022132089188,65.9376479139285,0.36320354113427006,4.121102994620531,0.02270022132089188,65.9376479139285,0.36320354113427006
5000,,i256-o16,2,disaggregated,3,96,96,96,96,1.0,1.0,3.7332473317280837,0.05683451735659063,59.73195730764934,0.9093522777054501,3.7332473317280837,0.05683451735659063,59.73195730764934,0.9093522777054501
5000,,i256-o16,4,aggregated,3,96,96,96,96,1.0,1.0,7.549238361982489,0.19520763464891508,120.78781379171983,3.1233221543826413,7.549238361982489,0.19520763464891508,120.78781379171983,3.1233221543826413
5000,,i256-o16,4,disaggregated,3,96,96,96,96,1.0,1.0,5.810593578392465,0.13308093979812466,92.96949725427945,2.1292950367699945,5.810593578392465,0.13308093979812466,92.96949725427945,2.1292950367699945
5000,,i256-o16,8,aggregated,3,96,96,96,96,1.0,1.0,7.6864815158297635,0.0974544058928763,122.98370425327622,1.5592704942860207,7.6864815158297635,0.0974544058928763,122.98370425327622,1.5592704942860207
5000,,i256-o16,8,disaggregated,3,96,96,96,96,1.0,1.0,5.880239402270708,0.09013848278998511,94.08383043633133,1.4422157246397618,5.880239402270708,0.09013848278998511,94.08383043633133,1.4422157246397618
5000,,i256-o256,1,aggregated,3,96,96,96,96,1.0,1.0,0.13468152047288184,0.0009767785451678136,34.47846924105775,0.2500553075629603,0.13468152047288184,0.0009767785451678136,34.47846924105775,0.2500553075629603
5000,,i256-o256,1,disaggregated,3,96,96,96,96,1.0,1.0,0.1340783425654771,0.002039709424550647,34.32405569676214,0.5221656126849656,0.1340783425654771,0.002039709424550647,34.32405569676214,0.5221656126849656
5000,,i256-o256,2,aggregated,3,96,96,96,96,1.0,1.0,0.2682490491074594,0.0010473976364467066,68.6717565715096,0.2681337949303569,0.2682490491074594,0.0010473976364467066,68.6717565715096,0.2681337949303569
5000,,i256-o256,2,disaggregated,3,96,96,96,96,1.0,1.0,0.2669674524931047,0.004201077372182297,68.34366783823481,1.075475807278668,0.2669674524931047,0.004201077372182297,68.34366783823481,1.075475807278668
5000,,i256-o256,4,aggregated,3,96,96,96,96,1.0,1.0,0.5023034342476068,0.004622936634290753,128.58967916738735,1.1834717783784328,0.5023034342476068,0.004622936634290753,128.58967916738735,1.1834717783784328
5000,,i256-o256,4,disaggregated,3,96,66,66,96,0.6875,0.6875,0.26316497370339453,0.006099104876585117,67.370233268069,1.56137084840579,0.3827854162958466,0.008871425275032901,97.99306657173673,2.2710848704084228
5000,,i256-o256,8,aggregated,3,96,12,12,96,0.125,0.125,0.06283880351363857,0.0007092807940795808,16.086733699491475,0.18157588328437269,0.5027104281091086,0.005674246352636646,128.6938695959318,1.4526070662749815
5000,,i256-o256,8,disaggregated,3,96,9,9,96,0.09375,0.09375,0.035622500938923336,0.0005924021407701878,9.119360240364374,0.15165494803716809,0.37997334334851557,0.006318956168215353,97.27317589721999,1.6176527790631303
5000,,i256-o64,1,aggregated,3,96,96,96,96,1.0,1.0,0.5371730481620268,0.004071085573812895,34.37907508236972,0.2605494767240253,0.5371730481620268,0.004071085573812895,34.37907508236972,0.2605494767240253
5000,,i256-o64,1,disaggregated,3,96,96,96,96,1.0,1.0,0.521395680355397,0.007589752506458044,33.369323542745406,0.4857441604133148,0.521395680355397,0.007589752506458044,33.369323542745406,0.4857441604133148
5000,,i256-o64,2,aggregated,3,96,96,96,96,1.0,1.0,1.0668221017734503,0.004768924920999102,68.27661451350082,0.30521119494394255,1.0668221017734503,0.004768924920999102,68.27661451350082,0.30521119494394255
5000,,i256-o64,2,disaggregated,3,96,96,96,96,1.0,1.0,1.038939472508178,0.013320016656098803,66.49212624052339,0.8524810659903234,1.038939472508178,0.013320016656098803,66.49212624052339,0.8524810659903234
5000,,i256-o64,4,aggregated,3,96,96,96,96,1.0,1.0,1.975817126195673,0.0057593728230623115,126.45229607652307,0.36859986067598793,1.975817126195673,0.0057593728230623115,126.45229607652307,0.36859986067598793
5000,,i256-o64,4,disaggregated,3,96,96,96,96,1.0,1.0,1.5125377519478755,0.019817767080911906,96.80241612466403,1.268337093178362,1.5125377519478755,0.019817767080911906,96.80241612466403,1.268337093178362
5000,,i256-o64,8,aggregated,3,96,96,96,96,1.0,1.0,1.9922015938518371,0.015706642949864118,127.50090200651758,1.0052251487913035,1.9922015938518371,0.015706642949864118,127.50090200651758,1.0052251487913035
5000,,i256-o64,8,disaggregated,3,96,96,96,96,1.0,1.0,1.50892125619985,0.02171101314456493,96.5709603967904,1.3895048412521556,1.50892125619985,0.02171101314456493,96.5709603967904,1.3895048412521556
5000,,i64-o16,1,aggregated,3,96,96,96,96,1.0,1.0,2.120744658231485,0.010853245263595452,33.93191453170376,0.17365192421752723,2.120744658231485,0.010853245263595452,33.93191453170376,0.17365192421752723
5000,,i64-o16,1,disaggregated,3,96,96,96,96,1.0,1.0,2.0556847531098885,0.027501446169903385,32.890956049758216,0.44002313871845417,2.0556847531098885,0.027501446169903385,32.890956049758216,0.44002313871845417
5000,,i64-o16,2,aggregated,3,96,96,96,96,1.0,1.0,4.217835986081198,0.009471339556007987,67.48537577729917,0.1515414328961278,4.217835986081198,0.009471339556007987,67.48537577729917,0.1515414328961278
5000,,i64-o16,2,disaggregated,3,96,96,96,96,1.0,1.0,3.964687804867304,0.07208857292455283,63.435004877876864,1.1534171667928452,3.964687804867304,0.07208857292455283,63.435004877876864,1.1534171667928452
5000,,i64-o16,4,aggregated,3,96,96,96,96,1.0,1.0,7.803976160478475,0.04170443942929311,124.8636185676556,0.6672710308686898,7.803976160478475,0.04170443942929311,124.8636185676556,0.6672710308686898
5000,,i64-o16,4,disaggregated,3,96,96,96,96,1.0,1.0,5.640218821154343,0.7724160768234212,90.24350113846948,12.358657229174739,5.640218821154343,0.7724160768234212,90.24350113846948,12.358657229174739
5000,,i64-o16,8,aggregated,3,96,96,96,96,1.0,1.0,7.744913468815028,0.10533698778079977,123.91861550104045,1.6853918044927962,7.744913468815028,0.10533698778079977,123.91861550104045,1.6853918044927962
5000,,i64-o16,8,disaggregated,3,96,96,96,96,1.0,1.0,5.920288111108862,0.3463379506091306,94.72460977774179,5.541407209746089,5.920288111108862,0.3463379506091306,94.72460977774179,5.541407209746089
5000,,i64-o256,1,aggregated,3,96,96,96,96,1.0,1.0,0.13529434025893733,0.0009768817592908968,34.635351106287956,0.2500817303784696,0.13529434025893733,0.0009768817592908968,34.635351106287956,0.2500817303784696
5000,,i64-o256,1,disaggregated,3,96,96,96,96,1.0,1.0,0.13486909063847818,0.0020652583201577154,34.526487203450415,0.5287061299603751,0.13486909063847818,0.0020652583201577154,34.526487203450415,0.5287061299603751
5000,,i64-o256,2,aggregated,3,96,96,96,96,1.0,1.0,0.26918178349348154,0.0006358395052080113,68.91053657433127,0.1627749133332509,0.26918178349348154,0.0006358395052080113,68.91053657433127,0.1627749133332509
5000,,i64-o256,2,disaggregated,3,96,96,96,96,1.0,1.0,0.269717758183404,0.003832365232771815,69.04774609495142,0.9810854995895847,0.269717758183404,0.003832365232771815,69.04774609495142,0.9810854995895847
5000,,i64-o256,4,aggregated,3,96,96,96,96,1.0,1.0,0.5018380722774222,0.004919935539386469,128.47054650302007,1.259503498082936,0.5018380722774222,0.004919935539386469,128.47054650302007,1.259503498082936
5000,,i64-o256,4,disaggregated,3,96,66,66,96,0.6875,0.6875,0.2636962365931984,0.005311734717278636,67.50623656785879,1.3598040876233308,0.3835581623173795,0.007726159588768941,98.19088955324915,1.977896854724849
5000,,i64-o256,8,aggregated,3,96,12,12,96,0.125,0.125,0.06320207874869492,0.0008180485587232819,16.1797321596659,0.20942043103316016,0.5056166299895594,0.006544388469786255,129.4378572773272,1.6753634482652813
5000,,i64-o256,8,disaggregated,3,96,9,9,96,0.09375,0.09375,0.036038774813117645,0.0009042158415140226,9.225926352158117,0.2314792554275898,0.38441359800658825,0.009644968976149536,98.40988108968659,2.4691120578942813
5000,,i64-o64,1,aggregated,3,96,96,96,96,1.0,1.0,0.5407570371232046,0.0057328671774340735,34.60845037588509,0.3669034993557807,0.5407570371232046,0.0057328671774340735,34.60845037588509,0.3669034993557807
5000,,i64-o64,1,disaggregated,3,96,96,96,96,1.0,1.0,0.5327703019269415,0.008553826804920702,34.09729932332426,0.5474449155149249,0.5327703019269415,0.008553826804920702,34.09729932332426,0.5474449155149249
5000,,i64-o64,2,aggregated,3,96,96,96,96,1.0,1.0,1.0760819012459542,0.004883848551188994,68.86924167974107,0.31256630727609563,1.0760819012459542,0.004883848551188994,68.86924167974107,0.31256630727609563
5000,,i64-o64,2,disaggregated,3,96,96,96,96,1.0,1.0,1.0619980915836817,0.014895657079479771,67.96787786135563,0.9533220530867054,1.0619980915836817,0.014895657079479771,67.96787786135563,0.9533220530867054
5000,,i64-o64,4,aggregated,3,96,96,96,96,1.0,1.0,2.0013958188843204,0.023549000906719728,128.0893324085965,1.5071360580300626,2.0013958188843204,0.023549000906719728,128.0893324085965,1.5071360580300626
5000,,i64-o64,4,disaggregated,3,96,96,96,96,1.0,1.0,1.543640202039512,0.034548528578471245,98.79297293052876,2.2111058290221597,1.543640202039512,0.034548528578471245,98.79297293052876,2.2111058290221597
5000,,i64-o64,8,aggregated,3,96,96,96,96,1.0,1.0,2.0259607285119743,0.025549662484497044,129.66148662476635,1.6351783990078108,2.0259607285119743,0.025549662484497044,129.66148662476635,1.6351783990078108
5000,,i64-o64,8,disaggregated,3,96,96,96,96,1.0,1.0,1.5354845179922796,0.038351583028497616,98.2710091515059,2.4545013138238474,1.5354845179922796,0.038351583028497616,98.2710091515059,2.4545013138238474
5000,,i704-o16,1,aggregated,3,96,96,96,96,1.0,1.0,1.7675390160318332,0.015710485856984677,28.28062425650933,0.25136777371175484,1.7675390160318332,0.015710485856984677,28.28062425650933,0.25136777371175484
5000,,i704-o16,1,disaggregated,3,96,96,96,96,1.0,1.0,1.5068743964037539,0.015042369053473831,24.109990342460062,0.2406779048555813,1.5068743964037539,0.015042369053473831,24.109990342460062,0.2406779048555813
5000,,i704-o16,2,aggregated,3,96,96,96,96,1.0,1.0,3.4231353134510694,0.020904963219625067,54.77016501521711,0.33447941151400107,3.4231353134510694,0.020904963219625067,54.77016501521711,0.33447941151400107
5000,,i704-o16,2,disaggregated,3,96,96,96,96,1.0,1.0,2.9038899371858675,0.025379549177124205,46.46223899497388,0.4060727868339873,2.9038899371858675,0.025379549177124205,46.46223899497388,0.4060727868339873
5000,,i704-o16,4,aggregated,3,96,96,96,96,1.0,1.0,6.13705847899473,0.026451181948233923,98.19293566391568,0.42321891117174276,6.13705847899473,0.026451181948233923,98.19293566391568,0.42321891117174276
5000,,i704-o16,4,disaggregated,3,96,96,96,96,1.0,1.0,4.807706438515174,0.1250408454339715,76.92330301624278,2.000653526943544,4.807706438515174,0.1250408454339715,76.92330301624278,2.000653526943544
5000,,i704-o16,8,aggregated,3,96,96,96,96,1.0,1.0,6.26901513982759,0.05323281135010287,100.30424223724144,0.8517249816016459,6.26901513982759,0.05323281135010287,100.30424223724144,0.8517249816016459
5000,,i704-o16,8,disaggregated,3,96,96,96,96,1.0,1.0,5.194695140033942,0.1180547323063891,83.11512224054307,1.8888757169022257,5.194695140033942,0.1180547323063891,83.11512224054307,1.8888757169022257
5000,,i704-o256,1,aggregated,3,96,96,96,96,1.0,1.0,0.13315973441342704,0.0012079164472832916,34.08889200983732,0.30922661050452266,0.13315973441342704,0.0012079164472832916,34.08889200983732,0.30922661050452266
5000,,i704-o256,1,disaggregated,3,96,96,96,96,1.0,1.0,0.13193384669232183,0.002131816651440936,33.77506475323439,0.5457450627688796,0.13193384669232183,0.002131816651440936,33.77506475323439,0.5457450627688796
5000,,i704-o256,2,aggregated,3,96,96,96,96,1.0,1.0,0.26410580486760143,0.001362346291233675,67.61108604610597,0.3487606505558208,0.26410580486760143,0.001362346291233675,67.61108604610597,0.3487606505558208
5000,,i704-o256,2,disaggregated,3,96,96,96,96,1.0,1.0,0.26134501584656855,0.0037909228940693155,66.90432405672155,0.9704762608817448,0.26134501584656855,0.0037909228940693155,66.90432405672155,0.9704762608817448
5000,,i704-o256,4,aggregated,3,96,96,96,96,1.0,1.0,0.49510610991416354,0.006680299480468798,126.74716413802587,1.7101566670000123,0.49510610991416354,0.006680299480468798,126.74716413802587,1.7101566670000123
5000,,i704-o256,4,disaggregated,3,96,66,66,96,0.6875,0.6875,0.25984165236191675,0.004980796241531922,66.51946300465069,1.275083837832172,0.3779514943446062,0.007244794533137345,96.75558255221918,1.8546674004831603
5000,,i704-o256,8,aggregated,3,96,12,12,96,0.125,0.125,0.062038382988529456,0.000754093231474577,15.88182604506354,0.1930478672574917,0.49630706390823565,0.006032745851796616,127.05460836050833,1.5443829380599337
5000,,i704-o256,8,disaggregated,3,96,9,9,96,0.09375,0.09375,0.035274111869550984,0.0006408091889557797,9.030172638605052,0.1640471523726796,0.3762571932752105,0.006835298015528307,96.32184147845389,1.7498362919752466
5000,,i704-o64,1,aggregated,3,96,96,96,96,1.0,1.0,0.5129146812802884,0.0037243163276673703,32.82653960193846,0.2383562449707117,0.5129146812802884,0.0037243163276673703,32.82653960193846,0.2383562449707117
5000,,i704-o64,1,disaggregated,3,96,96,96,96,1.0,1.0,0.4876659180427332,0.007876828035810949,31.210618754734924,0.5041169942919007,0.4876659180427332,0.007876828035810949,31.210618754734924,0.5041169942919007
5000,,i704-o64,2,aggregated,3,96,96,96,96,1.0,1.0,1.0153539462500099,0.005588110358331045,64.98265256000063,0.35763906293318687,1.0153539462500099,0.005588110358331045,64.98265256000063,0.35763906293318687
5000,,i704-o64,2,disaggregated,3,96,96,96,96,1.0,1.0,0.9621512714349714,0.015229829721129363,61.57768137183817,0.9747091021522792,0.9621512714349714,0.015229829721129363,61.57768137183817,0.9747091021522792
5000,,i704-o64,4,aggregated,3,96,96,96,96,1.0,1.0,1.8599615857959877,0.00974979465902817,119.03754149094321,0.6239868581778029,1.8599615857959877,0.00974979465902817,119.03754149094321,0.6239868581778029
5000,,i704-o64,4,disaggregated,3,96,96,96,96,1.0,1.0,1.4630005116005735,0.027717615942049825,93.6320327424367,1.7739274202911888,1.4630005116005735,0.027717615942049825,93.6320327424367,1.7739274202911888
5000,,i704-o64,8,aggregated,3,96,96,96,96,1.0,1.0,1.8899157972095058,0.008830952057150027,120.95461102140837,0.5651809316576017,1.8899157972095058,0.008830952057150027,120.95461102140837,0.5651809316576017
5000,,i704-o64,8,disaggregated,3,96,96,96,96,1.0,1.0,1.4696514602957602,0.02710767303287764,94.05769345892865,1.734891074104169,1.4696514602957602,0.02710767303287764,94.05769345892865,1.734891074104169
5000,,mixed,1,aggregated,3,96,96,96,96,1.0,1.0,0.2261834766108772,0.00161737723607549,34.15370496824246,0.24422396264740048,0.2261834766108772,0.00161737723607549,34.15370496824246,0.24422396264740048
5000,,mixed,1,disaggregated,3,96,96,96,96,1.0,1.0,0.22444138376508363,0.0033440931328650994,33.89064894852763,0.5049580630626318,0.22444138376508363,0.0033440931328650994,33.89064894852763,0.5049580630626318
5000,,mixed,2,aggregated,3,96,96,96,96,1.0,1.0,0.44730072718407815,0.004167870441603936,67.54240980479581,0.6293484366821898,0.44730072718407815,0.004167870441603936,67.54240980479581,0.6293484366821898
5000,,mixed,2,disaggregated,3,96,89,89,96,0.90625,0.9270833333333334,0.35856400311950176,0.01152018027087311,53.11658454766733,1.5386625871379163,0.38683378874800795,0.0028800321584030067,58.4119021009492,0.4348848559188518
5000,,mixed,4,aggregated,3,96,87,87,96,0.90625,0.90625,0.6063758049464151,0.006846234407052732,95.01281578194863,1.072734108470611,0.6691043364925959,0.007554465552609897,101.034754810382,1.1407242984440988
5000,,mixed,4,disaggregated,3,96,70,70,96,0.71875,0.7291666666666666,0.4240173783017783,0.002684826223251574,67.87238836525198,1.8478181166632761,0.581791526784986,0.017240912705006384,87.85052054453288,2.603377818455967
5000,,mixed,8,aggregated,3,96,48,48,96,0.46875,0.5,0.3570078489120262,0.06914565642360329,59.214084741276054,10.669975289570477,0.7098480381050456,0.05799319648479546,107.18705375386189,8.75697266920412
5000,,mixed,8,disaggregated,3,96,36,36,96,0.34375,0.375,0.22199026056551813,0.014469739271071274,40.56151624546446,2.1876388912255718,0.5925752017704643,0.01083443006427746,89.4788554673401,1.6359989397058987
10000,,i256-o16,1,aggregated,3,96,96,96,96,1.0,1.0,2.095743024165223,0.00926042345225116,33.531888386643566,0.14816677523601857,2.095743024165223,0.00926042345225116,33.531888386643566,0.14816677523601857
10000,,i256-o16,1,disaggregated,3,96,96,96,96,1.0,1.0,1.8779790777557706,0.03930303639384769,30.04766524409233,0.628848582301563,1.8779790777557706,0.03930303639384769,30.04766524409233,0.628848582301563
10000,,i256-o16,2,aggregated,3,96,96,96,96,1.0,1.0,4.121102994620531,0.02270022132089188,65.9376479139285,0.36320354113427006,4.121102994620531,0.02270022132089188,65.9376479139285,0.36320354113427006
10000,,i256-o16,2,disaggregated,3,96,96,96,96,1.0,1.0,3.7332473317280837,0.05683451735659063,59.73195730764934,0.9093522777054501,3.7332473317280837,0.05683451735659063,59.73195730764934,0.9093522777054501
10000,,i256-o16,4,aggregated,3,96,96,96,96,1.0,1.0,7.549238361982489,0.19520763464891508,120.78781379171983,3.1233221543826413,7.549238361982489,0.19520763464891508,120.78781379171983,3.1233221543826413
10000,,i256-o16,4,disaggregated,3,96,96,96,96,1.0,1.0,5.810593578392465,0.13308093979812466,92.96949725427945,2.1292950367699945,5.810593578392465,0.13308093979812466,92.96949725427945,2.1292950367699945
10000,,i256-o16,8,aggregated,3,96,96,96,96,1.0,1.0,7.6864815158297635,0.0974544058928763,122.98370425327622,1.5592704942860207,7.6864815158297635,0.0974544058928763,122.98370425327622,1.5592704942860207
10000,,i256-o16,8,disaggregated,3,96,96,96,96,1.0,1.0,5.880239402270708,0.09013848278998511,94.08383043633133,1.4422157246397618,5.880239402270708,0.09013848278998511,94.08383043633133,1.4422157246397618
10000,,i256-o256,1,aggregated,3,96,96,96,96,1.0,1.0,0.13468152047288184,0.0009767785451678136,34.47846924105775,0.2500553075629603,0.13468152047288184,0.0009767785451678136,34.47846924105775,0.2500553075629603
10000,,i256-o256,1,disaggregated,3,96,96,96,96,1.0,1.0,0.1340783425654771,0.002039709424550647,34.32405569676214,0.5221656126849656,0.1340783425654771,0.002039709424550647,34.32405569676214,0.5221656126849656
10000,,i256-o256,2,aggregated,3,96,96,96,96,1.0,1.0,0.2682490491074594,0.0010473976364467066,68.6717565715096,0.2681337949303569,0.2682490491074594,0.0010473976364467066,68.6717565715096,0.2681337949303569
10000,,i256-o256,2,disaggregated,3,96,96,96,96,1.0,1.0,0.2669674524931047,0.004201077372182297,68.34366783823481,1.075475807278668,0.2669674524931047,0.004201077372182297,68.34366783823481,1.075475807278668
10000,,i256-o256,4,aggregated,3,96,96,96,96,1.0,1.0,0.5023034342476068,0.004622936634290753,128.58967916738735,1.1834717783784328,0.5023034342476068,0.004622936634290753,128.58967916738735,1.1834717783784328
10000,,i256-o256,4,disaggregated,3,96,96,96,96,1.0,1.0,0.3827854162958466,0.008871425275032901,97.99306657173673,2.2710848704084228,0.3827854162958466,0.008871425275032901,97.99306657173673,2.2710848704084228
10000,,i256-o256,8,aggregated,3,96,96,96,96,1.0,1.0,0.5027104281091086,0.005674246352636646,128.6938695959318,1.4526070662749815,0.5027104281091086,0.005674246352636646,128.6938695959318,1.4526070662749815
10000,,i256-o256,8,disaggregated,3,96,42,42,96,0.4375,0.4375,0.16623833771497556,0.0027645433235942056,42.557014455033745,0.7077230908401166,0.37997334334851557,0.006318956168215353,97.27317589721999,1.6176527790631303
10000,,i256-o64,1,aggregated,3,96,96,96,96,1.0,1.0,0.5371730481620268,0.004071085573812895,34.37907508236972,0.2605494767240253,0.5371730481620268,0.004071085573812895,34.37907508236972,0.2605494767240253
10000,,i256-o64,1,disaggregated,3,96,96,96,96,1.0,1.0,0.521395680355397,0.007589752506458044,33.369323542745406,0.4857441604133148,0.521395680355397,0.007589752506458044,33.369323542745406,0.4857441604133148
10000,,i256-o64,2,aggregated,3,96,96,96,96,1.0,1.0,1.0668221017734503,0.004768924920999102,68.27661451350082,0.30521119494394255,1.0668221017734503,0.004768924920999102,68.27661451350082,0.30521119494394255
10000,,i256-o64,2,disaggregated,3,96,96,96,96,1.0,1.0,1.038939472508178,0.013320016656098803,66.49212624052339,0.8524810659903234,1.038939472508178,0.013320016656098803,66.49212624052339,0.8524810659903234
10000,,i256-o64,4,aggregated,3,96,96,96,96,1.0,1.0,1.975817126195673,0.0057593728230623115,126.45229607652307,0.36859986067598793,1.975817126195673,0.0057593728230623115,126.45229607652307,0.36859986067598793
10000,,i256-o64,4,disaggregated,3,96,96,96,96,1.0,1.0,1.5125377519478755,0.019817767080911906,96.80241612466403,1.268337093178362,1.5125377519478755,0.019817767080911906,96.80241612466403,1.268337093178362
10000,,i256-o64,8,aggregated,3,96,96,96,96,1.0,1.0,1.9922015938518371,0.015706642949864118,127.50090200651758,1.0052251487913035,1.9922015938518371,0.015706642949864118,127.50090200651758,1.0052251487913035
10000,,i256-o64,8,disaggregated,3,96,96,96,96,1.0,1.0,1.50892125619985,0.02171101314456493,96.5709603967904,1.3895048412521556,1.50892125619985,0.02171101314456493,96.5709603967904,1.3895048412521556
10000,,i64-o16,1,aggregated,3,96,96,96,96,1.0,1.0,2.120744658231485,0.010853245263595452,33.93191453170376,0.17365192421752723,2.120744658231485,0.010853245263595452,33.93191453170376,0.17365192421752723
10000,,i64-o16,1,disaggregated,3,96,96,96,96,1.0,1.0,2.0556847531098885,0.027501446169903385,32.890956049758216,0.44002313871845417,2.0556847531098885,0.027501446169903385,32.890956049758216,0.44002313871845417
10000,,i64-o16,2,aggregated,3,96,96,96,96,1.0,1.0,4.217835986081198,0.009471339556007987,67.48537577729917,0.1515414328961278,4.217835986081198,0.009471339556007987,67.48537577729917,0.1515414328961278
10000,,i64-o16,2,disaggregated,3,96,96,96,96,1.0,1.0,3.964687804867304,0.07208857292455283,63.435004877876864,1.1534171667928452,3.964687804867304,0.07208857292455283,63.435004877876864,1.1534171667928452
10000,,i64-o16,4,aggregated,3,96,96,96,96,1.0,1.0,7.803976160478475,0.04170443942929311,124.8636185676556,0.6672710308686898,7.803976160478475,0.04170443942929311,124.8636185676556,0.6672710308686898
10000,,i64-o16,4,disaggregated,3,96,96,96,96,1.0,1.0,5.640218821154343,0.7724160768234212,90.24350113846948,12.358657229174739,5.640218821154343,0.7724160768234212,90.24350113846948,12.358657229174739
10000,,i64-o16,8,aggregated,3,96,96,96,96,1.0,1.0,7.744913468815028,0.10533698778079977,123.91861550104045,1.6853918044927962,7.744913468815028,0.10533698778079977,123.91861550104045,1.6853918044927962
10000,,i64-o16,8,disaggregated,3,96,96,96,96,1.0,1.0,5.920288111108862,0.3463379506091306,94.72460977774179,5.541407209746089,5.920288111108862,0.3463379506091306,94.72460977774179,5.541407209746089
10000,,i64-o256,1,aggregated,3,96,96,96,96,1.0,1.0,0.13529434025893733,0.0009768817592908968,34.635351106287956,0.2500817303784696,0.13529434025893733,0.0009768817592908968,34.635351106287956,0.2500817303784696
10000,,i64-o256,1,disaggregated,3,96,96,96,96,1.0,1.0,0.13486909063847818,0.0020652583201577154,34.526487203450415,0.5287061299603751,0.13486909063847818,0.0020652583201577154,34.526487203450415,0.5287061299603751
10000,,i64-o256,2,aggregated,3,96,96,96,96,1.0,1.0,0.26918178349348154,0.0006358395052080113,68.91053657433127,0.1627749133332509,0.26918178349348154,0.0006358395052080113,68.91053657433127,0.1627749133332509
10000,,i64-o256,2,disaggregated,3,96,96,96,96,1.0,1.0,0.269717758183404,0.003832365232771815,69.04774609495142,0.9810854995895847,0.269717758183404,0.003832365232771815,69.04774609495142,0.9810854995895847
10000,,i64-o256,4,aggregated,3,96,96,96,96,1.0,1.0,0.5018380722774222,0.004919935539386469,128.47054650302007,1.259503498082936,0.5018380722774222,0.004919935539386469,128.47054650302007,1.259503498082936
10000,,i64-o256,4,disaggregated,3,96,96,96,96,1.0,1.0,0.3835581623173795,0.007726159588768941,98.19088955324915,1.977896854724849,0.3835581623173795,0.007726159588768941,98.19088955324915,1.977896854724849
10000,,i64-o256,8,aggregated,3,96,96,96,96,1.0,1.0,0.5056166299895594,0.006544388469786255,129.4378572773272,1.6753634482652813,0.5056166299895594,0.006544388469786255,129.4378572773272,1.6753634482652813
10000,,i64-o256,8,disaggregated,3,96,42,42,96,0.4375,0.4375,0.16818094912788237,0.004219673927065421,43.054322976737886,1.0802365253287478,0.38441359800658825,0.009644968976149536,98.40988108968659,2.4691120578942813
10000,,i64-o64,1,aggregated,3,96,96,96,96,1.0,1.0,0.5407570371232046,0.0057328671774340735,34.60845037588509,0.3669034993557807,0.5407570371232046,0.0057328671774340735,34.60845037588509,0.3669034993557807
10000,,i64-o64,1,disaggregated,3,96,96,96,96,1.0,1.0,0.5327703019269415,0.008553826804920702,34.09729932332426,0.5474449155149249,0.5327703019269415,0.008553826804920702,34.09729932332426,0.5474449155149249
10000,,i64-o64,2,aggregated,3,96,96,96,96,1.0,1.0,1.0760819012459542,0.004883848551188994,68.86924167974107,0.31256630727609563,1.0760819012459542,0.004883848551188994,68.86924167974107,0.31256630727609563
10000,,i64-o64,2,disaggregated,3,96,96,96,96,1.0,1.0,1.0619980915836817,0.014895657079479771,67.96787786135563,0.9533220530867054,1.0619980915836817,0.014895657079479771,67.96787786135563,0.9533220530867054
10000,,i64-o64,4,aggregated,3,96,96,96,96,1.0,1.0,2.0013958188843204,0.023549000906719728,128.0893324085965,1.5071360580300626,2.0013958188843204,0.023549000906719728,128.0893324085965,1.5071360580300626
10000,,i64-o64,4,disaggregated,3,96,96,96,96,1.0,1.0,1.543640202039512,0.034548528578471245,98.79297293052876,2.2111058290221597,1.543640202039512,0.034548528578471245,98.79297293052876,2.2111058290221597
10000,,i64-o64,8,aggregated,3,96,96,96,96,1.0,1.0,2.0259607285119743,0.025549662484497044,129.66148662476635,1.6351783990078108,2.0259607285119743,0.025549662484497044,129.66148662476635,1.6351783990078108
10000,,i64-o64,8,disaggregated,3,96,96,96,96,1.0,1.0,1.5354845179922796,0.038351583028497616,98.2710091515059,2.4545013138238474,1.5354845179922796,0.038351583028497616,98.2710091515059,2.4545013138238474
10000,,i704-o16,1,aggregated,3,96,96,96,96,1.0,1.0,1.7675390160318332,0.015710485856984677,28.28062425650933,0.25136777371175484,1.7675390160318332,0.015710485856984677,28.28062425650933,0.25136777371175484
10000,,i704-o16,1,disaggregated,3,96,96,96,96,1.0,1.0,1.5068743964037539,0.015042369053473831,24.109990342460062,0.2406779048555813,1.5068743964037539,0.015042369053473831,24.109990342460062,0.2406779048555813
10000,,i704-o16,2,aggregated,3,96,96,96,96,1.0,1.0,3.4231353134510694,0.020904963219625067,54.77016501521711,0.33447941151400107,3.4231353134510694,0.020904963219625067,54.77016501521711,0.33447941151400107
10000,,i704-o16,2,disaggregated,3,96,96,96,96,1.0,1.0,2.9038899371858675,0.025379549177124205,46.46223899497388,0.4060727868339873,2.9038899371858675,0.025379549177124205,46.46223899497388,0.4060727868339873
10000,,i704-o16,4,aggregated,3,96,96,96,96,1.0,1.0,6.13705847899473,0.026451181948233923,98.19293566391568,0.42321891117174276,6.13705847899473,0.026451181948233923,98.19293566391568,0.42321891117174276
10000,,i704-o16,4,disaggregated,3,96,96,96,96,1.0,1.0,4.807706438515174,0.1250408454339715,76.92330301624278,2.000653526943544,4.807706438515174,0.1250408454339715,76.92330301624278,2.000653526943544
10000,,i704-o16,8,aggregated,3,96,96,96,96,1.0,1.0,6.26901513982759,0.05323281135010287,100.30424223724144,0.8517249816016459,6.26901513982759,0.05323281135010287,100.30424223724144,0.8517249816016459
10000,,i704-o16,8,disaggregated,3,96,96,96,96,1.0,1.0,5.194695140033942,0.1180547323063891,83.11512224054307,1.8888757169022257,5.194695140033942,0.1180547323063891,83.11512224054307,1.8888757169022257
10000,,i704-o256,1,aggregated,3,96,96,96,96,1.0,1.0,0.13315973441342704,0.0012079164472832916,34.08889200983732,0.30922661050452266,0.13315973441342704,0.0012079164472832916,34.08889200983732,0.30922661050452266
10000,,i704-o256,1,disaggregated,3,96,96,96,96,1.0,1.0,0.13193384669232183,0.002131816651440936,33.77506475323439,0.5457450627688796,0.13193384669232183,0.002131816651440936,33.77506475323439,0.5457450627688796
10000,,i704-o256,2,aggregated,3,96,96,96,96,1.0,1.0,0.26410580486760143,0.001362346291233675,67.61108604610597,0.3487606505558208,0.26410580486760143,0.001362346291233675,67.61108604610597,0.3487606505558208
10000,,i704-o256,2,disaggregated,3,96,96,96,96,1.0,1.0,0.26134501584656855,0.0037909228940693155,66.90432405672155,0.9704762608817448,0.26134501584656855,0.0037909228940693155,66.90432405672155,0.9704762608817448
10000,,i704-o256,4,aggregated,3,96,96,96,96,1.0,1.0,0.49510610991416354,0.006680299480468798,126.74716413802587,1.7101566670000123,0.49510610991416354,0.006680299480468798,126.74716413802587,1.7101566670000123
10000,,i704-o256,4,disaggregated,3,96,96,96,96,1.0,1.0,0.3779514943446062,0.007244794533137345,96.75558255221918,1.8546674004831603,0.3779514943446062,0.007244794533137345,96.75558255221918,1.8546674004831603
10000,,i704-o256,8,aggregated,3,96,96,96,96,1.0,1.0,0.49630706390823565,0.006032745851796616,127.05460836050833,1.5443829380599337,0.49630706390823565,0.006032745851796616,127.05460836050833,1.5443829380599337
10000,,i704-o256,8,disaggregated,3,96,42,42,96,0.4375,0.4375,0.16461252205790458,0.0029904428817936492,42.14080564682357,0.7655533777391742,0.3762571932752105,0.006835298015528307,96.32184147845389,1.7498362919752466
10000,,i704-o64,1,aggregated,3,96,96,96,96,1.0,1.0,0.5129146812802884,0.0037243163276673703,32.82653960193846,0.2383562449707117,0.5129146812802884,0.0037243163276673703,32.82653960193846,0.2383562449707117
10000,,i704-o64,1,disaggregated,3,96,96,96,96,1.0,1.0,0.4876659180427332,0.007876828035810949,31.210618754734924,0.5041169942919007,0.4876659180427332,0.007876828035810949,31.210618754734924,0.5041169942919007
10000,,i704-o64,2,aggregated,3,96,96,96,96,1.0,1.0,1.0153539462500099,0.005588110358331045,64.98265256000063,0.35763906293318687,1.0153539462500099,0.005588110358331045,64.98265256000063,0.35763906293318687
10000,,i704-o64,2,disaggregated,3,96,96,96,96,1.0,1.0,0.9621512714349714,0.015229829721129363,61.57768137183817,0.9747091021522792,0.9621512714349714,0.015229829721129363,61.57768137183817,0.9747091021522792
10000,,i704-o64,4,aggregated,3,96,96,96,96,1.0,1.0,1.8599615857959877,0.00974979465902817,119.03754149094321,0.6239868581778029,1.8599615857959877,0.00974979465902817,119.03754149094321,0.6239868581778029
10000,,i704-o64,4,disaggregated,3,96,96,96,96,1.0,1.0,1.4630005116005735,0.027717615942049825,93.6320327424367,1.7739274202911888,1.4630005116005735,0.027717615942049825,93.6320327424367,1.7739274202911888
10000,,i704-o64,8,aggregated,3,96,96,96,96,1.0,1.0,1.8899157972095058,0.008830952057150027,120.95461102140837,0.5651809316576017,1.8899157972095058,0.008830952057150027,120.95461102140837,0.5651809316576017
10000,,i704-o64,8,disaggregated,3,96,96,96,96,1.0,1.0,1.4696514602957602,0.02710767303287764,94.05769345892865,1.734891074104169,1.4696514602957602,0.02710767303287764,94.05769345892865,1.734891074104169
10000,,mixed,1,aggregated,3,96,96,96,96,1.0,1.0,0.2261834766108772,0.00161737723607549,34.15370496824246,0.24422396264740048,0.2261834766108772,0.00161737723607549,34.15370496824246,0.24422396264740048
10000,,mixed,1,disaggregated,3,96,96,96,96,1.0,1.0,0.22444138376508363,0.0033440931328650994,33.89064894852763,0.5049580630626318,0.22444138376508363,0.0033440931328650994,33.89064894852763,0.5049580630626318
10000,,mixed,2,aggregated,3,96,96,96,96,1.0,1.0,0.44730072718407815,0.004167870441603936,67.54240980479581,0.6293484366821898,0.44730072718407815,0.004167870441603936,67.54240980479581,0.6293484366821898
10000,,mixed,2,disaggregated,3,96,96,96,96,1.0,1.0,0.38683378874800795,0.0028800321584030067,58.4119021009492,0.4348848559188518,0.38683378874800795,0.0028800321584030067,58.4119021009492,0.4348848559188518
10000,,mixed,4,aggregated,3,96,96,96,96,1.0,1.0,0.6691043364925959,0.007554465552609897,101.034754810382,1.1407242984440988,0.6691043364925959,0.007554465552609897,101.034754810382,1.1407242984440988
10000,,mixed,4,disaggregated,3,96,92,92,96,0.9375,0.9583333333333334,0.5577558231478855,0.02678901771673432,83.10251283545188,2.6264045340218916,0.581791526784986,0.017240912705006384,87.85052054453288,2.603377818455967
10000,,mixed,8,aggregated,3,96,89,89,96,0.875,0.9270833333333334,0.6564071634339033,0.025363865785865754,104.39067327510072,4.8507189491028715,0.7098480381050456,0.05799319648479546,107.18705375386189,8.75697266920412
10000,,mixed,8,disaggregated,3,96,70,70,96,0.71875,0.7291666666666666,0.43197659281497247,0.005788496418832281,69.13202167093831,1.1247332949815667,0.5925752017704643,0.01083443006427746,89.4788554673401,1.6359989397058987
20000,,i256-o16,1,aggregated,3,96,96,96,96,1.0,1.0,2.095743024165223,0.00926042345225116,33.531888386643566,0.14816677523601857,2.095743024165223,0.00926042345225116,33.531888386643566,0.14816677523601857
20000,,i256-o16,1,disaggregated,3,96,96,96,96,1.0,1.0,1.8779790777557706,0.03930303639384769,30.04766524409233,0.628848582301563,1.8779790777557706,0.03930303639384769,30.04766524409233,0.628848582301563
20000,,i256-o16,2,aggregated,3,96,96,96,96,1.0,1.0,4.121102994620531,0.02270022132089188,65.9376479139285,0.36320354113427006,4.121102994620531,0.02270022132089188,65.9376479139285,0.36320354113427006
20000,,i256-o16,2,disaggregated,3,96,96,96,96,1.0,1.0,3.7332473317280837,0.05683451735659063,59.73195730764934,0.9093522777054501,3.7332473317280837,0.05683451735659063,59.73195730764934,0.9093522777054501
20000,,i256-o16,4,aggregated,3,96,96,96,96,1.0,1.0,7.549238361982489,0.19520763464891508,120.78781379171983,3.1233221543826413,7.549238361982489,0.19520763464891508,120.78781379171983,3.1233221543826413
20000,,i256-o16,4,disaggregated,3,96,96,96,96,1.0,1.0,5.810593578392465,0.13308093979812466,92.96949725427945,2.1292950367699945,5.810593578392465,0.13308093979812466,92.96949725427945,2.1292950367699945
20000,,i256-o16,8,aggregated,3,96,96,96,96,1.0,1.0,7.6864815158297635,0.0974544058928763,122.98370425327622,1.5592704942860207,7.6864815158297635,0.0974544058928763,122.98370425327622,1.5592704942860207
20000,,i256-o16,8,disaggregated,3,96,96,96,96,1.0,1.0,5.880239402270708,0.09013848278998511,94.08383043633133,1.4422157246397618,5.880239402270708,0.09013848278998511,94.08383043633133,1.4422157246397618
20000,,i256-o256,1,aggregated,3,96,96,96,96,1.0,1.0,0.13468152047288184,0.0009767785451678136,34.47846924105775,0.2500553075629603,0.13468152047288184,0.0009767785451678136,34.47846924105775,0.2500553075629603
20000,,i256-o256,1,disaggregated,3,96,96,96,96,1.0,1.0,0.1340783425654771,0.002039709424550647,34.32405569676214,0.5221656126849656,0.1340783425654771,0.002039709424550647,34.32405569676214,0.5221656126849656
20000,,i256-o256,2,aggregated,3,96,96,96,96,1.0,1.0,0.2682490491074594,0.0010473976364467066,68.6717565715096,0.2681337949303569,0.2682490491074594,0.0010473976364467066,68.6717565715096,0.2681337949303569
20000,,i256-o256,2,disaggregated,3,96,96,96,96,1.0,1.0,0.2669674524931047,0.004201077372182297,68.34366783823481,1.075475807278668,0.2669674524931047,0.004201077372182297,68.34366783823481,1.075475807278668
20000,,i256-o256,4,aggregated,3,96,96,96,96,1.0,1.0,0.5023034342476068,0.004622936634290753,128.58967916738735,1.1834717783784328,0.5023034342476068,0.004622936634290753,128.58967916738735,1.1834717783784328
20000,,i256-o256,4,disaggregated,3,96,96,96,96,1.0,1.0,0.3827854162958466,0.008871425275032901,97.99306657173673,2.2710848704084228,0.3827854162958466,0.008871425275032901,97.99306657173673,2.2710848704084228
20000,,i256-o256,8,aggregated,3,96,96,96,96,1.0,1.0,0.5027104281091086,0.005674246352636646,128.6938695959318,1.4526070662749815,0.5027104281091086,0.005674246352636646,128.6938695959318,1.4526070662749815
20000,,i256-o256,8,disaggregated,3,96,96,96,96,1.0,1.0,0.37997334334851557,0.006318956168215353,97.27317589721999,1.6176527790631303,0.37997334334851557,0.006318956168215353,97.27317589721999,1.6176527790631303
20000,,i256-o64,1,aggregated,3,96,96,96,96,1.0,1.0,0.5371730481620268,0.004071085573812895,34.37907508236972,0.2605494767240253,0.5371730481620268,0.004071085573812895,34.37907508236972,0.2605494767240253
20000,,i256-o64,1,disaggregated,3,96,96,96,96,1.0,1.0,0.521395680355397,0.007589752506458044,33.369323542745406,0.4857441604133148,0.521395680355397,0.007589752506458044,33.369323542745406,0.4857441604133148
20000,,i256-o64,2,aggregated,3,96,96,96,96,1.0,1.0,1.0668221017734503,0.004768924920999102,68.27661451350082,0.30521119494394255,1.0668221017734503,0.004768924920999102,68.27661451350082,0.30521119494394255
20000,,i256-o64,2,disaggregated,3,96,96,96,96,1.0,1.0,1.038939472508178,0.013320016656098803,66.49212624052339,0.8524810659903234,1.038939472508178,0.013320016656098803,66.49212624052339,0.8524810659903234
20000,,i256-o64,4,aggregated,3,96,96,96,96,1.0,1.0,1.975817126195673,0.0057593728230623115,126.45229607652307,0.36859986067598793,1.975817126195673,0.0057593728230623115,126.45229607652307,0.36859986067598793
20000,,i256-o64,4,disaggregated,3,96,96,96,96,1.0,1.0,1.5125377519478755,0.019817767080911906,96.80241612466403,1.268337093178362,1.5125377519478755,0.019817767080911906,96.80241612466403,1.268337093178362
20000,,i256-o64,8,aggregated,3,96,96,96,96,1.0,1.0,1.9922015938518371,0.015706642949864118,127.50090200651758,1.0052251487913035,1.9922015938518371,0.015706642949864118,127.50090200651758,1.0052251487913035
20000,,i256-o64,8,disaggregated,3,96,96,96,96,1.0,1.0,1.50892125619985,0.02171101314456493,96.5709603967904,1.3895048412521556,1.50892125619985,0.02171101314456493,96.5709603967904,1.3895048412521556
20000,,i64-o16,1,aggregated,3,96,96,96,96,1.0,1.0,2.120744658231485,0.010853245263595452,33.93191453170376,0.17365192421752723,2.120744658231485,0.010853245263595452,33.93191453170376,0.17365192421752723
20000,,i64-o16,1,disaggregated,3,96,96,96,96,1.0,1.0,2.0556847531098885,0.027501446169903385,32.890956049758216,0.44002313871845417,2.0556847531098885,0.027501446169903385,32.890956049758216,0.44002313871845417
20000,,i64-o16,2,aggregated,3,96,96,96,96,1.0,1.0,4.217835986081198,0.009471339556007987,67.48537577729917,0.1515414328961278,4.217835986081198,0.009471339556007987,67.48537577729917,0.1515414328961278
20000,,i64-o16,2,disaggregated,3,96,96,96,96,1.0,1.0,3.964687804867304,0.07208857292455283,63.435004877876864,1.1534171667928452,3.964687804867304,0.07208857292455283,63.435004877876864,1.1534171667928452
20000,,i64-o16,4,aggregated,3,96,96,96,96,1.0,1.0,7.803976160478475,0.04170443942929311,124.8636185676556,0.6672710308686898,7.803976160478475,0.04170443942929311,124.8636185676556,0.6672710308686898
20000,,i64-o16,4,disaggregated,3,96,96,96,96,1.0,1.0,5.640218821154343,0.7724160768234212,90.24350113846948,12.358657229174739,5.640218821154343,0.7724160768234212,90.24350113846948,12.358657229174739
20000,,i64-o16,8,aggregated,3,96,96,96,96,1.0,1.0,7.744913468815028,0.10533698778079977,123.91861550104045,1.6853918044927962,7.744913468815028,0.10533698778079977,123.91861550104045,1.6853918044927962
20000,,i64-o16,8,disaggregated,3,96,96,96,96,1.0,1.0,5.920288111108862,0.3463379506091306,94.72460977774179,5.541407209746089,5.920288111108862,0.3463379506091306,94.72460977774179,5.541407209746089
20000,,i64-o256,1,aggregated,3,96,96,96,96,1.0,1.0,0.13529434025893733,0.0009768817592908968,34.635351106287956,0.2500817303784696,0.13529434025893733,0.0009768817592908968,34.635351106287956,0.2500817303784696
20000,,i64-o256,1,disaggregated,3,96,96,96,96,1.0,1.0,0.13486909063847818,0.0020652583201577154,34.526487203450415,0.5287061299603751,0.13486909063847818,0.0020652583201577154,34.526487203450415,0.5287061299603751
20000,,i64-o256,2,aggregated,3,96,96,96,96,1.0,1.0,0.26918178349348154,0.0006358395052080113,68.91053657433127,0.1627749133332509,0.26918178349348154,0.0006358395052080113,68.91053657433127,0.1627749133332509
20000,,i64-o256,2,disaggregated,3,96,96,96,96,1.0,1.0,0.269717758183404,0.003832365232771815,69.04774609495142,0.9810854995895847,0.269717758183404,0.003832365232771815,69.04774609495142,0.9810854995895847
20000,,i64-o256,4,aggregated,3,96,96,96,96,1.0,1.0,0.5018380722774222,0.004919935539386469,128.47054650302007,1.259503498082936,0.5018380722774222,0.004919935539386469,128.47054650302007,1.259503498082936
20000,,i64-o256,4,disaggregated,3,96,96,96,96,1.0,1.0,0.3835581623173795,0.007726159588768941,98.19088955324915,1.977896854724849,0.3835581623173795,0.007726159588768941,98.19088955324915,1.977896854724849
20000,,i64-o256,8,aggregated,3,96,96,96,96,1.0,1.0,0.5056166299895594,0.006544388469786255,129.4378572773272,1.6753634482652813,0.5056166299895594,0.006544388469786255,129.4378572773272,1.6753634482652813
20000,,i64-o256,8,disaggregated,3,96,96,96,96,1.0,1.0,0.38441359800658825,0.009644968976149536,98.40988108968659,2.4691120578942813,0.38441359800658825,0.009644968976149536,98.40988108968659,2.4691120578942813
20000,,i64-o64,1,aggregated,3,96,96,96,96,1.0,1.0,0.5407570371232046,0.0057328671774340735,34.60845037588509,0.3669034993557807,0.5407570371232046,0.0057328671774340735,34.60845037588509,0.3669034993557807
20000,,i64-o64,1,disaggregated,3,96,96,96,96,1.0,1.0,0.5327703019269415,0.008553826804920702,34.09729932332426,0.5474449155149249,0.5327703019269415,0.008553826804920702,34.09729932332426,0.5474449155149249
20000,,i64-o64,2,aggregated,3,96,96,96,96,1.0,1.0,1.0760819012459542,0.004883848551188994,68.86924167974107,0.31256630727609563,1.0760819012459542,0.004883848551188994,68.86924167974107,0.31256630727609563
20000,,i64-o64,2,disaggregated,3,96,96,96,96,1.0,1.0,1.0619980915836817,0.014895657079479771,67.96787786135563,0.9533220530867054,1.0619980915836817,0.014895657079479771,67.96787786135563,0.9533220530867054
20000,,i64-o64,4,aggregated,3,96,96,96,96,1.0,1.0,2.0013958188843204,0.023549000906719728,128.0893324085965,1.5071360580300626,2.0013958188843204,0.023549000906719728,128.0893324085965,1.5071360580300626
20000,,i64-o64,4,disaggregated,3,96,96,96,96,1.0,1.0,1.543640202039512,0.034548528578471245,98.79297293052876,2.2111058290221597,1.543640202039512,0.034548528578471245,98.79297293052876,2.2111058290221597
20000,,i64-o64,8,aggregated,3,96,96,96,96,1.0,1.0,2.0259607285119743,0.025549662484497044,129.66148662476635,1.6351783990078108,2.0259607285119743,0.025549662484497044,129.66148662476635,1.6351783990078108
20000,,i64-o64,8,disaggregated,3,96,96,96,96,1.0,1.0,1.5354845179922796,0.038351583028497616,98.2710091515059,2.4545013138238474,1.5354845179922796,0.038351583028497616,98.2710091515059,2.4545013138238474
20000,,i704-o16,1,aggregated,3,96,96,96,96,1.0,1.0,1.7675390160318332,0.015710485856984677,28.28062425650933,0.25136777371175484,1.7675390160318332,0.015710485856984677,28.28062425650933,0.25136777371175484
20000,,i704-o16,1,disaggregated,3,96,96,96,96,1.0,1.0,1.5068743964037539,0.015042369053473831,24.109990342460062,0.2406779048555813,1.5068743964037539,0.015042369053473831,24.109990342460062,0.2406779048555813
20000,,i704-o16,2,aggregated,3,96,96,96,96,1.0,1.0,3.4231353134510694,0.020904963219625067,54.77016501521711,0.33447941151400107,3.4231353134510694,0.020904963219625067,54.77016501521711,0.33447941151400107
20000,,i704-o16,2,disaggregated,3,96,96,96,96,1.0,1.0,2.9038899371858675,0.025379549177124205,46.46223899497388,0.4060727868339873,2.9038899371858675,0.025379549177124205,46.46223899497388,0.4060727868339873
20000,,i704-o16,4,aggregated,3,96,96,96,96,1.0,1.0,6.13705847899473,0.026451181948233923,98.19293566391568,0.42321891117174276,6.13705847899473,0.026451181948233923,98.19293566391568,0.42321891117174276
20000,,i704-o16,4,disaggregated,3,96,96,96,96,1.0,1.0,4.807706438515174,0.1250408454339715,76.92330301624278,2.000653526943544,4.807706438515174,0.1250408454339715,76.92330301624278,2.000653526943544
20000,,i704-o16,8,aggregated,3,96,96,96,96,1.0,1.0,6.26901513982759,0.05323281135010287,100.30424223724144,0.8517249816016459,6.26901513982759,0.05323281135010287,100.30424223724144,0.8517249816016459
20000,,i704-o16,8,disaggregated,3,96,96,96,96,1.0,1.0,5.194695140033942,0.1180547323063891,83.11512224054307,1.8888757169022257,5.194695140033942,0.1180547323063891,83.11512224054307,1.8888757169022257
20000,,i704-o256,1,aggregated,3,96,96,96,96,1.0,1.0,0.13315973441342704,0.0012079164472832916,34.08889200983732,0.30922661050452266,0.13315973441342704,0.0012079164472832916,34.08889200983732,0.30922661050452266
20000,,i704-o256,1,disaggregated,3,96,96,96,96,1.0,1.0,0.13193384669232183,0.002131816651440936,33.77506475323439,0.5457450627688796,0.13193384669232183,0.002131816651440936,33.77506475323439,0.5457450627688796
20000,,i704-o256,2,aggregated,3,96,96,96,96,1.0,1.0,0.26410580486760143,0.001362346291233675,67.61108604610597,0.3487606505558208,0.26410580486760143,0.001362346291233675,67.61108604610597,0.3487606505558208
20000,,i704-o256,2,disaggregated,3,96,96,96,96,1.0,1.0,0.26134501584656855,0.0037909228940693155,66.90432405672155,0.9704762608817448,0.26134501584656855,0.0037909228940693155,66.90432405672155,0.9704762608817448
20000,,i704-o256,4,aggregated,3,96,96,96,96,1.0,1.0,0.49510610991416354,0.006680299480468798,126.74716413802587,1.7101566670000123,0.49510610991416354,0.006680299480468798,126.74716413802587,1.7101566670000123
20000,,i704-o256,4,disaggregated,3,96,96,96,96,1.0,1.0,0.3779514943446062,0.007244794533137345,96.75558255221918,1.8546674004831603,0.3779514943446062,0.007244794533137345,96.75558255221918,1.8546674004831603
20000,,i704-o256,8,aggregated,3,96,96,96,96,1.0,1.0,0.49630706390823565,0.006032745851796616,127.05460836050833,1.5443829380599337,0.49630706390823565,0.006032745851796616,127.05460836050833,1.5443829380599337
20000,,i704-o256,8,disaggregated,3,96,96,96,96,1.0,1.0,0.3762571932752105,0.006835298015528307,96.32184147845389,1.7498362919752466,0.3762571932752105,0.006835298015528307,96.32184147845389,1.7498362919752466
20000,,i704-o64,1,aggregated,3,96,96,96,96,1.0,1.0,0.5129146812802884,0.0037243163276673703,32.82653960193846,0.2383562449707117,0.5129146812802884,0.0037243163276673703,32.82653960193846,0.2383562449707117
20000,,i704-o64,1,disaggregated,3,96,96,96,96,1.0,1.0,0.4876659180427332,0.007876828035810949,31.210618754734924,0.5041169942919007,0.4876659180427332,0.007876828035810949,31.210618754734924,0.5041169942919007
20000,,i704-o64,2,aggregated,3,96,96,96,96,1.0,1.0,1.0153539462500099,0.005588110358331045,64.98265256000063,0.35763906293318687,1.0153539462500099,0.005588110358331045,64.98265256000063,0.35763906293318687
20000,,i704-o64,2,disaggregated,3,96,96,96,96,1.0,1.0,0.9621512714349714,0.015229829721129363,61.57768137183817,0.9747091021522792,0.9621512714349714,0.015229829721129363,61.57768137183817,0.9747091021522792
20000,,i704-o64,4,aggregated,3,96,96,96,96,1.0,1.0,1.8599615857959877,0.00974979465902817,119.03754149094321,0.6239868581778029,1.8599615857959877,0.00974979465902817,119.03754149094321,0.6239868581778029
20000,,i704-o64,4,disaggregated,3,96,96,96,96,1.0,1.0,1.4630005116005735,0.027717615942049825,93.6320327424367,1.7739274202911888,1.4630005116005735,0.027717615942049825,93.6320327424367,1.7739274202911888
20000,,i704-o64,8,aggregated,3,96,96,96,96,1.0,1.0,1.8899157972095058,0.008830952057150027,120.95461102140837,0.5651809316576017,1.8899157972095058,0.008830952057150027,120.95461102140837,0.5651809316576017
20000,,i704-o64,8,disaggregated,3,96,96,96,96,1.0,1.0,1.4696514602957602,0.02710767303287764,94.05769345892865,1.734891074104169,1.4696514602957602,0.02710767303287764,94.05769345892865,1.734891074104169
20000,,mixed,1,aggregated,3,96,96,96,96,1.0,1.0,0.2261834766108772,0.00161737723607549,34.15370496824246,0.24422396264740048,0.2261834766108772,0.00161737723607549,34.15370496824246,0.24422396264740048
20000,,mixed,1,disaggregated,3,96,96,96,96,1.0,1.0,0.22444138376508363,0.0033440931328650994,33.89064894852763,0.5049580630626318,0.22444138376508363,0.0033440931328650994,33.89064894852763,0.5049580630626318
20000,,mixed,2,aggregated,3,96,96,96,96,1.0,1.0,0.44730072718407815,0.004167870441603936,67.54240980479581,0.6293484366821898,0.44730072718407815,0.004167870441603936,67.54240980479581,0.6293484366821898
20000,,mixed,2,disaggregated,3,96,96,96,96,1.0,1.0,0.38683378874800795,0.0028800321584030067,58.4119021009492,0.4348848559188518,0.38683378874800795,0.0028800321584030067,58.4119021009492,0.4348848559188518
20000,,mixed,4,aggregated,3,96,96,96,96,1.0,1.0,0.6691043364925959,0.007554465552609897,101.034754810382,1.1407242984440988,0.6691043364925959,0.007554465552609897,101.034754810382,1.1407242984440988
20000,,mixed,4,disaggregated,3,96,96,96,96,1.0,1.0,0.581791526784986,0.017240912705006384,87.85052054453288,2.603377818455967,0.581791526784986,0.017240912705006384,87.85052054453288,2.603377818455967
20000,,mixed,8,aggregated,3,96,96,96,96,1.0,1.0,0.7098480381050456,0.05799319648479546,107.18705375386189,8.75697266920412,0.7098480381050456,0.05799319648479546,107.18705375386189,8.75697266920412
20000,,mixed,8,disaggregated,3,96,94,94,96,0.9375,0.9791666666666666,0.5804488686855617,0.030674356916768092,87.82967416779334,4.3230310866255985,0.5925752017704643,0.01083443006427746,89.4788554673401,1.6359989397058987
